<?xml version="1.0" encoding="UTF-8"?>
<gpx version="1.1" creator="Dingo" xmlns="http://www.topografix.com/GPX/1/1" xmlns:gpxtpx="http://www.garmin.com/xmlschemas/TrackPointExtension/v1">
  <metadata><name>Palm Dale loop 23 kms 2.1 hrs on 2020-02-19</name></metadata>
  <trk><name>Palm Dale loop 23 kms 2.1 hrs on 2020-02-19</name>
  <trkseg>
    <trkpt lat="-33.3317907" lon="151.3778946"><ele>195.1</ele><time>2020-02-19T07:12:35Z</time><extensions><gpxtpx:TrackPointExtension><gpxtpx:hr>75</gpxtpx:hr></gpxtpx:TrackPointExtension></extensions></trkpt>
    <trkpt lat="-33.3318205" lon="151.3777869"><ele>195.6</ele><time>2020-02-19T07:16:38Z</time><extensions><gpxtpx:TrackPointExtension><gpxtpx:hr>76</gpxtpx:hr></gpxtpx:TrackPointExtension></extensions></trkpt>
    <trkpt lat="-33.3317353" lon="151.3778842"><ele>194.7</ele><time>2020-02-19T07:18:21Z</time><extensions><gpxtpx:TrackPointExtension><gpxtpx:hr>76</gpxtpx:hr></gpxtpx:TrackPointExtension></extensions></trkpt>
    <trkpt lat="-33.3316913" lon="151.3777745"><ele>194.2</ele><time>2020-02-19T07:18:26Z</time><extensions><gpxtpx:TrackPointExtension><gpxtpx:hr>79</gpxtpx:hr></gpxtpx:TrackPointExtension></extensions></trkpt>
    <trkpt lat="-33.3317743" lon="151.3777026"><ele>193.8</ele><time>2020-02-19T07:18:31Z</time><extensions><gpxtpx:TrackPointExtension><gpxtpx:hr>82</gpxtpx:hr></gpxtpx:TrackPointExtension></extensions></trkpt>
    <trkpt lat="-33.3319999" lon="151.3777434"><ele>193.7</ele><time>2020-02-19T07:18:42Z</time><extensions><gpxtpx:TrackPointExtension><gpxtpx:hr>82</gpxtpx:hr></gpxtpx:TrackPointExtension></extensions></trkpt>
    <trkpt lat="-33.3320361" lon="151.3776648"><ele>194.3</ele><time>2020-02-19T07:19:05Z</time><extensions><gpxtpx:TrackPointExtension><gpxtpx:hr>105</gpxtpx:hr></gpxtpx:TrackPointExtension></extensions></trkpt>
    <trkpt lat="-33.3319778" lon="151.3775260"><ele>192.4</ele><time>2020-02-19T07:21:08Z</time><extensions><gpxtpx:TrackPointExtension><gpxtpx:hr>96</gpxtpx:hr></gpxtpx:TrackPointExtension></extensions></trkpt>
    <trkpt lat="-33.3319967" lon="151.3775292"><ele>192.2</ele><time>2020-02-19T07:21:32Z</time><extensions><gpxtpx:TrackPointExtension><gpxtpx:hr>89</gpxtpx:hr></gpxtpx:TrackPointExtension></extensions></trkpt>
    <trkpt lat="-33.3319374" lon="151.3776713"><ele>193.0</ele><time>2020-02-19T07:22:05Z</time><extensions><gpxtpx:TrackPointExtension><gpxtpx:hr>91</gpxtpx:hr></gpxtpx:TrackPointExtension></extensions></trkpt>
    <trkpt lat="-33.3319846" lon="151.3777209"><ele>193.5</ele><time>2020-02-19T07:22:08Z</time><extensions><gpxtpx:TrackPointExtension><gpxtpx:hr>89</gpxtpx:hr></gpxtpx:TrackPointExtension></extensions></trkpt>
    <trkpt lat="-33.3320502" lon="151.3776820"><ele>190.3</ele><time>2020-02-19T07:24:47Z</time><extensions><gpxtpx:TrackPointExtension><gpxtpx:hr>83</gpxtpx:hr></gpxtpx:TrackPointExtension></extensions></trkpt>
    <trkpt lat="-33.3320034" lon="151.3776631"><ele>190.2</ele><time>2020-02-19T07:25:21Z</time><extensions><gpxtpx:TrackPointExtension><gpxtpx:hr>81</gpxtpx:hr></gpxtpx:TrackPointExtension></extensions></trkpt>
    <trkpt lat="-33.3319454" lon="151.3773500"><ele>190.1</ele><time>2020-02-19T07:25:41Z</time><extensions><gpxtpx:TrackPointExtension><gpxtpx:hr>83</gpxtpx:hr></gpxtpx:TrackPointExtension></extensions></trkpt>
    <trkpt lat="-33.3320082" lon="151.3776096"><ele>190.7</ele><time>2020-02-19T07:26:10Z</time><extensions><gpxtpx:TrackPointExtension><gpxtpx:hr>102</gpxtpx:hr></gpxtpx:TrackPointExtension></extensions></trkpt>
    <trkpt lat="-33.3319082" lon="151.3775304"><ele>192.0</ele><time>2020-02-19T07:26:21Z</time><extensions><gpxtpx:TrackPointExtension><gpxtpx:hr>104</gpxtpx:hr></gpxtpx:TrackPointExtension></extensions></trkpt>
    <trkpt lat="-33.3317955" lon="151.3776570"><ele>190.3</ele><time>2020-02-19T07:26:29Z</time><extensions><gpxtpx:TrackPointExtension><gpxtpx:hr>103</gpxtpx:hr></gpxtpx:TrackPointExtension></extensions></trkpt>
    <trkpt lat="-33.3318234" lon="151.3777052"><ele>189.4</ele><time>2020-02-19T07:26:45Z</time><extensions><gpxtpx:TrackPointExtension><gpxtpx:hr>109</gpxtpx:hr></gpxtpx:TrackPointExtension></extensions></trkpt>
    <trkpt lat="-33.3318290" lon="151.3776447"><ele>190.0</ele><time>2020-02-19T07:26:58Z</time><extensions><gpxtpx:TrackPointExtension><gpxtpx:hr>107</gpxtpx:hr></gpxtpx:TrackPointExtension></extensions></trkpt>
    <trkpt lat="-33.3317127" lon="151.3776746"><ele>190.2</ele><time>2020-02-19T07:27:07Z</time><extensions><gpxtpx:TrackPointExtension><gpxtpx:hr>106</gpxtpx:hr></gpxtpx:TrackPointExtension></extensions></trkpt>
    <trkpt lat="-33.3317900" lon="151.3776123"><ele>189.0</ele><time>2020-02-19T07:27:26Z</time><extensions><gpxtpx:TrackPointExtension><gpxtpx:hr>104</gpxtpx:hr></gpxtpx:TrackPointExtension></extensions></trkpt>
    <trkpt lat="-33.3318579" lon="151.3776216"><ele>189.8</ele><time>2020-02-19T07:27:56Z</time><extensions><gpxtpx:TrackPointExtension><gpxtpx:hr>95</gpxtpx:hr></gpxtpx:TrackPointExtension></extensions></trkpt>
    <trkpt lat="-33.3319115" lon="151.3774195"><ele>190.3</ele><time>2020-02-19T07:28:00Z</time><extensions><gpxtpx:TrackPointExtension><gpxtpx:hr>96</gpxtpx:hr></gpxtpx:TrackPointExtension></extensions></trkpt>
    <trkpt lat="-33.3317213" lon="151.3758404"><ele>192.4</ele><time>2020-02-19T07:28:12Z</time><extensions><gpxtpx:TrackPointExtension><gpxtpx:hr>106</gpxtpx:hr></gpxtpx:TrackPointExtension></extensions></trkpt>
    <trkpt lat="-33.3317886" lon="151.3732372"><ele>195.6</ele><time>2020-02-19T07:28:29Z</time><extensions><gpxtpx:TrackPointExtension><gpxtpx:hr>112</gpxtpx:hr></gpxtpx:TrackPointExtension></extensions></trkpt>
    <trkpt lat="-33.3317589" lon="151.3728917"><ele>195.5</ele><time>2020-02-19T07:28:31Z</time><extensions><gpxtpx:TrackPointExtension><gpxtpx:hr>106</gpxtpx:hr></gpxtpx:TrackPointExtension></extensions></trkpt>
    <trkpt lat="-33.3316108" lon="151.3726328"><ele>195.1</ele><time>2020-02-19T07:28:33Z</time><extensions><gpxtpx:TrackPointExtension><gpxtpx:hr>96</gpxtpx:hr></gpxtpx:TrackPointExtension></extensions></trkpt>
    <trkpt lat="-33.3309673" lon="151.3722181"><ele>194.6</ele><time>2020-02-19T07:28:38Z</time><extensions><gpxtpx:TrackPointExtension><gpxtpx:hr>87</gpxtpx:hr></gpxtpx:TrackPointExtension></extensions></trkpt>
    <trkpt lat="-33.3306573" lon="151.3719398"><ele>194.8</ele><time>2020-02-19T07:28:41Z</time><extensions><gpxtpx:TrackPointExtension><gpxtpx:hr>86</gpxtpx:hr></gpxtpx:TrackPointExtension></extensions></trkpt>
    <trkpt lat="-33.3305072" lon="151.3716486"><ele>195.0</ele><time>2020-02-19T07:28:43Z</time><extensions><gpxtpx:TrackPointExtension><gpxtpx:hr>85</gpxtpx:hr></gpxtpx:TrackPointExtension></extensions></trkpt>
    <trkpt lat="-33.3302697" lon="151.3697415"><ele>195.6</ele><time>2020-02-19T07:28:55Z</time><extensions><gpxtpx:TrackPointExtension><gpxtpx:hr>86</gpxtpx:hr></gpxtpx:TrackPointExtension></extensions></trkpt>
    <trkpt lat="-33.3301237" lon="151.3692925"><ele>195.6</ele><time>2020-02-19T07:28:57Z</time><extensions><gpxtpx:TrackPointExtension><gpxtpx:hr>85</gpxtpx:hr></gpxtpx:TrackPointExtension></extensions></trkpt>
    <trkpt lat="-33.3298767" lon="151.3687641"><ele>195.6</ele><time>2020-02-19T07:29:01Z</time><extensions><gpxtpx:TrackPointExtension><gpxtpx:hr>83</gpxtpx:hr></gpxtpx:TrackPointExtension></extensions></trkpt>
    <trkpt lat="-33.3290135" lon="151.3671738"><ele>196.7</ele><time>2020-02-19T07:29:12Z</time><extensions><gpxtpx:TrackPointExtension><gpxtpx:hr>79</gpxtpx:hr></gpxtpx:TrackPointExtension></extensions></trkpt>
    <trkpt lat="-33.3278362" lon="151.3652742"><ele>197.3</ele><time>2020-02-19T07:29:28Z</time><extensions><gpxtpx:TrackPointExtension><gpxtpx:hr>79</gpxtpx:hr></gpxtpx:TrackPointExtension></extensions></trkpt>
    <trkpt lat="-33.3277143" lon="151.3651680"><ele>197.1</ele><time>2020-02-19T07:29:29Z</time><extensions><gpxtpx:TrackPointExtension><gpxtpx:hr>78</gpxtpx:hr></gpxtpx:TrackPointExtension></extensions></trkpt>
    <trkpt lat="-33.3273941" lon="151.3650798"><ele>196.8</ele><time>2020-02-19T07:29:31Z</time><extensions><gpxtpx:TrackPointExtension><gpxtpx:hr>79</gpxtpx:hr></gpxtpx:TrackPointExtension></extensions></trkpt>
    <trkpt lat="-33.3259065" lon="151.3649156"><ele>200.2</ele><time>2020-02-19T07:29:41Z</time><extensions><gpxtpx:TrackPointExtension><gpxtpx:hr>82</gpxtpx:hr></gpxtpx:TrackPointExtension></extensions></trkpt>
    <trkpt lat="-33.3256085" lon="151.3648417"><ele>201.2</ele><time>2020-02-19T07:29:43Z</time><extensions><gpxtpx:TrackPointExtension><gpxtpx:hr>83</gpxtpx:hr></gpxtpx:TrackPointExtension></extensions></trkpt>
    <trkpt lat="-33.3252882" lon="151.3645732"><ele>201.8</ele><time>2020-02-19T07:29:46Z</time><extensions><gpxtpx:TrackPointExtension><gpxtpx:hr>84</gpxtpx:hr></gpxtpx:TrackPointExtension></extensions></trkpt>
    <trkpt lat="-33.3250244" lon="151.3641833"><ele>202.3</ele><time>2020-02-19T07:29:49Z</time><extensions><gpxtpx:TrackPointExtension><gpxtpx:hr>83</gpxtpx:hr></gpxtpx:TrackPointExtension></extensions></trkpt>
    <trkpt lat="-33.3249464" lon="151.3639932"><ele>202.7</ele><time>2020-02-19T07:29:50Z</time><extensions><gpxtpx:TrackPointExtension><gpxtpx:hr>82</gpxtpx:hr></gpxtpx:TrackPointExtension></extensions></trkpt>
    <trkpt lat="-33.3243517" lon="151.3612870"><ele>201.2</ele><time>2020-02-19T07:30:08Z</time><extensions><gpxtpx:TrackPointExtension><gpxtpx:hr>81</gpxtpx:hr></gpxtpx:TrackPointExtension></extensions></trkpt>
    <trkpt lat="-33.3243082" lon="151.3602217"><ele>200.7</ele><time>2020-02-19T07:30:16Z</time><extensions><gpxtpx:TrackPointExtension><gpxtpx:hr>83</gpxtpx:hr></gpxtpx:TrackPointExtension></extensions></trkpt>
    <trkpt lat="-33.3245793" lon="151.3591841"><ele>201.2</ele><time>2020-02-19T07:30:26Z</time><extensions><gpxtpx:TrackPointExtension><gpxtpx:hr>85</gpxtpx:hr></gpxtpx:TrackPointExtension></extensions></trkpt>
    <trkpt lat="-33.3244158" lon="151.3587355"><ele>203.2</ele><time>2020-02-19T07:30:34Z</time><extensions><gpxtpx:TrackPointExtension><gpxtpx:hr>91</gpxtpx:hr></gpxtpx:TrackPointExtension></extensions></trkpt>
    <trkpt lat="-33.3244484" lon="151.3582496"><ele>205.0</ele><time>2020-02-19T07:30:39Z</time><extensions><gpxtpx:TrackPointExtension><gpxtpx:hr>94</gpxtpx:hr></gpxtpx:TrackPointExtension></extensions></trkpt>
    <trkpt lat="-33.3244234" lon="151.3579899"><ele>207.0</ele><time>2020-02-19T07:30:42Z</time><extensions><gpxtpx:TrackPointExtension><gpxtpx:hr>94</gpxtpx:hr></gpxtpx:TrackPointExtension></extensions></trkpt>
    <trkpt lat="-33.3243618" lon="151.3578641"><ele>209.4</ele><time>2020-02-19T07:30:44Z</time><extensions><gpxtpx:TrackPointExtension><gpxtpx:hr>94</gpxtpx:hr></gpxtpx:TrackPointExtension></extensions></trkpt>
    <trkpt lat="-33.3242620" lon="151.3578043"><ele>211.9</ele><time>2020-02-19T07:30:46Z</time><extensions><gpxtpx:TrackPointExtension><gpxtpx:hr>98</gpxtpx:hr></gpxtpx:TrackPointExtension></extensions></trkpt>
    <trkpt lat="-33.3241301" lon="151.3578005"><ele>214.3</ele><time>2020-02-19T07:30:48Z</time><extensions><gpxtpx:TrackPointExtension><gpxtpx:hr>106</gpxtpx:hr></gpxtpx:TrackPointExtension></extensions></trkpt>
    <trkpt lat="-33.3235666" lon="151.3579611"><ele>227.6</ele><time>2020-02-19T07:30:59Z</time><extensions><gpxtpx:TrackPointExtension><gpxtpx:hr>126</gpxtpx:hr></gpxtpx:TrackPointExtension></extensions></trkpt>
    <trkpt lat="-33.3235039" lon="151.3579490"><ele>229.3</ele><time>2020-02-19T07:31:01Z</time><extensions><gpxtpx:TrackPointExtension><gpxtpx:hr>128</gpxtpx:hr></gpxtpx:TrackPointExtension></extensions></trkpt>
    <trkpt lat="-33.3234596" lon="151.3578273"><ele>231.6</ele><time>2020-02-19T07:31:04Z</time><extensions><gpxtpx:TrackPointExtension><gpxtpx:hr>130</gpxtpx:hr></gpxtpx:TrackPointExtension></extensions></trkpt>
    <trkpt lat="-33.3236707" lon="151.3572363"><ele>243.1</ele><time>2020-02-19T07:31:14Z</time><extensions><gpxtpx:TrackPointExtension><gpxtpx:hr>134</gpxtpx:hr></gpxtpx:TrackPointExtension></extensions></trkpt>
    <trkpt lat="-33.3237515" lon="151.3566362"><ele>251.2</ele><time>2020-02-19T07:31:22Z</time><extensions><gpxtpx:TrackPointExtension><gpxtpx:hr>135</gpxtpx:hr></gpxtpx:TrackPointExtension></extensions></trkpt>
    <trkpt lat="-33.3239093" lon="151.3560386"><ele>262.1</ele><time>2020-02-19T07:31:29Z</time><extensions><gpxtpx:TrackPointExtension><gpxtpx:hr>136</gpxtpx:hr></gpxtpx:TrackPointExtension></extensions></trkpt>
    <trkpt lat="-33.3239259" lon="151.3558470"><ele>264.6</ele><time>2020-02-19T07:31:32Z</time><extensions><gpxtpx:TrackPointExtension><gpxtpx:hr>134</gpxtpx:hr></gpxtpx:TrackPointExtension></extensions></trkpt>
    <trkpt lat="-33.3238804" lon="151.3556473"><ele>267.7</ele><time>2020-02-19T07:31:35Z</time><extensions><gpxtpx:TrackPointExtension><gpxtpx:hr>135</gpxtpx:hr></gpxtpx:TrackPointExtension></extensions></trkpt>
    <trkpt lat="-33.3230231" lon="151.3548121"><ele>285.7</ele><time>2020-02-19T07:31:50Z</time><extensions><gpxtpx:TrackPointExtension><gpxtpx:hr>136</gpxtpx:hr></gpxtpx:TrackPointExtension></extensions></trkpt>
    <trkpt lat="-33.3228584" lon="151.3544940"><ele>293.0</ele><time>2020-02-19T07:31:56Z</time><extensions><gpxtpx:TrackPointExtension><gpxtpx:hr>145</gpxtpx:hr></gpxtpx:TrackPointExtension></extensions></trkpt>
    <trkpt lat="-33.3228754" lon="151.3544149"><ele>293.3</ele><time>2020-02-19T07:32:00Z</time><extensions><gpxtpx:TrackPointExtension><gpxtpx:hr>145</gpxtpx:hr></gpxtpx:TrackPointExtension></extensions></trkpt>
    <trkpt lat="-33.3229103" lon="151.3544154"><ele>292.2</ele><time>2020-02-19T07:32:21Z</time><extensions><gpxtpx:TrackPointExtension><gpxtpx:hr>102</gpxtpx:hr></gpxtpx:TrackPointExtension></extensions></trkpt>
    <trkpt lat="-33.3228958" lon="151.3544549"><ele>290.6</ele><time>2020-02-19T07:33:11Z</time><extensions><gpxtpx:TrackPointExtension><gpxtpx:hr>79</gpxtpx:hr></gpxtpx:TrackPointExtension></extensions></trkpt>
    <trkpt lat="-33.3229168" lon="151.3544290"><ele>290.4</ele><time>2020-02-19T07:33:34Z</time><extensions><gpxtpx:TrackPointExtension><gpxtpx:hr>77</gpxtpx:hr></gpxtpx:TrackPointExtension></extensions></trkpt>
    <trkpt lat="-33.3228668" lon="151.3544077"><ele>290.8</ele><time>2020-02-19T07:33:38Z</time><extensions><gpxtpx:TrackPointExtension><gpxtpx:hr>75</gpxtpx:hr></gpxtpx:TrackPointExtension></extensions></trkpt>
    <trkpt lat="-33.3227046" lon="151.3544302"><ele>295.2</ele><time>2020-02-19T07:33:46Z</time><extensions><gpxtpx:TrackPointExtension><gpxtpx:hr>70</gpxtpx:hr></gpxtpx:TrackPointExtension></extensions></trkpt>
    <trkpt lat="-33.3225934" lon="151.3542864"><ele>298.2</ele><time>2020-02-19T07:34:09Z</time><extensions><gpxtpx:TrackPointExtension><gpxtpx:hr>74</gpxtpx:hr></gpxtpx:TrackPointExtension></extensions></trkpt>
    <trkpt lat="-33.3226057" lon="151.3542829"><ele>298.6</ele><time>2020-02-19T07:34:11Z</time><extensions><gpxtpx:TrackPointExtension><gpxtpx:hr>74</gpxtpx:hr></gpxtpx:TrackPointExtension></extensions></trkpt>
    <trkpt lat="-33.3223873" lon="151.3542180"><ele>306.2</ele><time>2020-02-19T07:34:53Z</time><extensions><gpxtpx:TrackPointExtension><gpxtpx:hr>102</gpxtpx:hr></gpxtpx:TrackPointExtension></extensions></trkpt>
    <trkpt lat="-33.3221607" lon="151.3542233"><ele>311.1</ele><time>2020-02-19T07:35:14Z</time><extensions><gpxtpx:TrackPointExtension><gpxtpx:hr>101</gpxtpx:hr></gpxtpx:TrackPointExtension></extensions></trkpt>
    <trkpt lat="-33.3218922" lon="151.3545870"><ele>320.6</ele><time>2020-02-19T07:35:25Z</time><extensions><gpxtpx:TrackPointExtension><gpxtpx:hr>107</gpxtpx:hr></gpxtpx:TrackPointExtension></extensions></trkpt>
    <trkpt lat="-33.3217573" lon="151.3545726"><ele>323.0</ele><time>2020-02-19T07:35:30Z</time><extensions><gpxtpx:TrackPointExtension><gpxtpx:hr>112</gpxtpx:hr></gpxtpx:TrackPointExtension></extensions></trkpt>
    <trkpt lat="-33.3216705" lon="151.3544897"><ele>323.9</ele><time>2020-02-19T07:35:34Z</time><extensions><gpxtpx:TrackPointExtension><gpxtpx:hr>112</gpxtpx:hr></gpxtpx:TrackPointExtension></extensions></trkpt>
    <trkpt lat="-33.3214906" lon="151.3541031"><ele>329.3</ele><time>2020-02-19T07:35:42Z</time><extensions><gpxtpx:TrackPointExtension><gpxtpx:hr>113</gpxtpx:hr></gpxtpx:TrackPointExtension></extensions></trkpt>
    <trkpt lat="-33.3212812" lon="151.3534880"><ele>339.9</ele><time>2020-02-19T07:35:56Z</time><extensions><gpxtpx:TrackPointExtension><gpxtpx:hr>128</gpxtpx:hr></gpxtpx:TrackPointExtension></extensions></trkpt>
    <trkpt lat="-33.3207619" lon="151.3531453"><ele>344.5</ele><time>2020-02-19T07:36:37Z</time><extensions><gpxtpx:TrackPointExtension><gpxtpx:hr>124</gpxtpx:hr></gpxtpx:TrackPointExtension></extensions></trkpt>
    <trkpt lat="-33.3207639" lon="151.3531450"><ele>344.8</ele><time>2020-02-19T07:36:40Z</time><extensions><gpxtpx:TrackPointExtension><gpxtpx:hr>114</gpxtpx:hr></gpxtpx:TrackPointExtension></extensions></trkpt>
    <trkpt lat="-33.3202819" lon="151.3529742"><ele>343.6</ele><time>2020-02-19T07:37:29Z</time><extensions><gpxtpx:TrackPointExtension><gpxtpx:hr>78</gpxtpx:hr></gpxtpx:TrackPointExtension></extensions></trkpt>
    <trkpt lat="-33.3194802" lon="151.3524347"><ele>341.5</ele><time>2020-02-19T07:37:40Z</time><extensions><gpxtpx:TrackPointExtension><gpxtpx:hr>88</gpxtpx:hr></gpxtpx:TrackPointExtension></extensions></trkpt>
    <trkpt lat="-33.3191876" lon="151.3524179"><ele>338.4</ele><time>2020-02-19T07:37:45Z</time><extensions><gpxtpx:TrackPointExtension><gpxtpx:hr>104</gpxtpx:hr></gpxtpx:TrackPointExtension></extensions></trkpt>
    <trkpt lat="-33.3188304" lon="151.3526422"><ele>334.6</ele><time>2020-02-19T07:37:51Z</time><extensions><gpxtpx:TrackPointExtension><gpxtpx:hr>114</gpxtpx:hr></gpxtpx:TrackPointExtension></extensions></trkpt>
    <trkpt lat="-33.3177920" lon="151.3530269"><ele>334.9</ele><time>2020-02-19T07:38:11Z</time><extensions><gpxtpx:TrackPointExtension><gpxtpx:hr>117</gpxtpx:hr></gpxtpx:TrackPointExtension></extensions></trkpt>
    <trkpt lat="-33.3173889" lon="151.3529127"><ele>335.2</ele><time>2020-02-19T07:38:17Z</time><extensions><gpxtpx:TrackPointExtension><gpxtpx:hr>115</gpxtpx:hr></gpxtpx:TrackPointExtension></extensions></trkpt>
    <trkpt lat="-33.3170330" lon="151.3526332"><ele>335.1</ele><time>2020-02-19T07:38:22Z</time><extensions><gpxtpx:TrackPointExtension><gpxtpx:hr>119</gpxtpx:hr></gpxtpx:TrackPointExtension></extensions></trkpt>
    <trkpt lat="-33.3168738" lon="151.3523695"><ele>334.8</ele><time>2020-02-19T07:38:25Z</time><extensions><gpxtpx:TrackPointExtension><gpxtpx:hr>118</gpxtpx:hr></gpxtpx:TrackPointExtension></extensions></trkpt>
    <trkpt lat="-33.3168346" lon="151.3516301"><ele>333.9</ele><time>2020-02-19T07:38:33Z</time><extensions><gpxtpx:TrackPointExtension><gpxtpx:hr>128</gpxtpx:hr></gpxtpx:TrackPointExtension></extensions></trkpt>
    <trkpt lat="-33.3169922" lon="151.3510146"><ele>334.1</ele><time>2020-02-19T07:38:40Z</time><extensions><gpxtpx:TrackPointExtension><gpxtpx:hr>135</gpxtpx:hr></gpxtpx:TrackPointExtension></extensions></trkpt>
    <trkpt lat="-33.3170167" lon="151.3507640"><ele>334.0</ele><time>2020-02-19T07:38:44Z</time><extensions><gpxtpx:TrackPointExtension><gpxtpx:hr>135</gpxtpx:hr></gpxtpx:TrackPointExtension></extensions></trkpt>
    <trkpt lat="-33.3168327" lon="151.3505308"><ele>334.9</ele><time>2020-02-19T07:38:50Z</time><extensions><gpxtpx:TrackPointExtension><gpxtpx:hr>133</gpxtpx:hr></gpxtpx:TrackPointExtension></extensions></trkpt>
    <trkpt lat="-33.3159227" lon="151.3500055"><ele>332.8</ele><time>2020-02-19T07:39:03Z</time><extensions><gpxtpx:TrackPointExtension><gpxtpx:hr>125</gpxtpx:hr></gpxtpx:TrackPointExtension></extensions></trkpt>
    <trkpt lat="-33.3156139" lon="151.3496047"><ele>333.6</ele><time>2020-02-19T07:39:10Z</time><extensions><gpxtpx:TrackPointExtension><gpxtpx:hr>121</gpxtpx:hr></gpxtpx:TrackPointExtension></extensions></trkpt>
    <trkpt lat="-33.3151866" lon="151.3495103"><ele>336.3</ele><time>2020-02-19T07:39:17Z</time><extensions><gpxtpx:TrackPointExtension><gpxtpx:hr>118</gpxtpx:hr></gpxtpx:TrackPointExtension></extensions></trkpt>
    <trkpt lat="-33.3148282" lon="151.3493178"><ele>339.9</ele><time>2020-02-19T07:39:22Z</time><extensions><gpxtpx:TrackPointExtension><gpxtpx:hr>115</gpxtpx:hr></gpxtpx:TrackPointExtension></extensions></trkpt>
    <trkpt lat="-33.3144723" lon="151.3488663"><ele>342.5</ele><time>2020-02-19T07:39:28Z</time><extensions><gpxtpx:TrackPointExtension><gpxtpx:hr>116</gpxtpx:hr></gpxtpx:TrackPointExtension></extensions></trkpt>
    <trkpt lat="-33.3142419" lon="151.3488387"><ele>343.7</ele><time>2020-02-19T07:39:31Z</time><extensions><gpxtpx:TrackPointExtension><gpxtpx:hr>113</gpxtpx:hr></gpxtpx:TrackPointExtension></extensions></trkpt>
    <trkpt lat="-33.3140687" lon="151.3489016"><ele>346.3</ele><time>2020-02-19T07:39:34Z</time><extensions><gpxtpx:TrackPointExtension><gpxtpx:hr>112</gpxtpx:hr></gpxtpx:TrackPointExtension></extensions></trkpt>
    <trkpt lat="-33.3138034" lon="151.3494038"><ele>355.2</ele><time>2020-02-19T07:39:46Z</time><extensions><gpxtpx:TrackPointExtension><gpxtpx:hr>111</gpxtpx:hr></gpxtpx:TrackPointExtension></extensions></trkpt>
    <trkpt lat="-33.3136361" lon="151.3494440"><ele>355.9</ele><time>2020-02-19T07:39:49Z</time><extensions><gpxtpx:TrackPointExtension><gpxtpx:hr>115</gpxtpx:hr></gpxtpx:TrackPointExtension></extensions></trkpt>
    <trkpt lat="-33.3131844" lon="151.3493985"><ele>359.1</ele><time>2020-02-19T07:39:56Z</time><extensions><gpxtpx:TrackPointExtension><gpxtpx:hr>128</gpxtpx:hr></gpxtpx:TrackPointExtension></extensions></trkpt>
    <trkpt lat="-33.3128754" lon="151.3491567"><ele>365.7</ele><time>2020-02-19T07:40:04Z</time><extensions><gpxtpx:TrackPointExtension><gpxtpx:hr>131</gpxtpx:hr></gpxtpx:TrackPointExtension></extensions></trkpt>
    <trkpt lat="-33.3123386" lon="151.3484593"><ele>372.2</ele><time>2020-02-19T07:40:16Z</time><extensions><gpxtpx:TrackPointExtension><gpxtpx:hr>134</gpxtpx:hr></gpxtpx:TrackPointExtension></extensions></trkpt>
    <trkpt lat="-33.3123144" lon="151.3482021"><ele>372.5</ele><time>2020-02-19T07:40:19Z</time><extensions><gpxtpx:TrackPointExtension><gpxtpx:hr>134</gpxtpx:hr></gpxtpx:TrackPointExtension></extensions></trkpt>
    <trkpt lat="-33.3124045" lon="151.3479140"><ele>371.2</ele><time>2020-02-19T07:40:24Z</time><extensions><gpxtpx:TrackPointExtension><gpxtpx:hr>135</gpxtpx:hr></gpxtpx:TrackPointExtension></extensions></trkpt>
    <trkpt lat="-33.3127923" lon="151.3475440"><ele>367.0</ele><time>2020-02-19T07:40:34Z</time><extensions><gpxtpx:TrackPointExtension><gpxtpx:hr>135</gpxtpx:hr></gpxtpx:TrackPointExtension></extensions></trkpt>
    <trkpt lat="-33.3137930" lon="151.3471876"><ele>357.9</ele><time>2020-02-19T07:40:47Z</time><extensions><gpxtpx:TrackPointExtension><gpxtpx:hr>135</gpxtpx:hr></gpxtpx:TrackPointExtension></extensions></trkpt>
    <trkpt lat="-33.3140852" lon="151.3471501"><ele>355.1</ele><time>2020-02-19T07:40:51Z</time><extensions><gpxtpx:TrackPointExtension><gpxtpx:hr>138</gpxtpx:hr></gpxtpx:TrackPointExtension></extensions></trkpt>
    <trkpt lat="-33.3149935" lon="151.3473064"><ele>345.8</ele><time>2020-02-19T07:41:03Z</time><extensions><gpxtpx:TrackPointExtension><gpxtpx:hr>143</gpxtpx:hr></gpxtpx:TrackPointExtension></extensions></trkpt>
    <trkpt lat="-33.3160457" lon="151.3475831"><ele>340.1</ele><time>2020-02-19T07:41:16Z</time><extensions><gpxtpx:TrackPointExtension><gpxtpx:hr>141</gpxtpx:hr></gpxtpx:TrackPointExtension></extensions></trkpt>
    <trkpt lat="-33.3173257" lon="151.3476674"><ele>332.8</ele><time>2020-02-19T07:41:32Z</time><extensions><gpxtpx:TrackPointExtension><gpxtpx:hr>143</gpxtpx:hr></gpxtpx:TrackPointExtension></extensions></trkpt>
    <trkpt lat="-33.3181386" lon="151.3481193"><ele>327.4</ele><time>2020-02-19T07:41:43Z</time><extensions><gpxtpx:TrackPointExtension><gpxtpx:hr>142</gpxtpx:hr></gpxtpx:TrackPointExtension></extensions></trkpt>
    <trkpt lat="-33.3183345" lon="151.3481897"><ele>326.6</ele><time>2020-02-19T07:41:46Z</time><extensions><gpxtpx:TrackPointExtension><gpxtpx:hr>142</gpxtpx:hr></gpxtpx:TrackPointExtension></extensions></trkpt>
    <trkpt lat="-33.3185735" lon="151.3481427"><ele>324.4</ele><time>2020-02-19T07:41:50Z</time><extensions><gpxtpx:TrackPointExtension><gpxtpx:hr>142</gpxtpx:hr></gpxtpx:TrackPointExtension></extensions></trkpt>
    <trkpt lat="-33.3185992" lon="151.3479295"><ele>323.0</ele><time>2020-02-19T07:41:54Z</time><extensions><gpxtpx:TrackPointExtension><gpxtpx:hr>142</gpxtpx:hr></gpxtpx:TrackPointExtension></extensions></trkpt>
    <trkpt lat="-33.3182973" lon="151.3467288"><ele>320.6</ele><time>2020-02-19T07:42:14Z</time><extensions><gpxtpx:TrackPointExtension><gpxtpx:hr>142</gpxtpx:hr></gpxtpx:TrackPointExtension></extensions></trkpt>
    <trkpt lat="-33.3181890" lon="151.3464767"><ele>320.0</ele><time>2020-02-19T07:42:18Z</time><extensions><gpxtpx:TrackPointExtension><gpxtpx:hr>140</gpxtpx:hr></gpxtpx:TrackPointExtension></extensions></trkpt>
    <trkpt lat="-33.3178787" lon="151.3460043"><ele>320.0</ele><time>2020-02-19T07:42:25Z</time><extensions><gpxtpx:TrackPointExtension><gpxtpx:hr>134</gpxtpx:hr></gpxtpx:TrackPointExtension></extensions></trkpt>
    <trkpt lat="-33.3175609" lon="151.3457662"><ele>321.6</ele><time>2020-02-19T07:42:32Z</time><extensions><gpxtpx:TrackPointExtension><gpxtpx:hr>131</gpxtpx:hr></gpxtpx:TrackPointExtension></extensions></trkpt>
    <trkpt lat="-33.3172427" lon="151.3456104"><ele>322.0</ele><time>2020-02-19T07:42:37Z</time><extensions><gpxtpx:TrackPointExtension><gpxtpx:hr>129</gpxtpx:hr></gpxtpx:TrackPointExtension></extensions></trkpt>
    <trkpt lat="-33.3170031" lon="151.3453809"><ele>323.4</ele><time>2020-02-19T07:42:41Z</time><extensions><gpxtpx:TrackPointExtension><gpxtpx:hr>128</gpxtpx:hr></gpxtpx:TrackPointExtension></extensions></trkpt>
    <trkpt lat="-33.3168140" lon="151.3447374"><ele>325.9</ele><time>2020-02-19T07:42:51Z</time><extensions><gpxtpx:TrackPointExtension><gpxtpx:hr>123</gpxtpx:hr></gpxtpx:TrackPointExtension></extensions></trkpt>
    <trkpt lat="-33.3166425" lon="151.3445164"><ele>325.6</ele><time>2020-02-19T07:43:01Z</time><extensions><gpxtpx:TrackPointExtension><gpxtpx:hr>120</gpxtpx:hr></gpxtpx:TrackPointExtension></extensions></trkpt>
    <trkpt lat="-33.3165912" lon="151.3445249"><ele>324.7</ele><time>2020-02-19T07:43:09Z</time><extensions><gpxtpx:TrackPointExtension><gpxtpx:hr>115</gpxtpx:hr></gpxtpx:TrackPointExtension></extensions></trkpt>
    <trkpt lat="-33.3165099" lon="151.3447765"><ele>327.5</ele><time>2020-02-19T07:43:18Z</time><extensions><gpxtpx:TrackPointExtension><gpxtpx:hr>115</gpxtpx:hr></gpxtpx:TrackPointExtension></extensions></trkpt>
    <trkpt lat="-33.3165333" lon="151.3456489"><ele>344.9</ele><time>2020-02-19T07:44:14Z</time><extensions><gpxtpx:TrackPointExtension><gpxtpx:hr>101</gpxtpx:hr></gpxtpx:TrackPointExtension></extensions></trkpt>
    <trkpt lat="-33.3161938" lon="151.3461199"><ele>355.4</ele><time>2020-02-19T07:45:03Z</time><extensions><gpxtpx:TrackPointExtension><gpxtpx:hr>110</gpxtpx:hr></gpxtpx:TrackPointExtension></extensions></trkpt>
    <trkpt lat="-33.3162363" lon="151.3463414"><ele>359.6</ele><time>2020-02-19T07:45:34Z</time><extensions><gpxtpx:TrackPointExtension><gpxtpx:hr>116</gpxtpx:hr></gpxtpx:TrackPointExtension></extensions></trkpt>
    <trkpt lat="-33.3157918" lon="151.3464416"><ele>362.7</ele><time>2020-02-19T07:45:49Z</time><extensions><gpxtpx:TrackPointExtension><gpxtpx:hr>117</gpxtpx:hr></gpxtpx:TrackPointExtension></extensions></trkpt>
    <trkpt lat="-33.3157790" lon="151.3465733"><ele>365.5</ele><time>2020-02-19T07:45:56Z</time><extensions><gpxtpx:TrackPointExtension><gpxtpx:hr>116</gpxtpx:hr></gpxtpx:TrackPointExtension></extensions></trkpt>
    <trkpt lat="-33.3155023" lon="151.3464953"><ele>366.1</ele><time>2020-02-19T07:46:22Z</time><extensions><gpxtpx:TrackPointExtension><gpxtpx:hr>108</gpxtpx:hr></gpxtpx:TrackPointExtension></extensions></trkpt>
    <trkpt lat="-33.3154956" lon="151.3466393"><ele>364.3</ele><time>2020-02-19T07:47:18Z</time><extensions><gpxtpx:TrackPointExtension><gpxtpx:hr>120</gpxtpx:hr></gpxtpx:TrackPointExtension></extensions></trkpt>
    <trkpt lat="-33.3155435" lon="151.3464328"><ele>364.1</ele><time>2020-02-19T07:47:50Z</time><extensions><gpxtpx:TrackPointExtension><gpxtpx:hr>120</gpxtpx:hr></gpxtpx:TrackPointExtension></extensions></trkpt>
    <trkpt lat="-33.3150660" lon="151.3465795"><ele>363.6</ele><time>2020-02-19T07:48:29Z</time><extensions><gpxtpx:TrackPointExtension><gpxtpx:hr>104</gpxtpx:hr></gpxtpx:TrackPointExtension></extensions></trkpt>
    <trkpt lat="-33.3147699" lon="151.3466089"><ele>363.8</ele><time>2020-02-19T07:48:34Z</time><extensions><gpxtpx:TrackPointExtension><gpxtpx:hr>103</gpxtpx:hr></gpxtpx:TrackPointExtension></extensions></trkpt>
    <trkpt lat="-33.3140000" lon="151.3465320"><ele>366.0</ele><time>2020-02-19T07:48:43Z</time><extensions><gpxtpx:TrackPointExtension><gpxtpx:hr>103</gpxtpx:hr></gpxtpx:TrackPointExtension></extensions></trkpt>
    <trkpt lat="-33.3134484" lon="151.3469208"><ele>364.4</ele><time>2020-02-19T07:48:51Z</time><extensions><gpxtpx:TrackPointExtension><gpxtpx:hr>113</gpxtpx:hr></gpxtpx:TrackPointExtension></extensions></trkpt>
    <trkpt lat="-33.3131824" lon="151.3469978"><ele>365.6</ele><time>2020-02-19T07:48:54Z</time><extensions><gpxtpx:TrackPointExtension><gpxtpx:hr>120</gpxtpx:hr></gpxtpx:TrackPointExtension></extensions></trkpt>
    <trkpt lat="-33.3128177" lon="151.3470150"><ele>367.2</ele><time>2020-02-19T07:48:59Z</time><extensions><gpxtpx:TrackPointExtension><gpxtpx:hr>131</gpxtpx:hr></gpxtpx:TrackPointExtension></extensions></trkpt>
    <trkpt lat="-33.3125830" lon="151.3471840"><ele>372.4</ele><time>2020-02-19T07:49:04Z</time><extensions><gpxtpx:TrackPointExtension><gpxtpx:hr>140</gpxtpx:hr></gpxtpx:TrackPointExtension></extensions></trkpt>
    <trkpt lat="-33.3124479" lon="151.3472167"><ele>375.4</ele><time>2020-02-19T07:49:26Z</time><extensions><gpxtpx:TrackPointExtension><gpxtpx:hr>128</gpxtpx:hr></gpxtpx:TrackPointExtension></extensions></trkpt>
    <trkpt lat="-33.3122986" lon="151.3470205"><ele>372.2</ele><time>2020-02-19T07:49:45Z</time><extensions><gpxtpx:TrackPointExtension><gpxtpx:hr>112</gpxtpx:hr></gpxtpx:TrackPointExtension></extensions></trkpt>
    <trkpt lat="-33.3121339" lon="151.3465473"><ele>360.0</ele><time>2020-02-19T07:49:55Z</time><extensions><gpxtpx:TrackPointExtension><gpxtpx:hr>113</gpxtpx:hr></gpxtpx:TrackPointExtension></extensions></trkpt>
    <trkpt lat="-33.3120372" lon="151.3464685"><ele>356.6</ele><time>2020-02-19T07:49:58Z</time><extensions><gpxtpx:TrackPointExtension><gpxtpx:hr>113</gpxtpx:hr></gpxtpx:TrackPointExtension></extensions></trkpt>
    <trkpt lat="-33.3118222" lon="151.3461332"><ele>346.4</ele><time>2020-02-19T07:50:07Z</time><extensions><gpxtpx:TrackPointExtension><gpxtpx:hr>123</gpxtpx:hr></gpxtpx:TrackPointExtension></extensions></trkpt>
    <trkpt lat="-33.3115193" lon="151.3458460"><ele>335.1</ele><time>2020-02-19T07:50:17Z</time><extensions><gpxtpx:TrackPointExtension><gpxtpx:hr>128</gpxtpx:hr></gpxtpx:TrackPointExtension></extensions></trkpt>
    <trkpt lat="-33.3112937" lon="151.3458234"><ele>327.8</ele><time>2020-02-19T07:50:58Z</time><extensions><gpxtpx:TrackPointExtension><gpxtpx:hr>118</gpxtpx:hr></gpxtpx:TrackPointExtension></extensions></trkpt>
    <trkpt lat="-33.3112367" lon="151.3458608"><ele>327.3</ele><time>2020-02-19T07:51:26Z</time><extensions><gpxtpx:TrackPointExtension><gpxtpx:hr>109</gpxtpx:hr></gpxtpx:TrackPointExtension></extensions></trkpt>
    <trkpt lat="-33.3112766" lon="151.3458861"><ele>326.8</ele><time>2020-02-19T07:51:53Z</time><extensions><gpxtpx:TrackPointExtension><gpxtpx:hr>100</gpxtpx:hr></gpxtpx:TrackPointExtension></extensions></trkpt>
    <trkpt lat="-33.3112086" lon="151.3461192"><ele>326.6</ele><time>2020-02-19T07:52:00Z</time><extensions><gpxtpx:TrackPointExtension><gpxtpx:hr>94</gpxtpx:hr></gpxtpx:TrackPointExtension></extensions></trkpt>
    <trkpt lat="-33.3113253" lon="151.3464894"><ele>329.9</ele><time>2020-02-19T07:52:10Z</time><extensions><gpxtpx:TrackPointExtension><gpxtpx:hr>104</gpxtpx:hr></gpxtpx:TrackPointExtension></extensions></trkpt>
    <trkpt lat="-33.3113281" lon="151.3467497"><ele>332.2</ele><time>2020-02-19T07:52:14Z</time><extensions><gpxtpx:TrackPointExtension><gpxtpx:hr>116</gpxtpx:hr></gpxtpx:TrackPointExtension></extensions></trkpt>
    <trkpt lat="-33.3111051" lon="151.3479366"><ele>348.0</ele><time>2020-02-19T07:52:30Z</time><extensions><gpxtpx:TrackPointExtension><gpxtpx:hr>133</gpxtpx:hr></gpxtpx:TrackPointExtension></extensions></trkpt>
    <trkpt lat="-33.3110118" lon="151.3481241"><ele>349.9</ele><time>2020-02-19T07:52:33Z</time><extensions><gpxtpx:TrackPointExtension><gpxtpx:hr>136</gpxtpx:hr></gpxtpx:TrackPointExtension></extensions></trkpt>
    <trkpt lat="-33.3108122" lon="151.3481814"><ele>352.3</ele><time>2020-02-19T07:52:37Z</time><extensions><gpxtpx:TrackPointExtension><gpxtpx:hr>137</gpxtpx:hr></gpxtpx:TrackPointExtension></extensions></trkpt>
    <trkpt lat="-33.3104033" lon="151.3480660"><ele>357.8</ele><time>2020-02-19T07:52:43Z</time><extensions><gpxtpx:TrackPointExtension><gpxtpx:hr>137</gpxtpx:hr></gpxtpx:TrackPointExtension></extensions></trkpt>
    <trkpt lat="-33.3093557" lon="151.3475483"><ele>367.1</ele><time>2020-02-19T07:53:00Z</time><extensions><gpxtpx:TrackPointExtension><gpxtpx:hr>139</gpxtpx:hr></gpxtpx:TrackPointExtension></extensions></trkpt>
    <trkpt lat="-33.3096664" lon="151.3480292"><ele>369.0</ele><time>2020-02-19T07:53:42Z</time><extensions><gpxtpx:TrackPointExtension><gpxtpx:hr>116</gpxtpx:hr></gpxtpx:TrackPointExtension></extensions></trkpt>
    <trkpt lat="-33.3101100" lon="151.3485178"><ele>375.0</ele><time>2020-02-19T07:53:51Z</time><extensions><gpxtpx:TrackPointExtension><gpxtpx:hr>112</gpxtpx:hr></gpxtpx:TrackPointExtension></extensions></trkpt>
    <trkpt lat="-33.3102035" lon="151.3485858"><ele>376.0</ele><time>2020-02-19T07:53:53Z</time><extensions><gpxtpx:TrackPointExtension><gpxtpx:hr>116</gpxtpx:hr></gpxtpx:TrackPointExtension></extensions></trkpt>
    <trkpt lat="-33.3106571" lon="151.3486404"><ele>372.6</ele><time>2020-02-19T07:54:07Z</time><extensions><gpxtpx:TrackPointExtension><gpxtpx:hr>128</gpxtpx:hr></gpxtpx:TrackPointExtension></extensions></trkpt>
    <trkpt lat="-33.3108709" lon="151.3488531"><ele>374.2</ele><time>2020-02-19T07:54:18Z</time><extensions><gpxtpx:TrackPointExtension><gpxtpx:hr>118</gpxtpx:hr></gpxtpx:TrackPointExtension></extensions></trkpt>
    <trkpt lat="-33.3109811" lon="151.3491171"><ele>381.5</ele><time>2020-02-19T07:54:48Z</time><extensions><gpxtpx:TrackPointExtension><gpxtpx:hr>120</gpxtpx:hr></gpxtpx:TrackPointExtension></extensions></trkpt>
    <trkpt lat="-33.3111275" lon="151.3492100"><ele>382.8</ele><time>2020-02-19T07:54:55Z</time><extensions><gpxtpx:TrackPointExtension><gpxtpx:hr>118</gpxtpx:hr></gpxtpx:TrackPointExtension></extensions></trkpt>
    <trkpt lat="-33.3110902" lon="151.3492658"><ele>383.2</ele><time>2020-02-19T07:55:00Z</time><extensions><gpxtpx:TrackPointExtension><gpxtpx:hr>114</gpxtpx:hr></gpxtpx:TrackPointExtension></extensions></trkpt>
    <trkpt lat="-33.3110328" lon="151.3491838"><ele>383.9</ele><time>2020-02-19T07:55:14Z</time><extensions><gpxtpx:TrackPointExtension><gpxtpx:hr>120</gpxtpx:hr></gpxtpx:TrackPointExtension></extensions></trkpt>
    <trkpt lat="-33.3106093" lon="151.3491150"><ele>376.4</ele><time>2020-02-19T07:55:24Z</time><extensions><gpxtpx:TrackPointExtension><gpxtpx:hr>113</gpxtpx:hr></gpxtpx:TrackPointExtension></extensions></trkpt>
    <trkpt lat="-33.3108533" lon="151.3502312"><ele>363.1</ele><time>2020-02-19T07:55:39Z</time><extensions><gpxtpx:TrackPointExtension><gpxtpx:hr>122</gpxtpx:hr></gpxtpx:TrackPointExtension></extensions></trkpt>
    <trkpt lat="-33.3107903" lon="151.3508585"><ele>358.4</ele><time>2020-02-19T07:55:45Z</time><extensions><gpxtpx:TrackPointExtension><gpxtpx:hr>122</gpxtpx:hr></gpxtpx:TrackPointExtension></extensions></trkpt>
    <trkpt lat="-33.3106630" lon="151.3513084"><ele>356.4</ele><time>2020-02-19T07:55:50Z</time><extensions><gpxtpx:TrackPointExtension><gpxtpx:hr>125</gpxtpx:hr></gpxtpx:TrackPointExtension></extensions></trkpt>
    <trkpt lat="-33.3105351" lon="151.3520213"><ele>350.2</ele><time>2020-02-19T07:55:58Z</time><extensions><gpxtpx:TrackPointExtension><gpxtpx:hr>138</gpxtpx:hr></gpxtpx:TrackPointExtension></extensions></trkpt>
    <trkpt lat="-33.3104988" lon="151.3520803"><ele>348.4</ele><time>2020-02-19T07:56:12Z</time><extensions><gpxtpx:TrackPointExtension><gpxtpx:hr>116</gpxtpx:hr></gpxtpx:TrackPointExtension></extensions></trkpt>
    <trkpt lat="-33.3102775" lon="151.3521131"><ele>345.2</ele><time>2020-02-19T07:56:23Z</time><extensions><gpxtpx:TrackPointExtension><gpxtpx:hr>117</gpxtpx:hr></gpxtpx:TrackPointExtension></extensions></trkpt>
    <trkpt lat="-33.3101192" lon="151.3520726"><ele>341.3</ele><time>2020-02-19T07:56:27Z</time><extensions><gpxtpx:TrackPointExtension><gpxtpx:hr>115</gpxtpx:hr></gpxtpx:TrackPointExtension></extensions></trkpt>
    <trkpt lat="-33.3098802" lon="151.3520956"><ele>332.4</ele><time>2020-02-19T07:56:33Z</time><extensions><gpxtpx:TrackPointExtension><gpxtpx:hr>113</gpxtpx:hr></gpxtpx:TrackPointExtension></extensions></trkpt>
    <trkpt lat="-33.3095083" lon="151.3518287"><ele>319.0</ele><time>2020-02-19T07:56:52Z</time><extensions><gpxtpx:TrackPointExtension><gpxtpx:hr>132</gpxtpx:hr></gpxtpx:TrackPointExtension></extensions></trkpt>
    <trkpt lat="-33.3091736" lon="151.3519337"><ele>304.2</ele><time>2020-02-19T07:57:07Z</time><extensions><gpxtpx:TrackPointExtension><gpxtpx:hr>135</gpxtpx:hr></gpxtpx:TrackPointExtension></extensions></trkpt>
    <trkpt lat="-33.3089260" lon="151.3519452"><ele>296.8</ele><time>2020-02-19T07:57:26Z</time><extensions><gpxtpx:TrackPointExtension><gpxtpx:hr>132</gpxtpx:hr></gpxtpx:TrackPointExtension></extensions></trkpt>
    <trkpt lat="-33.3086696" lon="151.3521825"><ele>287.6</ele><time>2020-02-19T07:57:43Z</time><extensions><gpxtpx:TrackPointExtension><gpxtpx:hr>122</gpxtpx:hr></gpxtpx:TrackPointExtension></extensions></trkpt>
    <trkpt lat="-33.3083477" lon="151.3522653"><ele>279.0</ele><time>2020-02-19T07:57:59Z</time><extensions><gpxtpx:TrackPointExtension><gpxtpx:hr>118</gpxtpx:hr></gpxtpx:TrackPointExtension></extensions></trkpt>
    <trkpt lat="-33.3079859" lon="151.3525308"><ele>270.5</ele><time>2020-02-19T07:58:18Z</time><extensions><gpxtpx:TrackPointExtension><gpxtpx:hr>120</gpxtpx:hr></gpxtpx:TrackPointExtension></extensions></trkpt>
    <trkpt lat="-33.3077364" lon="151.3525855"><ele>264.4</ele><time>2020-02-19T07:58:27Z</time><extensions><gpxtpx:TrackPointExtension><gpxtpx:hr>117</gpxtpx:hr></gpxtpx:TrackPointExtension></extensions></trkpt>
    <trkpt lat="-33.3075393" lon="151.3527992"><ele>254.8</ele><time>2020-02-19T07:58:53Z</time><extensions><gpxtpx:TrackPointExtension><gpxtpx:hr>113</gpxtpx:hr></gpxtpx:TrackPointExtension></extensions></trkpt>
    <trkpt lat="-33.3074491" lon="151.3527124"><ele>254.2</ele><time>2020-02-19T07:59:12Z</time><extensions><gpxtpx:TrackPointExtension><gpxtpx:hr>111</gpxtpx:hr></gpxtpx:TrackPointExtension></extensions></trkpt>
    <trkpt lat="-33.3074759" lon="151.3527811"><ele>252.5</ele><time>2020-02-19T07:59:35Z</time><extensions><gpxtpx:TrackPointExtension><gpxtpx:hr>104</gpxtpx:hr></gpxtpx:TrackPointExtension></extensions></trkpt>
    <trkpt lat="-33.3072163" lon="151.3529106"><ele>243.1</ele><time>2020-02-19T08:00:01Z</time><extensions><gpxtpx:TrackPointExtension><gpxtpx:hr>101</gpxtpx:hr></gpxtpx:TrackPointExtension></extensions></trkpt>
    <trkpt lat="-33.3071305" lon="151.3532063"><ele>240.3</ele><time>2020-02-19T08:00:12Z</time><extensions><gpxtpx:TrackPointExtension><gpxtpx:hr>100</gpxtpx:hr></gpxtpx:TrackPointExtension></extensions></trkpt>
    <trkpt lat="-33.3071862" lon="151.3537288"><ele>241.8</ele><time>2020-02-19T08:00:26Z</time><extensions><gpxtpx:TrackPointExtension><gpxtpx:hr>98</gpxtpx:hr></gpxtpx:TrackPointExtension></extensions></trkpt>
    <trkpt lat="-33.3072504" lon="151.3538651"><ele>242.4</ele><time>2020-02-19T08:00:29Z</time><extensions><gpxtpx:TrackPointExtension><gpxtpx:hr>97</gpxtpx:hr></gpxtpx:TrackPointExtension></extensions></trkpt>
    <trkpt lat="-33.3074771" lon="151.3540893"><ele>245.8</ele><time>2020-02-19T08:00:36Z</time><extensions><gpxtpx:TrackPointExtension><gpxtpx:hr>103</gpxtpx:hr></gpxtpx:TrackPointExtension></extensions></trkpt>
    <trkpt lat="-33.3077991" lon="151.3547672"><ele>247.2</ele><time>2020-02-19T08:00:47Z</time><extensions><gpxtpx:TrackPointExtension><gpxtpx:hr>131</gpxtpx:hr></gpxtpx:TrackPointExtension></extensions></trkpt>
    <trkpt lat="-33.3078153" lon="151.3558988"><ele>245.0</ele><time>2020-02-19T08:01:01Z</time><extensions><gpxtpx:TrackPointExtension><gpxtpx:hr>138</gpxtpx:hr></gpxtpx:TrackPointExtension></extensions></trkpt>
    <trkpt lat="-33.3084254" lon="151.3565488"><ele>247.3</ele><time>2020-02-19T08:01:14Z</time><extensions><gpxtpx:TrackPointExtension><gpxtpx:hr>136</gpxtpx:hr></gpxtpx:TrackPointExtension></extensions></trkpt>
    <trkpt lat="-33.3091958" lon="151.3571212"><ele>247.4</ele><time>2020-02-19T08:01:28Z</time><extensions><gpxtpx:TrackPointExtension><gpxtpx:hr>140</gpxtpx:hr></gpxtpx:TrackPointExtension></extensions></trkpt>
    <trkpt lat="-33.3098014" lon="151.3578576"><ele>243.7</ele><time>2020-02-19T08:01:41Z</time><extensions><gpxtpx:TrackPointExtension><gpxtpx:hr>135</gpxtpx:hr></gpxtpx:TrackPointExtension></extensions></trkpt>
    <trkpt lat="-33.3097912" lon="151.3581857"><ele>239.4</ele><time>2020-02-19T08:01:46Z</time><extensions><gpxtpx:TrackPointExtension><gpxtpx:hr>137</gpxtpx:hr></gpxtpx:TrackPointExtension></extensions></trkpt>
    <trkpt lat="-33.3097441" lon="151.3583818"><ele>232.7</ele><time>2020-02-19T08:01:52Z</time><extensions><gpxtpx:TrackPointExtension><gpxtpx:hr>135</gpxtpx:hr></gpxtpx:TrackPointExtension></extensions></trkpt>
    <trkpt lat="-33.3096468" lon="151.3585170"><ele>227.0</ele><time>2020-02-19T08:02:39Z</time><extensions><gpxtpx:TrackPointExtension><gpxtpx:hr>114</gpxtpx:hr></gpxtpx:TrackPointExtension></extensions></trkpt>
    <trkpt lat="-33.3097328" lon="151.3585999"><ele>225.2</ele><time>2020-02-19T08:03:21Z</time><extensions><gpxtpx:TrackPointExtension><gpxtpx:hr>102</gpxtpx:hr></gpxtpx:TrackPointExtension></extensions></trkpt>
    <trkpt lat="-33.3095304" lon="151.3584502"><ele>225.7</ele><time>2020-02-19T08:04:50Z</time><extensions><gpxtpx:TrackPointExtension><gpxtpx:hr>138</gpxtpx:hr></gpxtpx:TrackPointExtension></extensions></trkpt>
    <trkpt lat="-33.3096299" lon="151.3585026"><ele>225.9</ele><time>2020-02-19T08:05:17Z</time><extensions><gpxtpx:TrackPointExtension><gpxtpx:hr>138</gpxtpx:hr></gpxtpx:TrackPointExtension></extensions></trkpt>
    <trkpt lat="-33.3096755" lon="151.3586608"><ele>223.4</ele><time>2020-02-19T08:06:03Z</time><extensions><gpxtpx:TrackPointExtension><gpxtpx:hr>125</gpxtpx:hr></gpxtpx:TrackPointExtension></extensions></trkpt>
    <trkpt lat="-33.3096464" lon="151.3586744"><ele>223.4</ele><time>2020-02-19T08:06:12Z</time><extensions><gpxtpx:TrackPointExtension><gpxtpx:hr>139</gpxtpx:hr></gpxtpx:TrackPointExtension></extensions></trkpt>
    <trkpt lat="-33.3096858" lon="151.3585208"><ele>225.4</ele><time>2020-02-19T08:06:59Z</time><extensions><gpxtpx:TrackPointExtension><gpxtpx:hr>124</gpxtpx:hr></gpxtpx:TrackPointExtension></extensions></trkpt>
    <trkpt lat="-33.3096538" lon="151.3585402"><ele>225.4</ele><time>2020-02-19T08:07:13Z</time><extensions><gpxtpx:TrackPointExtension><gpxtpx:hr>117</gpxtpx:hr></gpxtpx:TrackPointExtension></extensions></trkpt>
    <trkpt lat="-33.3097229" lon="151.3585228"><ele>224.9</ele><time>2020-02-19T08:07:41Z</time><extensions><gpxtpx:TrackPointExtension><gpxtpx:hr>99</gpxtpx:hr></gpxtpx:TrackPointExtension></extensions></trkpt>
    <trkpt lat="-33.3097141" lon="151.3585704"><ele>225.0</ele><time>2020-02-19T08:07:54Z</time><extensions><gpxtpx:TrackPointExtension><gpxtpx:hr>95</gpxtpx:hr></gpxtpx:TrackPointExtension></extensions></trkpt>
    <trkpt lat="-33.3096593" lon="151.3585406"><ele>224.4</ele><time>2020-02-19T08:08:03Z</time><extensions><gpxtpx:TrackPointExtension><gpxtpx:hr>97</gpxtpx:hr></gpxtpx:TrackPointExtension></extensions></trkpt>
    <trkpt lat="-33.3095144" lon="151.3586385"><ele>218.6</ele><time>2020-02-19T08:08:17Z</time><extensions><gpxtpx:TrackPointExtension><gpxtpx:hr>95</gpxtpx:hr></gpxtpx:TrackPointExtension></extensions></trkpt>
    <trkpt lat="-33.3094996" lon="151.3587940"><ele>216.5</ele><time>2020-02-19T08:08:48Z</time><extensions><gpxtpx:TrackPointExtension><gpxtpx:hr>105</gpxtpx:hr></gpxtpx:TrackPointExtension></extensions></trkpt>
    <trkpt lat="-33.3093614" lon="151.3588570"><ele>212.6</ele><time>2020-02-19T08:09:21Z</time><extensions><gpxtpx:TrackPointExtension><gpxtpx:hr>96</gpxtpx:hr></gpxtpx:TrackPointExtension></extensions></trkpt>
    <trkpt lat="-33.3090660" lon="151.3591567"><ele>206.2</ele><time>2020-02-19T08:09:34Z</time><extensions><gpxtpx:TrackPointExtension><gpxtpx:hr>96</gpxtpx:hr></gpxtpx:TrackPointExtension></extensions></trkpt>
    <trkpt lat="-33.3089730" lon="151.3594001"><ele>201.6</ele><time>2020-02-19T08:09:43Z</time><extensions><gpxtpx:TrackPointExtension><gpxtpx:hr>96</gpxtpx:hr></gpxtpx:TrackPointExtension></extensions></trkpt>
    <trkpt lat="-33.3089048" lon="151.3597800"><ele>199.5</ele><time>2020-02-19T08:09:58Z</time><extensions><gpxtpx:TrackPointExtension><gpxtpx:hr>99</gpxtpx:hr></gpxtpx:TrackPointExtension></extensions></trkpt>
    <trkpt lat="-33.3088057" lon="151.3599164"><ele>199.0</ele><time>2020-02-19T08:10:16Z</time><extensions><gpxtpx:TrackPointExtension><gpxtpx:hr>97</gpxtpx:hr></gpxtpx:TrackPointExtension></extensions></trkpt>
    <trkpt lat="-33.3086533" lon="151.3598777"><ele>198.8</ele><time>2020-02-19T08:10:26Z</time><extensions><gpxtpx:TrackPointExtension><gpxtpx:hr>97</gpxtpx:hr></gpxtpx:TrackPointExtension></extensions></trkpt>
    <trkpt lat="-33.3084971" lon="151.3595982"><ele>197.5</ele><time>2020-02-19T08:10:56Z</time><extensions><gpxtpx:TrackPointExtension><gpxtpx:hr>97</gpxtpx:hr></gpxtpx:TrackPointExtension></extensions></trkpt>
    <trkpt lat="-33.3080431" lon="151.3592766"><ele>201.7</ele><time>2020-02-19T08:11:10Z</time><extensions><gpxtpx:TrackPointExtension><gpxtpx:hr>98</gpxtpx:hr></gpxtpx:TrackPointExtension></extensions></trkpt>
    <trkpt lat="-33.3077691" lon="151.3587847"><ele>202.7</ele><time>2020-02-19T08:11:20Z</time><extensions><gpxtpx:TrackPointExtension><gpxtpx:hr>95</gpxtpx:hr></gpxtpx:TrackPointExtension></extensions></trkpt>
    <trkpt lat="-33.3076412" lon="151.3586486"><ele>203.1</ele><time>2020-02-19T08:11:23Z</time><extensions><gpxtpx:TrackPointExtension><gpxtpx:hr>91</gpxtpx:hr></gpxtpx:TrackPointExtension></extensions></trkpt>
    <trkpt lat="-33.3070582" lon="151.3583870"><ele>210.5</ele><time>2020-02-19T08:11:33Z</time><extensions><gpxtpx:TrackPointExtension><gpxtpx:hr>91</gpxtpx:hr></gpxtpx:TrackPointExtension></extensions></trkpt>
    <trkpt lat="-33.3062665" lon="151.3577923"><ele>209.7</ele><time>2020-02-19T08:11:52Z</time><extensions><gpxtpx:TrackPointExtension><gpxtpx:hr>121</gpxtpx:hr></gpxtpx:TrackPointExtension></extensions></trkpt>
    <trkpt lat="-33.3060295" lon="151.3577688"><ele>208.4</ele><time>2020-02-19T08:11:57Z</time><extensions><gpxtpx:TrackPointExtension><gpxtpx:hr>127</gpxtpx:hr></gpxtpx:TrackPointExtension></extensions></trkpt>
    <trkpt lat="-33.3052079" lon="151.3578779"><ele>204.9</ele><time>2020-02-19T08:12:10Z</time><extensions><gpxtpx:TrackPointExtension><gpxtpx:hr>130</gpxtpx:hr></gpxtpx:TrackPointExtension></extensions></trkpt>
    <trkpt lat="-33.3047012" lon="151.3577219"><ele>205.9</ele><time>2020-02-19T08:12:25Z</time><extensions><gpxtpx:TrackPointExtension><gpxtpx:hr>134</gpxtpx:hr></gpxtpx:TrackPointExtension></extensions></trkpt>
    <trkpt lat="-33.3045941" lon="151.3576695"><ele>205.4</ele><time>2020-02-19T08:12:30Z</time><extensions><gpxtpx:TrackPointExtension><gpxtpx:hr>133</gpxtpx:hr></gpxtpx:TrackPointExtension></extensions></trkpt>
    <trkpt lat="-33.3045401" lon="151.3575727"><ele>204.7</ele><time>2020-02-19T08:12:32Z</time><extensions><gpxtpx:TrackPointExtension><gpxtpx:hr>130</gpxtpx:hr></gpxtpx:TrackPointExtension></extensions></trkpt>
    <trkpt lat="-33.3042586" lon="151.3575812"><ele>205.2</ele><time>2020-02-19T08:12:43Z</time><extensions><gpxtpx:TrackPointExtension><gpxtpx:hr>127</gpxtpx:hr></gpxtpx:TrackPointExtension></extensions></trkpt>
    <trkpt lat="-33.3036701" lon="151.3574048"><ele>204.7</ele><time>2020-02-19T08:13:04Z</time><extensions><gpxtpx:TrackPointExtension><gpxtpx:hr>123</gpxtpx:hr></gpxtpx:TrackPointExtension></extensions></trkpt>
    <trkpt lat="-33.3034944" lon="151.3574334"><ele>205.9</ele><time>2020-02-19T08:13:15Z</time><extensions><gpxtpx:TrackPointExtension><gpxtpx:hr>119</gpxtpx:hr></gpxtpx:TrackPointExtension></extensions></trkpt>
    <trkpt lat="-33.3033742" lon="151.3575606"><ele>206.2</ele><time>2020-02-19T08:13:39Z</time><extensions><gpxtpx:TrackPointExtension><gpxtpx:hr>112</gpxtpx:hr></gpxtpx:TrackPointExtension></extensions></trkpt>
    <trkpt lat="-33.3034621" lon="151.3575766"><ele>205.1</ele><time>2020-02-19T08:13:52Z</time><extensions><gpxtpx:TrackPointExtension><gpxtpx:hr>108</gpxtpx:hr></gpxtpx:TrackPointExtension></extensions></trkpt>
    <trkpt lat="-33.3035251" lon="151.3575090"><ele>204.2</ele><time>2020-02-19T08:14:04Z</time><extensions><gpxtpx:TrackPointExtension><gpxtpx:hr>111</gpxtpx:hr></gpxtpx:TrackPointExtension></extensions></trkpt>
    <trkpt lat="-33.3037208" lon="151.3574479"><ele>203.0</ele><time>2020-02-19T08:14:13Z</time><extensions><gpxtpx:TrackPointExtension><gpxtpx:hr>109</gpxtpx:hr></gpxtpx:TrackPointExtension></extensions></trkpt>
    <trkpt lat="-33.3041380" lon="151.3575352"><ele>203.3</ele><time>2020-02-19T08:14:26Z</time><extensions><gpxtpx:TrackPointExtension><gpxtpx:hr>107</gpxtpx:hr></gpxtpx:TrackPointExtension></extensions></trkpt>
    <trkpt lat="-33.3044416" lon="151.3574168"><ele>202.9</ele><time>2020-02-19T08:14:39Z</time><extensions><gpxtpx:TrackPointExtension><gpxtpx:hr>105</gpxtpx:hr></gpxtpx:TrackPointExtension></extensions></trkpt>
    <trkpt lat="-33.3050792" lon="151.3575596"><ele>203.4</ele><time>2020-02-19T08:14:54Z</time><extensions><gpxtpx:TrackPointExtension><gpxtpx:hr>103</gpxtpx:hr></gpxtpx:TrackPointExtension></extensions></trkpt>
    <trkpt lat="-33.3058025" lon="151.3575356"><ele>206.8</ele><time>2020-02-19T08:15:07Z</time><extensions><gpxtpx:TrackPointExtension><gpxtpx:hr>128</gpxtpx:hr></gpxtpx:TrackPointExtension></extensions></trkpt>
    <trkpt lat="-33.3060534" lon="151.3576240"><ele>208.5</ele><time>2020-02-19T08:15:11Z</time><extensions><gpxtpx:TrackPointExtension><gpxtpx:hr>135</gpxtpx:hr></gpxtpx:TrackPointExtension></extensions></trkpt>
    <trkpt lat="-33.3076774" lon="151.3585662"><ele>208.2</ele><time>2020-02-19T08:15:40Z</time><extensions><gpxtpx:TrackPointExtension><gpxtpx:hr>124</gpxtpx:hr></gpxtpx:TrackPointExtension></extensions></trkpt>
    <trkpt lat="-33.3077838" lon="151.3587179"><ele>205.3</ele><time>2020-02-19T08:15:44Z</time><extensions><gpxtpx:TrackPointExtension><gpxtpx:hr>122</gpxtpx:hr></gpxtpx:TrackPointExtension></extensions></trkpt>
    <trkpt lat="-33.3078957" lon="151.3590415"><ele>204.0</ele><time>2020-02-19T08:15:51Z</time><extensions><gpxtpx:TrackPointExtension><gpxtpx:hr>119</gpxtpx:hr></gpxtpx:TrackPointExtension></extensions></trkpt>
    <trkpt lat="-33.3081164" lon="151.3593886"><ele>202.0</ele><time>2020-02-19T08:16:00Z</time><extensions><gpxtpx:TrackPointExtension><gpxtpx:hr>120</gpxtpx:hr></gpxtpx:TrackPointExtension></extensions></trkpt>
    <trkpt lat="-33.3085880" lon="151.3597146"><ele>199.2</ele><time>2020-02-19T08:16:19Z</time><extensions><gpxtpx:TrackPointExtension><gpxtpx:hr>120</gpxtpx:hr></gpxtpx:TrackPointExtension></extensions></trkpt>
    <trkpt lat="-33.3085769" lon="151.3597713"><ele>198.7</ele><time>2020-02-19T08:16:26Z</time><extensions><gpxtpx:TrackPointExtension><gpxtpx:hr>117</gpxtpx:hr></gpxtpx:TrackPointExtension></extensions></trkpt>
    <trkpt lat="-33.3085702" lon="151.3597775"><ele>198.6</ele><time>2020-02-19T08:16:31Z</time><extensions><gpxtpx:TrackPointExtension><gpxtpx:hr>114</gpxtpx:hr></gpxtpx:TrackPointExtension></extensions></trkpt>
    <trkpt lat="-33.3089207" lon="151.3599222"><ele>200.3</ele><time>2020-02-19T08:16:56Z</time><extensions><gpxtpx:TrackPointExtension><gpxtpx:hr>111</gpxtpx:hr></gpxtpx:TrackPointExtension></extensions></trkpt>
    <trkpt lat="-33.3091432" lon="151.3603974"><ele>200.4</ele><time>2020-02-19T08:17:08Z</time><extensions><gpxtpx:TrackPointExtension><gpxtpx:hr>104</gpxtpx:hr></gpxtpx:TrackPointExtension></extensions></trkpt>
    <trkpt lat="-33.3095210" lon="151.3605318"><ele>200.5</ele><time>2020-02-19T08:17:15Z</time><extensions><gpxtpx:TrackPointExtension><gpxtpx:hr>103</gpxtpx:hr></gpxtpx:TrackPointExtension></extensions></trkpt>
    <trkpt lat="-33.3098547" lon="151.3608684"><ele>200.1</ele><time>2020-02-19T08:17:20Z</time><extensions><gpxtpx:TrackPointExtension><gpxtpx:hr>101</gpxtpx:hr></gpxtpx:TrackPointExtension></extensions></trkpt>
    <trkpt lat="-33.3106902" lon="151.3610727"><ele>203.4</ele><time>2020-02-19T08:17:39Z</time><extensions><gpxtpx:TrackPointExtension><gpxtpx:hr>98</gpxtpx:hr></gpxtpx:TrackPointExtension></extensions></trkpt>
    <trkpt lat="-33.3106852" lon="151.3611369"><ele>204.3</ele><time>2020-02-19T08:17:42Z</time><extensions><gpxtpx:TrackPointExtension><gpxtpx:hr>96</gpxtpx:hr></gpxtpx:TrackPointExtension></extensions></trkpt>
    <trkpt lat="-33.3105961" lon="151.3612105"><ele>203.8</ele><time>2020-02-19T08:17:54Z</time><extensions><gpxtpx:TrackPointExtension><gpxtpx:hr>93</gpxtpx:hr></gpxtpx:TrackPointExtension></extensions></trkpt>
    <trkpt lat="-33.3107023" lon="151.3614272"><ele>207.0</ele><time>2020-02-19T08:18:04Z</time><extensions><gpxtpx:TrackPointExtension><gpxtpx:hr>91</gpxtpx:hr></gpxtpx:TrackPointExtension></extensions></trkpt>
    <trkpt lat="-33.3106662" lon="151.3619586"><ele>225.0</ele><time>2020-02-19T08:18:13Z</time><extensions><gpxtpx:TrackPointExtension><gpxtpx:hr>96</gpxtpx:hr></gpxtpx:TrackPointExtension></extensions></trkpt>
    <trkpt lat="-33.3104510" lon="151.3622810"><ele>231.1</ele><time>2020-02-19T08:18:21Z</time><extensions><gpxtpx:TrackPointExtension><gpxtpx:hr>120</gpxtpx:hr></gpxtpx:TrackPointExtension></extensions></trkpt>
    <trkpt lat="-33.3103740" lon="151.3628523"><ele>241.2</ele><time>2020-02-19T08:18:29Z</time><extensions><gpxtpx:TrackPointExtension><gpxtpx:hr>116</gpxtpx:hr></gpxtpx:TrackPointExtension></extensions></trkpt>
    <trkpt lat="-33.3102783" lon="151.3631065"><ele>245.6</ele><time>2020-02-19T08:18:33Z</time><extensions><gpxtpx:TrackPointExtension><gpxtpx:hr>117</gpxtpx:hr></gpxtpx:TrackPointExtension></extensions></trkpt>
    <trkpt lat="-33.3099015" lon="151.3634668"><ele>247.7</ele><time>2020-02-19T08:18:43Z</time><extensions><gpxtpx:TrackPointExtension><gpxtpx:hr>129</gpxtpx:hr></gpxtpx:TrackPointExtension></extensions></trkpt>
    <trkpt lat="-33.3097760" lon="151.3636805"><ele>248.8</ele><time>2020-02-19T08:18:46Z</time><extensions><gpxtpx:TrackPointExtension><gpxtpx:hr>134</gpxtpx:hr></gpxtpx:TrackPointExtension></extensions></trkpt>
    <trkpt lat="-33.3093828" lon="151.3639996"><ele>250.5</ele><time>2020-02-19T08:18:52Z</time><extensions><gpxtpx:TrackPointExtension><gpxtpx:hr>138</gpxtpx:hr></gpxtpx:TrackPointExtension></extensions></trkpt>
    <trkpt lat="-33.3092551" lon="151.3640481"><ele>251.1</ele><time>2020-02-19T08:18:56Z</time><extensions><gpxtpx:TrackPointExtension><gpxtpx:hr>142</gpxtpx:hr></gpxtpx:TrackPointExtension></extensions></trkpt>
    <trkpt lat="-33.3092288" lon="151.3641230"><ele>251.2</ele><time>2020-02-19T08:19:08Z</time><extensions><gpxtpx:TrackPointExtension><gpxtpx:hr>138</gpxtpx:hr></gpxtpx:TrackPointExtension></extensions></trkpt>
    <trkpt lat="-33.3088580" lon="151.3641660"><ele>249.2</ele><time>2020-02-19T08:19:20Z</time><extensions><gpxtpx:TrackPointExtension><gpxtpx:hr>132</gpxtpx:hr></gpxtpx:TrackPointExtension></extensions></trkpt>
    <trkpt lat="-33.3086604" lon="151.3642837"><ele>247.0</ele><time>2020-02-19T08:19:23Z</time><extensions><gpxtpx:TrackPointExtension><gpxtpx:hr>133</gpxtpx:hr></gpxtpx:TrackPointExtension></extensions></trkpt>
    <trkpt lat="-33.3083357" lon="151.3647221"><ele>246.5</ele><time>2020-02-19T08:19:30Z</time><extensions><gpxtpx:TrackPointExtension><gpxtpx:hr>128</gpxtpx:hr></gpxtpx:TrackPointExtension></extensions></trkpt>
    <trkpt lat="-33.3081264" lon="151.3652222"><ele>248.2</ele><time>2020-02-19T08:19:37Z</time><extensions><gpxtpx:TrackPointExtension><gpxtpx:hr>126</gpxtpx:hr></gpxtpx:TrackPointExtension></extensions></trkpt>
    <trkpt lat="-33.3082966" lon="151.3658708"><ele>257.8</ele><time>2020-02-19T08:19:48Z</time><extensions><gpxtpx:TrackPointExtension><gpxtpx:hr>120</gpxtpx:hr></gpxtpx:TrackPointExtension></extensions></trkpt>
    <trkpt lat="-33.3083387" lon="151.3662246"><ele>258.9</ele><time>2020-02-19T08:19:55Z</time><extensions><gpxtpx:TrackPointExtension><gpxtpx:hr>115</gpxtpx:hr></gpxtpx:TrackPointExtension></extensions></trkpt>
    <trkpt lat="-33.3084928" lon="151.3665187"><ele>259.3</ele><time>2020-02-19T08:20:03Z</time><extensions><gpxtpx:TrackPointExtension><gpxtpx:hr>127</gpxtpx:hr></gpxtpx:TrackPointExtension></extensions></trkpt>
    <trkpt lat="-33.3084413" lon="151.3667903"><ele>258.7</ele><time>2020-02-19T08:20:09Z</time><extensions><gpxtpx:TrackPointExtension><gpxtpx:hr>134</gpxtpx:hr></gpxtpx:TrackPointExtension></extensions></trkpt>
    <trkpt lat="-33.3085290" lon="151.3671682"><ele>259.4</ele><time>2020-02-19T08:20:16Z</time><extensions><gpxtpx:TrackPointExtension><gpxtpx:hr>137</gpxtpx:hr></gpxtpx:TrackPointExtension></extensions></trkpt>
    <trkpt lat="-33.3083492" lon="151.3678220"><ele>258.9</ele><time>2020-02-19T08:20:32Z</time><extensions><gpxtpx:TrackPointExtension><gpxtpx:hr>142</gpxtpx:hr></gpxtpx:TrackPointExtension></extensions></trkpt>
    <trkpt lat="-33.3083525" lon="151.3684113"><ele>264.5</ele><time>2020-02-19T08:20:45Z</time><extensions><gpxtpx:TrackPointExtension><gpxtpx:hr>141</gpxtpx:hr></gpxtpx:TrackPointExtension></extensions></trkpt>
    <trkpt lat="-33.3082628" lon="151.3687971"><ele>267.7</ele><time>2020-02-19T08:20:54Z</time><extensions><gpxtpx:TrackPointExtension><gpxtpx:hr>139</gpxtpx:hr></gpxtpx:TrackPointExtension></extensions></trkpt>
    <trkpt lat="-33.3082758" lon="151.3690753"><ele>268.6</ele><time>2020-02-19T08:21:01Z</time><extensions><gpxtpx:TrackPointExtension><gpxtpx:hr>141</gpxtpx:hr></gpxtpx:TrackPointExtension></extensions></trkpt>
    <trkpt lat="-33.3082383" lon="151.3692172"><ele>268.7</ele><time>2020-02-19T08:21:05Z</time><extensions><gpxtpx:TrackPointExtension><gpxtpx:hr>144</gpxtpx:hr></gpxtpx:TrackPointExtension></extensions></trkpt>
    <trkpt lat="-33.3081273" lon="151.3692677"><ele>268.3</ele><time>2020-02-19T08:21:09Z</time><extensions><gpxtpx:TrackPointExtension><gpxtpx:hr>144</gpxtpx:hr></gpxtpx:TrackPointExtension></extensions></trkpt>
    <trkpt lat="-33.3079861" lon="151.3690486"><ele>267.7</ele><time>2020-02-19T08:21:18Z</time><extensions><gpxtpx:TrackPointExtension><gpxtpx:hr>144</gpxtpx:hr></gpxtpx:TrackPointExtension></extensions></trkpt>
    <trkpt lat="-33.3078612" lon="151.3689597"><ele>267.6</ele><time>2020-02-19T08:21:22Z</time><extensions><gpxtpx:TrackPointExtension><gpxtpx:hr>145</gpxtpx:hr></gpxtpx:TrackPointExtension></extensions></trkpt>
    <trkpt lat="-33.3077640" lon="151.3685852"><ele>263.4</ele><time>2020-02-19T08:21:31Z</time><extensions><gpxtpx:TrackPointExtension><gpxtpx:hr>148</gpxtpx:hr></gpxtpx:TrackPointExtension></extensions></trkpt>
    <trkpt lat="-33.3060916" lon="151.3666584"><ele>259.3</ele><time>2020-02-19T08:22:09Z</time><extensions><gpxtpx:TrackPointExtension><gpxtpx:hr>143</gpxtpx:hr></gpxtpx:TrackPointExtension></extensions></trkpt>
    <trkpt lat="-33.3060047" lon="151.3666529"><ele>259.4</ele><time>2020-02-19T08:22:11Z</time><extensions><gpxtpx:TrackPointExtension><gpxtpx:hr>144</gpxtpx:hr></gpxtpx:TrackPointExtension></extensions></trkpt>
    <trkpt lat="-33.3057816" lon="151.3667883"><ele>259.9</ele><time>2020-02-19T08:22:17Z</time><extensions><gpxtpx:TrackPointExtension><gpxtpx:hr>144</gpxtpx:hr></gpxtpx:TrackPointExtension></extensions></trkpt>
    <trkpt lat="-33.3053957" lon="151.3668140"><ele>260.4</ele><time>2020-02-19T08:22:23Z</time><extensions><gpxtpx:TrackPointExtension><gpxtpx:hr>143</gpxtpx:hr></gpxtpx:TrackPointExtension></extensions></trkpt>
    <trkpt lat="-33.3051843" lon="151.3669662"><ele>260.4</ele><time>2020-02-19T08:22:25Z</time><extensions><gpxtpx:TrackPointExtension><gpxtpx:hr>143</gpxtpx:hr></gpxtpx:TrackPointExtension></extensions></trkpt>
    <trkpt lat="-33.3047326" lon="151.3675814"><ele>260.7</ele><time>2020-02-19T08:22:31Z</time><extensions><gpxtpx:TrackPointExtension><gpxtpx:hr>143</gpxtpx:hr></gpxtpx:TrackPointExtension></extensions></trkpt>
    <trkpt lat="-33.3044174" lon="151.3683545"><ele>265.0</ele><time>2020-02-19T08:22:37Z</time><extensions><gpxtpx:TrackPointExtension><gpxtpx:hr>145</gpxtpx:hr></gpxtpx:TrackPointExtension></extensions></trkpt>
    <trkpt lat="-33.3040794" lon="151.3689883"><ele>265.4</ele><time>2020-02-19T08:22:43Z</time><extensions><gpxtpx:TrackPointExtension><gpxtpx:hr>141</gpxtpx:hr></gpxtpx:TrackPointExtension></extensions></trkpt>
    <trkpt lat="-33.3039494" lon="151.3690703"><ele>265.9</ele><time>2020-02-19T08:22:45Z</time><extensions><gpxtpx:TrackPointExtension><gpxtpx:hr>141</gpxtpx:hr></gpxtpx:TrackPointExtension></extensions></trkpt>
    <trkpt lat="-33.3032092" lon="151.3691530"><ele>268.0</ele><time>2020-02-19T08:22:52Z</time><extensions><gpxtpx:TrackPointExtension><gpxtpx:hr>141</gpxtpx:hr></gpxtpx:TrackPointExtension></extensions></trkpt>
    <trkpt lat="-33.3030018" lon="151.3692830"><ele>268.4</ele><time>2020-02-19T08:22:54Z</time><extensions><gpxtpx:TrackPointExtension><gpxtpx:hr>140</gpxtpx:hr></gpxtpx:TrackPointExtension></extensions></trkpt>
    <trkpt lat="-33.3028516" lon="151.3695319"><ele>268.7</ele><time>2020-02-19T08:22:56Z</time><extensions><gpxtpx:TrackPointExtension><gpxtpx:hr>140</gpxtpx:hr></gpxtpx:TrackPointExtension></extensions></trkpt>
    <trkpt lat="-33.3025013" lon="151.3701982"><ele>269.8</ele><time>2020-02-19T08:23:02Z</time><extensions><gpxtpx:TrackPointExtension><gpxtpx:hr>141</gpxtpx:hr></gpxtpx:TrackPointExtension></extensions></trkpt>
    <trkpt lat="-33.3024817" lon="151.3703993"><ele>270.4</ele><time>2020-02-19T08:23:04Z</time><extensions><gpxtpx:TrackPointExtension><gpxtpx:hr>141</gpxtpx:hr></gpxtpx:TrackPointExtension></extensions></trkpt>
    <trkpt lat="-33.3025470" lon="151.3707012"><ele>272.1</ele><time>2020-02-19T08:23:07Z</time><extensions><gpxtpx:TrackPointExtension><gpxtpx:hr>141</gpxtpx:hr></gpxtpx:TrackPointExtension></extensions></trkpt>
    <trkpt lat="-33.3028310" lon="151.3712782"><ele>278.5</ele><time>2020-02-19T08:23:13Z</time><extensions><gpxtpx:TrackPointExtension><gpxtpx:hr>140</gpxtpx:hr></gpxtpx:TrackPointExtension></extensions></trkpt>
    <trkpt lat="-33.3028756" lon="151.3714562"><ele>279.5</ele><time>2020-02-19T08:23:15Z</time><extensions><gpxtpx:TrackPointExtension><gpxtpx:hr>139</gpxtpx:hr></gpxtpx:TrackPointExtension></extensions></trkpt>
    <trkpt lat="-33.3028657" lon="151.3718100"><ele>281.4</ele><time>2020-02-19T08:23:18Z</time><extensions><gpxtpx:TrackPointExtension><gpxtpx:hr>137</gpxtpx:hr></gpxtpx:TrackPointExtension></extensions></trkpt>
    <trkpt lat="-33.3026483" lon="151.3723436"><ele>284.4</ele><time>2020-02-19T08:23:23Z</time><extensions><gpxtpx:TrackPointExtension><gpxtpx:hr>136</gpxtpx:hr></gpxtpx:TrackPointExtension></extensions></trkpt>
    <trkpt lat="-33.3020585" lon="151.3730133"><ele>284.8</ele><time>2020-02-19T08:23:32Z</time><extensions><gpxtpx:TrackPointExtension><gpxtpx:hr>138</gpxtpx:hr></gpxtpx:TrackPointExtension></extensions></trkpt>
    <trkpt lat="-33.3018002" lon="151.3730920"><ele>284.3</ele><time>2020-02-19T08:23:35Z</time><extensions><gpxtpx:TrackPointExtension><gpxtpx:hr>138</gpxtpx:hr></gpxtpx:TrackPointExtension></extensions></trkpt>
    <trkpt lat="-33.3012959" lon="151.3728782"><ele>283.2</ele><time>2020-02-19T08:23:42Z</time><extensions><gpxtpx:TrackPointExtension><gpxtpx:hr>143</gpxtpx:hr></gpxtpx:TrackPointExtension></extensions></trkpt>
    <trkpt lat="-33.3012401" lon="151.3728785"><ele>282.8</ele><time>2020-02-19T08:23:45Z</time><extensions><gpxtpx:TrackPointExtension><gpxtpx:hr>142</gpxtpx:hr></gpxtpx:TrackPointExtension></extensions></trkpt>
    <trkpt lat="-33.3012404" lon="151.3729930"><ele>283.5</ele><time>2020-02-19T08:24:07Z</time><extensions><gpxtpx:TrackPointExtension><gpxtpx:hr>131</gpxtpx:hr></gpxtpx:TrackPointExtension></extensions></trkpt>
    <trkpt lat="-33.3011739" lon="151.3730065"><ele>283.3</ele><time>2020-02-19T08:24:09Z</time><extensions><gpxtpx:TrackPointExtension><gpxtpx:hr>128</gpxtpx:hr></gpxtpx:TrackPointExtension></extensions></trkpt>
    <trkpt lat="-33.3005100" lon="151.3730323"><ele>283.0</ele><time>2020-02-19T08:24:18Z</time><extensions><gpxtpx:TrackPointExtension><gpxtpx:hr>127</gpxtpx:hr></gpxtpx:TrackPointExtension></extensions></trkpt>
    <trkpt lat="-33.3003324" lon="151.3729797"><ele>283.6</ele><time>2020-02-19T08:24:20Z</time><extensions><gpxtpx:TrackPointExtension><gpxtpx:hr>125</gpxtpx:hr></gpxtpx:TrackPointExtension></extensions></trkpt>
    <trkpt lat="-33.3002095" lon="151.3728070"><ele>283.6</ele><time>2020-02-19T08:24:23Z</time><extensions><gpxtpx:TrackPointExtension><gpxtpx:hr>124</gpxtpx:hr></gpxtpx:TrackPointExtension></extensions></trkpt>
    <trkpt lat="-33.3001339" lon="151.3723447"><ele>277.5</ele><time>2020-02-19T08:24:30Z</time><extensions><gpxtpx:TrackPointExtension><gpxtpx:hr>121</gpxtpx:hr></gpxtpx:TrackPointExtension></extensions></trkpt>
    <trkpt lat="-33.3001503" lon="151.3719836"><ele>274.0</ele><time>2020-02-19T08:24:35Z</time><extensions><gpxtpx:TrackPointExtension><gpxtpx:hr>122</gpxtpx:hr></gpxtpx:TrackPointExtension></extensions></trkpt>
    <trkpt lat="-33.3000865" lon="151.3718229"><ele>273.3</ele><time>2020-02-19T08:24:37Z</time><extensions><gpxtpx:TrackPointExtension><gpxtpx:hr>126</gpxtpx:hr></gpxtpx:TrackPointExtension></extensions></trkpt>
    <trkpt lat="-33.2998565" lon="151.3715271"><ele>273.0</ele><time>2020-02-19T08:24:41Z</time><extensions><gpxtpx:TrackPointExtension><gpxtpx:hr>129</gpxtpx:hr></gpxtpx:TrackPointExtension></extensions></trkpt>
    <trkpt lat="-33.2997079" lon="151.3714253"><ele>273.1</ele><time>2020-02-19T08:24:43Z</time><extensions><gpxtpx:TrackPointExtension><gpxtpx:hr>128</gpxtpx:hr></gpxtpx:TrackPointExtension></extensions></trkpt>
    <trkpt lat="-33.2994226" lon="151.3713436"><ele>273.4</ele><time>2020-02-19T08:24:46Z</time><extensions><gpxtpx:TrackPointExtension><gpxtpx:hr>127</gpxtpx:hr></gpxtpx:TrackPointExtension></extensions></trkpt>
    <trkpt lat="-33.2992419" lon="151.3713576"><ele>273.7</ele><time>2020-02-19T08:24:48Z</time><extensions><gpxtpx:TrackPointExtension><gpxtpx:hr>128</gpxtpx:hr></gpxtpx:TrackPointExtension></extensions></trkpt>
    <trkpt lat="-33.2989740" lon="151.3714673"><ele>274.2</ele><time>2020-02-19T08:24:51Z</time><extensions><gpxtpx:TrackPointExtension><gpxtpx:hr>127</gpxtpx:hr></gpxtpx:TrackPointExtension></extensions></trkpt>
    <trkpt lat="-33.2988308" lon="151.3717626"><ele>275.5</ele><time>2020-02-19T08:24:54Z</time><extensions><gpxtpx:TrackPointExtension><gpxtpx:hr>126</gpxtpx:hr></gpxtpx:TrackPointExtension></extensions></trkpt>
    <trkpt lat="-33.2986924" lon="151.3724738"><ele>279.3</ele><time>2020-02-19T08:25:00Z</time><extensions><gpxtpx:TrackPointExtension><gpxtpx:hr>125</gpxtpx:hr></gpxtpx:TrackPointExtension></extensions></trkpt>
    <trkpt lat="-33.2985862" lon="151.3726932"><ele>282.7</ele><time>2020-02-19T08:25:02Z</time><extensions><gpxtpx:TrackPointExtension><gpxtpx:hr>124</gpxtpx:hr></gpxtpx:TrackPointExtension></extensions></trkpt>
    <trkpt lat="-33.2982908" lon="151.3730782"><ele>289.8</ele><time>2020-02-19T08:25:06Z</time><extensions><gpxtpx:TrackPointExtension><gpxtpx:hr>128</gpxtpx:hr></gpxtpx:TrackPointExtension></extensions></trkpt>
    <trkpt lat="-33.2977893" lon="151.3735317"><ele>300.4</ele><time>2020-02-19T08:25:12Z</time><extensions><gpxtpx:TrackPointExtension><gpxtpx:hr>135</gpxtpx:hr></gpxtpx:TrackPointExtension></extensions></trkpt>
    <trkpt lat="-33.2976952" lon="151.3735665"><ele>302.0</ele><time>2020-02-19T08:25:13Z</time><extensions><gpxtpx:TrackPointExtension><gpxtpx:hr>135</gpxtpx:hr></gpxtpx:TrackPointExtension></extensions></trkpt>
    <trkpt lat="-33.2974777" lon="151.3735739"><ele>305.2</ele><time>2020-02-19T08:25:15Z</time><extensions><gpxtpx:TrackPointExtension><gpxtpx:hr>137</gpxtpx:hr></gpxtpx:TrackPointExtension></extensions></trkpt>
    <trkpt lat="-33.2972148" lon="151.3734804"><ele>307.6</ele><time>2020-02-19T08:25:18Z</time><extensions><gpxtpx:TrackPointExtension><gpxtpx:hr>137</gpxtpx:hr></gpxtpx:TrackPointExtension></extensions></trkpt>
    <trkpt lat="-33.2966857" lon="151.3729728"><ele>311.2</ele><time>2020-02-19T08:25:26Z</time><extensions><gpxtpx:TrackPointExtension><gpxtpx:hr>141</gpxtpx:hr></gpxtpx:TrackPointExtension></extensions></trkpt>
    <trkpt lat="-33.2963027" lon="151.3723919"><ele>312.8</ele><time>2020-02-19T08:25:32Z</time><extensions><gpxtpx:TrackPointExtension><gpxtpx:hr>141</gpxtpx:hr></gpxtpx:TrackPointExtension></extensions></trkpt>
    <trkpt lat="-33.2961172" lon="151.3722027"><ele>314.3</ele><time>2020-02-19T08:25:36Z</time><extensions><gpxtpx:TrackPointExtension><gpxtpx:hr>140</gpxtpx:hr></gpxtpx:TrackPointExtension></extensions></trkpt>
    <trkpt lat="-33.2959877" lon="151.3721625"><ele>317.2</ele><time>2020-02-19T08:25:42Z</time><extensions><gpxtpx:TrackPointExtension><gpxtpx:hr>140</gpxtpx:hr></gpxtpx:TrackPointExtension></extensions></trkpt>
    <trkpt lat="-33.2959908" lon="151.3721238"><ele>318.1</ele><time>2020-02-19T08:25:45Z</time><extensions><gpxtpx:TrackPointExtension><gpxtpx:hr>141</gpxtpx:hr></gpxtpx:TrackPointExtension></extensions></trkpt>
    <trkpt lat="-33.2959911" lon="151.3722507"><ele>312.2</ele><time>2020-02-19T08:30:14Z</time><extensions><gpxtpx:TrackPointExtension><gpxtpx:hr>114</gpxtpx:hr></gpxtpx:TrackPointExtension></extensions></trkpt>
    <trkpt lat="-33.2960220" lon="151.3723002"><ele>312.2</ele><time>2020-02-19T08:32:30Z</time><extensions><gpxtpx:TrackPointExtension><gpxtpx:hr>105</gpxtpx:hr></gpxtpx:TrackPointExtension></extensions></trkpt>
    <trkpt lat="-33.2960020" lon="151.3721825"><ele>312.2</ele><time>2020-02-19T08:33:39Z</time><extensions><gpxtpx:TrackPointExtension><gpxtpx:hr>104</gpxtpx:hr></gpxtpx:TrackPointExtension></extensions></trkpt>
    <trkpt lat="-33.2961357" lon="151.3726580"><ele>313.0</ele><time>2020-02-19T08:33:51Z</time><extensions><gpxtpx:TrackPointExtension><gpxtpx:hr>104</gpxtpx:hr></gpxtpx:TrackPointExtension></extensions></trkpt>
    <trkpt lat="-33.2963649" lon="151.3731656"><ele>318.0</ele><time>2020-02-19T08:34:06Z</time><extensions><gpxtpx:TrackPointExtension><gpxtpx:hr>126</gpxtpx:hr></gpxtpx:TrackPointExtension></extensions></trkpt>
    <trkpt lat="-33.2964121" lon="151.3733631"><ele>321.4</ele><time>2020-02-19T08:34:10Z</time><extensions><gpxtpx:TrackPointExtension><gpxtpx:hr>135</gpxtpx:hr></gpxtpx:TrackPointExtension></extensions></trkpt>
    <trkpt lat="-33.2961711" lon="151.3738069"><ele>320.1</ele><time>2020-02-19T08:34:24Z</time><extensions><gpxtpx:TrackPointExtension><gpxtpx:hr>147</gpxtpx:hr></gpxtpx:TrackPointExtension></extensions></trkpt>
    <trkpt lat="-33.2959599" lon="151.3746355"><ele>309.1</ele><time>2020-02-19T08:34:46Z</time><extensions><gpxtpx:TrackPointExtension><gpxtpx:hr>147</gpxtpx:hr></gpxtpx:TrackPointExtension></extensions></trkpt>
    <trkpt lat="-33.2958429" lon="151.3746734"><ele>302.8</ele><time>2020-02-19T08:34:55Z</time><extensions><gpxtpx:TrackPointExtension><gpxtpx:hr>145</gpxtpx:hr></gpxtpx:TrackPointExtension></extensions></trkpt>
    <trkpt lat="-33.2955217" lon="151.3749283"><ele>289.8</ele><time>2020-02-19T08:35:08Z</time><extensions><gpxtpx:TrackPointExtension><gpxtpx:hr>137</gpxtpx:hr></gpxtpx:TrackPointExtension></extensions></trkpt>
    <trkpt lat="-33.2954153" lon="151.3750796"><ele>284.3</ele><time>2020-02-19T08:35:13Z</time><extensions><gpxtpx:TrackPointExtension><gpxtpx:hr>140</gpxtpx:hr></gpxtpx:TrackPointExtension></extensions></trkpt>
    <trkpt lat="-33.2949149" lon="151.3753850"><ele>272.5</ele><time>2020-02-19T08:35:33Z</time><extensions><gpxtpx:TrackPointExtension><gpxtpx:hr>140</gpxtpx:hr></gpxtpx:TrackPointExtension></extensions></trkpt>
    <trkpt lat="-33.2946810" lon="151.3756127"><ele>261.5</ele><time>2020-02-19T08:35:49Z</time><extensions><gpxtpx:TrackPointExtension><gpxtpx:hr>136</gpxtpx:hr></gpxtpx:TrackPointExtension></extensions></trkpt>
    <trkpt lat="-33.2946051" lon="151.3756130"><ele>259.8</ele><time>2020-02-19T08:36:00Z</time><extensions><gpxtpx:TrackPointExtension><gpxtpx:hr>139</gpxtpx:hr></gpxtpx:TrackPointExtension></extensions></trkpt>
    <trkpt lat="-33.2945033" lon="151.3757101"><ele>257.2</ele><time>2020-02-19T08:36:49Z</time><extensions><gpxtpx:TrackPointExtension><gpxtpx:hr>121</gpxtpx:hr></gpxtpx:TrackPointExtension></extensions></trkpt>
    <trkpt lat="-33.2943183" lon="151.3757224"><ele>250.7</ele><time>2020-02-19T08:37:11Z</time><extensions><gpxtpx:TrackPointExtension><gpxtpx:hr>121</gpxtpx:hr></gpxtpx:TrackPointExtension></extensions></trkpt>
    <trkpt lat="-33.2935422" lon="151.3762320"><ele>220.6</ele><time>2020-02-19T08:38:01Z</time><extensions><gpxtpx:TrackPointExtension><gpxtpx:hr>116</gpxtpx:hr></gpxtpx:TrackPointExtension></extensions></trkpt>
    <trkpt lat="-33.2933002" lon="151.3762910"><ele>219.5</ele><time>2020-02-19T08:38:43Z</time><extensions><gpxtpx:TrackPointExtension><gpxtpx:hr>123</gpxtpx:hr></gpxtpx:TrackPointExtension></extensions></trkpt>
    <trkpt lat="-33.2933564" lon="151.3763329"><ele>219.4</ele><time>2020-02-19T08:39:01Z</time><extensions><gpxtpx:TrackPointExtension><gpxtpx:hr>119</gpxtpx:hr></gpxtpx:TrackPointExtension></extensions></trkpt>
    <trkpt lat="-33.2933039" lon="151.3762798"><ele>219.0</ele><time>2020-02-19T08:39:28Z</time><extensions><gpxtpx:TrackPointExtension><gpxtpx:hr>115</gpxtpx:hr></gpxtpx:TrackPointExtension></extensions></trkpt>
    <trkpt lat="-33.2933438" lon="151.3762833"><ele>218.8</ele><time>2020-02-19T08:39:33Z</time><extensions><gpxtpx:TrackPointExtension><gpxtpx:hr>115</gpxtpx:hr></gpxtpx:TrackPointExtension></extensions></trkpt>
    <trkpt lat="-33.2932653" lon="151.3765385"><ele>216.0</ele><time>2020-02-19T08:39:42Z</time><extensions><gpxtpx:TrackPointExtension><gpxtpx:hr>114</gpxtpx:hr></gpxtpx:TrackPointExtension></extensions></trkpt>
    <trkpt lat="-33.2930408" lon="151.3767448"><ele>211.4</ele><time>2020-02-19T08:39:50Z</time><extensions><gpxtpx:TrackPointExtension><gpxtpx:hr>121</gpxtpx:hr></gpxtpx:TrackPointExtension></extensions></trkpt>
    <trkpt lat="-33.2929277" lon="151.3768109"><ele>208.6</ele><time>2020-02-19T08:39:55Z</time><extensions><gpxtpx:TrackPointExtension><gpxtpx:hr>133</gpxtpx:hr></gpxtpx:TrackPointExtension></extensions></trkpt>
    <trkpt lat="-33.2927344" lon="151.3768223"><ele>205.8</ele><time>2020-02-19T08:40:01Z</time><extensions><gpxtpx:TrackPointExtension><gpxtpx:hr>133</gpxtpx:hr></gpxtpx:TrackPointExtension></extensions></trkpt>
    <trkpt lat="-33.2924687" lon="151.3769919"><ele>203.5</ele><time>2020-02-19T08:40:29Z</time><extensions><gpxtpx:TrackPointExtension><gpxtpx:hr>129</gpxtpx:hr></gpxtpx:TrackPointExtension></extensions></trkpt>
    <trkpt lat="-33.2924763" lon="151.3769254"><ele>203.1</ele><time>2020-02-19T08:40:43Z</time><extensions><gpxtpx:TrackPointExtension><gpxtpx:hr>124</gpxtpx:hr></gpxtpx:TrackPointExtension></extensions></trkpt>
    <trkpt lat="-33.2924680" lon="151.3769724"><ele>202.6</ele><time>2020-02-19T08:40:52Z</time><extensions><gpxtpx:TrackPointExtension><gpxtpx:hr>122</gpxtpx:hr></gpxtpx:TrackPointExtension></extensions></trkpt>
    <trkpt lat="-33.2924305" lon="151.3769174"><ele>202.4</ele><time>2020-02-19T08:41:02Z</time><extensions><gpxtpx:TrackPointExtension><gpxtpx:hr>120</gpxtpx:hr></gpxtpx:TrackPointExtension></extensions></trkpt>
    <trkpt lat="-33.2924299" lon="151.3769605"><ele>202.2</ele><time>2020-02-19T08:41:07Z</time><extensions><gpxtpx:TrackPointExtension><gpxtpx:hr>118</gpxtpx:hr></gpxtpx:TrackPointExtension></extensions></trkpt>
    <trkpt lat="-33.2924724" lon="151.3770309"><ele>202.1</ele><time>2020-02-19T08:41:15Z</time><extensions><gpxtpx:TrackPointExtension><gpxtpx:hr>118</gpxtpx:hr></gpxtpx:TrackPointExtension></extensions></trkpt>
    <trkpt lat="-33.2925171" lon="151.3769626"><ele>201.6</ele><time>2020-02-19T08:41:27Z</time><extensions><gpxtpx:TrackPointExtension><gpxtpx:hr>115</gpxtpx:hr></gpxtpx:TrackPointExtension></extensions></trkpt>
    <trkpt lat="-33.2924186" lon="151.3770301"><ele>201.4</ele><time>2020-02-19T08:41:38Z</time><extensions><gpxtpx:TrackPointExtension><gpxtpx:hr>113</gpxtpx:hr></gpxtpx:TrackPointExtension></extensions></trkpt>
    <trkpt lat="-33.2923938" lon="151.3769915"><ele>201.4</ele><time>2020-02-19T08:41:46Z</time><extensions><gpxtpx:TrackPointExtension><gpxtpx:hr>111</gpxtpx:hr></gpxtpx:TrackPointExtension></extensions></trkpt>
    <trkpt lat="-33.2924075" lon="151.3768130"><ele>201.6</ele><time>2020-02-19T08:42:02Z</time><extensions><gpxtpx:TrackPointExtension><gpxtpx:hr>113</gpxtpx:hr></gpxtpx:TrackPointExtension></extensions></trkpt>
    <trkpt lat="-33.2924892" lon="151.3767560"><ele>201.4</ele><time>2020-02-19T08:42:21Z</time><extensions><gpxtpx:TrackPointExtension><gpxtpx:hr>107</gpxtpx:hr></gpxtpx:TrackPointExtension></extensions></trkpt>
    <trkpt lat="-33.2924777" lon="151.3767556"><ele>201.4</ele><time>2020-02-19T08:42:22Z</time><extensions><gpxtpx:TrackPointExtension><gpxtpx:hr>110</gpxtpx:hr></gpxtpx:TrackPointExtension></extensions></trkpt>
    <trkpt lat="-33.2924944" lon="151.3768584"><ele>201.2</ele><time>2020-02-19T08:42:36Z</time><extensions><gpxtpx:TrackPointExtension><gpxtpx:hr>115</gpxtpx:hr></gpxtpx:TrackPointExtension></extensions></trkpt>
    <trkpt lat="-33.2929599" lon="151.3768455"><ele>206.9</ele><time>2020-02-19T08:42:54Z</time><extensions><gpxtpx:TrackPointExtension><gpxtpx:hr>120</gpxtpx:hr></gpxtpx:TrackPointExtension></extensions></trkpt>
    <trkpt lat="-33.2931494" lon="151.3767851"><ele>210.9</ele><time>2020-02-19T08:43:00Z</time><extensions><gpxtpx:TrackPointExtension><gpxtpx:hr>139</gpxtpx:hr></gpxtpx:TrackPointExtension></extensions></trkpt>
    <trkpt lat="-33.2932457" lon="151.3767175"><ele>213.0</ele><time>2020-02-19T08:43:04Z</time><extensions><gpxtpx:TrackPointExtension><gpxtpx:hr>143</gpxtpx:hr></gpxtpx:TrackPointExtension></extensions></trkpt>
    <trkpt lat="-33.2934002" lon="151.3764117"><ele>218.7</ele><time>2020-02-19T08:43:14Z</time><extensions><gpxtpx:TrackPointExtension><gpxtpx:hr>138</gpxtpx:hr></gpxtpx:TrackPointExtension></extensions></trkpt>
    <trkpt lat="-33.2935934" lon="151.3761982"><ele>222.4</ele><time>2020-02-19T08:43:25Z</time><extensions><gpxtpx:TrackPointExtension><gpxtpx:hr>134</gpxtpx:hr></gpxtpx:TrackPointExtension></extensions></trkpt>
    <trkpt lat="-33.2939348" lon="151.3760422"><ele>230.7</ele><time>2020-02-19T08:43:42Z</time><extensions><gpxtpx:TrackPointExtension><gpxtpx:hr>130</gpxtpx:hr></gpxtpx:TrackPointExtension></extensions></trkpt>
    <trkpt lat="-33.2943092" lon="151.3756738"><ele>246.2</ele><time>2020-02-19T08:44:00Z</time><extensions><gpxtpx:TrackPointExtension><gpxtpx:hr>118</gpxtpx:hr></gpxtpx:TrackPointExtension></extensions></trkpt>
    <trkpt lat="-33.2946147" lon="151.3756765"><ele>256.8</ele><time>2020-02-19T08:44:13Z</time><extensions><gpxtpx:TrackPointExtension><gpxtpx:hr>115</gpxtpx:hr></gpxtpx:TrackPointExtension></extensions></trkpt>
    <trkpt lat="-33.2946979" lon="151.3755205"><ele>263.0</ele><time>2020-02-19T08:44:20Z</time><extensions><gpxtpx:TrackPointExtension><gpxtpx:hr>112</gpxtpx:hr></gpxtpx:TrackPointExtension></extensions></trkpt>
    <trkpt lat="-33.2949271" lon="151.3754119"><ele>268.3</ele><time>2020-02-19T08:44:30Z</time><extensions><gpxtpx:TrackPointExtension><gpxtpx:hr>98</gpxtpx:hr></gpxtpx:TrackPointExtension></extensions></trkpt>
    <trkpt lat="-33.2952910" lon="151.3750648"><ele>278.4</ele><time>2020-02-19T08:44:59Z</time><extensions><gpxtpx:TrackPointExtension><gpxtpx:hr>101</gpxtpx:hr></gpxtpx:TrackPointExtension></extensions></trkpt>
    <trkpt lat="-33.2951196" lon="151.3746407"><ele>275.0</ele><time>2020-02-19T08:45:12Z</time><extensions><gpxtpx:TrackPointExtension><gpxtpx:hr>97</gpxtpx:hr></gpxtpx:TrackPointExtension></extensions></trkpt>
    <trkpt lat="-33.2950781" lon="151.3741515"><ele>267.5</ele><time>2020-02-19T08:45:18Z</time><extensions><gpxtpx:TrackPointExtension><gpxtpx:hr>98</gpxtpx:hr></gpxtpx:TrackPointExtension></extensions></trkpt>
    <trkpt lat="-33.2949571" lon="151.3737967"><ele>267.1</ele><time>2020-02-19T08:45:24Z</time><extensions><gpxtpx:TrackPointExtension><gpxtpx:hr>110</gpxtpx:hr></gpxtpx:TrackPointExtension></extensions></trkpt>
    <trkpt lat="-33.2950079" lon="151.3733530"><ele>264.0</ele><time>2020-02-19T08:45:30Z</time><extensions><gpxtpx:TrackPointExtension><gpxtpx:hr>123</gpxtpx:hr></gpxtpx:TrackPointExtension></extensions></trkpt>
    <trkpt lat="-33.2949866" lon="151.3728798"><ele>267.4</ele><time>2020-02-19T08:45:43Z</time><extensions><gpxtpx:TrackPointExtension><gpxtpx:hr>132</gpxtpx:hr></gpxtpx:TrackPointExtension></extensions></trkpt>
    <trkpt lat="-33.2951791" lon="151.3724365"><ele>275.6</ele><time>2020-02-19T08:45:57Z</time><extensions><gpxtpx:TrackPointExtension><gpxtpx:hr>133</gpxtpx:hr></gpxtpx:TrackPointExtension></extensions></trkpt>
    <trkpt lat="-33.2954236" lon="151.3722742"><ele>286.3</ele><time>2020-02-19T08:46:06Z</time><extensions><gpxtpx:TrackPointExtension><gpxtpx:hr>129</gpxtpx:hr></gpxtpx:TrackPointExtension></extensions></trkpt>
    <trkpt lat="-33.2954561" lon="151.3723437"><ele>289.4</ele><time>2020-02-19T08:46:30Z</time><extensions><gpxtpx:TrackPointExtension><gpxtpx:hr>130</gpxtpx:hr></gpxtpx:TrackPointExtension></extensions></trkpt>
    <trkpt lat="-33.2953932" lon="151.3722815"><ele>288.6</ele><time>2020-02-19T08:47:04Z</time><extensions><gpxtpx:TrackPointExtension><gpxtpx:hr>118</gpxtpx:hr></gpxtpx:TrackPointExtension></extensions></trkpt>
    <trkpt lat="-33.2951394" lon="151.3723812"><ele>282.8</ele><time>2020-02-19T08:47:14Z</time><extensions><gpxtpx:TrackPointExtension><gpxtpx:hr>115</gpxtpx:hr></gpxtpx:TrackPointExtension></extensions></trkpt>
    <trkpt lat="-33.2949222" lon="151.3727040"><ele>269.7</ele><time>2020-02-19T08:47:32Z</time><extensions><gpxtpx:TrackPointExtension><gpxtpx:hr>119</gpxtpx:hr></gpxtpx:TrackPointExtension></extensions></trkpt>
    <trkpt lat="-33.2951024" lon="151.3724750"><ele>271.1</ele><time>2020-02-19T08:47:41Z</time><extensions><gpxtpx:TrackPointExtension><gpxtpx:hr>114</gpxtpx:hr></gpxtpx:TrackPointExtension></extensions></trkpt>
    <trkpt lat="-33.2953226" lon="151.3723183"><ele>278.4</ele><time>2020-02-19T08:47:47Z</time><extensions><gpxtpx:TrackPointExtension><gpxtpx:hr>110</gpxtpx:hr></gpxtpx:TrackPointExtension></extensions></trkpt>
    <trkpt lat="-33.2957906" lon="151.3722318"><ele>299.2</ele><time>2020-02-19T08:48:00Z</time><extensions><gpxtpx:TrackPointExtension><gpxtpx:hr>121</gpxtpx:hr></gpxtpx:TrackPointExtension></extensions></trkpt>
    <trkpt lat="-33.2960513" lon="151.3722691"><ele>310.9</ele><time>2020-02-19T08:48:09Z</time><extensions><gpxtpx:TrackPointExtension><gpxtpx:hr>128</gpxtpx:hr></gpxtpx:TrackPointExtension></extensions></trkpt>
    <trkpt lat="-33.2959704" lon="151.3722841"><ele>310.6</ele><time>2020-02-19T08:49:19Z</time><extensions><gpxtpx:TrackPointExtension><gpxtpx:hr>120</gpxtpx:hr></gpxtpx:TrackPointExtension></extensions></trkpt>
    <trkpt lat="-33.2959429" lon="151.3722422"><ele>310.1</ele><time>2020-02-19T08:49:51Z</time><extensions><gpxtpx:TrackPointExtension><gpxtpx:hr>117</gpxtpx:hr></gpxtpx:TrackPointExtension></extensions></trkpt>
    <trkpt lat="-33.2960023" lon="151.3722124"><ele>310.1</ele><time>2020-02-19T08:50:00Z</time><extensions><gpxtpx:TrackPointExtension><gpxtpx:hr>112</gpxtpx:hr></gpxtpx:TrackPointExtension></extensions></trkpt>
    <trkpt lat="-33.2962634" lon="151.3727335"><ele>311.6</ele><time>2020-02-19T08:50:10Z</time><extensions><gpxtpx:TrackPointExtension><gpxtpx:hr>118</gpxtpx:hr></gpxtpx:TrackPointExtension></extensions></trkpt>
    <trkpt lat="-33.2965745" lon="151.3731870"><ele>314.5</ele><time>2020-02-19T08:50:15Z</time><extensions><gpxtpx:TrackPointExtension><gpxtpx:hr>119</gpxtpx:hr></gpxtpx:TrackPointExtension></extensions></trkpt>
    <trkpt lat="-33.2970064" lon="151.3736989"><ele>316.6</ele><time>2020-02-19T08:50:22Z</time><extensions><gpxtpx:TrackPointExtension><gpxtpx:hr>117</gpxtpx:hr></gpxtpx:TrackPointExtension></extensions></trkpt>
    <trkpt lat="-33.2972954" lon="151.3739345"><ele>317.8</ele><time>2020-02-19T08:50:31Z</time><extensions><gpxtpx:TrackPointExtension><gpxtpx:hr>117</gpxtpx:hr></gpxtpx:TrackPointExtension></extensions></trkpt>
    <trkpt lat="-33.2977145" lon="151.3740239"><ele>320.0</ele><time>2020-02-19T08:50:39Z</time><extensions><gpxtpx:TrackPointExtension><gpxtpx:hr>114</gpxtpx:hr></gpxtpx:TrackPointExtension></extensions></trkpt>
    <trkpt lat="-33.2980668" lon="151.3739588"><ele>322.8</ele><time>2020-02-19T08:50:44Z</time><extensions><gpxtpx:TrackPointExtension><gpxtpx:hr>118</gpxtpx:hr></gpxtpx:TrackPointExtension></extensions></trkpt>
    <trkpt lat="-33.2985196" lon="151.3737882"><ele>323.9</ele><time>2020-02-19T08:50:49Z</time><extensions><gpxtpx:TrackPointExtension><gpxtpx:hr>133</gpxtpx:hr></gpxtpx:TrackPointExtension></extensions></trkpt>
    <trkpt lat="-33.2991714" lon="151.3734070"><ele>323.8</ele><time>2020-02-19T08:50:57Z</time><extensions><gpxtpx:TrackPointExtension><gpxtpx:hr>128</gpxtpx:hr></gpxtpx:TrackPointExtension></extensions></trkpt>
    <trkpt lat="-33.2993337" lon="151.3734276"><ele>323.7</ele><time>2020-02-19T08:50:59Z</time><extensions><gpxtpx:TrackPointExtension><gpxtpx:hr>127</gpxtpx:hr></gpxtpx:TrackPointExtension></extensions></trkpt>
    <trkpt lat="-33.2994798" lon="151.3735455"><ele>323.5</ele><time>2020-02-19T08:51:01Z</time><extensions><gpxtpx:TrackPointExtension><gpxtpx:hr>127</gpxtpx:hr></gpxtpx:TrackPointExtension></extensions></trkpt>
    <trkpt lat="-33.2998989" lon="151.3740788"><ele>323.1</ele><time>2020-02-19T08:51:09Z</time><extensions><gpxtpx:TrackPointExtension><gpxtpx:hr>126</gpxtpx:hr></gpxtpx:TrackPointExtension></extensions></trkpt>
    <trkpt lat="-33.2999588" lon="151.3740927"><ele>324.3</ele><time>2020-02-19T08:51:13Z</time><extensions><gpxtpx:TrackPointExtension><gpxtpx:hr>126</gpxtpx:hr></gpxtpx:TrackPointExtension></extensions></trkpt>
    <trkpt lat="-33.2997809" lon="151.3739766"><ele>323.6</ele><time>2020-02-19T08:51:46Z</time><extensions><gpxtpx:TrackPointExtension><gpxtpx:hr>113</gpxtpx:hr></gpxtpx:TrackPointExtension></extensions></trkpt>
    <trkpt lat="-33.2994018" lon="151.3734037"><ele>324.1</ele><time>2020-02-19T08:51:56Z</time><extensions><gpxtpx:TrackPointExtension><gpxtpx:hr>115</gpxtpx:hr></gpxtpx:TrackPointExtension></extensions></trkpt>
    <trkpt lat="-33.2992704" lon="151.3733203"><ele>324.4</ele><time>2020-02-19T08:51:58Z</time><extensions><gpxtpx:TrackPointExtension><gpxtpx:hr>113</gpxtpx:hr></gpxtpx:TrackPointExtension></extensions></trkpt>
    <trkpt lat="-33.2991046" lon="151.3733522"><ele>324.8</ele><time>2020-02-19T08:52:01Z</time><extensions><gpxtpx:TrackPointExtension><gpxtpx:hr>113</gpxtpx:hr></gpxtpx:TrackPointExtension></extensions></trkpt>
    <trkpt lat="-33.2987360" lon="151.3736239"><ele>324.3</ele><time>2020-02-19T08:52:28Z</time><extensions><gpxtpx:TrackPointExtension><gpxtpx:hr>110</gpxtpx:hr></gpxtpx:TrackPointExtension></extensions></trkpt>
    <trkpt lat="-33.2988133" lon="151.3736185"><ele>324.9</ele><time>2020-02-19T08:52:47Z</time><extensions><gpxtpx:TrackPointExtension><gpxtpx:hr>108</gpxtpx:hr></gpxtpx:TrackPointExtension></extensions></trkpt>
    <trkpt lat="-33.2987804" lon="151.3735984"><ele>325.6</ele><time>2020-02-19T08:53:05Z</time><extensions><gpxtpx:TrackPointExtension><gpxtpx:hr>111</gpxtpx:hr></gpxtpx:TrackPointExtension></extensions></trkpt>
    <trkpt lat="-33.2988298" lon="151.3736889"><ele>324.8</ele><time>2020-02-19T08:53:33Z</time><extensions><gpxtpx:TrackPointExtension><gpxtpx:hr>113</gpxtpx:hr></gpxtpx:TrackPointExtension></extensions></trkpt>
    <trkpt lat="-33.2987796" lon="151.3737194"><ele>325.7</ele><time>2020-02-19T08:53:48Z</time><extensions><gpxtpx:TrackPointExtension><gpxtpx:hr>118</gpxtpx:hr></gpxtpx:TrackPointExtension></extensions></trkpt>
    <trkpt lat="-33.2988045" lon="151.3737255"><ele>325.6</ele><time>2020-02-19T08:53:54Z</time><extensions><gpxtpx:TrackPointExtension><gpxtpx:hr>121</gpxtpx:hr></gpxtpx:TrackPointExtension></extensions></trkpt>
    <trkpt lat="-33.2987115" lon="151.3736514"><ele>322.1</ele><time>2020-02-19T08:54:40Z</time><extensions><gpxtpx:TrackPointExtension><gpxtpx:hr>124</gpxtpx:hr></gpxtpx:TrackPointExtension></extensions></trkpt>
    <trkpt lat="-33.2990111" lon="151.3734145"><ele>323.1</ele><time>2020-02-19T08:55:01Z</time><extensions><gpxtpx:TrackPointExtension><gpxtpx:hr>125</gpxtpx:hr></gpxtpx:TrackPointExtension></extensions></trkpt>
    <trkpt lat="-33.2992660" lon="151.3733047"><ele>323.0</ele><time>2020-02-19T08:55:21Z</time><extensions><gpxtpx:TrackPointExtension><gpxtpx:hr>130</gpxtpx:hr></gpxtpx:TrackPointExtension></extensions></trkpt>
    <trkpt lat="-33.2993332" lon="151.3733213"><ele>322.6</ele><time>2020-02-19T08:55:28Z</time><extensions><gpxtpx:TrackPointExtension><gpxtpx:hr>132</gpxtpx:hr></gpxtpx:TrackPointExtension></extensions></trkpt>
    <trkpt lat="-33.2991271" lon="151.3733119"><ele>322.7</ele><time>2020-02-19T08:55:35Z</time><extensions><gpxtpx:TrackPointExtension><gpxtpx:hr>129</gpxtpx:hr></gpxtpx:TrackPointExtension></extensions></trkpt>
    <trkpt lat="-33.2990343" lon="151.3733664"><ele>323.2</ele><time>2020-02-19T08:55:42Z</time><extensions><gpxtpx:TrackPointExtension><gpxtpx:hr>124</gpxtpx:hr></gpxtpx:TrackPointExtension></extensions></trkpt>
    <trkpt lat="-33.2990880" lon="151.3735663"><ele>327.9</ele><time>2020-02-19T08:55:52Z</time><extensions><gpxtpx:TrackPointExtension><gpxtpx:hr>124</gpxtpx:hr></gpxtpx:TrackPointExtension></extensions></trkpt>
    <trkpt lat="-33.2990238" lon="151.3736136"><ele>330.1</ele><time>2020-02-19T08:56:17Z</time><extensions><gpxtpx:TrackPointExtension><gpxtpx:hr>118</gpxtpx:hr></gpxtpx:TrackPointExtension></extensions></trkpt>
    <trkpt lat="-33.2991221" lon="151.3735233"><ele>328.0</ele><time>2020-02-19T08:57:37Z</time><extensions><gpxtpx:TrackPointExtension><gpxtpx:hr>110</gpxtpx:hr></gpxtpx:TrackPointExtension></extensions></trkpt>
    <trkpt lat="-33.2990566" lon="151.3735081"><ele>324.9</ele><time>2020-02-19T08:57:53Z</time><extensions><gpxtpx:TrackPointExtension><gpxtpx:hr>111</gpxtpx:hr></gpxtpx:TrackPointExtension></extensions></trkpt>
    <trkpt lat="-33.2990327" lon="151.3734085"><ele>321.4</ele><time>2020-02-19T08:58:04Z</time><extensions><gpxtpx:TrackPointExtension><gpxtpx:hr>115</gpxtpx:hr></gpxtpx:TrackPointExtension></extensions></trkpt>
    <trkpt lat="-33.2984380" lon="151.3738142"><ele>322.5</ele><time>2020-02-19T08:58:17Z</time><extensions><gpxtpx:TrackPointExtension><gpxtpx:hr>118</gpxtpx:hr></gpxtpx:TrackPointExtension></extensions></trkpt>
    <trkpt lat="-33.2980066" lon="151.3740038"><ele>322.6</ele><time>2020-02-19T08:58:25Z</time><extensions><gpxtpx:TrackPointExtension><gpxtpx:hr>119</gpxtpx:hr></gpxtpx:TrackPointExtension></extensions></trkpt>
    <trkpt lat="-33.2977261" lon="151.3740614"><ele>321.6</ele><time>2020-02-19T08:58:31Z</time><extensions><gpxtpx:TrackPointExtension><gpxtpx:hr>121</gpxtpx:hr></gpxtpx:TrackPointExtension></extensions></trkpt>
    <trkpt lat="-33.2974707" lon="151.3740277"><ele>318.3</ele><time>2020-02-19T08:58:36Z</time><extensions><gpxtpx:TrackPointExtension><gpxtpx:hr>120</gpxtpx:hr></gpxtpx:TrackPointExtension></extensions></trkpt>
    <trkpt lat="-33.2971126" lon="151.3738437"><ele>315.3</ele><time>2020-02-19T08:58:44Z</time><extensions><gpxtpx:TrackPointExtension><gpxtpx:hr>115</gpxtpx:hr></gpxtpx:TrackPointExtension></extensions></trkpt>
    <trkpt lat="-33.2965031" lon="151.3731020"><ele>312.8</ele><time>2020-02-19T08:59:01Z</time><extensions><gpxtpx:TrackPointExtension><gpxtpx:hr>122</gpxtpx:hr></gpxtpx:TrackPointExtension></extensions></trkpt>
    <trkpt lat="-33.2963626" lon="151.3730118"><ele>312.6</ele><time>2020-02-19T08:59:06Z</time><extensions><gpxtpx:TrackPointExtension><gpxtpx:hr>121</gpxtpx:hr></gpxtpx:TrackPointExtension></extensions></trkpt>
    <trkpt lat="-33.2963477" lon="151.3730537"><ele>312.7</ele><time>2020-02-19T08:59:08Z</time><extensions><gpxtpx:TrackPointExtension><gpxtpx:hr>121</gpxtpx:hr></gpxtpx:TrackPointExtension></extensions></trkpt>
    <trkpt lat="-33.2970687" lon="151.3739995"><ele>319.2</ele><time>2020-02-19T08:59:27Z</time><extensions><gpxtpx:TrackPointExtension><gpxtpx:hr>120</gpxtpx:hr></gpxtpx:TrackPointExtension></extensions></trkpt>
    <trkpt lat="-33.2973255" lon="151.3741939"><ele>321.1</ele><time>2020-02-19T08:59:32Z</time><extensions><gpxtpx:TrackPointExtension><gpxtpx:hr>119</gpxtpx:hr></gpxtpx:TrackPointExtension></extensions></trkpt>
    <trkpt lat="-33.2976214" lon="151.3742749"><ele>324.0</ele><time>2020-02-19T08:59:38Z</time><extensions><gpxtpx:TrackPointExtension><gpxtpx:hr>117</gpxtpx:hr></gpxtpx:TrackPointExtension></extensions></trkpt>
    <trkpt lat="-33.2978415" lon="151.3742421"><ele>327.2</ele><time>2020-02-19T08:59:42Z</time><extensions><gpxtpx:TrackPointExtension><gpxtpx:hr>117</gpxtpx:hr></gpxtpx:TrackPointExtension></extensions></trkpt>
    <trkpt lat="-33.2982484" lon="151.3741066"><ele>330.4</ele><time>2020-02-19T08:59:48Z</time><extensions><gpxtpx:TrackPointExtension><gpxtpx:hr>115</gpxtpx:hr></gpxtpx:TrackPointExtension></extensions></trkpt>
    <trkpt lat="-33.2989830" lon="151.3737449"><ele>332.4</ele><time>2020-02-19T08:59:58Z</time><extensions><gpxtpx:TrackPointExtension><gpxtpx:hr>114</gpxtpx:hr></gpxtpx:TrackPointExtension></extensions></trkpt>
    <trkpt lat="-33.2991905" lon="151.3737323"><ele>332.7</ele><time>2020-02-19T09:00:01Z</time><extensions><gpxtpx:TrackPointExtension><gpxtpx:hr>113</gpxtpx:hr></gpxtpx:TrackPointExtension></extensions></trkpt>
    <trkpt lat="-33.2996726" lon="151.3742334"><ele>332.8</ele><time>2020-02-19T09:00:09Z</time><extensions><gpxtpx:TrackPointExtension><gpxtpx:hr>114</gpxtpx:hr></gpxtpx:TrackPointExtension></extensions></trkpt>
    <trkpt lat="-33.3000351" lon="151.3745031"><ele>333.3</ele><time>2020-02-19T09:00:16Z</time><extensions><gpxtpx:TrackPointExtension><gpxtpx:hr>115</gpxtpx:hr></gpxtpx:TrackPointExtension></extensions></trkpt>
    <trkpt lat="-33.3007010" lon="151.3741458"><ele>326.8</ele><time>2020-02-19T09:00:33Z</time><extensions><gpxtpx:TrackPointExtension><gpxtpx:hr>113</gpxtpx:hr></gpxtpx:TrackPointExtension></extensions></trkpt>
    <trkpt lat="-33.3009864" lon="151.3740847"><ele>325.7</ele><time>2020-02-19T09:00:37Z</time><extensions><gpxtpx:TrackPointExtension><gpxtpx:hr>113</gpxtpx:hr></gpxtpx:TrackPointExtension></extensions></trkpt>
    <trkpt lat="-33.3015406" lon="151.3740815"><ele>324.1</ele><time>2020-02-19T09:00:43Z</time><extensions><gpxtpx:TrackPointExtension><gpxtpx:hr>112</gpxtpx:hr></gpxtpx:TrackPointExtension></extensions></trkpt>
    <trkpt lat="-33.3021687" lon="151.3742377"><ele>323.2</ele><time>2020-02-19T09:00:50Z</time><extensions><gpxtpx:TrackPointExtension><gpxtpx:hr>112</gpxtpx:hr></gpxtpx:TrackPointExtension></extensions></trkpt>
    <trkpt lat="-33.3025222" lon="151.3741015"><ele>323.0</ele><time>2020-02-19T09:00:55Z</time><extensions><gpxtpx:TrackPointExtension><gpxtpx:hr>112</gpxtpx:hr></gpxtpx:TrackPointExtension></extensions></trkpt>
    <trkpt lat="-33.3033129" lon="151.3729996"><ele>322.0</ele><time>2020-02-19T09:01:11Z</time><extensions><gpxtpx:TrackPointExtension><gpxtpx:hr>108</gpxtpx:hr></gpxtpx:TrackPointExtension></extensions></trkpt>
    <trkpt lat="-33.3036461" lon="151.3723562"><ele>322.3</ele><time>2020-02-19T09:01:18Z</time><extensions><gpxtpx:TrackPointExtension><gpxtpx:hr>108</gpxtpx:hr></gpxtpx:TrackPointExtension></extensions></trkpt>
    <trkpt lat="-33.3040842" lon="151.3718302"><ele>322.8</ele><time>2020-02-19T09:01:26Z</time><extensions><gpxtpx:TrackPointExtension><gpxtpx:hr>106</gpxtpx:hr></gpxtpx:TrackPointExtension></extensions></trkpt>
    <trkpt lat="-33.3041458" lon="151.3716650"><ele>323.0</ele><time>2020-02-19T09:01:28Z</time><extensions><gpxtpx:TrackPointExtension><gpxtpx:hr>107</gpxtpx:hr></gpxtpx:TrackPointExtension></extensions></trkpt>
    <trkpt lat="-33.3040948" lon="151.3710578"><ele>326.6</ele><time>2020-02-19T09:01:38Z</time><extensions><gpxtpx:TrackPointExtension><gpxtpx:hr>119</gpxtpx:hr></gpxtpx:TrackPointExtension></extensions></trkpt>
    <trkpt lat="-33.3041635" lon="151.3709075"><ele>327.7</ele><time>2020-02-19T09:01:41Z</time><extensions><gpxtpx:TrackPointExtension><gpxtpx:hr>122</gpxtpx:hr></gpxtpx:TrackPointExtension></extensions></trkpt>
    <trkpt lat="-33.3043267" lon="151.3708149"><ele>329.6</ele><time>2020-02-19T09:01:45Z</time><extensions><gpxtpx:TrackPointExtension><gpxtpx:hr>128</gpxtpx:hr></gpxtpx:TrackPointExtension></extensions></trkpt>
    <trkpt lat="-33.3049355" lon="151.3709226"><ele>337.6</ele><time>2020-02-19T09:01:57Z</time><extensions><gpxtpx:TrackPointExtension><gpxtpx:hr>136</gpxtpx:hr></gpxtpx:TrackPointExtension></extensions></trkpt>
    <trkpt lat="-33.3054641" lon="151.3711450"><ele>344.0</ele><time>2020-02-19T09:02:07Z</time><extensions><gpxtpx:TrackPointExtension><gpxtpx:hr>137</gpxtpx:hr></gpxtpx:TrackPointExtension></extensions></trkpt>
    <trkpt lat="-33.3056705" lon="151.3713014"><ele>348.0</ele><time>2020-02-19T09:02:11Z</time><extensions><gpxtpx:TrackPointExtension><gpxtpx:hr>137</gpxtpx:hr></gpxtpx:TrackPointExtension></extensions></trkpt>
    <trkpt lat="-33.3059798" lon="151.3717655"><ele>352.6</ele><time>2020-02-19T09:02:21Z</time><extensions><gpxtpx:TrackPointExtension><gpxtpx:hr>129</gpxtpx:hr></gpxtpx:TrackPointExtension></extensions></trkpt>
    <trkpt lat="-33.3061089" lon="151.3718797"><ele>353.2</ele><time>2020-02-19T09:02:24Z</time><extensions><gpxtpx:TrackPointExtension><gpxtpx:hr>125</gpxtpx:hr></gpxtpx:TrackPointExtension></extensions></trkpt>
    <trkpt lat="-33.3067668" lon="151.3721302"><ele>352.2</ele><time>2020-02-19T09:02:36Z</time><extensions><gpxtpx:TrackPointExtension><gpxtpx:hr>109</gpxtpx:hr></gpxtpx:TrackPointExtension></extensions></trkpt>
    <trkpt lat="-33.3074732" lon="151.3723084"><ele>352.8</ele><time>2020-02-19T09:02:45Z</time><extensions><gpxtpx:TrackPointExtension><gpxtpx:hr>107</gpxtpx:hr></gpxtpx:TrackPointExtension></extensions></trkpt>
    <trkpt lat="-33.3080431" lon="151.3723603"><ele>348.6</ele><time>2020-02-19T09:02:55Z</time><extensions><gpxtpx:TrackPointExtension><gpxtpx:hr>107</gpxtpx:hr></gpxtpx:TrackPointExtension></extensions></trkpt>
    <trkpt lat="-33.3087625" lon="151.3725720"><ele>346.2</ele><time>2020-02-19T09:03:08Z</time><extensions><gpxtpx:TrackPointExtension><gpxtpx:hr>107</gpxtpx:hr></gpxtpx:TrackPointExtension></extensions></trkpt>
    <trkpt lat="-33.3102819" lon="151.3727060"><ele>360.7</ele><time>2020-02-19T09:03:33Z</time><extensions><gpxtpx:TrackPointExtension><gpxtpx:hr>105</gpxtpx:hr></gpxtpx:TrackPointExtension></extensions></trkpt>
    <trkpt lat="-33.3108063" lon="151.3731988"><ele>361.8</ele><time>2020-02-19T09:03:48Z</time><extensions><gpxtpx:TrackPointExtension><gpxtpx:hr>108</gpxtpx:hr></gpxtpx:TrackPointExtension></extensions></trkpt>
    <trkpt lat="-33.3110881" lon="151.3733936"><ele>355.9</ele><time>2020-02-19T09:03:54Z</time><extensions><gpxtpx:TrackPointExtension><gpxtpx:hr>106</gpxtpx:hr></gpxtpx:TrackPointExtension></extensions></trkpt>
    <trkpt lat="-33.3113481" lon="151.3735009"><ele>350.8</ele><time>2020-02-19T09:04:06Z</time><extensions><gpxtpx:TrackPointExtension><gpxtpx:hr>105</gpxtpx:hr></gpxtpx:TrackPointExtension></extensions></trkpt>
    <trkpt lat="-33.3114346" lon="151.3734782"><ele>349.5</ele><time>2020-02-19T09:04:18Z</time><extensions><gpxtpx:TrackPointExtension><gpxtpx:hr>109</gpxtpx:hr></gpxtpx:TrackPointExtension></extensions></trkpt>
    <trkpt lat="-33.3119828" lon="151.3736107"><ele>345.4</ele><time>2020-02-19T09:04:36Z</time><extensions><gpxtpx:TrackPointExtension><gpxtpx:hr>107</gpxtpx:hr></gpxtpx:TrackPointExtension></extensions></trkpt>
    <trkpt lat="-33.3128467" lon="151.3734230"><ele>333.3</ele><time>2020-02-19T09:05:01Z</time><extensions><gpxtpx:TrackPointExtension><gpxtpx:hr>113</gpxtpx:hr></gpxtpx:TrackPointExtension></extensions></trkpt>
    <trkpt lat="-33.3145163" lon="151.3726626"><ele>316.1</ele><time>2020-02-19T09:05:29Z</time><extensions><gpxtpx:TrackPointExtension><gpxtpx:hr>108</gpxtpx:hr></gpxtpx:TrackPointExtension></extensions></trkpt>
    <trkpt lat="-33.3155624" lon="151.3724003"><ele>310.6</ele><time>2020-02-19T09:06:23Z</time><extensions><gpxtpx:TrackPointExtension><gpxtpx:hr>101</gpxtpx:hr></gpxtpx:TrackPointExtension></extensions></trkpt>
    <trkpt lat="-33.3162945" lon="151.3722902"><ele>320.1</ele><time>2020-02-19T09:06:36Z</time><extensions><gpxtpx:TrackPointExtension><gpxtpx:hr>112</gpxtpx:hr></gpxtpx:TrackPointExtension></extensions></trkpt>
    <trkpt lat="-33.3169927" lon="151.3725030"><ele>323.5</ele><time>2020-02-19T09:06:46Z</time><extensions><gpxtpx:TrackPointExtension><gpxtpx:hr>112</gpxtpx:hr></gpxtpx:TrackPointExtension></extensions></trkpt>
    <trkpt lat="-33.3180299" lon="151.3725104"><ele>318.5</ele><time>2020-02-19T09:06:59Z</time><extensions><gpxtpx:TrackPointExtension><gpxtpx:hr>112</gpxtpx:hr></gpxtpx:TrackPointExtension></extensions></trkpt>
    <trkpt lat="-33.3183421" lon="151.3724096"><ele>315.1</ele><time>2020-02-19T09:07:04Z</time><extensions><gpxtpx:TrackPointExtension><gpxtpx:hr>107</gpxtpx:hr></gpxtpx:TrackPointExtension></extensions></trkpt>
    <trkpt lat="-33.3196279" lon="151.3715870"><ele>306.2</ele><time>2020-02-19T09:07:34Z</time><extensions><gpxtpx:TrackPointExtension><gpxtpx:hr>107</gpxtpx:hr></gpxtpx:TrackPointExtension></extensions></trkpt>
    <trkpt lat="-33.3199671" lon="151.3715214"><ele>305.0</ele><time>2020-02-19T09:07:42Z</time><extensions><gpxtpx:TrackPointExtension><gpxtpx:hr>107</gpxtpx:hr></gpxtpx:TrackPointExtension></extensions></trkpt>
    <trkpt lat="-33.3214657" lon="151.3714912"><ele>310.0</ele><time>2020-02-19T09:08:03Z</time><extensions><gpxtpx:TrackPointExtension><gpxtpx:hr>106</gpxtpx:hr></gpxtpx:TrackPointExtension></extensions></trkpt>
    <trkpt lat="-33.3219270" lon="151.3715253"><ele>310.4</ele><time>2020-02-19T09:08:09Z</time><extensions><gpxtpx:TrackPointExtension><gpxtpx:hr>107</gpxtpx:hr></gpxtpx:TrackPointExtension></extensions></trkpt>
    <trkpt lat="-33.3229041" lon="151.3718006"><ele>306.2</ele><time>2020-02-19T09:08:24Z</time><extensions><gpxtpx:TrackPointExtension><gpxtpx:hr>107</gpxtpx:hr></gpxtpx:TrackPointExtension></extensions></trkpt>
    <trkpt lat="-33.3235714" lon="151.3718681"><ele>300.0</ele><time>2020-02-19T09:08:32Z</time><extensions><gpxtpx:TrackPointExtension><gpxtpx:hr>108</gpxtpx:hr></gpxtpx:TrackPointExtension></extensions></trkpt>
    <trkpt lat="-33.3240461" lon="151.3719731"><ele>297.8</ele><time>2020-02-19T09:08:38Z</time><extensions><gpxtpx:TrackPointExtension><gpxtpx:hr>107</gpxtpx:hr></gpxtpx:TrackPointExtension></extensions></trkpt>
    <trkpt lat="-33.3246629" lon="151.3722192"><ele>293.2</ele><time>2020-02-19T09:08:55Z</time><extensions><gpxtpx:TrackPointExtension><gpxtpx:hr>108</gpxtpx:hr></gpxtpx:TrackPointExtension></extensions></trkpt>
    <trkpt lat="-33.3249318" lon="151.3725922"><ele>293.3</ele><time>2020-02-19T09:09:02Z</time><extensions><gpxtpx:TrackPointExtension><gpxtpx:hr>107</gpxtpx:hr></gpxtpx:TrackPointExtension></extensions></trkpt>
    <trkpt lat="-33.3250847" lon="151.3730407"><ele>293.1</ele><time>2020-02-19T09:09:06Z</time><extensions><gpxtpx:TrackPointExtension><gpxtpx:hr>108</gpxtpx:hr></gpxtpx:TrackPointExtension></extensions></trkpt>
    <trkpt lat="-33.3251684" lon="151.3738315"><ele>291.2</ele><time>2020-02-19T09:09:16Z</time><extensions><gpxtpx:TrackPointExtension><gpxtpx:hr>108</gpxtpx:hr></gpxtpx:TrackPointExtension></extensions></trkpt>
    <trkpt lat="-33.3252679" lon="151.3741679"><ele>290.7</ele><time>2020-02-19T09:09:22Z</time><extensions><gpxtpx:TrackPointExtension><gpxtpx:hr>113</gpxtpx:hr></gpxtpx:TrackPointExtension></extensions></trkpt>
    <trkpt lat="-33.3253654" lon="151.3743239"><ele>291.0</ele><time>2020-02-19T09:09:28Z</time><extensions><gpxtpx:TrackPointExtension><gpxtpx:hr>112</gpxtpx:hr></gpxtpx:TrackPointExtension></extensions></trkpt>
    <trkpt lat="-33.3253105" lon="151.3748575"><ele>287.0</ele><time>2020-02-19T09:09:41Z</time><extensions><gpxtpx:TrackPointExtension><gpxtpx:hr>129</gpxtpx:hr></gpxtpx:TrackPointExtension></extensions></trkpt>
    <trkpt lat="-33.3253847" lon="151.3755753"><ele>279.1</ele><time>2020-02-19T09:09:55Z</time><extensions><gpxtpx:TrackPointExtension><gpxtpx:hr>138</gpxtpx:hr></gpxtpx:TrackPointExtension></extensions></trkpt>
    <trkpt lat="-33.3253153" lon="151.3759090"><ele>272.8</ele><time>2020-02-19T09:10:14Z</time><extensions><gpxtpx:TrackPointExtension><gpxtpx:hr>125</gpxtpx:hr></gpxtpx:TrackPointExtension></extensions></trkpt>
    <trkpt lat="-33.3253987" lon="151.3760019"><ele>272.1</ele><time>2020-02-19T09:10:21Z</time><extensions><gpxtpx:TrackPointExtension><gpxtpx:hr>104</gpxtpx:hr></gpxtpx:TrackPointExtension></extensions></trkpt>
    <trkpt lat="-33.3254752" lon="151.3762708"><ele>268.8</ele><time>2020-02-19T09:10:31Z</time><extensions><gpxtpx:TrackPointExtension><gpxtpx:hr>105</gpxtpx:hr></gpxtpx:TrackPointExtension></extensions></trkpt>
    <trkpt lat="-33.3254292" lon="151.3765922"><ele>260.3</ele><time>2020-02-19T09:10:52Z</time><extensions><gpxtpx:TrackPointExtension><gpxtpx:hr>107</gpxtpx:hr></gpxtpx:TrackPointExtension></extensions></trkpt>
    <trkpt lat="-33.3255680" lon="151.3769408"><ele>253.4</ele><time>2020-02-19T09:11:04Z</time><extensions><gpxtpx:TrackPointExtension><gpxtpx:hr>110</gpxtpx:hr></gpxtpx:TrackPointExtension></extensions></trkpt>
    <trkpt lat="-33.3256808" lon="151.3774769"><ele>247.8</ele><time>2020-02-19T09:11:16Z</time><extensions><gpxtpx:TrackPointExtension><gpxtpx:hr>108</gpxtpx:hr></gpxtpx:TrackPointExtension></extensions></trkpt>
    <trkpt lat="-33.3258118" lon="151.3776959"><ele>246.2</ele><time>2020-02-19T09:11:24Z</time><extensions><gpxtpx:TrackPointExtension><gpxtpx:hr>109</gpxtpx:hr></gpxtpx:TrackPointExtension></extensions></trkpt>
    <trkpt lat="-33.3261031" lon="151.3779838"><ele>238.9</ele><time>2020-02-19T09:11:45Z</time><extensions><gpxtpx:TrackPointExtension><gpxtpx:hr>108</gpxtpx:hr></gpxtpx:TrackPointExtension></extensions></trkpt>
    <trkpt lat="-33.3263420" lon="151.3779022"><ele>232.0</ele><time>2020-02-19T09:12:05Z</time><extensions><gpxtpx:TrackPointExtension><gpxtpx:hr>116</gpxtpx:hr></gpxtpx:TrackPointExtension></extensions></trkpt>
    <trkpt lat="-33.3265873" lon="151.3779740"><ele>225.0</ele><time>2020-02-19T09:12:24Z</time><extensions><gpxtpx:TrackPointExtension><gpxtpx:hr>114</gpxtpx:hr></gpxtpx:TrackPointExtension></extensions></trkpt>
    <trkpt lat="-33.3268040" lon="151.3783866"><ele>219.8</ele><time>2020-02-19T09:12:38Z</time><extensions><gpxtpx:TrackPointExtension><gpxtpx:hr>126</gpxtpx:hr></gpxtpx:TrackPointExtension></extensions></trkpt>
    <trkpt lat="-33.3268183" lon="151.3787472"><ele>219.5</ele><time>2020-02-19T09:12:45Z</time><extensions><gpxtpx:TrackPointExtension><gpxtpx:hr>132</gpxtpx:hr></gpxtpx:TrackPointExtension></extensions></trkpt>
    <trkpt lat="-33.3268712" lon="151.3788702"><ele>219.3</ele><time>2020-02-19T09:12:47Z</time><extensions><gpxtpx:TrackPointExtension><gpxtpx:hr>130</gpxtpx:hr></gpxtpx:TrackPointExtension></extensions></trkpt>
    <trkpt lat="-33.3276582" lon="151.3798020"><ele>215.4</ele><time>2020-02-19T09:13:07Z</time><extensions><gpxtpx:TrackPointExtension><gpxtpx:hr>122</gpxtpx:hr></gpxtpx:TrackPointExtension></extensions></trkpt>
    <trkpt lat="-33.3278267" lon="151.3800633"><ele>214.8</ele><time>2020-02-19T09:13:12Z</time><extensions><gpxtpx:TrackPointExtension><gpxtpx:hr>125</gpxtpx:hr></gpxtpx:TrackPointExtension></extensions></trkpt>
    <trkpt lat="-33.3284012" lon="151.3815133"><ele>209.5</ele><time>2020-02-19T09:13:36Z</time><extensions><gpxtpx:TrackPointExtension><gpxtpx:hr>118</gpxtpx:hr></gpxtpx:TrackPointExtension></extensions></trkpt>
    <trkpt lat="-33.3286310" lon="151.3819624"><ele>207.2</ele><time>2020-02-19T09:13:46Z</time><extensions><gpxtpx:TrackPointExtension><gpxtpx:hr>117</gpxtpx:hr></gpxtpx:TrackPointExtension></extensions></trkpt>
    <trkpt lat="-33.3287662" lon="151.3825635"><ele>205.9</ele><time>2020-02-19T09:13:56Z</time><extensions><gpxtpx:TrackPointExtension><gpxtpx:hr>114</gpxtpx:hr></gpxtpx:TrackPointExtension></extensions></trkpt>
    <trkpt lat="-33.3290329" lon="151.3832520"><ele>203.9</ele><time>2020-02-19T09:14:06Z</time><extensions><gpxtpx:TrackPointExtension><gpxtpx:hr>113</gpxtpx:hr></gpxtpx:TrackPointExtension></extensions></trkpt>
    <trkpt lat="-33.3296088" lon="151.3844145"><ele>195.4</ele><time>2020-02-19T09:14:26Z</time><extensions><gpxtpx:TrackPointExtension><gpxtpx:hr>110</gpxtpx:hr></gpxtpx:TrackPointExtension></extensions></trkpt>
    <trkpt lat="-33.3299251" lon="151.3847799"><ele>192.8</ele><time>2020-02-19T09:14:39Z</time><extensions><gpxtpx:TrackPointExtension><gpxtpx:hr>110</gpxtpx:hr></gpxtpx:TrackPointExtension></extensions></trkpt>
    <trkpt lat="-33.3300566" lon="151.3848472"><ele>190.0</ele><time>2020-02-19T09:14:48Z</time><extensions><gpxtpx:TrackPointExtension><gpxtpx:hr>108</gpxtpx:hr></gpxtpx:TrackPointExtension></extensions></trkpt>
    <trkpt lat="-33.3301263" lon="151.3848300"><ele>187.4</ele><time>2020-02-19T09:14:53Z</time><extensions><gpxtpx:TrackPointExtension><gpxtpx:hr>110</gpxtpx:hr></gpxtpx:TrackPointExtension></extensions></trkpt>
    <trkpt lat="-33.3301368" lon="151.3847592"><ele>183.8</ele><time>2020-02-19T09:15:09Z</time><extensions><gpxtpx:TrackPointExtension><gpxtpx:hr>112</gpxtpx:hr></gpxtpx:TrackPointExtension></extensions></trkpt>
    <trkpt lat="-33.3301830" lon="151.3847544"><ele>182.2</ele><time>2020-02-19T09:15:14Z</time><extensions><gpxtpx:TrackPointExtension><gpxtpx:hr>111</gpxtpx:hr></gpxtpx:TrackPointExtension></extensions></trkpt>
    <trkpt lat="-33.3301921" lon="151.3850141"><ele>180.8</ele><time>2020-02-19T09:15:26Z</time><extensions><gpxtpx:TrackPointExtension><gpxtpx:hr>111</gpxtpx:hr></gpxtpx:TrackPointExtension></extensions></trkpt>
    <trkpt lat="-33.3303314" lon="151.3852408"><ele>180.9</ele><time>2020-02-19T09:15:35Z</time><extensions><gpxtpx:TrackPointExtension><gpxtpx:hr>112</gpxtpx:hr></gpxtpx:TrackPointExtension></extensions></trkpt>
    <trkpt lat="-33.3302408" lon="151.3854312"><ele>182.2</ele><time>2020-02-19T09:15:45Z</time><extensions><gpxtpx:TrackPointExtension><gpxtpx:hr>114</gpxtpx:hr></gpxtpx:TrackPointExtension></extensions></trkpt>
    <trkpt lat="-33.3301265" lon="151.3855256"><ele>183.3</ele><time>2020-02-19T09:15:53Z</time><extensions><gpxtpx:TrackPointExtension><gpxtpx:hr>116</gpxtpx:hr></gpxtpx:TrackPointExtension></extensions></trkpt>
    <trkpt lat="-33.3302082" lon="151.3856381"><ele>183.4</ele><time>2020-02-19T09:16:01Z</time><extensions><gpxtpx:TrackPointExtension><gpxtpx:hr>117</gpxtpx:hr></gpxtpx:TrackPointExtension></extensions></trkpt>
    <trkpt lat="-33.3304389" lon="151.3855660"><ele>183.7</ele><time>2020-02-19T09:16:05Z</time><extensions><gpxtpx:TrackPointExtension><gpxtpx:hr>115</gpxtpx:hr></gpxtpx:TrackPointExtension></extensions></trkpt>
    <trkpt lat="-33.3311795" lon="151.3850815"><ele>184.9</ele><time>2020-02-19T09:16:11Z</time><extensions><gpxtpx:TrackPointExtension><gpxtpx:hr>114</gpxtpx:hr></gpxtpx:TrackPointExtension></extensions></trkpt>
    <trkpt lat="-33.3315080" lon="151.3847987"><ele>185.6</ele><time>2020-02-19T09:16:13Z</time><extensions><gpxtpx:TrackPointExtension><gpxtpx:hr>115</gpxtpx:hr></gpxtpx:TrackPointExtension></extensions></trkpt>
    <trkpt lat="-33.3319935" lon="151.3841969"><ele>186.3</ele><time>2020-02-19T09:16:18Z</time><extensions><gpxtpx:TrackPointExtension><gpxtpx:hr>122</gpxtpx:hr></gpxtpx:TrackPointExtension></extensions></trkpt>
    <trkpt lat="-33.3323985" lon="151.3834344"><ele>186.2</ele><time>2020-02-19T09:16:24Z</time><extensions><gpxtpx:TrackPointExtension><gpxtpx:hr>126</gpxtpx:hr></gpxtpx:TrackPointExtension></extensions></trkpt>
    <trkpt lat="-33.3333168" lon="151.3813162"><ele>185.2</ele><time>2020-02-19T09:16:42Z</time><extensions><gpxtpx:TrackPointExtension><gpxtpx:hr>121</gpxtpx:hr></gpxtpx:TrackPointExtension></extensions></trkpt>
    <trkpt lat="-33.3336231" lon="151.3807583"><ele>185.6</ele><time>2020-02-19T09:16:48Z</time><extensions><gpxtpx:TrackPointExtension><gpxtpx:hr>123</gpxtpx:hr></gpxtpx:TrackPointExtension></extensions></trkpt>
    <trkpt lat="-33.3342761" lon="151.3797839"><ele>185.9</ele><time>2020-02-19T09:17:02Z</time><extensions><gpxtpx:TrackPointExtension><gpxtpx:hr>118</gpxtpx:hr></gpxtpx:TrackPointExtension></extensions></trkpt>
    <trkpt lat="-33.3341634" lon="151.3796694"><ele>185.7</ele><time>2020-02-19T09:17:05Z</time><extensions><gpxtpx:TrackPointExtension><gpxtpx:hr>117</gpxtpx:hr></gpxtpx:TrackPointExtension></extensions></trkpt>
    <trkpt lat="-33.3337896" lon="151.3796040"><ele>185.8</ele><time>2020-02-19T09:17:10Z</time><extensions><gpxtpx:TrackPointExtension><gpxtpx:hr>119</gpxtpx:hr></gpxtpx:TrackPointExtension></extensions></trkpt>
    <trkpt lat="-33.3328111" lon="151.3792078"><ele>185.9</ele><time>2020-02-19T09:17:18Z</time><extensions><gpxtpx:TrackPointExtension><gpxtpx:hr>110</gpxtpx:hr></gpxtpx:TrackPointExtension></extensions></trkpt>
    <trkpt lat="-33.3324816" lon="151.3788430"><ele>185.5</ele><time>2020-02-19T09:17:21Z</time><extensions><gpxtpx:TrackPointExtension><gpxtpx:hr>110</gpxtpx:hr></gpxtpx:TrackPointExtension></extensions></trkpt>
    <trkpt lat="-33.3321916" lon="151.3784021"><ele>185.2</ele><time>2020-02-19T09:17:25Z</time><extensions><gpxtpx:TrackPointExtension><gpxtpx:hr>110</gpxtpx:hr></gpxtpx:TrackPointExtension></extensions></trkpt>
    <trkpt lat="-33.3319300" lon="151.3777395"><ele>184.2</ele><time>2020-02-19T09:17:31Z</time><extensions><gpxtpx:TrackPointExtension><gpxtpx:hr>108</gpxtpx:hr></gpxtpx:TrackPointExtension></extensions></trkpt>
    <trkpt lat="-33.3318736" lon="151.3776879"><ele>183.9</ele><time>2020-02-19T09:17:33Z</time><extensions><gpxtpx:TrackPointExtension><gpxtpx:hr>108</gpxtpx:hr></gpxtpx:TrackPointExtension></extensions></trkpt>
    <trkpt lat="-33.3318128" lon="151.3777038"><ele>183.2</ele><time>2020-02-19T09:17:35Z</time><extensions><gpxtpx:TrackPointExtension><gpxtpx:hr>106</gpxtpx:hr></gpxtpx:TrackPointExtension></extensions></trkpt>
    <trkpt lat="-33.3318102" lon="151.3778025"><ele>179.7</ele><time>2020-02-19T09:18:14Z</time><extensions><gpxtpx:TrackPointExtension><gpxtpx:hr>106</gpxtpx:hr></gpxtpx:TrackPointExtension></extensions></trkpt>
  </trkseg></trk>
</gpx>
