<?xml version="1.0" encoding="utf-8" standalone="yes"?>
<gpx version="1.1" creator="GPS Visualizer https://www.gpsvisualizer.com/" xmlns="http://www.topografix.com/GPX/1/1" xmlns:xsi="http://www.w3.org/2001/XMLSchema-instance" xsi:schemaLocation="http://www.topografix.com/GPX/1/1 http://www.topografix.com/GPX/1/1/gpx.xsd">
<wpt lat="-31.993648" lon="152.56944">
  <ele>12.0</ele>
</wpt>
<wpt lat="-31.993236" lon="152.569393">
  <ele>13.2</ele>
</wpt>
<wpt lat="-31.993095" lon="152.569374">
  <ele>13.6</ele>
</wpt>
<wpt lat="-31.992899" lon="152.569377">
  <ele>13.3</ele>
</wpt>
<wpt lat="-31.992662" lon="152.56941">
  <ele>12.6</ele>
</wpt>
<wpt lat="-31.992613" lon="152.569054">
  <ele>13.0</ele>
</wpt>
<wpt lat="-31.992547" lon="152.568513">
  <ele>13.0</ele>
</wpt>
<wpt lat="-31.992548" lon="152.568323">
  <ele>13.0</ele>
</wpt>
<wpt lat="-31.992565" lon="152.568231">
  <ele>13.3</ele>
</wpt>
<wpt lat="-31.992596" lon="152.568143">
  <ele>13.4</ele>
</wpt>
<wpt lat="-31.992737" lon="152.567878">
  <ele>13.2</ele>
</wpt>
<wpt lat="-31.992836" lon="152.567724">
  <ele>12.6</ele>
</wpt>
<wpt lat="-31.992259" lon="152.567281">
  <ele>17.8</ele>
</wpt>
<wpt lat="-31.992191" lon="152.567229">
  <ele>18.4</ele>
</wpt>
<wpt lat="-31.991928" lon="152.567026">
  <ele>20.4</ele>
</wpt>
<wpt lat="-31.991836" lon="152.566965">
  <ele>20.9</ele>
</wpt>
<wpt lat="-31.991584" lon="152.566756">
  <ele>22.4</ele>
</wpt>
<wpt lat="-31.991435" lon="152.566632">
  <ele>24.0</ele>
</wpt>
<wpt lat="-31.991271" lon="152.566484">
  <ele>23.7</ele>
</wpt>
<wpt lat="-31.991077" lon="152.566246">
  <ele>22.6</ele>
</wpt>
<wpt lat="-31.990946" lon="152.566058">
  <ele>22.1</ele>
</wpt>
<wpt lat="-31.990808" lon="152.565844">
  <ele>22.2</ele>
</wpt>
<wpt lat="-31.990544" lon="152.565404">
  <ele>25.5</ele>
</wpt>
<wpt lat="-31.989886" lon="152.564337">
  <ele>18.2</ele>
</wpt>
<wpt lat="-31.989599" lon="152.563881">
  <ele>17.7</ele>
</wpt>
<wpt lat="-31.989575" lon="152.563895">
  <ele>17.4</ele>
</wpt>
<wpt lat="-31.989549" lon="152.563901">
  <ele>17.1</ele>
</wpt>
<wpt lat="-31.989523" lon="152.563899">
  <ele>16.8</ele>
</wpt>
<wpt lat="-31.989498" lon="152.563889">
  <ele>16.6</ele>
</wpt>
<wpt lat="-31.989476" lon="152.563872">
  <ele>16.5</ele>
</wpt>
<wpt lat="-31.989467" lon="152.563857">
  <ele>16.5</ele>
</wpt>
<wpt lat="-31.989449" lon="152.563824">
  <ele>16.5</ele>
</wpt>
<wpt lat="-31.989444" lon="152.563797">
  <ele>16.7</ele>
</wpt>
<wpt lat="-31.989444" lon="152.56377">
  <ele>16.9</ele>
</wpt>
<wpt lat="-31.98945" lon="152.563743">
  <ele>17.1</ele>
</wpt>
<wpt lat="-31.989461" lon="152.563719">
  <ele>17.4</ele>
</wpt>
<wpt lat="-31.989476" lon="152.563699">
  <ele>17.8</ele>
</wpt>
<wpt lat="-31.989269" lon="152.563422">
  <ele>18.1</ele>
</wpt>
<wpt lat="-31.988753" lon="152.562733">
  <ele>24.1</ele>
</wpt>
<wpt lat="-31.988354" lon="152.562273">
  <ele>27.0</ele>
</wpt>
<wpt lat="-31.988082" lon="152.561972">
  <ele>28.1</ele>
</wpt>
<wpt lat="-31.987682" lon="152.561693">
  <ele>27.1</ele>
</wpt>
<wpt lat="-31.987177" lon="152.561564">
  <ele>29.1</ele>
</wpt>
<wpt lat="-31.987227" lon="152.561172">
  <ele>30.5</ele>
</wpt>
<wpt lat="-31.987268" lon="152.560851">
  <ele>31.9</ele>
</wpt>
<wpt lat="-31.987304" lon="152.559907">
  <ele>33.0</ele>
</wpt>
<wpt lat="-31.987104" lon="152.55922">
  <ele>34.4</ele>
</wpt>
<wpt lat="-31.986758" lon="152.558619">
  <ele>36.0</ele>
</wpt>
<wpt lat="-31.986358" lon="152.558233">
  <ele>37.4</ele>
</wpt>
<wpt lat="-31.985958" lon="152.557847">
  <ele>39.7</ele>
</wpt>
<wpt lat="-31.985812" lon="152.55716">
  <ele>40.1</ele>
</wpt>
<wpt lat="-31.98603" lon="152.556345">
  <ele>41.4</ele>
</wpt>
<wpt lat="-31.986194" lon="152.555958">
  <ele>43.8</ele>
</wpt>
<wpt lat="-31.986212" lon="152.555658">
  <ele>45.6</ele>
</wpt>
<wpt lat="-31.985972" lon="152.555375">
  <ele>46.3</ele>
</wpt>
<wpt lat="-31.985669" lon="152.555141">
  <ele>47.0</ele>
</wpt>
<wpt lat="-31.985386" lon="152.554451">
  <ele>48.2</ele>
</wpt>
<wpt lat="-31.985073" lon="152.553723">
  <ele>49.8</ele>
</wpt>
<wpt lat="-31.984874" lon="152.55312">
  <ele>49.8</ele>
</wpt>
<wpt lat="-31.98464" lon="152.552693">
  <ele>50.4</ele>
</wpt>
<wpt lat="-31.984631" lon="152.552334">
  <ele>51.9</ele>
</wpt>
<wpt lat="-31.984588" lon="152.55205">
  <ele>52.5</ele>
</wpt>
<wpt lat="-31.984395" lon="152.551328">
  <ele>51.8</ele>
</wpt>
<wpt lat="-31.984339" lon="152.551105">
  <ele>51.0</ele>
</wpt>
<wpt lat="-31.984188" lon="152.550494">
  <ele>47.6</ele>
</wpt>
<wpt lat="-31.983974" lon="152.549864">
  <ele>43.4</ele>
</wpt>
<wpt lat="-31.983935" lon="152.549679">
  <ele>42.8</ele>
</wpt>
<wpt lat="-31.98392" lon="152.549497">
  <ele>42.7</ele>
</wpt>
<wpt lat="-31.98321" lon="152.549078">
  <ele>45.9</ele>
</wpt>
<wpt lat="-31.982937" lon="152.548735">
  <ele>46.6</ele>
</wpt>
<wpt lat="-31.982864" lon="152.548284">
  <ele>46.7</ele>
</wpt>
<wpt lat="-31.982513" lon="152.547601">
  <ele>47.7</ele>
</wpt>
<wpt lat="-31.982445" lon="152.547469">
  <ele>47.7</ele>
</wpt>
<wpt lat="-31.981899" lon="152.54704">
  <ele>46.5</ele>
</wpt>
<wpt lat="-31.98179" lon="152.546224">
  <ele>45.0</ele>
</wpt>
<wpt lat="-31.981426" lon="152.546074">
  <ele>45.8</ele>
</wpt>
<wpt lat="-31.981026" lon="152.545752">
  <ele>46.5</ele>
</wpt>
<wpt lat="-31.980698" lon="152.545666">
  <ele>49.2</ele>
</wpt>
<wpt lat="-31.980225" lon="152.545816">
  <ele>50.1</ele>
</wpt>
<wpt lat="-31.979806" lon="152.545816">
  <ele>48.6</ele>
</wpt>
<wpt lat="-31.979388" lon="152.545838">
  <ele>47.2</ele>
</wpt>
<wpt lat="-31.978878" lon="152.545988">
  <ele>50.0</ele>
</wpt>
<wpt lat="-31.978459" lon="152.54601">
  <ele>48.3</ele>
</wpt>
<wpt lat="-31.977404" lon="152.545194">
  <ele>43.6</ele>
</wpt>
<wpt lat="-31.976421" lon="152.545066">
  <ele>47.2</ele>
</wpt>
<wpt lat="-31.97582" lon="152.544915">
  <ele>46.0</ele>
</wpt>
<wpt lat="-31.975347" lon="152.544808">
  <ele>47.0</ele>
</wpt>
<wpt lat="-31.974946" lon="152.54498">
  <ele>47.1</ele>
</wpt>
<wpt lat="-31.974819" lon="152.545087">
  <ele>47.4</ele>
</wpt>
<wpt lat="-31.974655" lon="152.545645">
  <ele>44.4</ele>
</wpt>
<wpt lat="-31.974" lon="152.54601">
  <ele>42.4</ele>
</wpt>
<wpt lat="-31.973763" lon="152.546267">
  <ele>42.4</ele>
</wpt>
<wpt lat="-31.973472" lon="152.54646">
  <ele>41.5</ele>
</wpt>
<wpt lat="-31.973021" lon="152.546379">
  <ele>44.2</ele>
</wpt>
<wpt lat="-31.972812" lon="152.546439">
  <ele>45.6</ele>
</wpt>
<wpt lat="-31.972535" lon="152.546525">
  <ele>47.3</ele>
</wpt>
<wpt lat="-31.971979" lon="152.546707">
  <ele>47.7</ele>
</wpt>
<wpt lat="-31.971611" lon="152.546787">
  <ele>47.1</ele>
</wpt>
<wpt lat="-31.971379" lon="152.54683">
  <ele>45.5</ele>
</wpt>
<wpt lat="-31.970669" lon="152.547018">
  <ele>38.8</ele>
</wpt>
<wpt lat="-31.969634" lon="152.547319">
  <ele>37.4</ele>
</wpt>
<wpt lat="-31.968238" lon="152.547582">
  <ele>34.7</ele>
</wpt>
<wpt lat="-31.968157" lon="152.54764">
  <ele>35.3</ele>
</wpt>
<wpt lat="-31.968193" lon="152.547877">
  <ele>37.2</ele>
</wpt>
<wpt lat="-31.967884" lon="152.548091">
  <ele>39.2</ele>
</wpt>
<wpt lat="-31.967665" lon="152.548112">
  <ele>38.7</ele>
</wpt>
<wpt lat="-31.967483" lon="152.547769">
  <ele>36.8</ele>
</wpt>
<wpt lat="-31.967137" lon="152.547705">
  <ele>33.9</ele>
</wpt>
<wpt lat="-31.96721" lon="152.547447">
  <ele>32.9</ele>
</wpt>
<wpt lat="-31.966882" lon="152.547254">
  <ele>30.8</ele>
</wpt>
<wpt lat="-31.966882" lon="152.546954">
  <ele>30.0</ele>
</wpt>
<wpt lat="-31.966791" lon="152.546653">
  <ele>27.5</ele>
</wpt>
<wpt lat="-31.966573" lon="152.546482">
  <ele>26.6</ele>
</wpt>
<wpt lat="-31.966555" lon="152.545967">
  <ele>26.9</ele>
</wpt>
<wpt lat="-31.966355" lon="152.545581">
  <ele>28.8</ele>
</wpt>
<wpt lat="-31.966009" lon="152.545602">
  <ele>27.5</ele>
</wpt>
<wpt lat="-31.965827" lon="152.54543">
  <ele>27.9</ele>
</wpt>
<wpt lat="-31.965772" lon="152.545194">
  <ele>29.3</ele>
</wpt>
<wpt lat="-31.965481" lon="152.545044">
  <ele>28.6</ele>
</wpt>
<wpt lat="-31.965189" lon="152.544958">
  <ele>27.7</ele>
</wpt>
<wpt lat="-31.965096" lon="152.544854">
  <ele>27.3</ele>
</wpt>
<wpt lat="-31.964934" lon="152.544693">
  <ele>26.7</ele>
</wpt>
<wpt lat="-31.964862" lon="152.544615">
  <ele>26.3</ele>
</wpt>
<wpt lat="-31.96448" lon="152.544143">
  <ele>29.7</ele>
</wpt>
<wpt lat="-31.963314" lon="152.542383">
  <ele>35.9</ele>
</wpt>
<wpt lat="-31.963023" lon="152.541997">
  <ele>38.5</ele>
</wpt>
<wpt lat="-31.962732" lon="152.541718">
  <ele>37.7</ele>
</wpt>
<wpt lat="-31.962459" lon="152.541246">
  <ele>37.5</ele>
</wpt>
<wpt lat="-31.962077" lon="152.540795">
  <ele>40.2</ele>
</wpt>
<wpt lat="-31.961803" lon="152.540431">
  <ele>40.5</ele>
</wpt>
<wpt lat="-31.961658" lon="152.540087">
  <ele>40.7</ele>
</wpt>
<wpt lat="-31.961476" lon="152.539787">
  <ele>42.0</ele>
</wpt>
<wpt lat="-31.961348" lon="152.539422">
  <ele>42.9</ele>
</wpt>
<wpt lat="-31.96133" lon="152.539015">
  <ele>44.4</ele>
</wpt>
<wpt lat="-31.961039" lon="152.538392">
  <ele>46.0</ele>
</wpt>
<wpt lat="-31.960948" lon="152.538221">
  <ele>46.0</ele>
</wpt>
<wpt lat="-31.960748" lon="152.538092">
  <ele>45.1</ele>
</wpt>
<wpt lat="-31.96062" lon="152.537813">
  <ele>48.0</ele>
</wpt>
<wpt lat="-31.960475" lon="152.537577">
  <ele>48.1</ele>
</wpt>
<wpt lat="-31.960456" lon="152.537019">
  <ele>51.5</ele>
</wpt>
<wpt lat="-31.960329" lon="152.53674">
  <ele>50.7</ele>
</wpt>
<wpt lat="-31.960165" lon="152.536354">
  <ele>51.6</ele>
</wpt>
<wpt lat="-31.959819" lon="152.535667">
  <ele>49.6</ele>
</wpt>
<wpt lat="-31.959528" lon="152.535152">
  <ele>46.3</ele>
</wpt>
<wpt lat="-31.959328" lon="152.534787">
  <ele>43.4</ele>
</wpt>
<wpt lat="-31.959325" lon="152.534303">
  <ele>37.3</ele>
</wpt>
<wpt lat="-31.959128" lon="152.534326">
  <ele>34.2</ele>
</wpt>
<wpt lat="-31.958648" lon="152.534362">
  <ele>28.0</ele>
</wpt>
<wpt lat="-31.958418" lon="152.534412">
  <ele>25.0</ele>
</wpt>
<wpt lat="-31.958031" lon="152.534522">
  <ele>21.7</ele>
</wpt>
<wpt lat="-31.957481" lon="152.534631">
  <ele>21.7</ele>
</wpt>
<wpt lat="-31.957272" lon="152.534708">
  <ele>22.7</ele>
</wpt>
<wpt lat="-31.957205" lon="152.534748">
  <ele>23.1</ele>
</wpt>
<wpt lat="-31.957134" lon="152.5348">
  <ele>23.3</ele>
</wpt>
<wpt lat="-31.956804" lon="152.534803">
  <ele>20.3</ele>
</wpt>
<wpt lat="-31.956566" lon="152.534812">
  <ele>14.5</ele>
</wpt>
<wpt lat="-31.95646" lon="152.534556">
  <ele>10.7</ele>
</wpt>
<wpt lat="-31.956207" lon="152.53388">
  <ele>7.3</ele>
</wpt>
<wpt lat="-31.955946" lon="152.533151">
  <ele>4.5</ele>
</wpt>
<wpt lat="-31.955644" lon="152.532278">
  <ele>8.5</ele>
</wpt>
<wpt lat="-31.955513" lon="152.531907">
  <ele>10.6</ele>
</wpt>
<wpt lat="-31.955415" lon="152.531609">
  <ele>12.1</ele>
</wpt>
<wpt lat="-31.955378" lon="152.531494">
  <ele>12.0</ele>
</wpt>
<wpt lat="-31.955334" lon="152.531327">
  <ele>11.5</ele>
</wpt>
<wpt lat="-31.95522" lon="152.530879">
  <ele>8.6</ele>
</wpt>
<wpt lat="-31.95505" lon="152.530064">
  <ele>5.6</ele>
</wpt>
<wpt lat="-31.954962" lon="152.529636">
  <ele>8.3</ele>
</wpt>
<wpt lat="-31.954848" lon="152.529152">
  <ele>9.6</ele>
</wpt>
<wpt lat="-31.954735" lon="152.528678">
  <ele>13.6</ele>
</wpt>
<wpt lat="-31.954565" lon="152.528078">
  <ele>14.8</ele>
</wpt>
<wpt lat="-31.954452" lon="152.527791">
  <ele>15.9</ele>
</wpt>
<wpt lat="-31.954166" lon="152.527191">
  <ele>14.8</ele>
</wpt>
<wpt lat="-31.953926" lon="152.526784">
  <ele>9.7</ele>
</wpt>
<wpt lat="-31.953652" lon="152.52638">
  <ele>9.1</ele>
</wpt>
<wpt lat="-31.95333" lon="152.525916">
  <ele>13.0</ele>
</wpt>
<wpt lat="-31.953128" lon="152.52564">
  <ele>13.0</ele>
</wpt>
<wpt lat="-31.952911" lon="152.525356">
  <ele>12.9</ele>
</wpt>
<wpt lat="-31.95263" lon="152.524967">
  <ele>13.7</ele>
</wpt>
<wpt lat="-31.952413" lon="152.524696">
  <ele>14.3</ele>
</wpt>
<wpt lat="-31.952221" lon="152.524449">
  <ele>14.9</ele>
</wpt>
<wpt lat="-31.952196" lon="152.524414">
  <ele>14.5</ele>
</wpt>
<wpt lat="-31.951902" lon="152.524051">
  <ele>12.9</ele>
</wpt>
<wpt lat="-31.951833" lon="152.523956">
  <ele>13.7</ele>
</wpt>
<wpt lat="-31.951565" lon="152.52361">
  <ele>16.8</ele>
</wpt>
<wpt lat="-31.951375" lon="152.523373">
  <ele>16.1</ele>
</wpt>
<wpt lat="-31.951181" lon="152.523124">
  <ele>15.9</ele>
</wpt>
<wpt lat="-31.950806" lon="152.522643">
  <ele>17.5</ele>
</wpt>
<wpt lat="-31.950693" lon="152.522485">
  <ele>18.1</ele>
</wpt>
<wpt lat="-31.950573" lon="152.522314">
  <ele>16.1</ele>
</wpt>
<wpt lat="-31.95048" lon="152.522166">
  <ele>16.1</ele>
</wpt>
<wpt lat="-31.950406" lon="152.522044">
  <ele>16.5</ele>
</wpt>
<wpt lat="-31.95028" lon="152.52179">
  <ele>15.6</ele>
</wpt>
<wpt lat="-31.950211" lon="152.521648">
  <ele>15.6</ele>
</wpt>
<wpt lat="-31.950113" lon="152.52138">
  <ele>14.2</ele>
</wpt>
<wpt lat="-31.95006" lon="152.521228">
  <ele>14.0</ele>
</wpt>
<wpt lat="-31.950022" lon="152.521107">
  <ele>13.8</ele>
</wpt>
<wpt lat="-31.950008" lon="152.52105">
  <ele>13.9</ele>
</wpt>
<wpt lat="-31.949966" lon="152.520852">
  <ele>13.6</ele>
</wpt>
<wpt lat="-31.949913" lon="152.520555">
  <ele>11.0</ele>
</wpt>
<wpt lat="-31.94965" lon="152.51905">
  <ele>14.2</ele>
</wpt>
<wpt lat="-31.949596" lon="152.518703">
  <ele>14.5</ele>
</wpt>
<wpt lat="-31.949511" lon="152.518265">
  <ele>14.8</ele>
</wpt>
<wpt lat="-31.949377" lon="152.517539">
  <ele>21.3</ele>
</wpt>
<wpt lat="-31.949333" lon="152.517275">
  <ele>21.2</ele>
</wpt>
<wpt lat="-31.949135" lon="152.515961">
  <ele>13.7</ele>
</wpt>
<wpt lat="-31.948847" lon="152.513977">
  <ele>8.6</ele>
</wpt>
<wpt lat="-31.948658" lon="152.512656">
  <ele>10.0</ele>
</wpt>
<wpt lat="-31.948587" lon="152.512233">
  <ele>10.6</ele>
</wpt>
<wpt lat="-31.948408" lon="152.511245">
  <ele>13.9</ele>
</wpt>
<wpt lat="-31.948259" lon="152.51045">
  <ele>12.5</ele>
</wpt>
<wpt lat="-31.948109" lon="152.509643">
  <ele>15.7</ele>
</wpt>
<wpt lat="-31.94801" lon="152.509012">
  <ele>18.7</ele>
</wpt>
<wpt lat="-31.947916" lon="152.508386">
  <ele>17.4</ele>
</wpt>
<wpt lat="-31.947909" lon="152.508207">
  <ele>17.5</ele>
</wpt>
<wpt lat="-31.947852" lon="152.506847">
  <ele>19.9</ele>
</wpt>
<wpt lat="-31.947837" lon="152.506654">
  <ele>19.7</ele>
</wpt>
<wpt lat="-31.947816" lon="152.506409">
  <ele>20.2</ele>
</wpt>
<wpt lat="-31.9478" lon="152.506286">
  <ele>20.1</ele>
</wpt>
<wpt lat="-31.947784" lon="152.506166">
  <ele>20.0</ele>
</wpt>
<wpt lat="-31.947771" lon="152.506085">
  <ele>19.7</ele>
</wpt>
<wpt lat="-31.947551" lon="152.505244">
  <ele>12.1</ele>
</wpt>
<wpt lat="-31.947451" lon="152.504785">
  <ele>11.3</ele>
</wpt>
<wpt lat="-31.947422" lon="152.504619">
  <ele>11.7</ele>
</wpt>
<wpt lat="-31.947409" lon="152.504492">
  <ele>11.9</ele>
</wpt>
<wpt lat="-31.947318" lon="152.503498">
  <ele>19.0</ele>
</wpt>
<wpt lat="-31.947309" lon="152.503341">
  <ele>20.0</ele>
</wpt>
<wpt lat="-31.947257" lon="152.502754">
  <ele>23.9</ele>
</wpt>
<wpt lat="-31.947236" lon="152.502471">
  <ele>23.7</ele>
</wpt>
<wpt lat="-31.947217" lon="152.502152">
  <ele>21.6</ele>
</wpt>
<wpt lat="-31.947213" lon="152.502024">
  <ele>20.7</ele>
</wpt>
<wpt lat="-31.947208" lon="152.501821">
  <ele>20.2</ele>
</wpt>
<wpt lat="-31.947203" lon="152.501503">
  <ele>21.5</ele>
</wpt>
<wpt lat="-31.947185" lon="152.500546">
  <ele>26.1</ele>
</wpt>
<wpt lat="-31.947191" lon="152.499747">
  <ele>16.5</ele>
</wpt>
<wpt lat="-31.947197" lon="152.499032">
  <ele>13.5</ele>
</wpt>
<wpt lat="-31.947202" lon="152.498795">
  <ele>12.9</ele>
</wpt>
<wpt lat="-31.947129" lon="152.497534">
  <ele>12.5</ele>
</wpt>
<wpt lat="-31.946963" lon="152.496855">
  <ele>11.9</ele>
</wpt>
<wpt lat="-31.946793" lon="152.49621">
  <ele>13.9</ele>
</wpt>
<wpt lat="-31.946479" lon="152.49513">
  <ele>14.6</ele>
</wpt>
<wpt lat="-31.946298" lon="152.49447">
  <ele>11.7</ele>
</wpt>
<wpt lat="-31.945827" lon="152.492729">
  <ele>12.0</ele>
</wpt>
<wpt lat="-31.945675" lon="152.492174">
  <ele>10.7</ele>
</wpt>
<wpt lat="-31.945224" lon="152.490504">
  <ele>9.8</ele>
</wpt>
<wpt lat="-31.945026" lon="152.489745">
  <ele>9.1</ele>
</wpt>
<wpt lat="-31.944825" lon="152.488932">
  <ele>11.4</ele>
</wpt>
<wpt lat="-31.944686" lon="152.488249">
  <ele>11.5</ele>
</wpt>
<wpt lat="-31.944604" lon="152.487783">
  <ele>9.6</ele>
</wpt>
<wpt lat="-31.944519" lon="152.487263">
  <ele>9.4</ele>
</wpt>
<wpt lat="-31.944401" lon="152.486539">
  <ele>9.9</ele>
</wpt>
<wpt lat="-31.944281" lon="152.48585">
  <ele>8.0</ele>
</wpt>
<wpt lat="-31.944069" lon="152.48455">
  <ele>8.7</ele>
</wpt>
<wpt lat="-31.943492" lon="152.480846">
  <ele>20.3</ele>
</wpt>
<wpt lat="-31.943404" lon="152.480301">
  <ele>20.6</ele>
</wpt>
<wpt lat="-31.943336" lon="152.479839">
  <ele>16.4</ele>
</wpt>
<wpt lat="-31.943298" lon="152.479588">
  <ele>15.9</ele>
</wpt>
<wpt lat="-31.943132" lon="152.47849">
  <ele>19.0</ele>
</wpt>
<wpt lat="-31.94275" lon="152.477396">
  <ele>20.1</ele>
</wpt>
<wpt lat="-31.942263" lon="152.476559">
  <ele>27.5</ele>
</wpt>
<wpt lat="-31.942031" lon="152.475786">
  <ele>18.1</ele>
</wpt>
<wpt lat="-31.942036" lon="152.475689">
  <ele>17.1</ele>
</wpt>
<wpt lat="-31.942035" lon="152.475615">
  <ele>16.3</ele>
</wpt>
<wpt lat="-31.942003" lon="152.475433">
  <ele>15.1</ele>
</wpt>
<wpt lat="-31.941975" lon="152.47533">
  <ele>14.5</ele>
</wpt>
<wpt lat="-31.941869" lon="152.475128">
  <ele>13.7</ele>
</wpt>
<wpt lat="-31.941741" lon="152.474988">
  <ele>13.3</ele>
</wpt>
<wpt lat="-31.941645" lon="152.474913">
  <ele>13.3</ele>
</wpt>
<wpt lat="-31.941508" lon="152.474849">
  <ele>13.2</ele>
</wpt>
<wpt lat="-31.941279" lon="152.474798">
  <ele>13.1</ele>
</wpt>
<wpt lat="-31.941155" lon="152.474802">
  <ele>13.2</ele>
</wpt>
<wpt lat="-31.940987" lon="152.474729">
  <ele>13.5</ele>
</wpt>
<wpt lat="-31.94081" lon="152.474618">
  <ele>13.8</ele>
</wpt>
<wpt lat="-31.940671" lon="152.474506">
  <ele>14.4</ele>
</wpt>
<wpt lat="-31.94053" lon="152.474358">
  <ele>15.2</ele>
</wpt>
<wpt lat="-31.940387" lon="152.474108">
  <ele>15.6</ele>
</wpt>
<wpt lat="-31.940233" lon="152.47378">
  <ele>16.3</ele>
</wpt>
<wpt lat="-31.940135" lon="152.473525">
  <ele>16.6</ele>
</wpt>
<wpt lat="-31.940048" lon="152.473171">
  <ele>14.8</ele>
</wpt>
<wpt lat="-31.939962" lon="152.472828">
  <ele>13.6</ele>
</wpt>
<wpt lat="-31.939912" lon="152.472589">
  <ele>13.7</ele>
</wpt>
<wpt lat="-31.939873" lon="152.472232">
  <ele>15.9</ele>
</wpt>
<wpt lat="-31.939859" lon="152.471942">
  <ele>17.5</ele>
</wpt>
<wpt lat="-31.939893" lon="152.4719">
  <ele>18.2</ele>
</wpt>
<wpt lat="-31.939918" lon="152.471832">
  <ele>19.4</ele>
</wpt>
<wpt lat="-31.939921" lon="152.471746">
  <ele>20.7</ele>
</wpt>
<wpt lat="-31.939899" lon="152.471677">
  <ele>21.4</ele>
</wpt>
<wpt lat="-31.939859" lon="152.47162">
  <ele>21.6</ele>
</wpt>
<wpt lat="-31.939805" lon="152.471583">
  <ele>21.3</ele>
</wpt>
<wpt lat="-31.939677" lon="152.471201">
  <ele>22.2</ele>
</wpt>
<wpt lat="-31.93935" lon="152.468903">
  <ele>19.4</ele>
</wpt>
<wpt lat="-31.939303" lon="152.468484">
  <ele>17.7</ele>
</wpt>
<wpt lat="-31.939304" lon="152.468264">
  <ele>18.1</ele>
</wpt>
<wpt lat="-31.939341" lon="152.468152">
  <ele>18.2</ele>
</wpt>
<wpt lat="-31.939376" lon="152.468134">
  <ele>18.2</ele>
</wpt>
<wpt lat="-31.939407" lon="152.468106">
  <ele>18.1</ele>
</wpt>
<wpt lat="-31.939436" lon="152.468059">
  <ele>18.0</ele>
</wpt>
<wpt lat="-31.939453" lon="152.468004">
  <ele>18.2</ele>
</wpt>
<wpt lat="-31.939455" lon="152.467946">
  <ele>18.4</ele>
</wpt>
<wpt lat="-31.939443" lon="152.467889">
  <ele>18.6</ele>
</wpt>
<wpt lat="-31.939415" lon="152.467837">
  <ele>18.9</ele>
</wpt>
<wpt lat="-31.939482" lon="152.467489">
  <ele>20.0</ele>
</wpt>
<wpt lat="-31.939628" lon="152.46701">
  <ele>23.0</ele>
</wpt>
<wpt lat="-31.939685" lon="152.466777">
  <ele>24.4</ele>
</wpt>
<wpt lat="-31.93973" lon="152.466538">
  <ele>25.1</ele>
</wpt>
<wpt lat="-31.939748" lon="152.466338">
  <ele>25.3</ele>
</wpt>
<wpt lat="-31.939744" lon="152.466111">
  <ele>25.2</ele>
</wpt>
<wpt lat="-31.93972" lon="152.465911">
  <ele>24.2</ele>
</wpt>
<wpt lat="-31.939671" lon="152.465716">
  <ele>22.9</ele>
</wpt>
<wpt lat="-31.939597" lon="152.465508">
  <ele>21.6</ele>
</wpt>
<wpt lat="-31.938558" lon="152.462868">
  <ele>21.4</ele>
</wpt>
<wpt lat="-31.938437" lon="152.462564">
  <ele>21.3</ele>
</wpt>
<wpt lat="-31.938355" lon="152.462261">
  <ele>19.3</ele>
</wpt>
<wpt lat="-31.938314" lon="152.462121">
  <ele>18.6</ele>
</wpt>
<wpt lat="-31.938277" lon="152.461951">
  <ele>17.8</ele>
</wpt>
<wpt lat="-31.938244" lon="152.461771">
  <ele>19.4</ele>
</wpt>
<wpt lat="-31.938216" lon="152.46158">
  <ele>20.4</ele>
</wpt>
<wpt lat="-31.938173" lon="152.461247">
  <ele>19.9</ele>
</wpt>
<wpt lat="-31.938076" lon="152.460563">
  <ele>19.8</ele>
</wpt>
<wpt lat="-31.937915" lon="152.459407">
  <ele>14.5</ele>
</wpt>
<wpt lat="-31.937686" lon="152.457546">
  <ele>20.7</ele>
</wpt>
<wpt lat="-31.937619" lon="152.456947">
  <ele>22.1</ele>
</wpt>
<wpt lat="-31.937602" lon="152.456664">
  <ele>22.2</ele>
</wpt>
<wpt lat="-31.937592" lon="152.45639">
  <ele>20.3</ele>
</wpt>
<wpt lat="-31.937599" lon="152.455781">
  <ele>17.8</ele>
</wpt>
<wpt lat="-31.937607" lon="152.455396">
  <ele>19.5</ele>
</wpt>
<wpt lat="-31.93762" lon="152.455036">
  <ele>18.1</ele>
</wpt>
<wpt lat="-31.937634" lon="152.454373">
  <ele>14.5</ele>
</wpt>
<wpt lat="-31.937652" lon="152.453929">
  <ele>13.2</ele>
</wpt>
<wpt lat="-31.937663" lon="152.453257">
  <ele>11.9</ele>
</wpt>
<wpt lat="-31.93766" lon="152.452292">
  <ele>9.2</ele>
</wpt>
<wpt lat="-31.937697" lon="152.451099">
  <ele>16.1</ele>
</wpt>
<wpt lat="-31.937711" lon="152.45039">
  <ele>17.8</ele>
</wpt>
<wpt lat="-31.937723" lon="152.450176">
  <ele>18.4</ele>
</wpt>
<wpt lat="-31.93775" lon="152.449945">
  <ele>18.7</ele>
</wpt>
<wpt lat="-31.937781" lon="152.449745">
  <ele>19.0</ele>
</wpt>
<wpt lat="-31.937817" lon="152.449544">
  <ele>18.9</ele>
</wpt>
<wpt lat="-31.937945" lon="152.449174">
  <ele>17.6</ele>
</wpt>
<wpt lat="-31.937975" lon="152.449114">
  <ele>17.3</ele>
</wpt>
<wpt lat="-31.938052" lon="152.448962">
  <ele>16.5</ele>
</wpt>
<wpt lat="-31.938568" lon="152.448168">
  <ele>20.8</ele>
</wpt>
<wpt lat="-31.938737" lon="152.447929">
  <ele>20.0</ele>
</wpt>
<wpt lat="-31.94126" lon="152.444158">
  <ele>26.9</ele>
</wpt>
<wpt lat="-31.942115" lon="152.442882">
  <ele>33.5</ele>
</wpt>
<wpt lat="-31.942491" lon="152.442318">
  <ele>34.0</ele>
</wpt>
<wpt lat="-31.942651" lon="152.442109">
  <ele>34.2</ele>
</wpt>
<wpt lat="-31.943084" lon="152.441538">
  <ele>44.2</ele>
</wpt>
<wpt lat="-31.943494" lon="152.440978">
  <ele>44.0</ele>
</wpt>
<wpt lat="-31.943849" lon="152.4405">
  <ele>48.1</ele>
</wpt>
<wpt lat="-31.944076" lon="152.44016">
  <ele>48.8</ele>
</wpt>
<wpt lat="-31.944209" lon="152.439966">
  <ele>50.1</ele>
</wpt>
<wpt lat="-31.944436" lon="152.439669">
  <ele>55.4</ele>
</wpt>
<wpt lat="-31.944753" lon="152.439208">
  <ele>53.7</ele>
</wpt>
<wpt lat="-31.945089" lon="152.438766">
  <ele>54.8</ele>
</wpt>
<wpt lat="-31.945291" lon="152.438522">
  <ele>54.8</ele>
</wpt>
<wpt lat="-31.945445" lon="152.438325">
  <ele>54.6</ele>
</wpt>
<wpt lat="-31.945573" lon="152.438169">
  <ele>53.8</ele>
</wpt>
<wpt lat="-31.945947" lon="152.43769">
  <ele>50.6</ele>
</wpt>
<wpt lat="-31.946115" lon="152.437478">
  <ele>50.0</ele>
</wpt>
<wpt lat="-31.946548" lon="152.436932">
  <ele>51.6</ele>
</wpt>
<wpt lat="-31.946882" lon="152.436482">
  <ele>51.7</ele>
</wpt>
<wpt lat="-31.947287" lon="152.435896">
  <ele>54.3</ele>
</wpt>
<wpt lat="-31.947828" lon="152.43513">
  <ele>48.1</ele>
</wpt>
<wpt lat="-31.948443" lon="152.434301">
  <ele>49.4</ele>
</wpt>
<wpt lat="-31.948499" lon="152.43421">
  <ele>48.4</ele>
</wpt>
<wpt lat="-31.948807" lon="152.433621">
  <ele>50.2</ele>
</wpt>
<wpt lat="-31.949008" lon="152.433037">
  <ele>51.5</ele>
</wpt>
<wpt lat="-31.949072" lon="152.432612">
  <ele>50.2</ele>
</wpt>
<wpt lat="-31.949083" lon="152.432309">
  <ele>45.7</ele>
</wpt>
<wpt lat="-31.949053" lon="152.431727">
  <ele>39.2</ele>
</wpt>
<wpt lat="-31.949045" lon="152.43163">
  <ele>39.0</ele>
</wpt>
<wpt lat="-31.948986" lon="152.431253">
  <ele>39.9</ele>
</wpt>
<wpt lat="-31.948692" lon="152.429338">
  <ele>31.7</ele>
</wpt>
<wpt lat="-31.94839" lon="152.427363">
  <ele>32.8</ele>
</wpt>
<wpt lat="-31.948305" lon="152.426857">
  <ele>33.7</ele>
</wpt>
<wpt lat="-31.948144" lon="152.425964">
  <ele>31.1</ele>
</wpt>
<wpt lat="-31.94798" lon="152.424957">
  <ele>26.8</ele>
</wpt>
<wpt lat="-31.947864" lon="152.424365">
  <ele>23.6</ele>
</wpt>
<wpt lat="-31.947793" lon="152.424007">
  <ele>24.0</ele>
</wpt>
<wpt lat="-31.947756" lon="152.423842">
  <ele>25.0</ele>
</wpt>
<wpt lat="-31.947709" lon="152.423676">
  <ele>25.2</ele>
</wpt>
<wpt lat="-31.947614" lon="152.423428">
  <ele>25.3</ele>
</wpt>
<wpt lat="-31.947504" lon="152.423185">
  <ele>26.5</ele>
</wpt>
<wpt lat="-31.947317" lon="152.422935">
  <ele>29.2</ele>
</wpt>
<wpt lat="-31.947217" lon="152.422803">
  <ele>30.8</ele>
</wpt>
<wpt lat="-31.947116" lon="152.422668">
  <ele>31.1</ele>
</wpt>
<wpt lat="-31.946954" lon="152.42244">
  <ele>29.8</ele>
</wpt>
<wpt lat="-31.946941" lon="152.422416">
  <ele>29.6</ele>
</wpt>
<wpt lat="-31.946924" lon="152.422384">
  <ele>29.3</ele>
</wpt>
<wpt lat="-31.946874" lon="152.422276">
  <ele>27.8</ele>
</wpt>
<wpt lat="-31.946705" lon="152.421894">
  <ele>23.0</ele>
</wpt>
<wpt lat="-31.946691" lon="152.421837">
  <ele>22.8</ele>
</wpt>
<wpt lat="-31.946582" lon="152.421317">
  <ele>23.2</ele>
</wpt>
<wpt lat="-31.946572" lon="152.421271">
  <ele>23.3</ele>
</wpt>
<wpt lat="-31.946505" lon="152.420797">
  <ele>24.5</ele>
</wpt>
<wpt lat="-31.946461" lon="152.420482">
  <ele>25.3</ele>
</wpt>
<wpt lat="-31.946393" lon="152.419999">
  <ele>23.0</ele>
</wpt>
<wpt lat="-31.94633" lon="152.419557">
  <ele>19.6</ele>
</wpt>
<wpt lat="-31.946276" lon="152.419186">
  <ele>17.5</ele>
</wpt>
<wpt lat="-31.945849" lon="152.416352">
  <ele>20.2</ele>
</wpt>
<wpt lat="-31.945764" lon="152.415929">
  <ele>22.9</ele>
</wpt>
<wpt lat="-31.945751" lon="152.415859">
  <ele>23.2</ele>
</wpt>
<wpt lat="-31.945733" lon="152.415772">
  <ele>23.1</ele>
</wpt>
<wpt lat="-31.945697" lon="152.415705">
  <ele>23.3</ele>
</wpt>
<wpt lat="-31.945653" lon="152.415624">
  <ele>23.4</ele>
</wpt>
<wpt lat="-31.945445" lon="152.415278">
  <ele>22.8</ele>
</wpt>
<wpt lat="-31.945058" lon="152.414891">
  <ele>19.7</ele>
</wpt>
<wpt lat="-31.944798" lon="152.41472">
  <ele>20.9</ele>
</wpt>
<wpt lat="-31.944587" lon="152.414626">
  <ele>21.0</ele>
</wpt>
<wpt lat="-31.944356" lon="152.414555">
  <ele>19.9</ele>
</wpt>
<wpt lat="-31.94412" lon="152.414508">
  <ele>19.9</ele>
</wpt>
<wpt lat="-31.943883" lon="152.414474">
  <ele>23.1</ele>
</wpt>
<wpt lat="-31.942951" lon="152.414471">
  <ele>22.5</ele>
</wpt>
<wpt lat="-31.941976" lon="152.414464">
  <ele>18.7</ele>
</wpt>
<wpt lat="-31.941585" lon="152.41443">
  <ele>17.4</ele>
</wpt>
<wpt lat="-31.941453" lon="152.414413">
  <ele>17.9</ele>
</wpt>
<wpt lat="-31.941191" lon="152.414353">
  <ele>18.8</ele>
</wpt>
<wpt lat="-31.941019" lon="152.414302">
  <ele>19.0</ele>
</wpt>
<wpt lat="-31.940924" lon="152.41424">
  <ele>19.0</ele>
</wpt>
<wpt lat="-31.940667" lon="152.414089">
  <ele>20.0</ele>
</wpt>
<wpt lat="-31.940588" lon="152.414021">
  <ele>20.3</ele>
</wpt>
<wpt lat="-31.940384" lon="152.413833">
  <ele>21.7</ele>
</wpt>
<wpt lat="-31.940166" lon="152.413586">
  <ele>22.9</ele>
</wpt>
<wpt lat="-31.940089" lon="152.413484">
  <ele>23.5</ele>
</wpt>
<wpt lat="-31.940023" lon="152.413378">
  <ele>23.9</ele>
</wpt>
<wpt lat="-31.939924" lon="152.413212">
  <ele>24.5</ele>
</wpt>
<wpt lat="-31.93978" lon="152.412894">
  <ele>25.8</ele>
</wpt>
<wpt lat="-31.939723" lon="152.412728">
  <ele>27.2</ele>
</wpt>
<wpt lat="-31.939666" lon="152.412543">
  <ele>27.3</ele>
</wpt>
<wpt lat="-31.939604" lon="152.412214">
  <ele>28.7</ele>
</wpt>
<wpt lat="-31.939568" lon="152.411958">
  <ele>31.7</ele>
</wpt>
<wpt lat="-31.939498" lon="152.411453">
  <ele>28.6</ele>
</wpt>
<wpt lat="-31.939434" lon="152.410984">
  <ele>26.0</ele>
</wpt>
<wpt lat="-31.939359" lon="152.410427">
  <ele>26.8</ele>
</wpt>
<wpt lat="-31.939276" lon="152.409866">
  <ele>28.7</ele>
</wpt>
<wpt lat="-31.939218" lon="152.409464">
  <ele>28.1</ele>
</wpt>
<wpt lat="-31.939168" lon="152.409063">
  <ele>28.4</ele>
</wpt>
<wpt lat="-31.939087" lon="152.408444">
  <ele>28.3</ele>
</wpt>
<wpt lat="-31.938964" lon="152.407546">
  <ele>25.6</ele>
</wpt>
<wpt lat="-31.938771" lon="152.406279">
  <ele>27.9</ele>
</wpt>
<wpt lat="-31.938427" lon="152.403713">
  <ele>27.1</ele>
</wpt>
<wpt lat="-31.938409" lon="152.403515">
  <ele>26.6</ele>
</wpt>
<wpt lat="-31.9384" lon="152.403326">
  <ele>25.2</ele>
</wpt>
<wpt lat="-31.938402" lon="152.403279">
  <ele>24.9</ele>
</wpt>
<wpt lat="-31.938411" lon="152.403151">
  <ele>24.2</ele>
</wpt>
<wpt lat="-31.938447" lon="152.40298">
  <ele>24.8</ele>
</wpt>
<wpt lat="-31.938558" lon="152.402657">
  <ele>30.6</ele>
</wpt>
<wpt lat="-31.938758" lon="152.402192">
  <ele>31.8</ele>
</wpt>
<wpt lat="-31.939333" lon="152.400801">
  <ele>30.8</ele>
</wpt>
<wpt lat="-31.939437" lon="152.400565">
  <ele>30.1</ele>
</wpt>
<wpt lat="-31.939462" lon="152.400515">
  <ele>30.0</ele>
</wpt>
<wpt lat="-31.939727" lon="152.399911">
  <ele>28.1</ele>
</wpt>
<wpt lat="-31.939762" lon="152.399848">
  <ele>27.7</ele>
</wpt>
<wpt lat="-31.939845" lon="152.39972">
  <ele>27.3</ele>
</wpt>
<wpt lat="-31.939967" lon="152.399561">
  <ele>27.0</ele>
</wpt>
<wpt lat="-31.940194" lon="152.399359">
  <ele>25.8</ele>
</wpt>
<wpt lat="-31.94099" lon="152.398771">
  <ele>22.6</ele>
</wpt>
<wpt lat="-31.941242" lon="152.398595">
  <ele>21.4</ele>
</wpt>
<wpt lat="-31.941484" lon="152.398414">
  <ele>22.2</ele>
</wpt>
<wpt lat="-31.941662" lon="152.39829">
  <ele>24.0</ele>
</wpt>
<wpt lat="-31.941867" lon="152.398134">
  <ele>23.5</ele>
</wpt>
<wpt lat="-31.942052" lon="152.397999">
  <ele>22.1</ele>
</wpt>
<wpt lat="-31.942422" lon="152.397722">
  <ele>22.4</ele>
</wpt>
<wpt lat="-31.942595" lon="152.39758">
  <ele>23.0</ele>
</wpt>
<wpt lat="-31.94268" lon="152.397491">
  <ele>23.0</ele>
</wpt>
<wpt lat="-31.942718" lon="152.397455">
  <ele>22.8</ele>
</wpt>
<wpt lat="-31.943144" lon="152.396938">
  <ele>22.3</ele>
</wpt>
<wpt lat="-31.943871" lon="152.39603">
  <ele>27.7</ele>
</wpt>
<wpt lat="-31.944117" lon="152.395729">
  <ele>28.6</ele>
</wpt>
<wpt lat="-31.944887" lon="152.394782">
  <ele>26.7</ele>
</wpt>
<wpt lat="-31.944916" lon="152.394741">
  <ele>26.7</ele>
</wpt>
<wpt lat="-31.944933" lon="152.394711">
  <ele>26.8</ele>
</wpt>
<wpt lat="-31.945052" lon="152.394488">
  <ele>26.6</ele>
</wpt>
<wpt lat="-31.945172" lon="152.394258">
  <ele>26.4</ele>
</wpt>
<wpt lat="-31.945263" lon="152.394085">
  <ele>26.4</ele>
</wpt>
<wpt lat="-31.945276" lon="152.394059">
  <ele>26.4</ele>
</wpt>
<wpt lat="-31.94529" lon="152.39403">
  <ele>26.6</ele>
</wpt>
<wpt lat="-31.945315" lon="152.393957">
  <ele>26.9</ele>
</wpt>
<wpt lat="-31.945509" lon="152.393276">
  <ele>30.4</ele>
</wpt>
<wpt lat="-31.945686" lon="152.392608">
  <ele>31.3</ele>
</wpt>
<wpt lat="-31.945986" lon="152.391432">
  <ele>30.8</ele>
</wpt>
<wpt lat="-31.946386" lon="152.389862">
  <ele>31.0</ele>
</wpt>
<wpt lat="-31.94648" lon="152.389518">
  <ele>30.4</ele>
</wpt>
<wpt lat="-31.946642" lon="152.389115">
  <ele>30.4</ele>
</wpt>
<wpt lat="-31.94692" lon="152.388448">
  <ele>32.3</ele>
</wpt>
<wpt lat="-31.947626" lon="152.38676">
  <ele>34.5</ele>
</wpt>
<wpt lat="-31.948625" lon="152.384406">
  <ele>31.8</ele>
</wpt>
<wpt lat="-31.948802" lon="152.383937">
  <ele>30.3</ele>
</wpt>
<wpt lat="-31.948956" lon="152.383556">
  <ele>31.2</ele>
</wpt>
<wpt lat="-31.949037" lon="152.383285">
  <ele>33.4</ele>
</wpt>
<wpt lat="-31.949063" lon="152.383126">
  <ele>34.5</ele>
</wpt>
<wpt lat="-31.949092" lon="152.382627">
  <ele>35.6</ele>
</wpt>
<wpt lat="-31.948867" lon="152.378913">
  <ele>47.7</ele>
</wpt>
<wpt lat="-31.948844" lon="152.378451">
  <ele>53.0</ele>
</wpt>
<wpt lat="-31.948826" lon="152.378076">
  <ele>55.9</ele>
</wpt>
<wpt lat="-31.948821" lon="152.377593">
  <ele>57.9</ele>
</wpt>
<wpt lat="-31.948826" lon="152.377335">
  <ele>60.1</ele>
</wpt>
<wpt lat="-31.948854" lon="152.37696">
  <ele>62.7</ele>
</wpt>
<wpt lat="-31.948884" lon="152.37662">
  <ele>63.1</ele>
</wpt>
<wpt lat="-31.948966" lon="152.375833">
  <ele>67.7</ele>
</wpt>
<wpt lat="-31.949022" lon="152.375401">
  <ele>70.9</ele>
</wpt>
<wpt lat="-31.949076" lon="152.375002">
  <ele>73.7</ele>
</wpt>
<wpt lat="-31.949117" lon="152.374594">
  <ele>71.8</ele>
</wpt>
<wpt lat="-31.949167" lon="152.374167">
  <ele>70.0</ele>
</wpt>
<wpt lat="-31.949227" lon="152.373431">
  <ele>67.2</ele>
</wpt>
<wpt lat="-31.949262" lon="152.37272">
  <ele>62.2</ele>
</wpt>
<wpt lat="-31.949277" lon="152.372304">
  <ele>61.4</ele>
</wpt>
<wpt lat="-31.949267" lon="152.372021">
  <ele>60.6</ele>
</wpt>
<wpt lat="-31.949211" lon="152.371499">
  <ele>64.4</ele>
</wpt>
<wpt lat="-31.949172" lon="152.371151">
  <ele>65.0</ele>
</wpt>
<wpt lat="-31.949133" lon="152.37076">
  <ele>63.1</ele>
</wpt>
<wpt lat="-31.949126" lon="152.37043">
  <ele>62.0</ele>
</wpt>
<wpt lat="-31.949136" lon="152.370189">
  <ele>63.0</ele>
</wpt>
<wpt lat="-31.949189" lon="152.369907">
  <ele>64.3</ele>
</wpt>
<wpt lat="-31.949254" lon="152.369653">
  <ele>65.7</ele>
</wpt>
<wpt lat="-31.949297" lon="152.369551">
  <ele>66.8</ele>
</wpt>
<wpt lat="-31.949344" lon="152.369453">
  <ele>67.9</ele>
</wpt>
<wpt lat="-31.949426" lon="152.369302">
  <ele>68.4</ele>
</wpt>
<wpt lat="-31.949613" lon="152.368984">
  <ele>66.9</ele>
</wpt>
<wpt lat="-31.949916" lon="152.368489">
  <ele>65.2</ele>
</wpt>
<wpt lat="-31.950305" lon="152.367889">
  <ele>63.1</ele>
</wpt>
<wpt lat="-31.950693" lon="152.367306">
  <ele>66.4</ele>
</wpt>
<wpt lat="-31.950915" lon="152.366962">
  <ele>66.4</ele>
</wpt>
<wpt lat="-31.95107" lon="152.366684">
  <ele>66.2</ele>
</wpt>
<wpt lat="-31.951136" lon="152.366524">
  <ele>64.9</ele>
</wpt>
<wpt lat="-31.951181" lon="152.366375">
  <ele>64.0</ele>
</wpt>
<wpt lat="-31.951214" lon="152.366236">
  <ele>63.9</ele>
</wpt>
<wpt lat="-31.951211" lon="152.365848">
  <ele>64.7</ele>
</wpt>
<wpt lat="-31.951166" lon="152.365549">
  <ele>64.1</ele>
</wpt>
<wpt lat="-31.951146" lon="152.365421">
  <ele>63.1</ele>
</wpt>
<wpt lat="-31.95103" lon="152.365137">
  <ele>63.2</ele>
</wpt>
<wpt lat="-31.950864" lon="152.364873">
  <ele>68.1</ele>
</wpt>
<wpt lat="-31.950439" lon="152.364408">
  <ele>72.2</ele>
</wpt>
<wpt lat="-31.950253" lon="152.364166">
  <ele>73.4</ele>
</wpt>
<wpt lat="-31.950066" lon="152.363832">
  <ele>77.0</ele>
</wpt>
<wpt lat="-31.949952" lon="152.363518">
  <ele>79.7</ele>
</wpt>
<wpt lat="-31.949865" lon="152.363144">
  <ele>79.5</ele>
</wpt>
<wpt lat="-31.949546" lon="152.361594">
  <ele>87.1</ele>
</wpt>
<wpt lat="-31.949282" lon="152.360185">
  <ele>93.3</ele>
</wpt>
<wpt lat="-31.949241" lon="152.359892">
  <ele>94.1</ele>
</wpt>
<wpt lat="-31.949234" lon="152.359647">
  <ele>95.1</ele>
</wpt>
<wpt lat="-31.949258" lon="152.359354">
  <ele>95.7</ele>
</wpt>
<wpt lat="-31.949318" lon="152.359104">
  <ele>94.8</ele>
</wpt>
<wpt lat="-31.949472" lon="152.358752">
  <ele>94.5</ele>
</wpt>
<wpt lat="-31.95012" lon="152.357461">
  <ele>102.5</ele>
</wpt>
<wpt lat="-31.950334" lon="152.356907">
  <ele>107.2</ele>
</wpt>
<wpt lat="-31.950448" lon="152.356501">
  <ele>111.6</ele>
</wpt>
<wpt lat="-31.950467" lon="152.356222">
  <ele>111.6</ele>
</wpt>
<wpt lat="-31.950447" lon="152.355925">
  <ele>112.1</ele>
</wpt>
<wpt lat="-31.950295" lon="152.355314">
  <ele>114.0</ele>
</wpt>
<wpt lat="-31.950059" lon="152.354449">
  <ele>114.0</ele>
</wpt>
<wpt lat="-31.949944" lon="152.353634">
  <ele>118.5</ele>
</wpt>
<wpt lat="-31.949772" lon="152.352221">
  <ele>110.5</ele>
</wpt>
<wpt lat="-31.949707" lon="152.351613">
  <ele>105.9</ele>
</wpt>
<wpt lat="-31.949645" lon="152.350345">
  <ele>101.2</ele>
</wpt>
<wpt lat="-31.949644" lon="152.349935">
  <ele>101.4</ele>
</wpt>
<wpt lat="-31.949697" lon="152.349005">
  <ele>102.8</ele>
</wpt>
<wpt lat="-31.949806" lon="152.34781">
  <ele>99.5</ele>
</wpt>
<wpt lat="-31.949858" lon="152.347147">
  <ele>95.7</ele>
</wpt>
<wpt lat="-31.949928" lon="152.346289">
  <ele>91.8</ele>
</wpt>
<wpt lat="-31.949983" lon="152.345366">
  <ele>85.1</ele>
</wpt>
<wpt lat="-31.949998" lon="152.345018">
  <ele>87.8</ele>
</wpt>
<wpt lat="-31.950017" lon="152.344194">
  <ele>91.0</ele>
</wpt>
<wpt lat="-31.949991" lon="152.343682">
  <ele>90.9</ele>
</wpt>
<wpt lat="-31.949896" lon="152.343088">
  <ele>90.4</ele>
</wpt>
<wpt lat="-31.949767" lon="152.342387">
  <ele>90.7</ele>
</wpt>
<wpt lat="-31.949638" lon="152.341697">
  <ele>89.0</ele>
</wpt>
<wpt lat="-31.949603" lon="152.34141">
  <ele>90.8</ele>
</wpt>
<wpt lat="-31.949584" lon="152.341198">
  <ele>92.4</ele>
</wpt>
<wpt lat="-31.949569" lon="152.341048">
  <ele>93.1</ele>
</wpt>
<wpt lat="-31.949602" lon="152.340872">
  <ele>93.5</ele>
</wpt>
<wpt lat="-31.949685" lon="152.340572">
  <ele>94.7</ele>
</wpt>
<wpt lat="-31.949827" lon="152.340298">
  <ele>92.0</ele>
</wpt>
<wpt lat="-31.950129" lon="152.33976">
  <ele>89.6</ele>
</wpt>
<wpt lat="-31.950514" lon="152.339119">
  <ele>86.6</ele>
</wpt>
<wpt lat="-31.95075" lon="152.338656">
  <ele>85.1</ele>
</wpt>
<wpt lat="-31.950784" lon="152.338467">
  <ele>84.6</ele>
</wpt>
<wpt lat="-31.950808" lon="152.338266">
  <ele>84.2</ele>
</wpt>
<wpt lat="-31.950789" lon="152.338038">
  <ele>83.1</ele>
</wpt>
<wpt lat="-31.950755" lon="152.337808">
  <ele>83.2</ele>
</wpt>
<wpt lat="-31.950534" lon="152.336952">
  <ele>82.0</ele>
</wpt>
<wpt lat="-31.950188" lon="152.335588">
  <ele>74.8</ele>
</wpt>
<wpt lat="-31.949979" lon="152.334821">
  <ele>72.9</ele>
</wpt>
<wpt lat="-31.949791" lon="152.334099">
  <ele>71.8</ele>
</wpt>
<wpt lat="-31.949606" lon="152.333374">
  <ele>67.0</ele>
</wpt>
<wpt lat="-31.949452" lon="152.332767">
  <ele>65.1</ele>
</wpt>
<wpt lat="-31.949274" lon="152.332073">
  <ele>67.3</ele>
</wpt>
<wpt lat="-31.949234" lon="152.331911">
  <ele>69.7</ele>
</wpt>
<wpt lat="-31.949118" lon="152.331436">
  <ele>73.4</ele>
</wpt>
<wpt lat="-31.949081" lon="152.331273">
  <ele>73.8</ele>
</wpt>
<wpt lat="-31.949043" lon="152.331091">
  <ele>74.4</ele>
</wpt>
<wpt lat="-31.948965" lon="152.330755">
  <ele>74.8</ele>
</wpt>
<wpt lat="-31.948945" lon="152.330533">
  <ele>75.6</ele>
</wpt>
<wpt lat="-31.948917" lon="152.330153">
  <ele>75.6</ele>
</wpt>
<wpt lat="-31.94891" lon="152.330048">
  <ele>75.9</ele>
</wpt>
<wpt lat="-31.948909" lon="152.329976">
  <ele>76.1</ele>
</wpt>
<wpt lat="-31.948924" lon="152.329509">
  <ele>74.7</ele>
</wpt>
<wpt lat="-31.948969" lon="152.328663">
  <ele>73.3</ele>
</wpt>
<wpt lat="-31.948985" lon="152.328191">
  <ele>68.3</ele>
</wpt>
<wpt lat="-31.94897" lon="152.327307">
  <ele>60.2</ele>
</wpt>
<wpt lat="-31.948939" lon="152.326418">
  <ele>59.6</ele>
</wpt>
<wpt lat="-31.948858" lon="152.325327">
  <ele>53.4</ele>
</wpt>
<wpt lat="-31.948854" lon="152.325259">
  <ele>52.9</ele>
</wpt>
<wpt lat="-31.948716" lon="152.323792">
  <ele>51.6</ele>
</wpt>
<wpt lat="-31.948456" lon="152.320748">
  <ele>53.2</ele>
</wpt>
<wpt lat="-31.948418" lon="152.319486">
  <ele>44.6</ele>
</wpt>
<wpt lat="-31.948422" lon="152.319141">
  <ele>43.1</ele>
</wpt>
<wpt lat="-31.948431" lon="152.318782">
  <ele>39.9</ele>
</wpt>
<wpt lat="-31.948431" lon="152.318599">
  <ele>38.7</ele>
</wpt>
<wpt lat="-31.948438" lon="152.31812">
  <ele>38.8</ele>
</wpt>
<wpt lat="-31.948446" lon="152.317945">
  <ele>38.4</ele>
</wpt>
<wpt lat="-31.948461" lon="152.317711">
  <ele>37.7</ele>
</wpt>
<wpt lat="-31.948484" lon="152.317497">
  <ele>37.1</ele>
</wpt>
<wpt lat="-31.948505" lon="152.317309">
  <ele>36.4</ele>
</wpt>
<wpt lat="-31.948517" lon="152.317259">
  <ele>36.2</ele>
</wpt>
<wpt lat="-31.948561" lon="152.316964">
  <ele>35.8</ele>
</wpt>
<wpt lat="-31.948589" lon="152.316814">
  <ele>35.8</ele>
</wpt>
<wpt lat="-31.948655" lon="152.316507">
  <ele>34.9</ele>
</wpt>
<wpt lat="-31.948694" lon="152.316337">
  <ele>34.1</ele>
</wpt>
<wpt lat="-31.948734" lon="152.316185">
  <ele>33.4</ele>
</wpt>
<wpt lat="-31.948798" lon="152.316013">
  <ele>32.8</ele>
</wpt>
<wpt lat="-31.948879" lon="152.315742">
  <ele>32.0</ele>
</wpt>
<wpt lat="-31.948931" lon="152.31559">
  <ele>32.0</ele>
</wpt>
<wpt lat="-31.949049" lon="152.315304">
  <ele>31.1</ele>
</wpt>
<wpt lat="-31.949115" lon="152.315156">
  <ele>30.1</ele>
</wpt>
<wpt lat="-31.949217" lon="152.314934">
  <ele>28.8</ele>
</wpt>
<wpt lat="-31.949363" lon="152.314641">
  <ele>28.0</ele>
</wpt>
<wpt lat="-31.949491" lon="152.314446">
  <ele>28.0</ele>
</wpt>
<wpt lat="-31.949549" lon="152.314339">
  <ele>28.5</ele>
</wpt>
<wpt lat="-31.94962" lon="152.314222">
  <ele>29.3</ele>
</wpt>
<wpt lat="-31.949693" lon="152.314104">
  <ele>30.1</ele>
</wpt>
<wpt lat="-31.949883" lon="152.313766">
  <ele>32.2</ele>
</wpt>
<wpt lat="-31.950335" lon="152.313035">
  <ele>37.7</ele>
</wpt>
<wpt lat="-31.95053" lon="152.312671">
  <ele>38.5</ele>
</wpt>
<wpt lat="-31.950961" lon="152.311821">
  <ele>41.4</ele>
</wpt>
<wpt lat="-31.951055" lon="152.311649">
  <ele>42.3</ele>
</wpt>
<wpt lat="-31.951399" lon="152.310824">
  <ele>51.9</ele>
</wpt>
<wpt lat="-31.951641" lon="152.310244">
  <ele>55.0</ele>
</wpt>
<wpt lat="-31.951878" lon="152.309599">
  <ele>58.6</ele>
</wpt>
<wpt lat="-31.952002" lon="152.309273">
  <ele>60.7</ele>
</wpt>
<wpt lat="-31.952226" lon="152.308651">
  <ele>61.1</ele>
</wpt>
<wpt lat="-31.952393" lon="152.308175">
  <ele>57.8</ele>
</wpt>
<wpt lat="-31.952502" lon="152.307748">
  <ele>54.9</ele>
</wpt>
<wpt lat="-31.952517" lon="152.307661">
  <ele>54.6</ele>
</wpt>
<wpt lat="-31.952586" lon="152.307223">
  <ele>52.6</ele>
</wpt>
<wpt lat="-31.952686" lon="152.306616">
  <ele>49.5</ele>
</wpt>
<wpt lat="-31.952772" lon="152.305975">
  <ele>46.5</ele>
</wpt>
<wpt lat="-31.952778" lon="152.305941">
  <ele>46.4</ele>
</wpt>
<wpt lat="-31.952787" lon="152.305884">
  <ele>46.1</ele>
</wpt>
<wpt lat="-31.952803" lon="152.305599">
  <ele>45.1</ele>
</wpt>
<wpt lat="-31.952808" lon="152.305441">
  <ele>45.0</ele>
</wpt>
<wpt lat="-31.952803" lon="152.305294">
  <ele>45.0</ele>
</wpt>
<wpt lat="-31.952793" lon="152.305187">
  <ele>45.0</ele>
</wpt>
<wpt lat="-31.952772" lon="152.305029">
  <ele>45.0</ele>
</wpt>
<wpt lat="-31.952706" lon="152.304773">
  <ele>45.0</ele>
</wpt>
<wpt lat="-31.952675" lon="152.304681">
  <ele>45.4</ele>
</wpt>
<wpt lat="-31.952622" lon="152.304506">
  <ele>46.9</ele>
</wpt>
<wpt lat="-31.952493" lon="152.304213">
  <ele>48.6</ele>
</wpt>
<wpt lat="-31.952358" lon="152.303988">
  <ele>49.2</ele>
</wpt>
<wpt lat="-31.952165" lon="152.303733">
  <ele>51.9</ele>
</wpt>
<wpt lat="-31.952131" lon="152.303698">
  <ele>52.6</ele>
</wpt>
<wpt lat="-31.952064" lon="152.303612">
  <ele>54.3</ele>
</wpt>
<wpt lat="-31.951712" lon="152.303307">
  <ele>54.7</ele>
</wpt>
<wpt lat="-31.951047" lon="152.302725">
  <ele>53.4</ele>
</wpt>
<wpt lat="-31.951008" lon="152.302689">
  <ele>53.8</ele>
</wpt>
<wpt lat="-31.950904" lon="152.302571">
  <ele>55.0</ele>
</wpt>
<wpt lat="-31.950799" lon="152.302442">
  <ele>56.3</ele>
</wpt>
<wpt lat="-31.950697" lon="152.302283">
  <ele>57.1</ele>
</wpt>
<wpt lat="-31.950585" lon="152.302057">
  <ele>58.2</ele>
</wpt>
<wpt lat="-31.950512" lon="152.301809">
  <ele>59.3</ele>
</wpt>
<wpt lat="-31.950482" lon="152.301708">
  <ele>59.5</ele>
</wpt>
<wpt lat="-31.950457" lon="152.301567">
  <ele>59.9</ele>
</wpt>
<wpt lat="-31.950451" lon="152.301351">
  <ele>60.3</ele>
</wpt>
<wpt lat="-31.950451" lon="152.301122">
  <ele>60.5</ele>
</wpt>
<wpt lat="-31.950462" lon="152.30093">
  <ele>60.2</ele>
</wpt>
<wpt lat="-31.950489" lon="152.300812">
  <ele>60.4</ele>
</wpt>
<wpt lat="-31.950593" lon="152.300471">
  <ele>59.1</ele>
</wpt>
<wpt lat="-31.950714" lon="152.300171">
  <ele>58.9</ele>
</wpt>
<wpt lat="-31.950978" lon="152.299488">
  <ele>58.5</ele>
</wpt>
<wpt lat="-31.951018" lon="152.299385">
  <ele>57.6</ele>
</wpt>
<wpt lat="-31.951376" lon="152.298427">
  <ele>51.8</ele>
</wpt>
<wpt lat="-31.95159" lon="152.297918">
  <ele>56.8</ele>
</wpt>
<wpt lat="-31.951885" lon="152.297153">
  <ele>63.7</ele>
</wpt>
<wpt lat="-31.951974" lon="152.296877">
  <ele>65.9</ele>
</wpt>
<wpt lat="-31.95204" lon="152.296581">
  <ele>65.9</ele>
</wpt>
<wpt lat="-31.952075" lon="152.296207">
  <ele>65.6</ele>
</wpt>
<wpt lat="-31.952083" lon="152.29597">
  <ele>65.5</ele>
</wpt>
<wpt lat="-31.952071" lon="152.2958">
  <ele>65.6</ele>
</wpt>
<wpt lat="-31.952048" lon="152.295615">
  <ele>65.4</ele>
</wpt>
<wpt lat="-31.952015" lon="152.295428">
  <ele>65.1</ele>
</wpt>
<wpt lat="-31.951987" lon="152.295312">
  <ele>65.0</ele>
</wpt>
<wpt lat="-31.951965" lon="152.295231">
  <ele>64.8</ele>
</wpt>
<wpt lat="-31.95188" lon="152.294995">
  <ele>64.0</ele>
</wpt>
<wpt lat="-31.951821" lon="152.294848">
  <ele>64.2</ele>
</wpt>
<wpt lat="-31.951762" lon="152.29469">
  <ele>64.5</ele>
</wpt>
<wpt lat="-31.951706" lon="152.294515">
  <ele>63.5</ele>
</wpt>
<wpt lat="-31.951639" lon="152.294348">
  <ele>61.8</ele>
</wpt>
<wpt lat="-31.951503" lon="152.294016">
  <ele>56.8</ele>
</wpt>
<wpt lat="-31.951465" lon="152.294006">
  <ele>56.2</ele>
</wpt>
<wpt lat="-31.951353" lon="152.293985">
  <ele>54.7</ele>
</wpt>
<wpt lat="-31.950773" lon="152.293717">
  <ele>51.4</ele>
</wpt>
<wpt lat="-31.949875" lon="152.293312">
  <ele>48.0</ele>
</wpt>
<wpt lat="-31.949277" lon="152.292989">
  <ele>48.0</ele>
</wpt>
<wpt lat="-31.948987" lon="152.292774">
  <ele>43.0</ele>
</wpt>
<wpt lat="-31.948665" lon="152.292411">
  <ele>37.1</ele>
</wpt>
<wpt lat="-31.948264" lon="152.291766">
  <ele>37.1</ele>
</wpt>
<wpt lat="-31.946602" lon="152.288561">
  <ele>39.7</ele>
</wpt>
<wpt lat="-31.94522" lon="152.286249">
  <ele>42.1</ele>
</wpt>
<wpt lat="-31.943621" lon="152.283653">
  <ele>48.8</ele>
</wpt>
<wpt lat="-31.943328" lon="152.283135">
  <ele>55.6</ele>
</wpt>
<wpt lat="-31.943086" lon="152.282564">
  <ele>62.4</ele>
</wpt>
<wpt lat="-31.942691" lon="152.281566">
  <ele>68.3</ele>
</wpt>
<wpt lat="-31.942398" lon="152.28071">
  <ele>69.1</ele>
</wpt>
<wpt lat="-31.942048" lon="152.279765">
  <ele>70.0</ele>
</wpt>
<wpt lat="-31.941481" lon="152.278812">
  <ele>68.9</ele>
</wpt>
<wpt lat="-31.940309" lon="152.27659">
  <ele>73.4</ele>
</wpt>
<wpt lat="-31.939494" lon="152.275277">
  <ele>72.5</ele>
</wpt>
<wpt lat="-31.939163" lon="152.274661">
  <ele>65.8</ele>
</wpt>
<wpt lat="-31.938864" lon="152.274113">
  <ele>61.1</ele>
</wpt>
<wpt lat="-31.938144" lon="152.27331">
  <ele>68.9</ele>
</wpt>
<wpt lat="-31.936934" lon="152.271839">
  <ele>64.9</ele>
</wpt>
<wpt lat="-31.936564" lon="152.271554">
  <ele>60.2</ele>
</wpt>
<wpt lat="-31.936189" lon="152.271381">
  <ele>57.3</ele>
</wpt>
<wpt lat="-31.935628" lon="152.271276">
  <ele>60.3</ele>
</wpt>
<wpt lat="-31.934195" lon="152.271314">
  <ele>56.3</ele>
</wpt>
<wpt lat="-31.933717" lon="152.271239">
  <ele>56.1</ele>
</wpt>
<wpt lat="-31.933469" lon="152.271119">
  <ele>54.4</ele>
</wpt>
<wpt lat="-31.933265" lon="152.270901">
  <ele>55.0</ele>
</wpt>
<wpt lat="-31.933004" lon="152.270413">
  <ele>57.0</ele>
</wpt>
<wpt lat="-31.93287" lon="152.270113">
  <ele>54.8</ele>
</wpt>
<wpt lat="-31.932736" lon="152.26991">
  <ele>52.3</ele>
</wpt>
<wpt lat="-31.932507" lon="152.269745">
  <ele>50.5</ele>
</wpt>
<wpt lat="-31.93208" lon="152.269595">
  <ele>52.4</ele>
</wpt>
<wpt lat="-31.931577" lon="152.269528">
  <ele>56.1</ele>
</wpt>
<wpt lat="-31.931348" lon="152.269452">
  <ele>55.5</ele>
</wpt>
<wpt lat="-31.928354" lon="152.267831">
  <ele>39.5</ele>
</wpt>
<wpt lat="-31.927902" lon="152.267719">
  <ele>35.8</ele>
</wpt>
<wpt lat="-31.926921" lon="152.267749">
  <ele>42.1</ele>
</wpt>
<wpt lat="-31.926673" lon="152.267741">
  <ele>44.9</ele>
</wpt>
<wpt lat="-31.925978" lon="152.267546">
  <ele>47.7</ele>
</wpt>
<wpt lat="-31.925507" lon="152.267351">
  <ele>45.2</ele>
</wpt>
<wpt lat="-31.924935" lon="152.267228">
  <ele>44.2</ele>
</wpt>
<wpt lat="-31.923988" lon="152.267145">
  <ele>42.5</ele>
</wpt>
<wpt lat="-31.922964" lon="152.267106">
  <ele>45.8</ele>
</wpt>
<wpt lat="-31.922761" lon="152.267051">
  <ele>46.9</ele>
</wpt>
<wpt lat="-31.922457" lon="152.266858">
  <ele>46.3</ele>
</wpt>
<wpt lat="-31.92226" lon="152.266674">
  <ele>47.7</ele>
</wpt>
<wpt lat="-31.921924" lon="152.266261">
  <ele>54.6</ele>
</wpt>
<wpt lat="-31.921613" lon="152.265793">
  <ele>58.3</ele>
</wpt>
<wpt lat="-31.92134" lon="152.265259">
  <ele>59.5</ele>
</wpt>
<wpt lat="-31.921046" lon="152.264453">
  <ele>66.7</ele>
</wpt>
<wpt lat="-31.920786" lon="152.263856">
  <ele>65.8</ele>
</wpt>
<wpt lat="-31.920493" lon="152.263135">
  <ele>68.6</ele>
</wpt>
<wpt lat="-31.920359" lon="152.262736">
  <ele>68.9</ele>
</wpt>
<wpt lat="-31.920092" lon="152.261407">
  <ele>70.2</ele>
</wpt>
<wpt lat="-31.91984" lon="152.26029">
  <ele>65.8</ele>
</wpt>
<wpt lat="-31.919806" lon="152.260135">
  <ele>64.3</ele>
</wpt>
<wpt lat="-31.919529" lon="152.259388">
  <ele>60.8</ele>
</wpt>
<wpt lat="-31.919272" lon="152.258924">
  <ele>59.3</ele>
</wpt>
<wpt lat="-31.918671" lon="152.258013">
  <ele>56.1</ele>
</wpt>
<wpt lat="-31.918518" lon="152.257698">
  <ele>55.7</ele>
</wpt>
<wpt lat="-31.917741" lon="152.255702">
  <ele>42.8</ele>
</wpt>
<wpt lat="-31.917251" lon="152.254504">
  <ele>38.4</ele>
</wpt>
<wpt lat="-31.917184" lon="152.254056">
  <ele>38.8</ele>
</wpt>
<wpt lat="-31.917221" lon="152.253647">
  <ele>38.1</ele>
</wpt>
<wpt lat="-31.917311" lon="152.253344">
  <ele>38.0</ele>
</wpt>
<wpt lat="-31.917364" lon="152.253226">
  <ele>38.7</ele>
</wpt>
<wpt lat="-31.917487" lon="152.253065">
  <ele>39.9</ele>
</wpt>
<wpt lat="-31.917657" lon="152.252888">
  <ele>41.6</ele>
</wpt>
<wpt lat="-31.917774" lon="152.252712">
  <ele>41.5</ele>
</wpt>
<wpt lat="-31.917818" lon="152.252511">
  <ele>42.2</ele>
</wpt>
<wpt lat="-31.917794" lon="152.252268">
  <ele>44.4</ele>
</wpt>
<wpt lat="-31.917711" lon="152.251926">
  <ele>46.8</ele>
</wpt>
<wpt lat="-31.917624" lon="152.251552">
  <ele>48.2</ele>
</wpt>
<wpt lat="-31.917477" lon="152.250307">
  <ele>57.7</ele>
</wpt>
<wpt lat="-31.917404" lon="152.249984">
  <ele>58.1</ele>
</wpt>
<wpt lat="-31.917214" lon="152.249584">
  <ele>61.5</ele>
</wpt>
<wpt lat="-31.916977" lon="152.249269">
  <ele>63.7</ele>
</wpt>
<wpt lat="-31.916524" lon="152.248758">
  <ele>67.5</ele>
</wpt>
<wpt lat="-31.91606" lon="152.248322">
  <ele>75.0</ele>
</wpt>
<wpt lat="-31.914702" lon="152.247331">
  <ele>78.7</ele>
</wpt>
<wpt lat="-31.914402" lon="152.247136">
  <ele>78.2</ele>
</wpt>
<wpt lat="-31.913008" lon="152.246011">
  <ele>72.2</ele>
</wpt>
<wpt lat="-31.912344" lon="152.245461">
  <ele>66.6</ele>
</wpt>
<wpt lat="-31.911436" lon="152.244557">
  <ele>56.0</ele>
</wpt>
<wpt lat="-31.911233" lon="152.244361">
  <ele>53.6</ele>
</wpt>
<wpt lat="-31.909852" lon="152.243296">
  <ele>48.8</ele>
</wpt>
<wpt lat="-31.908592" lon="152.242416">
  <ele>47.1</ele>
</wpt>
<wpt lat="-31.907617" lon="152.241691">
  <ele>51.4</ele>
</wpt>
<wpt lat="-31.906945" lon="152.241325">
  <ele>55.5</ele>
</wpt>
<wpt lat="-31.906575" lon="152.241172">
  <ele>57.4</ele>
</wpt>
<wpt lat="-31.906344" lon="152.24108">
  <ele>59.5</ele>
</wpt>
<wpt lat="-31.906088" lon="152.241009">
  <ele>61.1</ele>
</wpt>
<wpt lat="-31.905787" lon="152.240917">
  <ele>62.2</ele>
</wpt>
<wpt lat="-31.905687" lon="152.240856">
  <ele>62.5</ele>
</wpt>
<wpt lat="-31.905593" lon="152.240748">
  <ele>62.3</ele>
</wpt>
<wpt lat="-31.905504" lon="152.240585">
  <ele>61.0</ele>
</wpt>
<wpt lat="-31.905406" lon="152.240345">
  <ele>58.9</ele>
</wpt>
<wpt lat="-31.905381" lon="152.240245">
  <ele>58.2</ele>
</wpt>
<wpt lat="-31.905318" lon="152.240052">
  <ele>56.6</ele>
</wpt>
<wpt lat="-31.905193" lon="152.239836">
  <ele>54.3</ele>
</wpt>
<wpt lat="-31.90509" lon="152.239734">
  <ele>52.4</ele>
</wpt>
<wpt lat="-31.905027" lon="152.239702">
  <ele>51.3</ele>
</wpt>
<wpt lat="-31.904957" lon="152.239704">
  <ele>50.2</ele>
</wpt>
<wpt lat="-31.904795" lon="152.239726">
  <ele>48.1</ele>
</wpt>
<wpt lat="-31.904525" lon="152.239764">
  <ele>45.0</ele>
</wpt>
<wpt lat="-31.904382" lon="152.239742">
  <ele>44.0</ele>
</wpt>
<wpt lat="-31.904223" lon="152.239675">
  <ele>43.8</ele>
</wpt>
<wpt lat="-31.904018" lon="152.239522">
  <ele>44.4</ele>
</wpt>
<wpt lat="-31.903943" lon="152.239458">
  <ele>45.3</ele>
</wpt>
<wpt lat="-31.903849" lon="152.239345">
  <ele>45.2</ele>
</wpt>
<wpt lat="-31.903729" lon="152.239152">
  <ele>43.9</ele>
</wpt>
<wpt lat="-31.90357" lon="152.238991">
  <ele>41.4</ele>
</wpt>
<wpt lat="-31.903374" lon="152.23884">
  <ele>37.0</ele>
</wpt>
<wpt lat="-31.903249" lon="152.238724">
  <ele>34.2</ele>
</wpt>
<wpt lat="-31.903157" lon="152.238585">
  <ele>32.6</ele>
</wpt>
<wpt lat="-31.903095" lon="152.23843">
  <ele>31.5</ele>
</wpt>
<wpt lat="-31.903077" lon="152.238297">
  <ele>31.2</ele>
</wpt>
<wpt lat="-31.903077" lon="152.238211">
  <ele>31.4</ele>
</wpt>
<wpt lat="-31.903125" lon="152.237981">
  <ele>31.8</ele>
</wpt>
<wpt lat="-31.903369" lon="152.237187">
  <ele>27.8</ele>
</wpt>
<wpt lat="-31.903439" lon="152.236915">
  <ele>27.1</ele>
</wpt>
<wpt lat="-31.903538" lon="152.236239">
  <ele>27.5</ele>
</wpt>
<wpt lat="-31.903541" lon="152.235921">
  <ele>26.6</ele>
</wpt>
<wpt lat="-31.903512" lon="152.235802">
  <ele>26.4</ele>
</wpt>
<wpt lat="-31.903449" lon="152.235647">
  <ele>26.6</ele>
</wpt>
<wpt lat="-31.903285" lon="152.235422">
  <ele>27.5</ele>
</wpt>
<wpt lat="-31.903094" lon="152.235203">
  <ele>27.7</ele>
</wpt>
<wpt lat="-31.903032" lon="152.23507">
  <ele>27.2</ele>
</wpt>
<wpt lat="-31.90301" lon="152.234955">
  <ele>26.4</ele>
</wpt>
<wpt lat="-31.90301" lon="152.234849">
  <ele>25.3</ele>
</wpt>
<wpt lat="-31.903018" lon="152.234106">
  <ele>24.1</ele>
</wpt>
<wpt lat="-31.903008" lon="152.233933">
  <ele>24.7</ele>
</wpt>
<wpt lat="-31.902962" lon="152.233772">
  <ele>24.8</ele>
</wpt>
<wpt lat="-31.902841" lon="152.233559">
  <ele>25.5</ele>
</wpt>
<wpt lat="-31.902694" lon="152.233414">
  <ele>27.3</ele>
</wpt>
<wpt lat="-31.902578" lon="152.233348">
  <ele>27.9</ele>
</wpt>
<wpt lat="-31.902421" lon="152.233334">
  <ele>28.0</ele>
</wpt>
<wpt lat="-31.90227" lon="152.233368">
  <ele>27.8</ele>
</wpt>
<wpt lat="-31.902069" lon="152.233416">
  <ele>27.2</ele>
</wpt>
<wpt lat="-31.901937" lon="152.233452">
  <ele>26.8</ele>
</wpt>
<wpt lat="-31.901854" lon="152.23345">
  <ele>27.7</ele>
</wpt>
<wpt lat="-31.901782" lon="152.23342">
  <ele>28.8</ele>
</wpt>
<wpt lat="-31.901748" lon="152.233376">
  <ele>29.7</ele>
</wpt>
<wpt lat="-31.901736" lon="152.233297">
  <ele>31.3</ele>
</wpt>
<wpt lat="-31.901761" lon="152.233203">
  <ele>33.6</ele>
</wpt>
<wpt lat="-31.901881" lon="152.233089">
  <ele>35.0</ele>
</wpt>
<wpt lat="-31.902545" lon="152.232586">
  <ele>37.8</ele>
</wpt>
<wpt lat="-31.902929" lon="152.232237">
  <ele>40.2</ele>
</wpt>
<wpt lat="-31.903632" lon="152.231808">
  <ele>44.9</ele>
</wpt>
<wpt lat="-31.903916" lon="152.231663">
  <ele>45.9</ele>
</wpt>
<wpt lat="-31.903986" lon="152.231588">
  <ele>46.4</ele>
</wpt>
<wpt lat="-31.904023" lon="152.23149">
  <ele>47.1</ele>
</wpt>
<wpt lat="-31.904018" lon="152.231393">
  <ele>48.0</ele>
</wpt>
<wpt lat="-31.903874" lon="152.231204">
  <ele>50.5</ele>
</wpt>
<wpt lat="-31.903882" lon="152.231143">
  <ele>50.9</ele>
</wpt>
<wpt lat="-31.903949" lon="152.231038">
  <ele>50.3</ele>
</wpt>
<wpt lat="-31.903993" lon="152.230971">
  <ele>49.8</ele>
</wpt>
<wpt lat="-31.904063" lon="152.230893">
  <ele>48.8</ele>
</wpt>
<wpt lat="-31.904113" lon="152.230802">
  <ele>48.1</ele>
</wpt>
<wpt lat="-31.904103" lon="152.230704">
  <ele>48.8</ele>
</wpt>
<wpt lat="-31.904054" lon="152.230598">
  <ele>49.7</ele>
</wpt>
<wpt lat="-31.90398" lon="152.230553">
  <ele>50.3</ele>
</wpt>
<wpt lat="-31.903455" lon="152.230698">
  <ele>57.9</ele>
</wpt>
<wpt lat="-31.903185" lon="152.230751">
  <ele>59.9</ele>
</wpt>
<wpt lat="-31.902951" lon="152.230767">
  <ele>61.8</ele>
</wpt>
<wpt lat="-31.902694" lon="152.230729">
  <ele>64.2</ele>
</wpt>
<wpt lat="-31.902427" lon="152.230623">
  <ele>64.8</ele>
</wpt>
<wpt lat="-31.900701" lon="152.229684">
  <ele>70.3</ele>
</wpt>
<wpt lat="-31.900499" lon="152.229578">
  <ele>71.8</ele>
</wpt>
<wpt lat="-31.900375" lon="152.229499">
  <ele>74.0</ele>
</wpt>
<wpt lat="-31.900583" lon="152.229261">
  <ele>72.4</ele>
</wpt>
<wpt lat="-31.900784" lon="152.228885">
  <ele>71.6</ele>
</wpt>
<wpt lat="-31.900875" lon="152.228349">
  <ele>68.9</ele>
</wpt>
<wpt lat="-31.900456" lon="152.227233">
  <ele>67.1</ele>
</wpt>
<wpt lat="-31.900301" lon="152.226622">
  <ele>64.0</ele>
</wpt>
<wpt lat="-31.899964" lon="152.224637">
  <ele>63.6</ele>
</wpt>
<wpt lat="-31.900046" lon="152.221182">
  <ele>61.9</ele>
</wpt>
<wpt lat="-31.90022" lon="152.217403">
  <ele>78.0</ele>
</wpt>
<wpt lat="-31.900237" lon="152.217019">
  <ele>76.4</ele>
</wpt>
<wpt lat="-31.900319" lon="152.216343">
  <ele>72.0</ele>
</wpt>
<wpt lat="-31.900556" lon="152.215785">
  <ele>73.2</ele>
</wpt>
<wpt lat="-31.900857" lon="152.21526">
  <ele>82.3</ele>
</wpt>
<wpt lat="-31.901048" lon="152.214745">
  <ele>86.1</ele>
</wpt>
<wpt lat="-31.901011" lon="152.214198">
  <ele>83.9</ele>
</wpt>
<wpt lat="-31.900747" lon="152.213114">
  <ele>92.1</ele>
</wpt>
<wpt lat="-31.900574" lon="152.211193">
  <ele>86.1</ele>
</wpt>
<wpt lat="-31.90062" lon="152.21056">
  <ele>84.3</ele>
</wpt>
<wpt lat="-31.900848" lon="152.210024">
  <ele>79.9</ele>
</wpt>
<wpt lat="-31.901649" lon="152.209176">
  <ele>70.1</ele>
</wpt>
<wpt lat="-31.901886" lon="152.208715">
  <ele>67.6</ele>
</wpt>
<wpt lat="-31.901895" lon="152.208157">
  <ele>69.0</ele>
</wpt>
<wpt lat="-31.901704" lon="152.207642">
  <ele>70.6</ele>
</wpt>
<wpt lat="-31.901385" lon="152.207213">
  <ele>73.9</ele>
</wpt>
<wpt lat="-31.900638" lon="152.206462">
  <ele>74.5</ele>
</wpt>
<wpt lat="-31.900328" lon="152.205936">
  <ele>76.4</ele>
</wpt>
<wpt lat="-31.900119" lon="152.205389">
  <ele>79.0</ele>
</wpt>
<wpt lat="-31.8999" lon="152.204982">
  <ele>81.7</ele>
</wpt>
<wpt lat="-31.899581" lon="152.204638">
  <ele>82.2</ele>
</wpt>
<wpt lat="-31.899217" lon="152.204413">
  <ele>80.8</ele>
</wpt>
<wpt lat="-31.898798" lon="152.204027">
  <ele>78.5</ele>
</wpt>
<wpt lat="-31.898589" lon="152.203554">
  <ele>78.2</ele>
</wpt>
<wpt lat="-31.898488" lon="152.202954">
  <ele>80.6</ele>
</wpt>
<wpt lat="-31.898361" lon="152.201806">
  <ele>80.3</ele>
</wpt>
<wpt lat="-31.898388" lon="152.200486">
  <ele>78.0</ele>
</wpt>
<wpt lat="-31.898279" lon="152.19996">
  <ele>74.7</ele>
</wpt>
<wpt lat="-31.896585" lon="152.197461">
  <ele>80.7</ele>
</wpt>
<wpt lat="-31.896448" lon="152.196892">
  <ele>77.4</ele>
</wpt>
<wpt lat="-31.896184" lon="152.195111">
  <ele>71.5</ele>
</wpt>
<wpt lat="-31.895883" lon="152.194714">
  <ele>67.2</ele>
</wpt>
<wpt lat="-31.895555" lon="152.194521">
  <ele>60.8</ele>
</wpt>
<wpt lat="-31.895073" lon="152.194617">
  <ele>58.6</ele>
</wpt>
<wpt lat="-31.894298" lon="152.195132">
  <ele>57.0</ele>
</wpt>
<wpt lat="-31.89387" lon="152.195111">
  <ele>60.4</ele>
</wpt>
<wpt lat="-31.893506" lon="152.194886">
  <ele>62.6</ele>
</wpt>
<wpt lat="-31.89316" lon="152.194542">
  <ele>61.6</ele>
</wpt>
<wpt lat="-31.892804" lon="152.194306">
  <ele>57.3</ele>
</wpt>
<wpt lat="-31.891274" lon="152.193791">
  <ele>51.2</ele>
</wpt>
<wpt lat="-31.889811" lon="152.193025">
  <ele>49.6</ele>
</wpt>
<wpt lat="-31.889039" lon="152.192426">
  <ele>46.3</ele>
</wpt>
<wpt lat="-31.88865" lon="152.192045">
  <ele>48.3</ele>
</wpt>
<wpt lat="-31.888314" lon="152.191656">
  <ele>49.1</ele>
</wpt>
<wpt lat="-31.887403" lon="152.19039">
  <ele>48.1</ele>
</wpt>
<wpt lat="-31.887111" lon="152.189864">
  <ele>49.7</ele>
</wpt>
<wpt lat="-31.886838" lon="152.189156">
  <ele>51.5</ele>
</wpt>
<wpt lat="-31.885799" lon="152.185149">
  <ele>49.3</ele>
</wpt>
<wpt lat="-31.885653" lon="152.184586">
  <ele>51.1</ele>
</wpt>
<wpt lat="-31.884843" lon="152.182387">
  <ele>47.6</ele>
</wpt>
<wpt lat="-31.884606" lon="152.181829">
  <ele>48.8</ele>
</wpt>
<wpt lat="-31.884387" lon="152.181464">
  <ele>48.6</ele>
</wpt>
<wpt lat="-31.884059" lon="152.181121">
  <ele>48.7</ele>
</wpt>
<wpt lat="-31.883803" lon="152.180938">
  <ele>49.1</ele>
</wpt>
<wpt lat="-31.883199" lon="152.180509">
  <ele>48.8</ele>
</wpt>
<wpt lat="-31.882102" lon="152.179199">
  <ele>51.1</ele>
</wpt>
<wpt lat="-31.881998" lon="152.179042">
  <ele>51.5</ele>
</wpt>
<wpt lat="-31.881855" lon="152.178685">
  <ele>50.6</ele>
</wpt>
<wpt lat="-31.881821" lon="152.178582">
  <ele>50.1</ele>
</wpt>
<wpt lat="-31.881684" lon="152.178161">
  <ele>48.8</ele>
</wpt>
<wpt lat="-31.881496" lon="152.177665">
  <ele>50.6</ele>
</wpt>
<wpt lat="-31.881363" lon="152.177451">
  <ele>49.4</ele>
</wpt>
<wpt lat="-31.88095" lon="152.176831">
  <ele>46.3</ele>
</wpt>
<wpt lat="-31.880782" lon="152.176645">
  <ele>46.2</ele>
</wpt>
<wpt lat="-31.880224" lon="152.176153">
  <ele>48.7</ele>
</wpt>
<wpt lat="-31.877636" lon="152.174866">
  <ele>56.0</ele>
</wpt>
<wpt lat="-31.875322" lon="152.1736">
  <ele>63.2</ele>
</wpt>
<wpt lat="-31.87465" lon="152.173354">
  <ele>60.1</ele>
</wpt>
<wpt lat="-31.873395" lon="152.173014">
  <ele>53.4</ele>
</wpt>
<wpt lat="-31.871796" lon="152.17258">
  <ele>51.7</ele>
</wpt>
<wpt lat="-31.870949" lon="152.17213">
  <ele>49.7</ele>
</wpt>
<wpt lat="-31.870475" lon="152.171969">
  <ele>49.7</ele>
</wpt>
<wpt lat="-31.870232" lon="152.171989">
  <ele>51.0</ele>
</wpt>
<wpt lat="-31.869947" lon="152.172012">
  <ele>50.0</ele>
</wpt>
<wpt lat="-31.868662" lon="152.172226">
  <ele>53.0</ele>
</wpt>
<wpt lat="-31.86807" lon="152.172269">
  <ele>56.7</ele>
</wpt>
<wpt lat="-31.866685" lon="152.172033">
  <ele>61.4</ele>
</wpt>
<wpt lat="-31.866266" lon="152.171872">
  <ele>68.5</ele>
</wpt>
<wpt lat="-31.865792" lon="152.171572">
  <ele>77.0</ele>
</wpt>
<wpt lat="-31.865281" lon="152.171025">
  <ele>82.3</ele>
</wpt>
<wpt lat="-31.864252" lon="152.169727">
  <ele>81.9</ele>
</wpt>
<wpt lat="-31.863833" lon="152.169426">
  <ele>80.7</ele>
</wpt>
<wpt lat="-31.863083" lon="152.168954">
  <ele>78.4</ele>
</wpt>
<wpt lat="-31.861974" lon="152.168257">
  <ele>74.2</ele>
</wpt>
<wpt lat="-31.860024" lon="152.166358">
  <ele>82.3</ele>
</wpt>
<wpt lat="-31.858008" lon="152.163746">
  <ele>102.3</ele>
</wpt>
<wpt lat="-31.857962" lon="152.163773">
  <ele>101.9</ele>
</wpt>
<wpt lat="-31.85796" lon="152.163776">
  <ele>101.9</ele>
</wpt>
<wpt lat="-31.857286" lon="152.164175">
  <ele>97.6</ele>
</wpt>
<wpt lat="-31.856246" lon="152.164704">
  <ele>91.7</ele>
</wpt>
<wpt lat="-31.855427" lon="152.165182">
  <ele>91.5</ele>
</wpt>
<wpt lat="-31.854677" lon="152.165474">
  <ele>88.6</ele>
</wpt>
<wpt lat="-31.853907" lon="152.16563">
  <ele>82.7</ele>
</wpt>
<wpt lat="-31.853697" lon="152.165688">
  <ele>83.3</ele>
</wpt>
<wpt lat="-31.853565" lon="152.165879">
  <ele>85.7</ele>
</wpt>
<wpt lat="-31.853444" lon="152.166026">
  <ele>88.6</ele>
</wpt>
<wpt lat="-31.85341" lon="152.166228">
  <ele>90.1</ele>
</wpt>
<wpt lat="-31.853447" lon="152.166732">
  <ele>86.6</ele>
</wpt>
<wpt lat="-31.853308" lon="152.166893">
  <ele>88.2</ele>
</wpt>
<wpt lat="-31.853059" lon="152.167011">
  <ele>91.5</ele>
</wpt>
<wpt lat="-31.852565" lon="152.167035">
  <ele>101.3</ele>
</wpt>
<wpt lat="-31.852273" lon="152.167056">
  <ele>106.3</ele>
</wpt>
<wpt lat="-31.852143" lon="152.16715">
  <ele>107.8</ele>
</wpt>
<wpt lat="-31.851824" lon="152.167879">
  <ele>106.2</ele>
</wpt>
<wpt lat="-31.851544" lon="152.168011">
  <ele>109.7</ele>
</wpt>
<wpt lat="-31.851314" lon="152.167947">
  <ele>115.6</ele>
</wpt>
<wpt lat="-31.851214" lon="152.167896">
  <ele>119.5</ele>
</wpt>
<wpt lat="-31.851098" lon="152.16785">
  <ele>123.6</ele>
</wpt>
<wpt lat="-31.851009" lon="152.16788">
  <ele>125.4</ele>
</wpt>
<wpt lat="-31.850822" lon="152.168009">
  <ele>127.0</ele>
</wpt>
<wpt lat="-31.85056" lon="152.16835">
  <ele>122.3</ele>
</wpt>
<wpt lat="-31.850403" lon="152.16843">
  <ele>122.3</ele>
</wpt>
<wpt lat="-31.850132" lon="152.168395">
  <ele>124.2</ele>
</wpt>
<wpt lat="-31.84971" lon="152.168227">
  <ele>124.0</ele>
</wpt>
<wpt lat="-31.849382" lon="152.168041">
  <ele>131.0</ele>
</wpt>
<wpt lat="-31.849266" lon="152.168027">
  <ele>134.2</ele>
</wpt>
<wpt lat="-31.849193" lon="152.168051">
  <ele>134.6</ele>
</wpt>
<wpt lat="-31.848594" lon="152.168384">
  <ele>134.8</ele>
</wpt>
<wpt lat="-31.848425" lon="152.168438">
  <ele>135.8</ele>
</wpt>
<wpt lat="-31.848124" lon="152.168419">
  <ele>141.0</ele>
</wpt>
<wpt lat="-31.847837" lon="152.168204">
  <ele>156.4</ele>
</wpt>
<wpt lat="-31.847603" lon="152.167995">
  <ele>169.9</ele>
</wpt>
<wpt lat="-31.84737" lon="152.168025">
  <ele>169.3</ele>
</wpt>
<wpt lat="-31.847188" lon="152.168202">
  <ele>162.0</ele>
</wpt>
<wpt lat="-31.847049" lon="152.168325">
  <ele>158.2</ele>
</wpt>
<wpt lat="-31.84683" lon="152.168424">
  <ele>158.4</ele>
</wpt>
<wpt lat="-31.846618" lon="152.16843">
  <ele>161.1</ele>
</wpt>
<wpt lat="-31.846425" lon="152.168363">
  <ele>166.5</ele>
</wpt>
<wpt lat="-31.846227" lon="152.168239">
  <ele>172.7</ele>
</wpt>
<wpt lat="-31.846017" lon="152.168097">
  <ele>179.9</ele>
</wpt>
<wpt lat="-31.845677" lon="152.168033">
  <ele>186.3</ele>
</wpt>
<wpt lat="-31.845431" lon="152.168094">
  <ele>188.8</ele>
</wpt>
<wpt lat="-31.84527" lon="152.168151">
  <ele>190.7</ele>
</wpt>
<wpt lat="-31.845155" lon="152.168333">
  <ele>186.7</ele>
</wpt>
<wpt lat="-31.845119" lon="152.168392">
  <ele>187.0</ele>
</wpt>
<wpt lat="-31.845021" lon="152.168642">
  <ele>187.1</ele>
</wpt>
<wpt lat="-31.844907" lon="152.168837">
  <ele>186.4</ele>
</wpt>
<wpt lat="-31.844818" lon="152.168923">
  <ele>186.3</ele>
</wpt>
<wpt lat="-31.844755" lon="152.168969">
  <ele>186.0</ele>
</wpt>
<wpt lat="-31.844613" lon="152.168921">
  <ele>186.5</ele>
</wpt>
<wpt lat="-31.844445" lon="152.168776">
  <ele>187.8</ele>
</wpt>
<wpt lat="-31.844253" lon="152.168569">
  <ele>191.2</ele>
</wpt>
<wpt lat="-31.84418" lon="152.168424">
  <ele>197.5</ele>
</wpt>
<wpt lat="-31.844103" lon="152.168333">
  <ele>202.2</ele>
</wpt>
<wpt lat="-31.843948" lon="152.168223">
  <ele>207.1</ele>
</wpt>
<wpt lat="-31.843877" lon="152.168223">
  <ele>207.7</ele>
</wpt>
<wpt lat="-31.843763" lon="152.168298">
  <ele>207.4</ele>
</wpt>
<wpt lat="-31.843552" lon="152.168454">
  <ele>206.8</ele>
</wpt>
<wpt lat="-31.843402" lon="152.168657">
  <ele>206.8</ele>
</wpt>
<wpt lat="-31.843021" lon="152.169401">
  <ele>206.2</ele>
</wpt>
<wpt lat="-31.84287" lon="152.169637">
  <ele>210.6</ele>
</wpt>
<wpt lat="-31.842711" lon="152.16976">
  <ele>213.2</ele>
</wpt>
<wpt lat="-31.842385" lon="152.169666">
  <ele>218.5</ele>
</wpt>
<wpt lat="-31.841934" lon="152.169127">
  <ele>229.5</ele>
</wpt>
<wpt lat="-31.841733" lon="152.16876">
  <ele>233.3</ele>
</wpt>
<wpt lat="-31.841626" lon="152.168387">
  <ele>242.1</ele>
</wpt>
<wpt lat="-31.841453" lon="152.168033">
  <ele>245.2</ele>
</wpt>
<wpt lat="-31.8413" lon="152.167848">
  <ele>250.5</ele>
</wpt>
<wpt lat="-31.841189" lon="152.167743">
  <ele>252.7</ele>
</wpt>
<wpt lat="-31.841004" lon="152.167671">
  <ele>252.2</ele>
</wpt>
<wpt lat="-31.840738" lon="152.167665">
  <ele>249.2</ele>
</wpt>
<wpt lat="-31.840446" lon="152.167483">
  <ele>250.9</ele>
</wpt>
<wpt lat="-31.840239" lon="152.167177">
  <ele>259.2</ele>
</wpt>
<wpt lat="-31.840002" lon="152.166697">
  <ele>262.5</ele>
</wpt>
<wpt lat="-31.839803" lon="152.166101">
  <ele>262.9</ele>
</wpt>
<wpt lat="-31.839824" lon="152.165758">
  <ele>267.5</ele>
</wpt>
<wpt lat="-31.83989" lon="152.165511">
  <ele>271.4</ele>
</wpt>
<wpt lat="-31.839995" lon="152.1653">
  <ele>276.7</ele>
</wpt>
<wpt lat="-31.840102" lon="152.164884">
  <ele>285.2</ele>
</wpt>
<wpt lat="-31.840072" lon="152.164597">
  <ele>288.7</ele>
</wpt>
<wpt lat="-31.840033" lon="152.164388">
  <ele>291.1</ele>
</wpt>
<wpt lat="-31.840018" lon="152.164213">
  <ele>293.7</ele>
</wpt>
<wpt lat="-31.839949" lon="152.164058">
  <ele>296.1</ele>
</wpt>
<wpt lat="-31.839847" lon="152.163977">
  <ele>297.4</ele>
</wpt>
<wpt lat="-31.839644" lon="152.163881">
  <ele>299.4</ele>
</wpt>
<wpt lat="-31.839254" lon="152.163779">
  <ele>300.2</ele>
</wpt>
<wpt lat="-31.839045" lon="152.163645">
  <ele>298.3</ele>
</wpt>
<wpt lat="-31.838933" lon="152.163376">
  <ele>299.7</ele>
</wpt>
<wpt lat="-31.838871" lon="152.163004">
  <ele>306.9</ele>
</wpt>
<wpt lat="-31.838892" lon="152.162615">
  <ele>313.5</ele>
</wpt>
<wpt lat="-31.838942" lon="152.162121">
  <ele>316.9</ele>
</wpt>
<wpt lat="-31.838928" lon="152.161874">
  <ele>316.8</ele>
</wpt>
<wpt lat="-31.838824" lon="152.161681">
  <ele>317.4</ele>
</wpt>
<wpt lat="-31.838618" lon="152.161526">
  <ele>320.4</ele>
</wpt>
<wpt lat="-31.83805" lon="152.161308">
  <ele>331.1</ele>
</wpt>
<wpt lat="-31.837616" lon="152.161075">
  <ele>338.0</ele>
</wpt>
<wpt lat="-31.837402" lon="152.160818">
  <ele>339.6</ele>
</wpt>
<wpt lat="-31.837169" lon="152.160592">
  <ele>337.4</ele>
</wpt>
<wpt lat="-31.836832" lon="152.16048">
  <ele>343.9</ele>
</wpt>
<wpt lat="-31.836463" lon="152.160372">
  <ele>349.0</ele>
</wpt>
<wpt lat="-31.835964" lon="152.160252">
  <ele>353.1</ele>
</wpt>
<wpt lat="-31.83546" lon="152.160077">
  <ele>361.7</ele>
</wpt>
<wpt lat="-31.834644" lon="152.159852">
  <ele>373.1</ele>
</wpt>
<wpt lat="-31.834355" lon="152.159603">
  <ele>374.4</ele>
</wpt>
<wpt lat="-31.834107" lon="152.159326">
  <ele>381.1</ele>
</wpt>
<wpt lat="-31.833924" lon="152.159198">
  <ele>387.3</ele>
</wpt>
<wpt lat="-31.833756" lon="152.159163">
  <ele>389.1</ele>
</wpt>
<wpt lat="-31.833268" lon="152.159259">
  <ele>391.9</ele>
</wpt>
<wpt lat="-31.832742" lon="152.159324">
  <ele>392.8</ele>
</wpt>
<wpt lat="-31.832534" lon="152.159326">
  <ele>391.4</ele>
</wpt>
<wpt lat="-31.831725" lon="152.159149">
  <ele>389.2</ele>
</wpt>
<wpt lat="-31.831409" lon="152.15905">
  <ele>386.6</ele>
</wpt>
<wpt lat="-31.831254" lon="152.159122">
  <ele>387.2</ele>
</wpt>
<wpt lat="-31.830654" lon="152.15949">
  <ele>395.3</ele>
</wpt>
<wpt lat="-31.830192" lon="152.159708">
  <ele>396.9</ele>
</wpt>
<wpt lat="-31.829615" lon="152.159311">
  <ele>402.8</ele>
</wpt>
<wpt lat="-31.828579" lon="152.159188">
  <ele>401.4</ele>
</wpt>
<wpt lat="-31.827797" lon="152.159576">
  <ele>395.0</ele>
</wpt>
<wpt lat="-31.827249" lon="152.159818">
  <ele>391.0</ele>
</wpt>
<wpt lat="-31.826808" lon="152.160274">
  <ele>393.0</ele>
</wpt>
<wpt lat="-31.826272" lon="152.161841">
  <ele>419.2</ele>
</wpt>
<wpt lat="-31.826135" lon="152.162145">
  <ele>421.4</ele>
</wpt>
<wpt lat="-31.825768" lon="152.161867">
  <ele>414.5</ele>
</wpt>
<wpt lat="-31.825329" lon="152.161675">
  <ele>415.3</ele>
</wpt>
<wpt lat="-31.82451" lon="152.162028">
  <ele>425.9</ele>
</wpt>
<wpt lat="-31.823861" lon="152.162099">
  <ele>435.0</ele>
</wpt>
<wpt lat="-31.823514" lon="152.161755">
  <ele>444.6</ele>
</wpt>
<wpt lat="-31.823496" lon="152.160382">
  <ele>447.7</ele>
</wpt>
<wpt lat="-31.823121" lon="152.159767">
  <ele>448.6</ele>
</wpt>
<wpt lat="-31.822285" lon="152.159684">
  <ele>448.6</ele>
</wpt>
<wpt lat="-31.822033" lon="152.160206">
  <ele>457.9</ele>
</wpt>
<wpt lat="-31.821812" lon="152.160996">
  <ele>469.7</ele>
</wpt>
<wpt lat="-31.821538" lon="152.16137">
  <ele>475.1</ele>
</wpt>
<wpt lat="-31.820936" lon="152.161504">
  <ele>473.1</ele>
</wpt>
<wpt lat="-31.820573" lon="152.16157">
  <ele>476.5</ele>
</wpt>
<wpt lat="-31.820285" lon="152.161403">
  <ele>475.1</ele>
</wpt>
<wpt lat="-31.819758" lon="152.160554">
  <ele>473.1</ele>
</wpt>
<wpt lat="-31.819467" lon="152.159867">
  <ele>471.5</ele>
</wpt>
<wpt lat="-31.819157" lon="152.159374">
  <ele>468.2</ele>
</wpt>
<wpt lat="-31.818804" lon="152.158616">
  <ele>464.4</ele>
</wpt>
<wpt lat="-31.8182" lon="152.158357">
  <ele>464.9</ele>
</wpt>
<wpt lat="-31.81789" lon="152.158227">
  <ele>464.9</ele>
</wpt>
<wpt lat="-31.817487" lon="152.157727">
  <ele>461.7</ele>
</wpt>
<wpt lat="-31.816946" lon="152.157448">
  <ele>453.2</ele>
</wpt>
<wpt lat="-31.816513" lon="152.15709">
  <ele>444.7</ele>
</wpt>
<wpt lat="-31.816239" lon="152.156361">
  <ele>436.1</ele>
</wpt>
<wpt lat="-31.816039" lon="152.155876">
  <ele>433.3</ele>
</wpt>
<wpt lat="-31.815674" lon="152.155382">
  <ele>434.2</ele>
</wpt>
<wpt lat="-31.815492" lon="152.154975">
  <ele>435.3</ele>
</wpt>
<wpt lat="-31.814398" lon="152.154009">
  <ele>431.6</ele>
</wpt>
<wpt lat="-31.813523" lon="152.153923">
  <ele>428.4</ele>
</wpt>
<wpt lat="-31.81272" lon="152.153687">
  <ele>426.9</ele>
</wpt>
<wpt lat="-31.812173" lon="152.153408">
  <ele>427.9</ele>
</wpt>
<wpt lat="-31.811407" lon="152.152657">
  <ele>434.3</ele>
</wpt>
<wpt lat="-31.810441" lon="152.151477">
  <ele>445.0</ele>
</wpt>
<wpt lat="-31.810058" lon="152.150125">
  <ele>446.1</ele>
</wpt>
<wpt lat="-31.809803" lon="152.149623">
  <ele>454.7</ele>
</wpt>
<wpt lat="-31.809128" lon="152.149173">
  <ele>464.9</ele>
</wpt>
<wpt lat="-31.808618" lon="152.148838">
  <ele>476.0</ele>
</wpt>
<wpt lat="-31.808034" lon="152.148572">
  <ele>478.1</ele>
</wpt>
<wpt lat="-31.807797" lon="152.148194">
  <ele>476.7</ele>
</wpt>
<wpt lat="-31.807523" lon="152.147164">
  <ele>493.6</ele>
</wpt>
<wpt lat="-31.807013" lon="152.146426">
  <ele>487.5</ele>
</wpt>
<wpt lat="-31.806794" lon="152.145469">
  <ele>488.1</ele>
</wpt>
<wpt lat="-31.806502" lon="152.144525">
  <ele>486.5</ele>
</wpt>
<wpt lat="-31.806356" lon="152.143967">
  <ele>483.1</ele>
</wpt>
<wpt lat="-31.805153" lon="152.143087">
  <ele>488.7</ele>
</wpt>
<wpt lat="-31.804642" lon="152.142529">
  <ele>492.6</ele>
</wpt>
<wpt lat="-31.804022" lon="152.141478">
  <ele>506.0</ele>
</wpt>
<wpt lat="-31.803202" lon="152.140332">
  <ele>515.5</ele>
</wpt>
<wpt lat="-31.802618" lon="152.139624">
  <ele>517.4</ele>
</wpt>
<wpt lat="-31.802199" lon="152.13886">
  <ele>527.6</ele>
</wpt>
<wpt lat="-31.801597" lon="152.138302">
  <ele>526.7</ele>
</wpt>
<wpt lat="-31.800959" lon="152.137852">
  <ele>522.5</ele>
</wpt>
<wpt lat="-31.80074" lon="152.137701">
  <ele>522.9</ele>
</wpt>
<wpt lat="-31.799828" lon="152.137487">
  <ele>532.6</ele>
</wpt>
<wpt lat="-31.798606" lon="152.137186">
  <ele>548.3</ele>
</wpt>
<wpt lat="-31.797512" lon="152.137186">
  <ele>554.6</ele>
</wpt>
<wpt lat="-31.797366" lon="152.137551">
  <ele>555.2</ele>
</wpt>
<wpt lat="-31.797202" lon="152.138109">
  <ele>561.0</ele>
</wpt>
<wpt lat="-31.7968" lon="152.138452">
  <ele>566.6</ele>
</wpt>
<wpt lat="-31.796071" lon="152.138688">
  <ele>569.1</ele>
</wpt>
<wpt lat="-31.795433" lon="152.138345">
  <ele>568.4</ele>
</wpt>
<wpt lat="-31.794411" lon="152.137658">
  <ele>569.0</ele>
</wpt>
<wpt lat="-31.793335" lon="152.137873">
  <ele>580.5</ele>
</wpt>
<wpt lat="-31.792642" lon="152.137658">
  <ele>568.4</ele>
</wpt>
<wpt lat="-31.790983" lon="152.137143">
  <ele>565.2</ele>
</wpt>
<wpt lat="-31.79018" lon="152.136864">
  <ele>562.8</ele>
</wpt>
<wpt lat="-31.78914" lon="152.135963">
  <ele>561.9</ele>
</wpt>
<wpt lat="-31.788922" lon="152.135577">
  <ele>561.6</ele>
</wpt>
<wpt lat="-31.787317" lon="152.134933">
  <ele>560.6</ele>
</wpt>
<wpt lat="-31.786459" lon="152.134633">
  <ele>569.9</ele>
</wpt>
<wpt lat="-31.785857" lon="152.134268">
  <ele>567.1</ele>
</wpt>
<wpt lat="-31.785292" lon="152.13356">
  <ele>556.6</ele>
</wpt>
<wpt lat="-31.784453" lon="152.132736">
  <ele>554.8</ele>
</wpt>
<wpt lat="-31.783705" lon="152.131929">
  <ele>558.9</ele>
</wpt>
<wpt lat="-31.783176" lon="152.131427">
  <ele>559.4</ele>
</wpt>
<wpt lat="-31.782501" lon="152.131071">
  <ele>565.6</ele>
</wpt>
<wpt lat="-31.78106" lon="152.129612">
  <ele>575.1</ele>
</wpt>
<wpt lat="-31.780805" lon="152.129268">
  <ele>574.9</ele>
</wpt>
<wpt lat="-31.780367" lon="152.128668">
  <ele>578.5</ele>
</wpt>
<wpt lat="-31.779692" lon="152.128174">
  <ele>592.0</ele>
</wpt>
<wpt lat="-31.77878" lon="152.127959">
  <ele>603.4</ele>
</wpt>
<wpt lat="-31.77754" lon="152.127809">
  <ele>618.4</ele>
</wpt>
<wpt lat="-31.776901" lon="152.127402">
  <ele>627.8</ele>
</wpt>
<wpt lat="-31.776445" lon="152.127058">
  <ele>629.3</ele>
</wpt>
<wpt lat="-31.77546" lon="152.127037">
  <ele>619.8</ele>
</wpt>
<wpt lat="-31.774822" lon="152.127037">
  <ele>622.5</ele>
</wpt>
<wpt lat="-31.774293" lon="152.126887">
  <ele>625.7</ele>
</wpt>
<wpt lat="-31.774074" lon="152.126758">
  <ele>625.5</ele>
</wpt>
<wpt lat="-31.773363" lon="152.125857">
  <ele>629.3</ele>
</wpt>
<wpt lat="-31.772724" lon="152.125097">
  <ele>628.6</ele>
</wpt>
<wpt lat="-31.772542" lon="152.124582">
  <ele>628.5</ele>
</wpt>
<wpt lat="-31.772487" lon="152.123711">
  <ele>627.2</ele>
</wpt>
<wpt lat="-31.772396" lon="152.123067">
  <ele>621.5</ele>
</wpt>
<wpt lat="-31.771739" lon="152.12281">
  <ele>622.9</ele>
</wpt>
<wpt lat="-31.771265" lon="152.122359">
  <ele>613.3</ele>
</wpt>
<wpt lat="-31.770626" lon="152.121801">
  <ele>599.9</ele>
</wpt>
<wpt lat="-31.769951" lon="152.121587">
  <ele>594.2</ele>
</wpt>
<wpt lat="-31.76944" lon="152.12117">
  <ele>591.6</ele>
</wpt>
<wpt lat="-31.769276" lon="152.121007">
  <ele>590.9</ele>
</wpt>
<wpt lat="-31.768838" lon="152.120836">
  <ele>588.4</ele>
</wpt>
<wpt lat="-31.76727" lon="152.1212">
  <ele>570.0</ele>
</wpt>
<wpt lat="-31.766959" lon="152.121565">
  <ele>566.7</ele>
</wpt>
<wpt lat="-31.766886" lon="152.121973">
  <ele>568.9</ele>
</wpt>
<wpt lat="-31.767087" lon="152.123003">
  <ele>570.1</ele>
</wpt>
<wpt lat="-31.76685" lon="152.123518">
  <ele>553.7</ele>
</wpt>
<wpt lat="-31.766868" lon="152.124183">
  <ele>552.9</ele>
</wpt>
<wpt lat="-31.76674" lon="152.124612">
  <ele>547.8</ele>
</wpt>
<wpt lat="-31.766339" lon="152.125149">
  <ele>536.8</ele>
</wpt>
<wpt lat="-31.766303" lon="152.125998">
  <ele>535.4</ele>
</wpt>
<wpt lat="-31.766376" lon="152.126685">
  <ele>532.3</ele>
</wpt>
<wpt lat="-31.766138" lon="152.127251">
  <ele>518.2</ele>
</wpt>
<wpt lat="-31.765628" lon="152.127874">
  <ele>518.2</ele>
</wpt>
<wpt lat="-31.765244" lon="152.128474">
  <ele>522.2</ele>
</wpt>
<wpt lat="-31.76477" lon="152.129376">
  <ele>531.5</ele>
</wpt>
<wpt lat="-31.764661" lon="152.130534">
  <ele>536.3</ele>
</wpt>
<wpt lat="-31.76404" lon="152.13047">
  <ele>547.4</ele>
</wpt>
<wpt lat="-31.763384" lon="152.130062">
  <ele>559.0</ele>
</wpt>
<wpt lat="-31.761815" lon="152.129419">
  <ele>572.7</ele>
</wpt>
<wpt lat="-31.760702" lon="152.129376">
  <ele>563.4</ele>
</wpt>
<wpt lat="-31.759644" lon="152.12959">
  <ele>565.5</ele>
</wpt>
<wpt lat="-31.759078" lon="152.130054">
  <ele>562.3</ele>
</wpt>
<wpt lat="-31.758622" lon="152.130449">
  <ele>563.9</ele>
</wpt>
<wpt lat="-31.75822" lon="152.130577">
  <ele>570.4</ele>
</wpt>
<wpt lat="-31.757399" lon="152.130298">
  <ele>590.5</ele>
</wpt>
<wpt lat="-31.756724" lon="152.129762">
  <ele>593.6</ele>
</wpt>
<wpt lat="-31.756359" lon="152.129483">
  <ele>594.8</ele>
</wpt>
<wpt lat="-31.755611" lon="152.129526">
  <ele>610.6</ele>
</wpt>
<wpt lat="-31.754681" lon="152.12914">
  <ele>607.0</ele>
</wpt>
<wpt lat="-31.754024" lon="152.129397">
  <ele>632.8</ele>
</wpt>
<wpt lat="-31.753696" lon="152.12914">
  <ele>638.4</ele>
</wpt>
<wpt lat="-31.753641" lon="152.128346">
  <ele>628.5</ele>
</wpt>
<wpt lat="-31.753002" lon="152.128002">
  <ele>648.4</ele>
</wpt>
<wpt lat="-31.753002" lon="152.126779">
  <ele>645.8</ele>
</wpt>
<wpt lat="-31.75006" lon="152.127334">
  <ele>662.8</ele>
</wpt>
<wpt lat="-31.749493" lon="152.127242">
  <ele>662.7</ele>
</wpt>
<wpt lat="-31.749063" lon="152.126832">
  <ele>663.2</ele>
</wpt>
<wpt lat="-31.748935" lon="152.12617">
  <ele>663.9</ele>
</wpt>
<wpt lat="-31.748432" lon="152.125006">
  <ele>660.9</ele>
</wpt>
<wpt lat="-31.748207" lon="152.124592">
  <ele>661.8</ele>
</wpt>
<wpt lat="-31.747833" lon="152.124398">
  <ele>669.3</ele>
</wpt>
<wpt lat="-31.747143" lon="152.123975">
  <ele>680.1</ele>
</wpt>
<wpt lat="-31.74619" lon="152.123569">
  <ele>687.2</ele>
</wpt>
<wpt lat="-31.745583" lon="152.123155">
  <ele>682.8</ele>
</wpt>
<wpt lat="-31.74526" lon="152.12282">
  <ele>683.6</ele>
</wpt>
<wpt lat="-31.744923" lon="152.122361">
  <ele>689.4</ele>
</wpt>
<wpt lat="-31.744653" lon="152.121797">
  <ele>695.5</ele>
</wpt>
<wpt lat="-31.744473" lon="152.121268">
  <ele>694.2</ele>
</wpt>
<wpt lat="-31.744383" lon="152.120818">
  <ele>697.0</ele>
</wpt>
<wpt lat="-31.744031" lon="152.120544">
  <ele>695.5</ele>
</wpt>
<wpt lat="-31.743506" lon="152.120289">
  <ele>702.6</ele>
</wpt>
<wpt lat="-31.742757" lon="152.120424">
  <ele>705.8</ele>
</wpt>
<wpt lat="-31.74236" lon="152.120679">
  <ele>708.3</ele>
</wpt>
<wpt lat="-31.742015" lon="152.121066">
  <ele>702.9</ele>
</wpt>
<wpt lat="-31.741485" lon="152.121951">
  <ele>686.4</ele>
</wpt>
<wpt lat="-31.741188" lon="152.122207">
  <ele>682.3</ele>
</wpt>
<wpt lat="-31.740795" lon="152.122313">
  <ele>676.5</ele>
</wpt>
<wpt lat="-31.740669" lon="152.122171">
  <ele>675.8</ele>
</wpt>
<wpt lat="-31.740581" lon="152.121653">
  <ele>677.4</ele>
</wpt>
<wpt lat="-31.740238" lon="152.121512">
  <ele>677.9</ele>
</wpt>
<wpt lat="-31.739047" lon="152.121287">
  <ele>662.9</ele>
</wpt>
<wpt lat="-31.738686" lon="152.121295">
  <ele>651.8</ele>
</wpt>
<wpt lat="-31.737841" lon="152.121239">
  <ele>646.8</ele>
</wpt>
<wpt lat="-31.737432" lon="152.121487">
  <ele>639.7</ele>
</wpt>
<wpt lat="-31.737025" lon="152.122177">
  <ele>631.6</ele>
</wpt>
<wpt lat="-31.736711" lon="152.122638">
  <ele>637.8</ele>
</wpt>
<wpt lat="-31.736612" lon="152.122689">
  <ele>638.7</ele>
</wpt>
<wpt lat="-31.736434" lon="152.122716">
  <ele>640.0</ele>
</wpt>
<wpt lat="-31.736285" lon="152.122741">
  <ele>642.8</ele>
</wpt>
<wpt lat="-31.735761" lon="152.12246">
  <ele>653.0</ele>
</wpt>
<wpt lat="-31.73563" lon="152.122138">
  <ele>653.6</ele>
</wpt>
<wpt lat="-31.735348" lon="152.121078">
  <ele>661.1</ele>
</wpt>
<wpt lat="-31.734955" lon="152.120311">
  <ele>675.5</ele>
</wpt>
<wpt lat="-31.734848" lon="152.119702">
  <ele>673.9</ele>
</wpt>
<wpt lat="-31.734629" lon="152.119413">
  <ele>677.1</ele>
</wpt>
<wpt lat="-31.733877" lon="152.119537">
  <ele>687.6</ele>
</wpt>
<wpt lat="-31.733014" lon="152.119258">
  <ele>696.1</ele>
</wpt>
<wpt lat="-31.732367" lon="152.118907">
  <ele>702.4</ele>
</wpt>
<wpt lat="-31.732113" lon="152.11864">
  <ele>703.8</ele>
</wpt>
<wpt lat="-31.731686" lon="152.118099">
  <ele>717.8</ele>
</wpt>
<wpt lat="-31.731175" lon="152.117804">
  <ele>725.5</ele>
</wpt>
<wpt lat="-31.730547" lon="152.117495">
  <ele>719.0</ele>
</wpt>
<wpt lat="-31.729287" lon="152.117352">
  <ele>731.1</ele>
</wpt>
<wpt lat="-31.72883" lon="152.117041">
  <ele>735.0</ele>
</wpt>
<wpt lat="-31.728543" lon="152.116458">
  <ele>735.2</ele>
</wpt>
<wpt lat="-31.728013" lon="152.115137">
  <ele>734.4</ele>
</wpt>
<wpt lat="-31.727591" lon="152.114778">
  <ele>735.3</ele>
</wpt>
<wpt lat="-31.726632" lon="152.114484">
  <ele>727.0</ele>
</wpt>
<wpt lat="-31.725505" lon="152.113823">
  <ele>714.0</ele>
</wpt>
<wpt lat="-31.724519" lon="152.112905">
  <ele>705.6</ele>
</wpt>
<wpt lat="-31.723579" lon="152.112385">
  <ele>708.5</ele>
</wpt>
<wpt lat="-31.722041" lon="152.112651">
  <ele>721.5</ele>
</wpt>
<wpt lat="-31.720729" lon="152.113613">
  <ele>709.3</ele>
</wpt>
<wpt lat="-31.720601" lon="152.114538">
  <ele>699.2</ele>
</wpt>
<wpt lat="-31.72123" lon="152.115665">
  <ele>688.6</ele>
</wpt>
<wpt lat="-31.721045" lon="152.116256">
  <ele>683.2</ele>
</wpt>
<wpt lat="-31.720447" lon="152.116258">
  <ele>678.8</ele>
</wpt>
<wpt lat="-31.719448" lon="152.115816">
  <ele>664.3</ele>
</wpt>
<wpt lat="-31.719331" lon="152.114443">
  <ele>666.5</ele>
</wpt>
<wpt lat="-31.718767" lon="152.114304">
  <ele>647.2</ele>
</wpt>
<wpt lat="-31.718" lon="152.114015">
  <ele>630.3</ele>
</wpt>
<wpt lat="-31.71718" lon="152.11342">
  <ele>633.4</ele>
</wpt>
<wpt lat="-31.716294" lon="152.112776">
  <ele>611.3</ele>
</wpt>
<wpt lat="-31.71609" lon="152.112955">
  <ele>613.6</ele>
</wpt>
<wpt lat="-31.716462" lon="152.114692">
  <ele>612.5</ele>
</wpt>
<wpt lat="-31.716556" lon="152.11622">
  <ele>587.8</ele>
</wpt>
<wpt lat="-31.717142" lon="152.116665">
  <ele>584.9</ele>
</wpt>
<wpt lat="-31.717428" lon="152.117107">
  <ele>578.2</ele>
</wpt>
<wpt lat="-31.717629" lon="152.118104">
  <ele>569.8</ele>
</wpt>
<wpt lat="-31.717622" lon="152.119004">
  <ele>571.4</ele>
</wpt>
<wpt lat="-31.717719" lon="152.119819">
  <ele>567.8</ele>
</wpt>
<wpt lat="-31.717117" lon="152.122547">
  <ele>564.2</ele>
</wpt>
<wpt lat="-31.716809" lon="152.123356">
  <ele>565.9</ele>
</wpt>
<wpt lat="-31.716544" lon="152.123931">
  <ele>571.3</ele>
</wpt>
<wpt lat="-31.715908" lon="152.124191">
  <ele>579.3</ele>
</wpt>
<wpt lat="-31.714818" lon="152.124228">
  <ele>573.6</ele>
</wpt>
<wpt lat="-31.714169" lon="152.124038">
  <ele>561.9</ele>
</wpt>
<wpt lat="-31.713427" lon="152.123461">
  <ele>562.9</ele>
</wpt>
<wpt lat="-31.712983" lon="152.12282">
  <ele>549.2</ele>
</wpt>
<wpt lat="-31.712687" lon="152.122373">
  <ele>542.0</ele>
</wpt>
<wpt lat="-31.712013" lon="152.122159">
  <ele>541.1</ele>
</wpt>
<wpt lat="-31.711091" lon="152.122453">
  <ele>556.0</ele>
</wpt>
<wpt lat="-31.710392" lon="152.122464">
  <ele>558.2</ele>
</wpt>
<wpt lat="-31.709693" lon="152.122367">
  <ele>552.9</ele>
</wpt>
<wpt lat="-31.709183" lon="152.122122">
  <ele>530.7</ele>
</wpt>
<wpt lat="-31.708553" lon="152.122089">
  <ele>534.1</ele>
</wpt>
<wpt lat="-31.707229" lon="152.122721">
  <ele>550.9</ele>
</wpt>
<wpt lat="-31.70648" lon="152.123799">
  <ele>565.3</ele>
</wpt>
<wpt lat="-31.707415" lon="152.124368">
  <ele>560.6</ele>
</wpt>
<wpt lat="-31.707512" lon="152.124947">
  <ele>570.3</ele>
</wpt>
<wpt lat="-31.706752" lon="152.12547">
  <ele>591.9</ele>
</wpt>
<wpt lat="-31.707423" lon="152.127297">
  <ele>583.9</ele>
</wpt>
<wpt lat="-31.706974" lon="152.127924">
  <ele>594.4</ele>
</wpt>
<wpt lat="-31.708212" lon="152.128941">
  <ele>603.7</ele>
</wpt>
<wpt lat="-31.708804" lon="152.129251">
  <ele>618.0</ele>
</wpt>
<wpt lat="-31.710335" lon="152.131255">
  <ele>637.5</ele>
</wpt>
<wpt lat="-31.71005" lon="152.131527">
  <ele>640.6</ele>
</wpt>
<wpt lat="-31.709302" lon="152.131693">
  <ele>650.3</ele>
</wpt>
<wpt lat="-31.708723" lon="152.131298">
  <ele>660.4</ele>
</wpt>
<wpt lat="-31.707587" lon="152.130585">
  <ele>666.0</ele>
</wpt>
<wpt lat="-31.705757" lon="152.129429">
  <ele>674.2</ele>
</wpt>
<wpt lat="-31.704838" lon="152.129425">
  <ele>700.6</ele>
</wpt>
<wpt lat="-31.704368" lon="152.129889">
  <ele>700.4</ele>
</wpt>
<wpt lat="-31.704309" lon="152.130507">
  <ele>696.1</ele>
</wpt>
<wpt lat="-31.704657" lon="152.132149">
  <ele>708.4</ele>
</wpt>
<wpt lat="-31.704651" lon="152.132597">
  <ele>713.4</ele>
</wpt>
<wpt lat="-31.704365" lon="152.132842">
  <ele>718.6</ele>
</wpt>
<wpt lat="-31.704093" lon="152.13278">
  <ele>723.2</ele>
</wpt>
<wpt lat="-31.703959" lon="152.132688">
  <ele>724.7</ele>
</wpt>
<wpt lat="-31.703874" lon="152.132578">
  <ele>725.8</ele>
</wpt>
<wpt lat="-31.703558" lon="152.131682">
  <ele>732.2</ele>
</wpt>
<wpt lat="-31.703232" lon="152.1306">
  <ele>744.2</ele>
</wpt>
<wpt lat="-31.702718" lon="152.129738">
  <ele>750.9</ele>
</wpt>
<wpt lat="-31.701006" lon="152.128119">
  <ele>770.5</ele>
</wpt>
<wpt lat="-31.70067" lon="152.128026">
  <ele>772.3</ele>
</wpt>
<wpt lat="-31.700287" lon="152.128221">
  <ele>774.7</ele>
</wpt>
<wpt lat="-31.699649" lon="152.129016">
  <ele>782.4</ele>
</wpt>
<wpt lat="-31.699405" lon="152.129066">
  <ele>784.0</ele>
</wpt>
<wpt lat="-31.698918" lon="152.128861">
  <ele>791.1</ele>
</wpt>
<wpt lat="-31.698307" lon="152.128362">
  <ele>796.8</ele>
</wpt>
<wpt lat="-31.697555" lon="152.128187">
  <ele>800.1</ele>
</wpt>
<wpt lat="-31.696825" lon="152.12833">
  <ele>806.7</ele>
</wpt>
<wpt lat="-31.696386" lon="152.128199">
  <ele>817.0</ele>
</wpt>
<wpt lat="-31.695998" lon="152.12789">
  <ele>823.4</ele>
</wpt>
<wpt lat="-31.695582" lon="152.127417">
  <ele>824.8</ele>
</wpt>
<wpt lat="-31.694934" lon="152.126704">
  <ele>812.5</ele>
</wpt>
<wpt lat="-31.694125" lon="152.126528">
  <ele>808.8</ele>
</wpt>
<wpt lat="-31.692415" lon="152.12639">
  <ele>792.4</ele>
</wpt>
<wpt lat="-31.691625" lon="152.126437">
  <ele>796.6</ele>
</wpt>
<wpt lat="-31.690437" lon="152.126877">
  <ele>804.9</ele>
</wpt>
<wpt lat="-31.690023" lon="152.126895">
  <ele>810.2</ele>
</wpt>
<wpt lat="-31.688738" lon="152.126423">
  <ele>814.3</ele>
</wpt>
<wpt lat="-31.687581" lon="152.125821">
  <ele>813.0</ele>
</wpt>
<wpt lat="-31.687227" lon="152.12563">
  <ele>810.3</ele>
</wpt>
<wpt lat="-31.686347" lon="152.125279">
  <ele>803.0</ele>
</wpt>
<wpt lat="-31.685457" lon="152.125039">
  <ele>802.0</ele>
</wpt>
<wpt lat="-31.685089" lon="152.125022">
  <ele>802.7</ele>
</wpt>
<wpt lat="-31.684563" lon="152.125175">
  <ele>806.3</ele>
</wpt>
<wpt lat="-31.684079" lon="152.125389">
  <ele>814.7</ele>
</wpt>
<wpt lat="-31.683664" lon="152.12534">
  <ele>819.2</ele>
</wpt>
<wpt lat="-31.683203" lon="152.125132">
  <ele>828.0</ele>
</wpt>
<wpt lat="-31.682823" lon="152.124867">
  <ele>833.7</ele>
</wpt>
<wpt lat="-31.682393" lon="152.124666">
  <ele>834.8</ele>
</wpt>
<wpt lat="-31.681978" lon="152.124754">
  <ele>837.5</ele>
</wpt>
<wpt lat="-31.681572" lon="152.124871">
  <ele>837.9</ele>
</wpt>
<wpt lat="-31.681308" lon="152.125106">
  <ele>839.2</ele>
</wpt>
<wpt lat="-31.681294" lon="152.125663">
  <ele>846.8</ele>
</wpt>
<wpt lat="-31.681327" lon="152.126205">
  <ele>856.1</ele>
</wpt>
<wpt lat="-31.681433" lon="152.12667">
  <ele>853.3</ele>
</wpt>
<wpt lat="-31.681474" lon="152.127203">
  <ele>854.0</ele>
</wpt>
<wpt lat="-31.681499" lon="152.127397">
  <ele>856.1</ele>
</wpt>
<wpt lat="-31.681347" lon="152.128078">
  <ele>866.2</ele>
</wpt>
<wpt lat="-31.681136" lon="152.128666">
  <ele>872.4</ele>
</wpt>
<wpt lat="-31.680715" lon="152.129239">
  <ele>868.6</ele>
</wpt>
<wpt lat="-31.680188" lon="152.129959">
  <ele>871.8</ele>
</wpt>
<wpt lat="-31.679918" lon="152.130292">
  <ele>873.6</ele>
</wpt>
<wpt lat="-31.67943" lon="152.1304">
  <ele>870.8</ele>
</wpt>
<wpt lat="-31.678995" lon="152.13057">
  <ele>864.6</ele>
</wpt>
<wpt lat="-31.678455" lon="152.130717">
  <ele>859.0</ele>
</wpt>
<wpt lat="-31.678094" lon="152.130873">
  <ele>861.3</ele>
</wpt>
<wpt lat="-31.677296" lon="152.131306">
  <ele>851.6</ele>
</wpt>
<wpt lat="-31.676691" lon="152.131511">
  <ele>842.3</ele>
</wpt>
<wpt lat="-31.676276" lon="152.131556">
  <ele>835.7</ele>
</wpt>
<wpt lat="-31.67545" lon="152.13143">
  <ele>821.4</ele>
</wpt>
<wpt lat="-31.675055" lon="152.131488">
  <ele>829.6</ele>
</wpt>
<wpt lat="-31.674602" lon="152.132018">
  <ele>836.2</ele>
</wpt>
<wpt lat="-31.674332" lon="152.132165">
  <ele>838.0</ele>
</wpt>
<wpt lat="-31.673944" lon="152.132312">
  <ele>841.2</ele>
</wpt>
<wpt lat="-31.673486" lon="152.132172">
  <ele>842.5</ele>
</wpt>
<wpt lat="-31.67279" lon="152.131986">
  <ele>833.5</ele>
</wpt>
<wpt lat="-31.67223" lon="152.132141">
  <ele>835.1</ele>
</wpt>
<wpt lat="-31.671765" lon="152.132426">
  <ele>828.7</ele>
</wpt>
<wpt lat="-31.671271" lon="152.132621">
  <ele>825.2</ele>
</wpt>
<wpt lat="-31.670732" lon="152.132775">
  <ele>825.2</ele>
</wpt>
<wpt lat="-31.670452" lon="152.132919">
  <ele>823.1</ele>
</wpt>
<wpt lat="-31.670135" lon="152.133061">
  <ele>820.0</ele>
</wpt>
<wpt lat="-31.669623" lon="152.133061">
  <ele>826.6</ele>
</wpt>
<wpt lat="-31.668905" lon="152.133028">
  <ele>825.3</ele>
</wpt>
<wpt lat="-31.66802" lon="152.132864">
  <ele>824.3</ele>
</wpt>
<wpt lat="-31.667573" lon="152.132645">
  <ele>829.5</ele>
</wpt>
<wpt lat="-31.667435" lon="152.132295">
  <ele>828.4</ele>
</wpt>
<wpt lat="-31.667192" lon="152.132107">
  <ele>829.9</ele>
</wpt>
<wpt lat="-31.666829" lon="152.132137">
  <ele>831.6</ele>
</wpt>
<wpt lat="-31.666176" lon="152.132094">
  <ele>840.4</ele>
</wpt>
<wpt lat="-31.665646" lon="152.131964">
  <ele>841.8</ele>
</wpt>
<wpt lat="-31.665085" lon="152.131419">
  <ele>834.9</ele>
</wpt>
<wpt lat="-31.66475" lon="152.130948">
  <ele>835.7</ele>
</wpt>
<wpt lat="-31.66422" lon="152.130158">
  <ele>831.7</ele>
</wpt>
<wpt lat="-31.663744" lon="152.12993">
  <ele>834.5</ele>
</wpt>
<wpt lat="-31.663011" lon="152.129462">
  <ele>817.5</ele>
</wpt>
<wpt lat="-31.662712" lon="152.129206">
  <ele>812.4</ele>
</wpt>
<wpt lat="-31.662149" lon="152.129052">
  <ele>819.3</ele>
</wpt>
<wpt lat="-31.661805" lon="152.129241">
  <ele>823.8</ele>
</wpt>
<wpt lat="-31.66168" lon="152.129373">
  <ele>822.9</ele>
</wpt>
<wpt lat="-31.661364" lon="152.129712">
  <ele>821.7</ele>
</wpt>
<wpt lat="-31.661028" lon="152.130024">
  <ele>823.0</ele>
</wpt>
<wpt lat="-31.660809" lon="152.130298">
  <ele>822.8</ele>
</wpt>
<wpt lat="-31.6608" lon="152.130719">
  <ele>828.9</ele>
</wpt>
<wpt lat="-31.661009" lon="152.131048">
  <ele>837.8</ele>
</wpt>
<wpt lat="-31.66155" lon="152.131469">
  <ele>850.3</ele>
</wpt>
<wpt lat="-31.66204" lon="152.131817">
  <ele>859.6</ele>
</wpt>
<wpt lat="-31.662356" lon="152.132044">
  <ele>868.2</ele>
</wpt>
<wpt lat="-31.662731" lon="152.132672">
  <ele>877.0</ele>
</wpt>
<wpt lat="-31.663054" lon="152.133425">
  <ele>879.6</ele>
</wpt>
<wpt lat="-31.663055" lon="152.133817">
  <ele>877.7</ele>
</wpt>
<wpt lat="-31.663031" lon="152.134441">
  <ele>881.0</ele>
</wpt>
<wpt lat="-31.662971" lon="152.135027">
  <ele>879.0</ele>
</wpt>
<wpt lat="-31.662966" lon="152.135634">
  <ele>882.8</ele>
</wpt>
<wpt lat="-31.663148" lon="152.136625">
  <ele>885.5</ele>
</wpt>
<wpt lat="-31.66339" lon="152.137282">
  <ele>889.9</ele>
</wpt>
<wpt lat="-31.66345" lon="152.137361">
  <ele>890.7</ele>
</wpt>
<wpt lat="-31.663716" lon="152.137709">
  <ele>891.4</ele>
</wpt>
<wpt lat="-31.663879" lon="152.13819">
  <ele>890.2</ele>
</wpt>
<wpt lat="-31.663898" lon="152.138546">
  <ele>890.3</ele>
</wpt>
<wpt lat="-31.663851" lon="152.13894">
  <ele>890.4</ele>
</wpt>
<wpt lat="-31.663889" lon="152.139318">
  <ele>890.1</ele>
</wpt>
<wpt lat="-31.664056" lon="152.139674">
  <ele>882.3</ele>
</wpt>
<wpt lat="-31.664177" lon="152.14021">
  <ele>882.8</ele>
</wpt>
<wpt lat="-31.66435" lon="152.140637">
  <ele>878.5</ele>
</wpt>
<wpt lat="-31.664587" lon="152.140998">
  <ele>876.7</ele>
</wpt>
<wpt lat="-31.664802" lon="152.141221">
  <ele>875.9</ele>
</wpt>
<wpt lat="-31.665093" lon="152.141546">
  <ele>879.0</ele>
</wpt>
<wpt lat="-31.665497" lon="152.142038">
  <ele>877.2</ele>
</wpt>
<wpt lat="-31.665744" lon="152.142488">
  <ele>867.4</ele>
</wpt>
<wpt lat="-31.665497" lon="152.142921">
  <ele>865.2</ele>
</wpt>
<wpt lat="-31.665302" lon="152.142915">
  <ele>867.7</ele>
</wpt>
<wpt lat="-31.665111" lon="152.142945">
  <ele>871.5</ele>
  <name>untitled</name>
</wpt>
<wpt lat="-31.665112" lon="152.142944">
  <ele>871.5</ele>
  <name>untitled</name>
</wpt>
<wpt lat="-31.664586" lon="152.143027">
  <ele>874.0</ele>
</wpt>
<wpt lat="-31.663941" lon="152.143181">
  <ele>868.5</ele>
</wpt>
<wpt lat="-31.66321" lon="152.143522">
  <ele>867.2</ele>
</wpt>
<wpt lat="-31.6629" lon="152.143955">
  <ele>864.4</ele>
</wpt>
<wpt lat="-31.662722" lon="152.144335">
  <ele>866.2</ele>
</wpt>
<wpt lat="-31.66261" lon="152.145031">
  <ele>864.1</ele>
</wpt>
<wpt lat="-31.662538" lon="152.145805">
  <ele>858.0</ele>
</wpt>
<wpt lat="-31.662284" lon="152.146044">
  <ele>860.6</ele>
</wpt>
<wpt lat="-31.661826" lon="152.146316">
  <ele>863.6</ele>
</wpt>
<wpt lat="-31.66118" lon="152.146502">
  <ele>873.7</ele>
</wpt>
<wpt lat="-31.660535" lon="152.146781">
  <ele>868.0</ele>
</wpt>
<wpt lat="-31.659988" lon="152.146866">
  <ele>871.8</ele>
</wpt>
<wpt lat="-31.65976" lon="152.14674">
  <ele>878.5</ele>
</wpt>
<wpt lat="-31.659652" lon="152.14668">
  <ele>878.1</ele>
</wpt>
<wpt lat="-31.65956" lon="152.146316">
  <ele>878.2</ele>
</wpt>
<wpt lat="-31.659474" lon="152.145202">
  <ele>873.5</ele>
</wpt>
<wpt lat="-31.659098" lon="152.14466">
  <ele>868.8</ele>
</wpt>
<wpt lat="-31.658723" lon="152.144443">
  <ele>863.5</ele>
</wpt>
<wpt lat="-31.65809" lon="152.144234">
  <ele>847.5</ele>
</wpt>
<wpt lat="-31.657735" lon="152.144095">
  <ele>847.5</ele>
</wpt>
<wpt lat="-31.657392" lon="152.144319">
  <ele>838.9</ele>
</wpt>
<wpt lat="-31.657016" lon="152.144428">
  <ele>835.7</ele>
</wpt>
<wpt lat="-31.656753" lon="152.144226">
  <ele>837.0</ele>
</wpt>
<wpt lat="-31.656278" lon="152.143739">
  <ele>835.9</ele>
</wpt>
<wpt lat="-31.655909" lon="152.143507">
  <ele>832.6</ele>
</wpt>
<wpt lat="-31.655336" lon="152.143561">
  <ele>815.8</ele>
</wpt>
<wpt lat="-31.654763" lon="152.143925">
  <ele>800.2</ele>
</wpt>
<wpt lat="-31.654414" lon="152.144342">
  <ele>792.6</ele>
</wpt>
<wpt lat="-31.65415" lon="152.145078">
  <ele>796.5</ele>
</wpt>
<wpt lat="-31.653841" lon="152.145945">
  <ele>793.2</ele>
</wpt>
<wpt lat="-31.653511" lon="152.146742">
  <ele>793.0</ele>
</wpt>
<wpt lat="-31.65301" lon="152.14733">
  <ele>806.4</ele>
</wpt>
<wpt lat="-31.652278" lon="152.147623">
  <ele>805.8</ele>
</wpt>
<wpt lat="-31.651988" lon="152.147783">
  <ele>806.1</ele>
</wpt>
<wpt lat="-31.651613" lon="152.14777">
  <ele>806.4</ele>
</wpt>
<wpt lat="-31.651198" lon="152.147671">
  <ele>810.2</ele>
</wpt>
<wpt lat="-31.650902" lon="152.147702">
  <ele>812.9</ele>
</wpt>
<wpt lat="-31.650632" lon="152.148004">
  <ele>818.2</ele>
</wpt>
<wpt lat="-31.650513" lon="152.148445">
  <ele>824.3</ele>
</wpt>
<wpt lat="-31.650394" lon="152.149227">
  <ele>826.5</ele>
</wpt>
<wpt lat="-31.650177" lon="152.149768">
  <ele>831.7</ele>
</wpt>
<wpt lat="-31.649821" lon="152.150233">
  <ele>838.8</ele>
</wpt>
<wpt lat="-31.64911" lon="152.150659">
  <ele>831.3</ele>
</wpt>
<wpt lat="-31.648576" lon="152.150844">
  <ele>829.9</ele>
</wpt>
<wpt lat="-31.648342" lon="152.150793">
  <ele>828.3</ele>
</wpt>
<wpt lat="-31.647943" lon="152.150713">
  <ele>827.3</ele>
</wpt>
<wpt lat="-31.647146" lon="152.150419">
  <ele>827.0</ele>
</wpt>
<wpt lat="-31.646513" lon="152.150125">
  <ele>822.3</ele>
</wpt>
<wpt lat="-31.646323" lon="152.150066">
  <ele>822.7</ele>
</wpt>
<wpt lat="-31.64565" lon="152.149947">
  <ele>831.8</ele>
</wpt>
<wpt lat="-31.645215" lon="152.149838">
  <ele>833.1</ele>
</wpt>
<wpt lat="-31.644873" lon="152.149722">
  <ele>835.0</ele>
</wpt>
<wpt lat="-31.644523" lon="152.149939">
  <ele>830.6</ele>
</wpt>
<wpt lat="-31.643694" lon="152.150531">
  <ele>837.6</ele>
</wpt>
<wpt lat="-31.64315" lon="152.150816">
  <ele>836.2</ele>
</wpt>
<wpt lat="-31.642448" lon="152.150744">
  <ele>827.7</ele>
</wpt>
<wpt lat="-31.641935" lon="152.150373">
  <ele>820.6</ele>
</wpt>
<wpt lat="-31.641291" lon="152.150133">
  <ele>824.3</ele>
</wpt>
<wpt lat="-31.640806" lon="152.149985">
  <ele>817.2</ele>
</wpt>
<wpt lat="-31.64033" lon="152.150159">
  <ele>815.8</ele>
</wpt>
<wpt lat="-31.639647" lon="152.150604">
  <ele>806.2</ele>
</wpt>
<wpt lat="-31.639225" lon="152.150705">
  <ele>804.4</ele>
</wpt>
<wpt lat="-31.638689" lon="152.150647">
  <ele>799.5</ele>
</wpt>
<wpt lat="-31.638187" lon="152.150483">
  <ele>796.1</ele>
</wpt>
<wpt lat="-31.637324" lon="152.150177">
  <ele>790.2</ele>
</wpt>
<wpt lat="-31.636978" lon="152.15028">
  <ele>789.1</ele>
</wpt>
<wpt lat="-31.636527" lon="152.150582">
  <ele>790.1</ele>
</wpt>
<wpt lat="-31.635975" lon="152.15103">
  <ele>790.3</ele>
</wpt>
<wpt lat="-31.635548" lon="152.150994">
  <ele>789.3</ele>
</wpt>
<wpt lat="-31.634876" lon="152.1507">
  <ele>796.3</ele>
</wpt>
<wpt lat="-31.634601" lon="152.150649">
  <ele>803.3</ele>
</wpt>
<wpt lat="-31.633853" lon="152.150828">
  <ele>814.6</ele>
</wpt>
<wpt lat="-31.633465" lon="152.150551">
  <ele>822.1</ele>
</wpt>
<wpt lat="-31.633057" lon="152.150266">
  <ele>826.1</ele>
</wpt>
<wpt lat="-31.633016" lon="152.150237">
  <ele>826.8</ele>
</wpt>
<wpt lat="-31.632699" lon="152.150006">
  <ele>831.4</ele>
</wpt>
<wpt lat="-31.632159" lon="152.149391">
  <ele>836.1</ele>
</wpt>
<wpt lat="-31.631767" lon="152.14853">
  <ele>828.9</ele>
</wpt>
<wpt lat="-31.63151" lon="152.148023">
  <ele>814.3</ele>
</wpt>
<wpt lat="-31.630869" lon="152.147657">
  <ele>819.6</ele>
</wpt>
<wpt lat="-31.630182" lon="152.147516">
  <ele>820.2</ele>
</wpt>
<wpt lat="-31.629642" lon="152.147652">
  <ele>825.7</ele>
</wpt>
<wpt lat="-31.629174" lon="152.148047">
  <ele>824.9</ele>
</wpt>
<wpt lat="-31.628996" lon="152.148511">
  <ele>825.9</ele>
</wpt>
<wpt lat="-31.629029" lon="152.148852">
  <ele>830.3</ele>
</wpt>
<wpt lat="-31.62924" lon="152.149386">
  <ele>839.3</ele>
</wpt>
<wpt lat="-31.629332" lon="152.149866">
  <ele>834.6</ele>
</wpt>
<wpt lat="-31.629209" lon="152.150321">
  <ele>839.8</ele>
</wpt>
<wpt lat="-31.629015" lon="152.150469">
  <ele>841.5</ele>
</wpt>
<wpt lat="-31.62864" lon="152.150841">
  <ele>845.8</ele>
</wpt>
<wpt lat="-31.628468" lon="152.15153">
  <ele>853.1</ele>
</wpt>
<wpt lat="-31.62837" lon="152.151956">
  <ele>857.7</ele>
</wpt>
<wpt lat="-31.628099" lon="152.152412">
  <ele>858.4</ele>
</wpt>
<wpt lat="-31.628007" lon="152.152838">
  <ele>860.2</ele>
</wpt>
<wpt lat="-31.628205" lon="152.153388">
  <ele>876.8</ele>
</wpt>
<wpt lat="-31.628099" lon="152.153844">
  <ele>875.8</ele>
</wpt>
<wpt lat="-31.627836" lon="152.154038">
  <ele>865.9</ele>
</wpt>
<wpt lat="-31.627467" lon="152.154045">
  <ele>856.0</ele>
</wpt>
<wpt lat="-31.627051" lon="152.154131">
  <ele>851.0</ele>
</wpt>
<wpt lat="-31.626709" lon="152.154394">
  <ele>845.0</ele>
</wpt>
<wpt lat="-31.626669" lon="152.154719">
  <ele>844.1</ele>
</wpt>
<wpt lat="-31.6269" lon="152.155176">
  <ele>849.2</ele>
</wpt>
<wpt lat="-31.626953" lon="152.155416">
  <ele>850.7</ele>
</wpt>
<wpt lat="-31.626781" lon="152.155764">
  <ele>843.5</ele>
</wpt>
<wpt lat="-31.626616" lon="152.156043">
  <ele>835.2</ele>
</wpt>
<wpt lat="-31.626524" lon="152.156546">
  <ele>834.8</ele>
</wpt>
<wpt lat="-31.62634" lon="152.156824">
  <ele>834.2</ele>
</wpt>
<wpt lat="-31.626089" lon="152.156855">
  <ele>829.5</ele>
</wpt>
<wpt lat="-31.62576" lon="152.156848">
  <ele>824.7</ele>
</wpt>
<wpt lat="-31.625503" lon="152.157064">
  <ele>821.1</ele>
</wpt>
<wpt lat="-31.625213" lon="152.157684">
  <ele>813.4</ele>
</wpt>
<wpt lat="-31.625068" lon="152.158256">
  <ele>809.3</ele>
</wpt>
<wpt lat="-31.62563" lon="152.158497">
  <ele>824.1</ele>
</wpt>
<wpt lat="-31.625885" lon="152.159054">
  <ele>818.6</ele>
</wpt>
<wpt lat="-31.626068" lon="152.159333">
  <ele>817.2</ele>
</wpt>
<wpt lat="-31.626434" lon="152.159398">
  <ele>819.3</ele>
</wpt>
<wpt lat="-31.626982" lon="152.160127">
  <ele>812.0</ele>
</wpt>
<wpt lat="-31.62742" lon="152.161114">
  <ele>799.7</ele>
</wpt>
<wpt lat="-31.627548" lon="152.161801">
  <ele>800.0</ele>
</wpt>
<wpt lat="-31.627311" lon="152.162531">
  <ele>795.8</ele>
</wpt>
<wpt lat="-31.626854" lon="152.163367">
  <ele>788.6</ele>
</wpt>
<wpt lat="-31.626251" lon="152.163754">
  <ele>791.1</ele>
</wpt>
<wpt lat="-31.625739" lon="152.163968">
  <ele>784.8</ele>
</wpt>
<wpt lat="-31.625091" lon="152.164354">
  <ele>782.2</ele>
</wpt>
<wpt lat="-31.624528" lon="152.165442">
  <ele>772.7</ele>
  <name>untitled</name>
</wpt>
<wpt lat="-31.624528" lon="152.16544">
  <ele>772.8</ele>
  <name>untitled</name>
</wpt>
<wpt lat="-31.624469" lon="152.165554">
  <ele>771.4</ele>
</wpt>
<wpt lat="-31.623739" lon="152.166584">
  <ele>762.5</ele>
</wpt>
<wpt lat="-31.622642" lon="152.168386">
  <ele>762.1</ele>
</wpt>
<wpt lat="-31.622094" lon="152.168515">
  <ele>760.4</ele>
</wpt>
<wpt lat="-31.620705" lon="152.168386">
  <ele>753.5</ele>
</wpt>
<wpt lat="-31.620048" lon="152.168558">
  <ele>753.1</ele>
</wpt>
<wpt lat="-31.61928" lon="152.169288">
  <ele>746.3</ele>
</wpt>
<wpt lat="-31.618915" lon="152.170103">
  <ele>736.6</ele>
</wpt>
<wpt lat="-31.618403" lon="152.171691">
  <ele>736.0</ele>
</wpt>
<wpt lat="-31.61802" lon="152.172055">
  <ele>739.7</ele>
</wpt>
<wpt lat="-31.617636" lon="152.17242">
  <ele>733.8</ele>
</wpt>
<wpt lat="-31.61727" lon="152.172935">
  <ele>735.1</ele>
</wpt>
<wpt lat="-31.617088" lon="152.174352">
  <ele>752.6</ele>
</wpt>
<wpt lat="-31.616905" lon="152.174738">
  <ele>751.3</ele>
</wpt>
<wpt lat="-31.616503" lon="152.176798">
  <ele>762.5</ele>
</wpt>
<wpt lat="-31.615475" lon="152.178219">
  <ele>768.7</ele>
</wpt>
<wpt lat="-31.615073" lon="152.178273">
  <ele>765.6</ele>
</wpt>
<wpt lat="-31.614896" lon="152.178527">
  <ele>766.5</ele>
</wpt>
<wpt lat="-31.615009" lon="152.178852">
  <ele>764.7</ele>
</wpt>
<wpt lat="-31.615772" lon="152.179587">
  <ele>764.1</ele>
</wpt>
<wpt lat="-31.61621" lon="152.180789">
  <ele>750.4</ele>
</wpt>
<wpt lat="-31.616868" lon="152.181175">
  <ele>746.2</ele>
</wpt>
<wpt lat="-31.617636" lon="152.182677">
  <ele>752.1</ele>
</wpt>
<wpt lat="-31.618732" lon="152.183536">
  <ele>772.3</ele>
</wpt>
<wpt lat="-31.619207" lon="152.184507">
  <ele>763.0</ele>
</wpt>
<wpt lat="-31.619682" lon="152.185123">
  <ele>756.1</ele>
</wpt>
<wpt lat="-31.619646" lon="152.18581">
  <ele>746.1</ele>
</wpt>
<wpt lat="-31.620121" lon="152.186454">
  <ele>749.4</ele>
</wpt>
<wpt lat="-31.620742" lon="152.18654">
  <ele>746.0</ele>
</wpt>
<wpt lat="-31.621619" lon="152.18714">
  <ele>736.7</ele>
</wpt>
<wpt lat="-31.622131" lon="152.187226">
  <ele>734.6</ele>
</wpt>
<wpt lat="-31.623592" lon="152.187698">
  <ele>712.2</ele>
</wpt>
<wpt lat="-31.624396" lon="152.190059">
  <ele>699.9</ele>
</wpt>
<wpt lat="-31.624323" lon="152.191174">
  <ele>711.6</ele>
</wpt>
<wpt lat="-31.623994" lon="152.191861">
  <ele>707.3</ele>
</wpt>
<wpt lat="-31.623812" lon="152.192548">
  <ele>707.4</ele>
</wpt>
<wpt lat="-31.624689" lon="152.193192">
  <ele>700.4</ele>
</wpt>
<wpt lat="-31.625127" lon="152.193835">
  <ele>698.5</ele>
</wpt>
<wpt lat="-31.624879" lon="152.19455">
  <ele>700.0</ele>
</wpt>
<wpt lat="-31.624725" lon="152.194994">
  <ele>702.0</ele>
</wpt>
<wpt lat="-31.625346" lon="152.195595">
  <ele>712.8</ele>
</wpt>
<wpt lat="-31.624981" lon="152.196196">
  <ele>708.1</ele>
</wpt>
<wpt lat="-31.625529" lon="152.196882">
  <ele>721.5</ele>
</wpt>
<wpt lat="-31.626114" lon="152.197054">
  <ele>726.3</ele>
</wpt>
<wpt lat="-31.626735" lon="152.196839">
  <ele>737.5</ele>
</wpt>
<wpt lat="-31.627758" lon="152.197225">
  <ele>729.8</ele>
</wpt>
<wpt lat="-31.627868" lon="152.197655">
  <ele>733.9</ele>
</wpt>
<wpt lat="-31.628233" lon="152.198256">
  <ele>746.9</ele>
</wpt>
<wpt lat="-31.627904" lon="152.198513">
  <ele>741.6</ele>
</wpt>
<wpt lat="-31.627356" lon="152.199114">
  <ele>742.1</ele>
</wpt>
<wpt lat="-31.626808" lon="152.199457">
  <ele>743.0</ele>
</wpt>
<wpt lat="-31.626845" lon="152.200916">
  <ele>737.1</ele>
</wpt>
<wpt lat="-31.626406" lon="152.201818">
  <ele>728.8</ele>
</wpt>
<wpt lat="-31.626516" lon="152.20229">
  <ele>736.1</ele>
</wpt>
<wpt lat="-31.627414" lon="152.2024">
  <ele>742.6</ele>
</wpt>
<wpt lat="-31.62776" lon="152.202532">
  <ele>737.2</ele>
</wpt>
<wpt lat="-31.627999" lon="152.202446">
  <ele>738.5</ele>
</wpt>
<wpt lat="-31.628238" lon="152.202492">
  <ele>734.9</ele>
</wpt>
<wpt lat="-31.628511" lon="152.202309">
  <ele>735.4</ele>
</wpt>
<wpt lat="-31.629037" lon="152.202022">
  <ele>734.2</ele>
</wpt>
<wpt lat="-31.629432" lon="152.202005">
  <ele>735.8</ele>
</wpt>
<wpt lat="-31.629607" lon="152.202166">
  <ele>734.8</ele>
</wpt>
<wpt lat="-31.629861" lon="152.20236">
  <ele>731.5</ele>
</wpt>
<wpt lat="-31.630143" lon="152.20232">
  <ele>734.4</ele>
</wpt>
<wpt lat="-31.630382" lon="152.202229">
  <ele>739.3</ele>
</wpt>
<wpt lat="-31.63065" lon="152.202349">
  <ele>747.4</ele>
</wpt>
<wpt lat="-31.63106" lon="152.203213">
  <ele>743.5</ele>
</wpt>
<wpt lat="-31.631318" lon="152.203585">
  <ele>738.3</ele>
</wpt>
<wpt lat="-31.631552" lon="152.203745">
  <ele>736.4</ele>
</wpt>
<wpt lat="-31.632127" lon="152.20394">
  <ele>732.3</ele>
</wpt>
<wpt lat="-31.632595" lon="152.204163">
  <ele>731.0</ele>
</wpt>
<wpt lat="-31.633394" lon="152.20485">
  <ele>741.6</ele>
</wpt>
<wpt lat="-31.633759" lon="152.205371">
  <ele>755.9</ele>
</wpt>
<wpt lat="-31.633827" lon="152.2056">
  <ele>757.6</ele>
</wpt>
<wpt lat="-31.633706" lon="152.206012">
  <ele>753.5</ele>
</wpt>
<wpt lat="-31.633745" lon="152.206361">
  <ele>759.9</ele>
</wpt>
<wpt lat="-31.633978" lon="152.206699">
  <ele>768.6</ele>
</wpt>
<wpt lat="-31.634105" lon="152.206956">
  <ele>767.7</ele>
</wpt>
<wpt lat="-31.634134" lon="152.207379">
  <ele>758.6</ele>
</wpt>
<wpt lat="-31.634271" lon="152.20754">
  <ele>760.1</ele>
</wpt>
<wpt lat="-31.634524" lon="152.207654">
  <ele>765.6</ele>
</wpt>
<wpt lat="-31.634783" lon="152.207832">
  <ele>767.4</ele>
</wpt>
<wpt lat="-31.635007" lon="152.20837">
  <ele>776.3</ele>
</wpt>
<wpt lat="-31.635187" lon="152.208805">
  <ele>773.1</ele>
</wpt>
<wpt lat="-31.635455" lon="152.209016">
  <ele>784.1</ele>
</wpt>
<wpt lat="-31.635703" lon="152.209302">
  <ele>793.3</ele>
</wpt>
<wpt lat="-31.636054" lon="152.210075">
  <ele>799.5</ele>
</wpt>
<wpt lat="-31.63623" lon="152.21043">
  <ele>795.3</ele>
</wpt>
<wpt lat="-31.636722" lon="152.210705">
  <ele>796.7</ele>
</wpt>
<wpt lat="-31.636985" lon="152.210779">
  <ele>797.2</ele>
</wpt>
<wpt lat="-31.637428" lon="152.210751">
  <ele>800.4</ele>
</wpt>
<wpt lat="-31.63777" lon="152.210676">
  <ele>802.4</ele>
</wpt>
<wpt lat="-31.63796" lon="152.210751">
  <ele>805.9</ele>
</wpt>
<wpt lat="-31.638077" lon="152.211088">
  <ele>814.0</ele>
</wpt>
<wpt lat="-31.63813" lon="152.211615">
  <ele>817.2</ele>
</wpt>
<wpt lat="-31.638081" lon="152.212244">
  <ele>815.9</ele>
</wpt>
<wpt lat="-31.638125" lon="152.212822">
  <ele>815.5</ele>
</wpt>
<wpt lat="-31.638364" lon="152.213343">
  <ele>813.4</ele>
</wpt>
<wpt lat="-31.638729" lon="152.213589">
  <ele>816.5</ele>
</wpt>
<wpt lat="-31.638866" lon="152.213996">
  <ele>812.1</ele>
</wpt>
<wpt lat="-31.639049" lon="152.214593">
  <ele>800.4</ele>
</wpt>
<wpt lat="-31.63914" lon="152.215285">
  <ele>789.7</ele>
</wpt>
<wpt lat="-31.639067" lon="152.215671">
  <ele>784.5</ele>
</wpt>
<wpt lat="-31.638914" lon="152.216028">
  <ele>786.5</ele>
</wpt>
<wpt lat="-31.638485" lon="152.216607">
  <ele>788.3</ele>
</wpt>
<wpt lat="-31.638133" lon="152.217031">
  <ele>786.1</ele>
</wpt>
<wpt lat="-31.637857" lon="152.217269">
  <ele>783.9</ele>
</wpt>
<wpt lat="-31.637258" lon="152.217676">
  <ele>782.1</ele>
</wpt>
<wpt lat="-31.636717" lon="152.218122">
  <ele>778.5</ele>
</wpt>
<wpt lat="-31.636615" lon="152.218517">
  <ele>775.9</ele>
</wpt>
<wpt lat="-31.636702" lon="152.218843">
  <ele>774.4</ele>
</wpt>
<wpt lat="-31.636995" lon="152.219221">
  <ele>770.3</ele>
</wpt>
<wpt lat="-31.637219" lon="152.219845">
  <ele>761.5</ele>
</wpt>
<wpt lat="-31.637502" lon="152.22037">
  <ele>757.6</ele>
</wpt>
<wpt lat="-31.637964" lon="152.22148">
  <ele>757.7</ele>
</wpt>
<wpt lat="-31.637998" lon="152.221535">
  <ele>757.9</ele>
</wpt>
<wpt lat="-31.638184" lon="152.221685">
  <ele>760.7</ele>
</wpt>
<wpt lat="-31.638384" lon="152.222147">
  <ele>770.6</ele>
</wpt>
<wpt lat="-31.638398" lon="152.22247">
  <ele>773.4</ele>
</wpt>
<wpt lat="-31.638395" lon="152.222883">
  <ele>768.9</ele>
</wpt>
<wpt lat="-31.638522" lon="152.223175">
  <ele>771.4</ele>
</wpt>
<wpt lat="-31.638608" lon="152.223466">
  <ele>773.9</ele>
</wpt>
<wpt lat="-31.638522" lon="152.223782">
  <ele>772.5</ele>
</wpt>
<wpt lat="-31.638405" lon="152.224231">
  <ele>771.2</ele>
</wpt>
<wpt lat="-31.638291" lon="152.224486">
  <ele>770.6</ele>
</wpt>
<wpt lat="-31.638098" lon="152.224696">
  <ele>769.3</ele>
</wpt>
<wpt lat="-31.637902" lon="152.224854">
  <ele>769.3</ele>
</wpt>
<wpt lat="-31.637819" lon="152.225069">
  <ele>769.5</ele>
</wpt>
<wpt lat="-31.637864" lon="152.225477">
  <ele>766.4</ele>
</wpt>
<wpt lat="-31.638033" lon="152.225748">
  <ele>762.6</ele>
</wpt>
<wpt lat="-31.638274" lon="152.225987">
  <ele>761.6</ele>
</wpt>
<wpt lat="-31.638705" lon="152.226303">
  <ele>760.2</ele>
</wpt>
<wpt lat="-31.639068" lon="152.226481">
  <ele>757.6</ele>
</wpt>
<wpt lat="-31.639638" lon="152.226787">
  <ele>754.3</ele>
</wpt>
<wpt lat="-31.640011" lon="152.22701">
  <ele>754.8</ele>
</wpt>
<wpt lat="-31.64024" lon="152.227319">
  <ele>757.4</ele>
</wpt>
<wpt lat="-31.640311" lon="152.22778">
  <ele>754.4</ele>
</wpt>
<wpt lat="-31.640376" lon="152.228026">
  <ele>754.2</ele>
</wpt>
<wpt lat="-31.640561" lon="152.228175">
  <ele>752.2</ele>
</wpt>
<wpt lat="-31.640808" lon="152.2282">
  <ele>754.5</ele>
</wpt>
<wpt lat="-31.641134" lon="152.228341">
  <ele>751.7</ele>
</wpt>
<wpt lat="-31.64139" lon="152.228604">
  <ele>743.2</ele>
</wpt>
<wpt lat="-31.641614" lon="152.228874">
  <ele>737.5</ele>
</wpt>
<wpt lat="-31.641779" lon="152.229275">
  <ele>734.1</ele>
</wpt>
<wpt lat="-31.641972" lon="152.229533">
  <ele>731.7</ele>
</wpt>
<wpt lat="-31.642234" lon="152.230115">
  <ele>726.0</ele>
</wpt>
<wpt lat="-31.64211" lon="152.230786">
  <ele>703.9</ele>
</wpt>
<wpt lat="-31.6419" lon="152.230899">
  <ele>697.9</ele>
</wpt>
<wpt lat="-31.641662" lon="152.231154">
  <ele>693.6</ele>
</wpt>
<wpt lat="-31.641455" lon="152.231388">
  <ele>690.5</ele>
</wpt>
<wpt lat="-31.641238" lon="152.231571">
  <ele>689.2</ele>
</wpt>
<wpt lat="-31.640818" lon="152.23187">
  <ele>688.1</ele>
</wpt>
<wpt lat="-31.640549" lon="152.232064">
  <ele>687.2</ele>
</wpt>
<wpt lat="-31.640432" lon="152.232489">
  <ele>690.5</ele>
</wpt>
<wpt lat="-31.640153" lon="152.233436">
  <ele>699.6</ele>
</wpt>
<wpt lat="-31.640032" lon="152.233902">
  <ele>704.2</ele>
</wpt>
<wpt lat="-31.639915" lon="152.234084">
  <ele>703.6</ele>
</wpt>
<wpt lat="-31.639657" lon="152.23425">
  <ele>698.1</ele>
</wpt>
<wpt lat="-31.639312" lon="152.234375">
  <ele>691.1</ele>
</wpt>
<wpt lat="-31.639033" lon="152.234521">
  <ele>689.5</ele>
</wpt>
<wpt lat="-31.638796" lon="152.234731">
  <ele>692.5</ele>
</wpt>
<wpt lat="-31.638634" lon="152.234982">
  <ele>695.8</ele>
</wpt>
<wpt lat="-31.638534" lon="152.235302">
  <ele>696.5</ele>
</wpt>
<wpt lat="-31.638523" lon="152.235739">
  <ele>694.8</ele>
</wpt>
<wpt lat="-31.638527" lon="152.236136">
  <ele>700.1</ele>
</wpt>
<wpt lat="-31.638444" lon="152.236581">
  <ele>704.5</ele>
</wpt>
<wpt lat="-31.638227" lon="152.237119">
  <ele>702.1</ele>
</wpt>
<wpt lat="-31.63802" lon="152.237738">
  <ele>698.0</ele>
</wpt>
<wpt lat="-31.637796" lon="152.238458">
  <ele>697.1</ele>
</wpt>
<wpt lat="-31.637648" lon="152.238871">
  <ele>700.9</ele>
</wpt>
<wpt lat="-31.637421" lon="152.239252">
  <ele>704.8</ele>
</wpt>
<wpt lat="-31.637207" lon="152.239543">
  <ele>710.3</ele>
</wpt>
<wpt lat="-31.637028" lon="152.239919">
  <ele>713.2</ele>
</wpt>
<wpt lat="-31.636849" lon="152.2403">
  <ele>712.8</ele>
</wpt>
<wpt lat="-31.63669" lon="152.240522">
  <ele>712.1</ele>
</wpt>
<wpt lat="-31.636449" lon="152.240628">
  <ele>705.7</ele>
</wpt>
<wpt lat="-31.636049" lon="152.240672">
  <ele>695.7</ele>
</wpt>
<wpt lat="-31.635756" lon="152.240632">
  <ele>691.1</ele>
</wpt>
<wpt lat="-31.635326" lon="152.240726">
  <ele>689.0</ele>
</wpt>
<wpt lat="-31.634998" lon="152.240822">
  <ele>687.8</ele>
</wpt>
<wpt lat="-31.634566" lon="152.24097">
  <ele>687.9</ele>
</wpt>
<wpt lat="-31.63394" lon="152.241093">
  <ele>689.6</ele>
</wpt>
<wpt lat="-31.63365" lon="152.241173">
  <ele>693.7</ele>
</wpt>
<wpt lat="-31.633422" lon="152.24129">
  <ele>697.1</ele>
</wpt>
<wpt lat="-31.633254" lon="152.241462">
  <ele>698.7</ele>
</wpt>
<wpt lat="-31.633136" lon="152.24171">
  <ele>697.8</ele>
</wpt>
<wpt lat="-31.632972" lon="152.242684">
  <ele>695.8</ele>
</wpt>
<wpt lat="-31.632769" lon="152.243226">
  <ele>697.7</ele>
</wpt>
<wpt lat="-31.632514" lon="152.243776">
  <ele>694.7</ele>
</wpt>
<wpt lat="-31.632238" lon="152.244329">
  <ele>697.4</ele>
</wpt>
<wpt lat="-31.632284" lon="152.244897">
  <ele>698.4</ele>
</wpt>
<wpt lat="-31.632085" lon="152.245341">
  <ele>699.7</ele>
</wpt>
<wpt lat="-31.631868" lon="152.245655">
  <ele>698.7</ele>
</wpt>
<wpt lat="-31.631588" lon="152.245916">
  <ele>701.7</ele>
</wpt>
<wpt lat="-31.631634" lon="152.246176">
  <ele>701.3</ele>
</wpt>
<wpt lat="-31.631826" lon="152.246415">
  <ele>692.8</ele>
</wpt>
<wpt lat="-31.631887" lon="152.246644">
  <ele>686.5</ele>
</wpt>
<wpt lat="-31.632176" lon="152.246925">
  <ele>682.3</ele>
</wpt>
<wpt lat="-31.632263" lon="152.247191">
  <ele>681.8</ele>
</wpt>
<wpt lat="-31.632241" lon="152.247767">
  <ele>680.9</ele>
</wpt>
<wpt lat="-31.632283" lon="152.247929">
  <ele>678.7</ele>
</wpt>
<wpt lat="-31.632396" lon="152.248034">
  <ele>676.4</ele>
</wpt>
<wpt lat="-31.632667" lon="152.248188">
  <ele>670.1</ele>
</wpt>
<wpt lat="-31.632751" lon="152.248352">
  <ele>668.3</ele>
</wpt>
<wpt lat="-31.632544" lon="152.249137">
  <ele>666.4</ele>
</wpt>
<wpt lat="-31.632214" lon="152.249576">
  <ele>671.4</ele>
</wpt>
<wpt lat="-31.631966" lon="152.249847">
  <ele>669.7</ele>
</wpt>
<wpt lat="-31.632071" lon="152.250116">
  <ele>671.6</ele>
</wpt>
<wpt lat="-31.632299" lon="152.250257">
  <ele>674.6</ele>
</wpt>
<wpt lat="-31.632492" lon="152.25042">
  <ele>676.9</ele>
</wpt>
<wpt lat="-31.632497" lon="152.25056">
  <ele>678.0</ele>
</wpt>
<wpt lat="-31.632431" lon="152.250841">
  <ele>679.6</ele>
</wpt>
<wpt lat="-31.632427" lon="152.251063">
  <ele>680.9</ele>
</wpt>
<wpt lat="-31.632471" lon="152.251308">
  <ele>682.3</ele>
</wpt>
<wpt lat="-31.632549" lon="152.251479">
  <ele>682.9</ele>
</wpt>
<wpt lat="-31.632648" lon="152.251576">
  <ele>683.6</ele>
</wpt>
<wpt lat="-31.632733" lon="152.251627">
  <ele>684.6</ele>
</wpt>
<wpt lat="-31.632784" lon="152.251688">
  <ele>685.0</ele>
</wpt>
<wpt lat="-31.63284" lon="152.251795">
  <ele>684.9</ele>
</wpt>
<wpt lat="-31.632891" lon="152.251978">
  <ele>683.6</ele>
</wpt>
<wpt lat="-31.632921" lon="152.252216">
  <ele>682.0</ele>
</wpt>
<wpt lat="-31.632941" lon="152.252433">
  <ele>680.7</ele>
</wpt>
<wpt lat="-31.632937" lon="152.252668">
  <ele>678.1</ele>
</wpt>
<wpt lat="-31.632916" lon="152.252865">
  <ele>676.7</ele>
</wpt>
<wpt lat="-31.632895" lon="152.25301">
  <ele>676.6</ele>
</wpt>
<wpt lat="-31.632833" lon="152.253285">
  <ele>676.2</ele>
</wpt>
<wpt lat="-31.632712" lon="152.253614">
  <ele>671.4</ele>
</wpt>
<wpt lat="-31.632498" lon="152.253823">
  <ele>673.0</ele>
</wpt>
<wpt lat="-31.632309" lon="152.253936">
  <ele>676.9</ele>
</wpt>
<wpt lat="-31.632224" lon="152.254728">
  <ele>663.7</ele>
</wpt>
<wpt lat="-31.632434" lon="152.255201">
  <ele>641.0</ele>
</wpt>
<wpt lat="-31.63273" lon="152.25544">
  <ele>642.5</ele>
</wpt>
<wpt lat="-31.632883" lon="152.255783">
  <ele>650.9</ele>
</wpt>
<wpt lat="-31.632534" lon="152.257106">
  <ele>646.4</ele>
</wpt>
<wpt lat="-31.63322" lon="152.257568">
  <ele>661.0</ele>
</wpt>
<wpt lat="-31.633565" lon="152.257589">
  <ele>656.9</ele>
</wpt>
<wpt lat="-31.633792" lon="152.257699">
  <ele>657.1</ele>
</wpt>
<wpt lat="-31.633915" lon="152.257897">
  <ele>660.5</ele>
</wpt>
<wpt lat="-31.633937" lon="152.258249">
  <ele>662.0</ele>
</wpt>
<wpt lat="-31.634043" lon="152.258522">
  <ele>660.8</ele>
</wpt>
<wpt lat="-31.634201" lon="152.25868">
  <ele>660.2</ele>
</wpt>
<wpt lat="-31.634559" lon="152.258777">
  <ele>662.6</ele>
</wpt>
<wpt lat="-31.634954" lon="152.25888">
  <ele>664.6</ele>
</wpt>
<wpt lat="-31.635217" lon="152.259003">
  <ele>665.2</ele>
</wpt>
<wpt lat="-31.635385" lon="152.259229">
  <ele>660.4</ele>
</wpt>
<wpt lat="-31.635527" lon="152.259593">
  <ele>654.1</ele>
</wpt>
<wpt lat="-31.635748" lon="152.259936">
  <ele>651.8</ele>
</wpt>
<wpt lat="-31.635851" lon="152.260134">
  <ele>650.4</ele>
</wpt>
<wpt lat="-31.635822" lon="152.260345">
  <ele>649.3</ele>
</wpt>
<wpt lat="-31.635738" lon="152.260621">
  <ele>646.9</ele>
</wpt>
<wpt lat="-31.635744" lon="152.260729">
  <ele>646.3</ele>
</wpt>
<wpt lat="-31.635936" lon="152.260995">
  <ele>645.5</ele>
</wpt>
<wpt lat="-31.636034" lon="152.261235">
  <ele>648.2</ele>
</wpt>
<wpt lat="-31.636095" lon="152.26168">
  <ele>655.6</ele>
</wpt>
<wpt lat="-31.636025" lon="152.26192">
  <ele>654.8</ele>
</wpt>
<wpt lat="-31.635938" lon="152.262143">
  <ele>652.9</ele>
</wpt>
<wpt lat="-31.635904" lon="152.262401">
  <ele>656.9</ele>
</wpt>
<wpt lat="-31.635898" lon="152.262513">
  <ele>659.5</ele>
</wpt>
<wpt lat="-31.63589" lon="152.262584">
  <ele>661.4</ele>
</wpt>
<wpt lat="-31.635872" lon="152.262628">
  <ele>662.3</ele>
</wpt>
<wpt lat="-31.635843" lon="152.262673">
  <ele>662.9</ele>
</wpt>
<wpt lat="-31.635789" lon="152.262718">
  <ele>662.4</ele>
</wpt>
<wpt lat="-31.635652" lon="152.262827">
  <ele>659.8</ele>
</wpt>
<wpt lat="-31.635467" lon="152.263051">
  <ele>658.0</ele>
</wpt>
<wpt lat="-31.635419" lon="152.263147">
  <ele>657.7</ele>
</wpt>
<wpt lat="-31.635391" lon="152.263261">
  <ele>658.3</ele>
</wpt>
<wpt lat="-31.635385" lon="152.263371">
  <ele>659.7</ele>
</wpt>
<wpt lat="-31.63539" lon="152.263484">
  <ele>661.6</ele>
</wpt>
<wpt lat="-31.635441" lon="152.263829">
  <ele>667.2</ele>
</wpt>
<wpt lat="-31.635438" lon="152.263909">
  <ele>667.8</ele>
</wpt>
<wpt lat="-31.635426" lon="152.263968">
  <ele>668.1</ele>
</wpt>
<wpt lat="-31.635377" lon="152.264036">
  <ele>667.6</ele>
</wpt>
<wpt lat="-31.635323" lon="152.26408">
  <ele>666.8</ele>
</wpt>
<wpt lat="-31.635233" lon="152.26413">
  <ele>664.7</ele>
</wpt>
<wpt lat="-31.635151" lon="152.264176">
  <ele>662.1</ele>
</wpt>
<wpt lat="-31.635089" lon="152.264278">
  <ele>660.5</ele>
</wpt>
<wpt lat="-31.635043" lon="152.264413">
  <ele>659.6</ele>
</wpt>
<wpt lat="-31.63497" lon="152.264871">
  <ele>665.9</ele>
</wpt>
<wpt lat="-31.634881" lon="152.265378">
  <ele>669.8</ele>
</wpt>
<wpt lat="-31.634701" lon="152.265828">
  <ele>670.5</ele>
</wpt>
<wpt lat="-31.634408" lon="152.266197">
  <ele>666.6</ele>
</wpt>
<wpt lat="-31.634101" lon="152.266454">
  <ele>665.8</ele>
</wpt>
<wpt lat="-31.634018" lon="152.266726">
  <ele>665.8</ele>
</wpt>
<wpt lat="-31.633962" lon="152.267064">
  <ele>664.8</ele>
</wpt>
<wpt lat="-31.633884" lon="152.267321">
  <ele>662.9</ele>
</wpt>
<wpt lat="-31.633487" lon="152.267713">
  <ele>657.4</ele>
</wpt>
<wpt lat="-31.633034" lon="152.268108">
  <ele>657.2</ele>
</wpt>
<wpt lat="-31.632554" lon="152.268443">
  <ele>655.2</ele>
</wpt>
<wpt lat="-31.632218" lon="152.268784">
  <ele>648.1</ele>
</wpt>
<wpt lat="-31.63182" lon="152.269506">
  <ele>646.4</ele>
</wpt>
<wpt lat="-31.631604" lon="152.270002">
  <ele>646.1</ele>
</wpt>
<wpt lat="-31.631448" lon="152.270271">
  <ele>642.3</ele>
</wpt>
<wpt lat="-31.631393" lon="152.270495">
  <ele>641.2</ele>
</wpt>
<wpt lat="-31.631442" lon="152.270664">
  <ele>639.1</ele>
</wpt>
<wpt lat="-31.631583" lon="152.270861">
  <ele>636.0</ele>
</wpt>
<wpt lat="-31.631871" lon="152.271084">
  <ele>633.8</ele>
</wpt>
<wpt lat="-31.631973" lon="152.271248">
  <ele>634.1</ele>
</wpt>
<wpt lat="-31.631956" lon="152.271541">
  <ele>632.7</ele>
</wpt>
<wpt lat="-31.631861" lon="152.271886">
  <ele>627.2</ele>
</wpt>
<wpt lat="-31.631688" lon="152.272132">
  <ele>626.8</ele>
</wpt>
<wpt lat="-31.631481" lon="152.272315">
  <ele>627.9</ele>
</wpt>
<wpt lat="-31.631213" lon="152.272438">
  <ele>627.2</ele>
</wpt>
<wpt lat="-31.631055" lon="152.27261">
  <ele>626.3</ele>
</wpt>
<wpt lat="-31.630986" lon="152.272824">
  <ele>624.9</ele>
</wpt>
<wpt lat="-31.630981" lon="152.273089">
  <ele>622.8</ele>
</wpt>
<wpt lat="-31.631077" lon="152.273308">
  <ele>621.8</ele>
</wpt>
<wpt lat="-31.631279" lon="152.273523">
  <ele>620.0</ele>
</wpt>
<wpt lat="-31.6316" lon="152.273677">
  <ele>614.4</ele>
</wpt>
<wpt lat="-31.632153" lon="152.273869">
  <ele>615.4</ele>
</wpt>
<wpt lat="-31.632495" lon="152.274158">
  <ele>622.8</ele>
</wpt>
<wpt lat="-31.632731" lon="152.274378">
  <ele>625.1</ele>
</wpt>
<wpt lat="-31.632879" lon="152.274747">
  <ele>625.9</ele>
</wpt>
<wpt lat="-31.633009" lon="152.275094">
  <ele>631.3</ele>
</wpt>
<wpt lat="-31.633045" lon="152.275363">
  <ele>634.1</ele>
</wpt>
<wpt lat="-31.632967" lon="152.2756">
  <ele>633.5</ele>
</wpt>
<wpt lat="-31.632589" lon="152.276119">
  <ele>630.0</ele>
</wpt>
<wpt lat="-31.63131" lon="152.277798">
  <ele>625.7</ele>
</wpt>
<wpt lat="-31.631103" lon="152.278133">
  <ele>627.3</ele>
</wpt>
<wpt lat="-31.629932" lon="152.279739">
  <ele>616.2</ele>
</wpt>
<wpt lat="-31.629771" lon="152.280092">
  <ele>619.9</ele>
</wpt>
<wpt lat="-31.629633" lon="152.280458">
  <ele>622.6</ele>
</wpt>
<wpt lat="-31.629567" lon="152.281253">
  <ele>620.1</ele>
</wpt>
<wpt lat="-31.629514" lon="152.282522">
  <ele>608.0</ele>
</wpt>
<wpt lat="-31.629549" lon="152.2827">
  <ele>605.6</ele>
</wpt>
<wpt lat="-31.62972" lon="152.28284">
  <ele>605.8</ele>
</wpt>
<wpt lat="-31.630186" lon="152.282798">
  <ele>603.7</ele>
</wpt>
<wpt lat="-31.630548" lon="152.282811">
  <ele>600.8</ele>
</wpt>
<wpt lat="-31.630719" lon="152.282966">
  <ele>600.7</ele>
</wpt>
<wpt lat="-31.630678" lon="152.283189">
  <ele>601.9</ele>
</wpt>
<wpt lat="-31.630283" lon="152.283535">
  <ele>605.3</ele>
</wpt>
<wpt lat="-31.630146" lon="152.283727">
  <ele>603.3</ele>
</wpt>
<wpt lat="-31.630166" lon="152.283919">
  <ele>600.3</ele>
</wpt>
<wpt lat="-31.630066" lon="152.284148">
  <ele>599.5</ele>
</wpt>
<wpt lat="-31.63006" lon="152.284332">
  <ele>598.2</ele>
</wpt>
<wpt lat="-31.630168" lon="152.284631">
  <ele>595.2</ele>
</wpt>
<wpt lat="-31.630383" lon="152.284914">
  <ele>593.0</ele>
</wpt>
<wpt lat="-31.630838" lon="152.285049">
  <ele>594.3</ele>
</wpt>
<wpt lat="-31.631328" lon="152.285037">
  <ele>593.4</ele>
</wpt>
<wpt lat="-31.631613" lon="152.284952">
  <ele>595.3</ele>
</wpt>
<wpt lat="-31.631921" lon="152.284956">
  <ele>598.2</ele>
</wpt>
<wpt lat="-31.632383" lon="152.285049">
  <ele>602.5</ele>
</wpt>
<wpt lat="-31.632862" lon="152.285193">
  <ele>615.1</ele>
</wpt>
<wpt lat="-31.63301" lon="152.285343">
  <ele>616.9</ele>
</wpt>
<wpt lat="-31.633029" lon="152.285501">
  <ele>614.5</ele>
</wpt>
<wpt lat="-31.632965" lon="152.285673">
  <ele>612.1</ele>
</wpt>
<wpt lat="-31.632968" lon="152.285813">
  <ele>611.9</ele>
</wpt>
<wpt lat="-31.633029" lon="152.286008">
  <ele>613.2</ele>
</wpt>
<wpt lat="-31.632998" lon="152.286217">
  <ele>609.8</ele>
</wpt>
<wpt lat="-31.632954" lon="152.286311">
  <ele>606.4</ele>
</wpt>
<wpt lat="-31.632948" lon="152.286428">
  <ele>604.6</ele>
</wpt>
<wpt lat="-31.632968" lon="152.28658">
  <ele>604.1</ele>
</wpt>
<wpt lat="-31.633048" lon="152.28669">
  <ele>606.0</ele>
</wpt>
<wpt lat="-31.633242" lon="152.286785">
  <ele>610.8</ele>
</wpt>
<wpt lat="-31.633404" lon="152.28684">
  <ele>616.0</ele>
</wpt>
<wpt lat="-31.63346" lon="152.287034">
  <ele>615.2</ele>
</wpt>
<wpt lat="-31.633493" lon="152.287238">
  <ele>612.6</ele>
</wpt>
<wpt lat="-31.633503" lon="152.28751">
  <ele>608.7</ele>
</wpt>
<wpt lat="-31.6335" lon="152.287727">
  <ele>607.3</ele>
</wpt>
<wpt lat="-31.633504" lon="152.28787">
  <ele>606.0</ele>
</wpt>
<wpt lat="-31.633531" lon="152.287989">
  <ele>605.6</ele>
</wpt>
<wpt lat="-31.633633" lon="152.288088">
  <ele>607.5</ele>
</wpt>
<wpt lat="-31.633736" lon="152.288218">
  <ele>607.1</ele>
</wpt>
<wpt lat="-31.633927" lon="152.288488">
  <ele>611.7</ele>
</wpt>
<wpt lat="-31.634002" lon="152.288639">
  <ele>612.4</ele>
</wpt>
<wpt lat="-31.634029" lon="152.288729">
  <ele>612.7</ele>
</wpt>
<wpt lat="-31.634032" lon="152.288803">
  <ele>612.9</ele>
</wpt>
<wpt lat="-31.63399" lon="152.289021">
  <ele>611.9</ele>
</wpt>
<wpt lat="-31.633971" lon="152.289239">
  <ele>609.4</ele>
</wpt>
<wpt lat="-31.633988" lon="152.28942">
  <ele>605.8</ele>
</wpt>
<wpt lat="-31.634029" lon="152.289578">
  <ele>605.1</ele>
</wpt>
<wpt lat="-31.634118" lon="152.289727">
  <ele>606.9</ele>
</wpt>
<wpt lat="-31.634198" lon="152.289896">
  <ele>608.5</ele>
</wpt>
<wpt lat="-31.634366" lon="152.290174">
  <ele>610.6</ele>
</wpt>
<wpt lat="-31.634418" lon="152.290379">
  <ele>609.8</ele>
</wpt>
<wpt lat="-31.634434" lon="152.290531">
  <ele>609.0</ele>
</wpt>
<wpt lat="-31.634409" lon="152.29071">
  <ele>608.8</ele>
</wpt>
<wpt lat="-31.63434" lon="152.290934">
  <ele>609.4</ele>
</wpt>
<wpt lat="-31.63425" lon="152.291049">
  <ele>609.8</ele>
</wpt>
<wpt lat="-31.63408" lon="152.291187">
  <ele>610.1</ele>
</wpt>
<wpt lat="-31.633699" lon="152.291407">
  <ele>608.1</ele>
</wpt>
<wpt lat="-31.63351" lon="152.291602">
  <ele>607.2</ele>
</wpt>
<wpt lat="-31.633396" lon="152.29181">
  <ele>607.7</ele>
</wpt>
<wpt lat="-31.633288" lon="152.292149">
  <ele>608.3</ele>
</wpt>
<wpt lat="-31.633218" lon="152.292626">
  <ele>613.5</ele>
</wpt>
<wpt lat="-31.633154" lon="152.293113">
  <ele>615.2</ele>
</wpt>
<wpt lat="-31.633106" lon="152.293509">
  <ele>615.4</ele>
</wpt>
<wpt lat="-31.633074" lon="152.29365">
  <ele>616.0</ele>
</wpt>
<wpt lat="-31.633012" lon="152.293788">
  <ele>616.2</ele>
</wpt>
<wpt lat="-31.632873" lon="152.294021">
  <ele>617.6</ele>
</wpt>
<wpt lat="-31.632687" lon="152.29428">
  <ele>617.8</ele>
</wpt>
<wpt lat="-31.632571" lon="152.294508">
  <ele>616.9</ele>
</wpt>
<wpt lat="-31.63255" lon="152.294662">
  <ele>616.7</ele>
</wpt>
<wpt lat="-31.632543" lon="152.294988">
  <ele>615.6</ele>
</wpt>
<wpt lat="-31.632617" lon="152.295001">
  <ele>614.7</ele>
</wpt>
<wpt lat="-31.632837" lon="152.295073">
  <ele>612.3</ele>
</wpt>
<wpt lat="-31.633015" lon="152.295124">
  <ele>611.3</ele>
</wpt>
<wpt lat="-31.633199" lon="152.295215">
  <ele>610.2</ele>
</wpt>
<wpt lat="-31.633484" lon="152.295598">
  <ele>607.6</ele>
</wpt>
<wpt lat="-31.633773" lon="152.296096">
  <ele>603.3</ele>
</wpt>
<wpt lat="-31.63397" lon="152.296624">
  <ele>601.0</ele>
</wpt>
<wpt lat="-31.63409" lon="152.296838">
  <ele>598.9</ele>
</wpt>
<wpt lat="-31.634238" lon="152.297047">
  <ele>598.6</ele>
</wpt>
<wpt lat="-31.634653" lon="152.297275">
  <ele>603.4</ele>
</wpt>
<wpt lat="-31.63467" lon="152.297473">
  <ele>604.2</ele>
</wpt>
<wpt lat="-31.634795" lon="152.297846">
  <ele>603.3</ele>
</wpt>
<wpt lat="-31.634853" lon="152.298087">
  <ele>602.2</ele>
</wpt>
<wpt lat="-31.634822" lon="152.298323">
  <ele>600.8</ele>
</wpt>
<wpt lat="-31.634652" lon="152.298592">
  <ele>600.7</ele>
</wpt>
<wpt lat="-31.634375" lon="152.298848">
  <ele>602.7</ele>
</wpt>
<wpt lat="-31.634376" lon="152.298848">
  <ele>602.7</ele>
</wpt>
<wpt lat="-31.63424" lon="152.298973">
  <ele>604.2</ele>
</wpt>
<wpt lat="-31.633854" lon="152.299361">
  <ele>609.2</ele>
</wpt>
<wpt lat="-31.63349" lon="152.299787">
  <ele>618.2</ele>
</wpt>
<wpt lat="-31.633259" lon="152.300134">
  <ele>616.3</ele>
</wpt>
<wpt lat="-31.633195" lon="152.300463">
  <ele>615.2</ele>
</wpt>
<wpt lat="-31.633071" lon="152.301469">
  <ele>625.9</ele>
</wpt>
<wpt lat="-31.632795" lon="152.302035">
  <ele>616.9</ele>
</wpt>
<wpt lat="-31.632285" lon="152.302472">
  <ele>610.0</ele>
</wpt>
<wpt lat="-31.631402" lon="152.302966">
  <ele>612.5</ele>
</wpt>
<wpt lat="-31.630912" lon="152.303054">
  <ele>612.4</ele>
</wpt>
<wpt lat="-31.630408" lon="152.302967">
  <ele>617.3</ele>
</wpt>
<wpt lat="-31.629936" lon="152.302965">
  <ele>624.2</ele>
</wpt>
<wpt lat="-31.629616" lon="152.303056">
  <ele>626.4</ele>
</wpt>
<wpt lat="-31.628461" lon="152.303691">
  <ele>640.3</ele>
</wpt>
<wpt lat="-31.628269" lon="152.303967">
  <ele>643.8</ele>
</wpt>
<wpt lat="-31.628206" lon="152.304294">
  <ele>647.1</ele>
</wpt>
<wpt lat="-31.628482" lon="152.305639">
  <ele>641.6</ele>
</wpt>
<wpt lat="-31.628551" lon="152.306015">
  <ele>642.1</ele>
</wpt>
<wpt lat="-31.628553" lon="152.306436">
  <ele>642.3</ele>
</wpt>
<wpt lat="-31.6284" lon="152.307245">
  <ele>643.3</ele>
</wpt>
<wpt lat="-31.628232" lon="152.307966">
  <ele>642.5</ele>
</wpt>
<wpt lat="-31.62802" lon="152.308622">
  <ele>644.1</ele>
</wpt>
<wpt lat="-31.627766" lon="152.309048">
  <ele>643.5</ele>
</wpt>
<wpt lat="-31.62734" lon="152.309305">
  <ele>644.0</ele>
</wpt>
<wpt lat="-31.627295" lon="152.309333">
  <ele>644.0</ele>
</wpt>
<wpt lat="-31.626628" lon="152.309746">
  <ele>642.9</ele>
</wpt>
<wpt lat="-31.626492" lon="152.309951">
  <ele>642.9</ele>
</wpt>
<wpt lat="-31.626433" lon="152.310113">
  <ele>641.9</ele>
</wpt>
<wpt lat="-31.626429" lon="152.310283">
  <ele>640.2</ele>
</wpt>
<wpt lat="-31.626533" lon="152.31043">
  <ele>638.3</ele>
</wpt>
<wpt lat="-31.627072" lon="152.310836">
  <ele>633.8</ele>
</wpt>
<wpt lat="-31.627246" lon="152.311235">
  <ele>628.6</ele>
</wpt>
<wpt lat="-31.627322" lon="152.311458">
  <ele>624.8</ele>
</wpt>
<wpt lat="-31.62737" lon="152.311727">
  <ele>621.8</ele>
</wpt>
<wpt lat="-31.627342" lon="152.31198">
  <ele>621.5</ele>
</wpt>
<wpt lat="-31.627156" lon="152.312853">
  <ele>623.5</ele>
</wpt>
<wpt lat="-31.626977" lon="152.313678">
  <ele>623.2</ele>
</wpt>
<wpt lat="-31.626857" lon="152.31401">
  <ele>622.5</ele>
</wpt>
<wpt lat="-31.626469" lon="152.314447">
  <ele>623.0</ele>
</wpt>
<wpt lat="-31.625997" lon="152.314806">
  <ele>625.9</ele>
</wpt>
<wpt lat="-31.625711" lon="152.314904">
  <ele>623.8</ele>
</wpt>
<wpt lat="-31.625072" lon="152.314904">
  <ele>623.6</ele>
</wpt>
<wpt lat="-31.62486" lon="152.314945">
  <ele>625.3</ele>
</wpt>
<wpt lat="-31.624574" lon="152.315064">
  <ele>625.6</ele>
</wpt>
<wpt lat="-31.624465" lon="152.3152">
  <ele>625.5</ele>
</wpt>
<wpt lat="-31.624479" lon="152.315458">
  <ele>628.7</ele>
</wpt>
<wpt lat="-31.6246" lon="152.3161">
  <ele>635.7</ele>
</wpt>
<wpt lat="-31.624647" lon="152.316518">
  <ele>628.4</ele>
</wpt>
<wpt lat="-31.624703" lon="152.317085">
  <ele>620.9</ele>
</wpt>
<wpt lat="-31.624745" lon="152.31769">
  <ele>617.8</ele>
</wpt>
<wpt lat="-31.624694" lon="152.318121">
  <ele>618.8</ele>
</wpt>
<wpt lat="-31.624608" lon="152.318583">
  <ele>625.8</ele>
</wpt>
<wpt lat="-31.624496" lon="152.31886">
  <ele>630.0</ele>
</wpt>
<wpt lat="-31.624301" lon="152.319011">
  <ele>631.7</ele>
</wpt>
<wpt lat="-31.624009" lon="152.319079">
  <ele>631.1</ele>
</wpt>
<wpt lat="-31.623587" lon="152.319119">
  <ele>630.1</ele>
</wpt>
<wpt lat="-31.623452" lon="152.319158">
  <ele>630.3</ele>
</wpt>
<wpt lat="-31.623359" lon="152.319254">
  <ele>631.4</ele>
</wpt>
<wpt lat="-31.623297" lon="152.319392">
  <ele>632.6</ele>
</wpt>
<wpt lat="-31.623306" lon="152.319546">
  <ele>634.9</ele>
</wpt>
<wpt lat="-31.623353" lon="152.319947">
  <ele>643.4</ele>
</wpt>
<wpt lat="-31.623361" lon="152.320252">
  <ele>645.9</ele>
</wpt>
<wpt lat="-31.62334" lon="152.320426">
  <ele>646.2</ele>
</wpt>
<wpt lat="-31.623257" lon="152.320683">
  <ele>648.3</ele>
</wpt>
<wpt lat="-31.622821" lon="152.32176">
  <ele>644.0</ele>
</wpt>
<wpt lat="-31.622305" lon="152.322762">
  <ele>640.5</ele>
</wpt>
<wpt lat="-31.622194" lon="152.323158">
  <ele>634.3</ele>
</wpt>
<wpt lat="-31.622108" lon="152.323613">
  <ele>629.7</ele>
</wpt>
<wpt lat="-31.622096" lon="152.324165">
  <ele>625.7</ele>
</wpt>
<wpt lat="-31.622117" lon="152.32506">
  <ele>622.9</ele>
</wpt>
<wpt lat="-31.622261" lon="152.325598">
  <ele>621.1</ele>
</wpt>
<wpt lat="-31.622437" lon="152.326017">
  <ele>619.6</ele>
</wpt>
<wpt lat="-31.623328" lon="152.327431">
  <ele>606.1</ele>
</wpt>
<wpt lat="-31.623478" lon="152.327755">
  <ele>602.8</ele>
</wpt>
<wpt lat="-31.623555" lon="152.328083">
  <ele>601.9</ele>
</wpt>
<wpt lat="-31.623583" lon="152.329054">
  <ele>604.0</ele>
</wpt>
<wpt lat="-31.623537" lon="152.329823">
  <ele>590.7</ele>
</wpt>
<wpt lat="-31.623303" lon="152.331242">
  <ele>574.5</ele>
</wpt>
<wpt lat="-31.623288" lon="152.331499">
  <ele>575.8</ele>
</wpt>
<wpt lat="-31.623356" lon="152.332023">
  <ele>584.2</ele>
</wpt>
<wpt lat="-31.623353" lon="152.332147">
  <ele>586.8</ele>
</wpt>
<wpt lat="-31.62329" lon="152.332251">
  <ele>589.2</ele>
</wpt>
<wpt lat="-31.623134" lon="152.332474">
  <ele>591.5</ele>
</wpt>
<wpt lat="-31.623151" lon="152.332737">
  <ele>591.1</ele>
</wpt>
<wpt lat="-31.623309" lon="152.333238">
  <ele>588.5</ele>
</wpt>
<wpt lat="-31.623302" lon="152.333375">
  <ele>588.9</ele>
</wpt>
<wpt lat="-31.623303" lon="152.33361">
  <ele>590.3</ele>
</wpt>
<wpt lat="-31.62329" lon="152.334332">
  <ele>593.2</ele>
</wpt>
<wpt lat="-31.622659" lon="152.335676">
  <ele>597.9</ele>
</wpt>
<wpt lat="-31.622536" lon="152.336145">
  <ele>598.0</ele>
</wpt>
<wpt lat="-31.622472" lon="152.336561">
  <ele>592.2</ele>
</wpt>
<wpt lat="-31.622479" lon="152.33692">
  <ele>591.2</ele>
</wpt>
<wpt lat="-31.622614" lon="152.338015">
  <ele>597.6</ele>
</wpt>
<wpt lat="-31.62259" lon="152.338441">
  <ele>600.6</ele>
</wpt>
<wpt lat="-31.622554" lon="152.338662">
  <ele>601.9</ele>
</wpt>
<wpt lat="-31.622526" lon="152.338806">
  <ele>602.6</ele>
</wpt>
<wpt lat="-31.622505" lon="152.338858">
  <ele>602.9</ele>
</wpt>
<wpt lat="-31.62248" lon="152.338884">
  <ele>603.2</ele>
</wpt>
<wpt lat="-31.622433" lon="152.338905">
  <ele>603.6</ele>
</wpt>
<wpt lat="-31.622359" lon="152.338902">
  <ele>604.4</ele>
</wpt>
<wpt lat="-31.62229" lon="152.338892">
  <ele>605.2</ele>
</wpt>
<wpt lat="-31.622226" lon="152.338894">
  <ele>605.9</ele>
</wpt>
<wpt lat="-31.622183" lon="152.3389">
  <ele>606.2</ele>
</wpt>
<wpt lat="-31.622143" lon="152.338921">
  <ele>606.2</ele>
</wpt>
<wpt lat="-31.622049" lon="152.338998">
  <ele>605.8</ele>
</wpt>
<wpt lat="-31.621977" lon="152.339082">
  <ele>605.1</ele>
</wpt>
<wpt lat="-31.621892" lon="152.339206">
  <ele>604.0</ele>
</wpt>
<wpt lat="-31.621812" lon="152.339412">
  <ele>600.6</ele>
</wpt>
<wpt lat="-31.621767" lon="152.339686">
  <ele>595.9</ele>
</wpt>
<wpt lat="-31.621778" lon="152.339855">
  <ele>595.1</ele>
</wpt>
<wpt lat="-31.621854" lon="152.3403">
  <ele>593.2</ele>
</wpt>
<wpt lat="-31.621917" lon="152.340556">
  <ele>589.0</ele>
</wpt>
<wpt lat="-31.621953" lon="152.340919">
  <ele>588.2</ele>
</wpt>
<wpt lat="-31.621941" lon="152.341461">
  <ele>590.9</ele>
</wpt>
<wpt lat="-31.621766" lon="152.341933">
  <ele>591.5</ele>
</wpt>
<wpt lat="-31.621387" lon="152.34229">
  <ele>585.9</ele>
</wpt>
<wpt lat="-31.620905" lon="152.342733">
  <ele>577.3</ele>
</wpt>
<wpt lat="-31.620567" lon="152.343055">
  <ele>572.2</ele>
</wpt>
<wpt lat="-31.620332" lon="152.343315">
  <ele>568.5</ele>
</wpt>
<wpt lat="-31.620257" lon="152.343408">
  <ele>565.1</ele>
</wpt>
<wpt lat="-31.620208" lon="152.34351">
  <ele>561.8</ele>
</wpt>
<wpt lat="-31.620158" lon="152.343639">
  <ele>558.6</ele>
</wpt>
<wpt lat="-31.620135" lon="152.34379">
  <ele>556.2</ele>
</wpt>
<wpt lat="-31.620154" lon="152.343896">
  <ele>555.9</ele>
</wpt>
<wpt lat="-31.620197" lon="152.343988">
  <ele>555.9</ele>
</wpt>
<wpt lat="-31.620249" lon="152.344054">
  <ele>555.9</ele>
</wpt>
<wpt lat="-31.620313" lon="152.344095">
  <ele>556.3</ele>
</wpt>
<wpt lat="-31.620588" lon="152.344229">
  <ele>557.2</ele>
</wpt>
<wpt lat="-31.620805" lon="152.344396">
  <ele>550.9</ele>
</wpt>
<wpt lat="-31.621143" lon="152.344935">
  <ele>541.8</ele>
</wpt>
<wpt lat="-31.621362" lon="152.345345">
  <ele>537.3</ele>
</wpt>
<wpt lat="-31.6215" lon="152.345705">
  <ele>537.4</ele>
</wpt>
<wpt lat="-31.62153" lon="152.345945">
  <ele>540.2</ele>
</wpt>
<wpt lat="-31.621536" lon="152.346113">
  <ele>542.1</ele>
</wpt>
<wpt lat="-31.621006" lon="152.346949">
  <ele>546.1</ele>
</wpt>
<wpt lat="-31.620385" lon="152.348795">
  <ele>548.0</ele>
</wpt>
<wpt lat="-31.620239" lon="152.349481">
  <ele>552.3</ele>
</wpt>
<wpt lat="-31.620476" lon="152.349975">
  <ele>548.7</ele>
</wpt>
<wpt lat="-31.620476" lon="152.351005">
  <ele>569.2</ele>
</wpt>
<wpt lat="-31.619782" lon="152.352185">
  <ele>576.2</ele>
</wpt>
<wpt lat="-31.618686" lon="152.353172">
  <ele>574.4</ele>
</wpt>
<wpt lat="-31.617882" lon="152.353751">
  <ele>582.4</ele>
</wpt>
<wpt lat="-31.617535" lon="152.355425">
  <ele>566.6</ele>
</wpt>
<wpt lat="-31.617352" lon="152.355811">
  <ele>569.8</ele>
</wpt>
<wpt lat="-31.617101" lon="152.356116">
  <ele>567.3</ele>
</wpt>
<wpt lat="-31.616672" lon="152.356256">
  <ele>565.1</ele>
</wpt>
<wpt lat="-31.616652" lon="152.356401">
  <ele>565.5</ele>
</wpt>
<wpt lat="-31.616711" lon="152.356495">
  <ele>565.9</ele>
</wpt>
<wpt lat="-31.617139" lon="152.357217">
  <ele>556.9</ele>
</wpt>
<wpt lat="-31.617653" lon="152.357751">
  <ele>546.2</ele>
</wpt>
<wpt lat="-31.618005" lon="152.358023">
  <ele>542.6</ele>
</wpt>
<wpt lat="-31.618583" lon="152.358343">
  <ele>539.8</ele>
</wpt>
<wpt lat="-31.619381" lon="152.359781">
  <ele>533.1</ele>
</wpt>
<wpt lat="-31.619468" lon="152.36022">
  <ele>538.3</ele>
</wpt>
<wpt lat="-31.619334" lon="152.360504">
  <ele>536.6</ele>
</wpt>
<wpt lat="-31.618783" lon="152.361161">
  <ele>524.0</ele>
</wpt>
<wpt lat="-31.618813" lon="152.36148">
  <ele>520.8</ele>
</wpt>
<wpt lat="-31.619814" lon="152.362721">
  <ele>491.7</ele>
</wpt>
<wpt lat="-31.620014" lon="152.363058">
  <ele>489.7</ele>
</wpt>
<wpt lat="-31.619968" lon="152.363334">
  <ele>491.0</ele>
</wpt>
<wpt lat="-31.619723" lon="152.36377">
  <ele>495.5</ele>
</wpt>
<wpt lat="-31.619684" lon="152.364114">
  <ele>502.9</ele>
</wpt>
<wpt lat="-31.619131" lon="152.364794">
  <ele>512.0</ele>
</wpt>
<wpt lat="-31.618968" lon="152.36525">
  <ele>522.8</ele>
</wpt>
<wpt lat="-31.618791" lon="152.365513">
  <ele>522.9</ele>
</wpt>
<wpt lat="-31.618584" lon="152.366098">
  <ele>523.1</ele>
</wpt>
<wpt lat="-31.618641" lon="152.366266">
  <ele>528.1</ele>
</wpt>
<wpt lat="-31.618921" lon="152.366586">
  <ele>547.2</ele>
</wpt>
<wpt lat="-31.619006" lon="152.366767">
  <ele>553.4</ele>
</wpt>
<wpt lat="-31.619031" lon="152.367241">
  <ele>546.2</ele>
</wpt>
<wpt lat="-31.619142" lon="152.367644">
  <ele>552.6</ele>
</wpt>
<wpt lat="-31.619104" lon="152.368196">
  <ele>544.9</ele>
</wpt>
<wpt lat="-31.619135" lon="152.36845">
  <ele>542.9</ele>
</wpt>
<wpt lat="-31.619342" lon="152.368629">
  <ele>541.6</ele>
</wpt>
<wpt lat="-31.619837" lon="152.368793">
  <ele>543.7</ele>
</wpt>
<wpt lat="-31.620951" lon="152.370451">
  <ele>541.0</ele>
</wpt>
<wpt lat="-31.62109" lon="152.370668">
  <ele>541.1</ele>
</wpt>
<wpt lat="-31.621163" lon="152.370865">
  <ele>540.4</ele>
</wpt>
<wpt lat="-31.621193" lon="152.371145">
  <ele>539.9</ele>
</wpt>
<wpt lat="-31.621171" lon="152.371422">
  <ele>539.2</ele>
</wpt>
<wpt lat="-31.621052" lon="152.371899">
  <ele>542.9</ele>
</wpt>
<wpt lat="-31.620983" lon="152.372331">
  <ele>550.3</ele>
</wpt>
<wpt lat="-31.620992" lon="152.372497">
  <ele>553.5</ele>
</wpt>
<wpt lat="-31.621042" lon="152.372696">
  <ele>559.0</ele>
</wpt>
<wpt lat="-31.621131" lon="152.372839">
  <ele>560.5</ele>
</wpt>
<wpt lat="-31.62125" lon="152.37295">
  <ele>559.5</ele>
</wpt>
<wpt lat="-31.62133" lon="152.372997">
  <ele>558.2</ele>
</wpt>
<wpt lat="-31.621412" lon="152.373029">
  <ele>556.8</ele>
</wpt>
<wpt lat="-31.621561" lon="152.373044">
  <ele>553.9</ele>
</wpt>
<wpt lat="-31.621705" lon="152.373029">
  <ele>550.0</ele>
</wpt>
<wpt lat="-31.621838" lon="152.373037">
  <ele>549.6</ele>
</wpt>
<wpt lat="-31.621969" lon="152.373119">
  <ele>553.8</ele>
</wpt>
<wpt lat="-31.622278" lon="152.373358">
  <ele>560.1</ele>
</wpt>
<wpt lat="-31.622801" lon="152.37397">
  <ele>567.9</ele>
</wpt>
<wpt lat="-31.623217" lon="152.374394">
  <ele>565.1</ele>
</wpt>
<wpt lat="-31.624086" lon="152.375484">
  <ele>578.8</ele>
</wpt>
<wpt lat="-31.62437" lon="152.376027">
  <ele>584.4</ele>
</wpt>
<wpt lat="-31.624473" lon="152.376322">
  <ele>582.7</ele>
</wpt>
<wpt lat="-31.624519" lon="152.376657">
  <ele>583.8</ele>
</wpt>
<wpt lat="-31.624493" lon="152.376946">
  <ele>583.8</ele>
</wpt>
<wpt lat="-31.62439" lon="152.377427">
  <ele>588.3</ele>
</wpt>
<wpt lat="-31.624192" lon="152.378143">
  <ele>583.9</ele>
</wpt>
<wpt lat="-31.623637" lon="152.380037">
  <ele>605.1</ele>
</wpt>
<wpt lat="-31.622925" lon="152.381217">
  <ele>608.8</ele>
</wpt>
<wpt lat="-31.623455" lon="152.383663">
  <ele>649.7</ele>
</wpt>
<wpt lat="-31.622907" lon="152.386367">
  <ele>669.6</ele>
</wpt>
<wpt lat="-31.622687" lon="152.388062">
  <ele>683.7</ele>
</wpt>
<wpt lat="-31.621408" lon="152.389607">
  <ele>678.6</ele>
</wpt>
<wpt lat="-31.62115" lon="152.390107">
  <ele>680.8</ele>
</wpt>
<wpt lat="-31.620989" lon="152.390551">
  <ele>685.4</ele>
</wpt>
<wpt lat="-31.620957" lon="152.390845">
  <ele>691.0</ele>
</wpt>
<wpt lat="-31.621" lon="152.391082">
  <ele>697.0</ele>
</wpt>
<wpt lat="-31.621208" lon="152.391238">
  <ele>701.2</ele>
</wpt>
<wpt lat="-31.621529" lon="152.391402">
  <ele>703.1</ele>
</wpt>
<wpt lat="-31.621808" lon="152.391944">
  <ele>700.9</ele>
</wpt>
<wpt lat="-31.622228" lon="152.392314">
  <ele>696.6</ele>
</wpt>
<wpt lat="-31.622605" lon="152.392442">
  <ele>694.0</ele>
</wpt>
<wpt lat="-31.622728" lon="152.392741">
  <ele>692.7</ele>
</wpt>
<wpt lat="-31.622706" lon="152.392974">
  <ele>689.8</ele>
</wpt>
<wpt lat="-31.622502" lon="152.393268">
  <ele>689.6</ele>
</wpt>
<wpt lat="-31.622212" lon="152.393674">
  <ele>691.5</ele>
</wpt>
<wpt lat="-31.622073" lon="152.393952">
  <ele>690.4</ele>
</wpt>
<wpt lat="-31.622246" lon="152.394213">
  <ele>687.1</ele>
</wpt>
<wpt lat="-31.622952" lon="152.394363">
  <ele>682.3</ele>
</wpt>
<wpt lat="-31.623119" lon="152.394442">
  <ele>681.8</ele>
</wpt>
<wpt lat="-31.623214" lon="152.394646">
  <ele>680.9</ele>
</wpt>
<wpt lat="-31.62322" lon="152.394913">
  <ele>680.8</ele>
</wpt>
<wpt lat="-31.623122" lon="152.395136">
  <ele>681.1</ele>
</wpt>
<wpt lat="-31.622422" lon="152.395672">
  <ele>684.2</ele>
</wpt>
<wpt lat="-31.622016" lon="152.396254">
  <ele>677.1</ele>
</wpt>
<wpt lat="-31.621991" lon="152.396487">
  <ele>673.2</ele>
</wpt>
<wpt lat="-31.622056" lon="152.396676">
  <ele>670.5</ele>
</wpt>
<wpt lat="-31.622265" lon="152.39682">
  <ele>669.0</ele>
</wpt>
<wpt lat="-31.622784" lon="152.396934">
  <ele>673.0</ele>
</wpt>
<wpt lat="-31.623498" lon="152.397037">
  <ele>665.9</ele>
</wpt>
<wpt lat="-31.626204" lon="152.399022">
  <ele>681.1</ele>
</wpt>
<wpt lat="-31.626822" lon="152.399541">
  <ele>687.1</ele>
</wpt>
<wpt lat="-31.627237" lon="152.399778">
  <ele>691.8</ele>
</wpt>
<wpt lat="-31.627956" lon="152.400135">
  <ele>689.2</ele>
</wpt>
<wpt lat="-31.628825" lon="152.400293">
  <ele>691.9</ele>
</wpt>
<wpt lat="-31.629679" lon="152.40029">
  <ele>684.0</ele>
</wpt>
<wpt lat="-31.630348" lon="152.401007">
  <ele>678.8</ele>
</wpt>
<wpt lat="-31.631043" lon="152.402186">
  <ele>670.5</ele>
</wpt>
<wpt lat="-31.631932" lon="152.402718">
  <ele>664.7</ele>
</wpt>
<wpt lat="-31.632078" lon="152.403512">
  <ele>657.3</ele>
</wpt>
<wpt lat="-31.632024" lon="152.404606">
  <ele>659.3</ele>
</wpt>
<wpt lat="-31.632024" lon="152.405765">
  <ele>660.1</ele>
</wpt>
<wpt lat="-31.630672" lon="152.408619">
  <ele>638.7</ele>
</wpt>
<wpt lat="-31.630105" lon="152.410335">
  <ele>639.1</ele>
</wpt>
<wpt lat="-31.628589" lon="152.411408">
  <ele>630.1</ele>
</wpt>
<wpt lat="-31.628059" lon="152.412245">
  <ele>616.9</ele>
</wpt>
<wpt lat="-31.627454" lon="152.412666">
  <ele>608.1</ele>
</wpt>
<wpt lat="-31.627264" lon="152.412956">
  <ele>607.4</ele>
</wpt>
<wpt lat="-31.627058" lon="152.413263">
  <ele>608.3</ele>
</wpt>
<wpt lat="-31.626906" lon="152.413524">
  <ele>607.0</ele>
</wpt>
<wpt lat="-31.626834" lon="152.413696">
  <ele>606.0</ele>
</wpt>
<wpt lat="-31.626819" lon="152.413843">
  <ele>605.6</ele>
</wpt>
<wpt lat="-31.626825" lon="152.413987">
  <ele>605.8</ele>
</wpt>
<wpt lat="-31.626843" lon="152.414101">
  <ele>606.1</ele>
</wpt>
<wpt lat="-31.626919" lon="152.414262">
  <ele>606.8</ele>
</wpt>
<wpt lat="-31.627314" lon="152.414851">
  <ele>608.4</ele>
</wpt>
<wpt lat="-31.62745" lon="152.415079">
  <ele>608.2</ele>
</wpt>
<wpt lat="-31.627504" lon="152.415196">
  <ele>608.7</ele>
</wpt>
<wpt lat="-31.627528" lon="152.415281">
  <ele>609.2</ele>
</wpt>
<wpt lat="-31.627544" lon="152.415362">
  <ele>609.3</ele>
</wpt>
<wpt lat="-31.627548" lon="152.415431">
  <ele>609.3</ele>
</wpt>
<wpt lat="-31.627544" lon="152.415551">
  <ele>609.3</ele>
</wpt>
<wpt lat="-31.627515" lon="152.415661">
  <ele>609.5</ele>
</wpt>
<wpt lat="-31.627485" lon="152.415741">
  <ele>609.6</ele>
</wpt>
<wpt lat="-31.627288" lon="152.416097">
  <ele>609.4</ele>
</wpt>
<wpt lat="-31.627128" lon="152.41637">
  <ele>609.7</ele>
</wpt>
<wpt lat="-31.627042" lon="152.416493">
  <ele>609.7</ele>
</wpt>
<wpt lat="-31.626912" lon="152.416636">
  <ele>609.9</ele>
</wpt>
<wpt lat="-31.62682" lon="152.416678">
  <ele>611.6</ele>
</wpt>
<wpt lat="-31.626695" lon="152.416703">
  <ele>613.9</ele>
</wpt>
<wpt lat="-31.626363" lon="152.416754">
  <ele>615.4</ele>
</wpt>
<wpt lat="-31.626094" lon="152.416817">
  <ele>613.9</ele>
</wpt>
<wpt lat="-31.625947" lon="152.416911">
  <ele>613.3</ele>
</wpt>
<wpt lat="-31.625824" lon="152.417059">
  <ele>612.7</ele>
</wpt>
<wpt lat="-31.625752" lon="152.417235">
  <ele>610.8</ele>
</wpt>
<wpt lat="-31.625709" lon="152.417368">
  <ele>609.1</ele>
</wpt>
<wpt lat="-31.625691" lon="152.41755">
  <ele>607.2</ele>
</wpt>
<wpt lat="-31.625665" lon="152.418345">
  <ele>609.1</ele>
</wpt>
<wpt lat="-31.625645" lon="152.419243">
  <ele>614.3</ele>
</wpt>
<wpt lat="-31.625647" lon="152.41946">
  <ele>616.2</ele>
</wpt>
<wpt lat="-31.625657" lon="152.41965">
  <ele>619.0</ele>
</wpt>
<wpt lat="-31.625691" lon="152.419802">
  <ele>620.7</ele>
</wpt>
<wpt lat="-31.625752" lon="152.419959">
  <ele>622.0</ele>
</wpt>
<wpt lat="-31.625904" lon="152.420305">
  <ele>623.3</ele>
</wpt>
<wpt lat="-31.626058" lon="152.420568">
  <ele>623.8</ele>
</wpt>
<wpt lat="-31.626215" lon="152.420822">
  <ele>624.4</ele>
</wpt>
<wpt lat="-31.626962" lon="152.421787">
  <ele>628.4</ele>
</wpt>
<wpt lat="-31.627052" lon="152.421932">
  <ele>630.3</ele>
</wpt>
<wpt lat="-31.6271" lon="152.422035">
  <ele>631.9</ele>
</wpt>
<wpt lat="-31.627144" lon="152.422168">
  <ele>633.9</ele>
</wpt>
<wpt lat="-31.627153" lon="152.42229">
  <ele>636.0</ele>
</wpt>
<wpt lat="-31.62714" lon="152.422396">
  <ele>637.8</ele>
</wpt>
<wpt lat="-31.62711" lon="152.422519">
  <ele>639.8</ele>
</wpt>
<wpt lat="-31.627019" lon="152.422655">
  <ele>641.1</ele>
</wpt>
<wpt lat="-31.626788" lon="152.42291">
  <ele>641.3</ele>
</wpt>
<wpt lat="-31.626736" lon="152.42301">
  <ele>641.4</ele>
</wpt>
<wpt lat="-31.626697" lon="152.423127">
  <ele>641.4</ele>
</wpt>
<wpt lat="-31.626683" lon="152.423281">
  <ele>641.2</ele>
</wpt>
<wpt lat="-31.626694" lon="152.423448">
  <ele>640.6</ele>
</wpt>
<wpt lat="-31.626741" lon="152.42359">
  <ele>640.2</ele>
</wpt>
<wpt lat="-31.626853" lon="152.423854">
  <ele>641.4</ele>
</wpt>
<wpt lat="-31.627036" lon="152.424188">
  <ele>641.7</ele>
</wpt>
<wpt lat="-31.627152" lon="152.424364">
  <ele>640.6</ele>
</wpt>
<wpt lat="-31.627329" lon="152.424584">
  <ele>639.8</ele>
</wpt>
<wpt lat="-31.627562" lon="152.42485">
  <ele>639.1</ele>
</wpt>
<wpt lat="-31.627785" lon="152.425036">
  <ele>639.3</ele>
</wpt>
<wpt lat="-31.628061" lon="152.425207">
  <ele>640.3</ele>
</wpt>
<wpt lat="-31.628472" lon="152.425397">
  <ele>639.0</ele>
</wpt>
<wpt lat="-31.628964" lon="152.425546">
  <ele>637.1</ele>
</wpt>
<wpt lat="-31.629437" lon="152.425735">
  <ele>630.1</ele>
</wpt>
<wpt lat="-31.629795" lon="152.425955">
  <ele>629.2</ele>
</wpt>
<wpt lat="-31.630158" lon="152.426227">
  <ele>628.0</ele>
</wpt>
<wpt lat="-31.630402" lon="152.42645">
  <ele>626.0</ele>
</wpt>
<wpt lat="-31.630555" lon="152.426605">
  <ele>623.1</ele>
</wpt>
<wpt lat="-31.630767" lon="152.426872">
  <ele>624.3</ele>
</wpt>
<wpt lat="-31.631079" lon="152.427401">
  <ele>629.0</ele>
</wpt>
<wpt lat="-31.631314" lon="152.427667">
  <ele>628.0</ele>
</wpt>
<wpt lat="-31.632087" lon="152.428401">
  <ele>625.3</ele>
</wpt>
<wpt lat="-31.632512" lon="152.428807">
  <ele>626.6</ele>
</wpt>
<wpt lat="-31.632691" lon="152.428974">
  <ele>624.9</ele>
</wpt>
<wpt lat="-31.632844" lon="152.429066">
  <ele>624.0</ele>
</wpt>
<wpt lat="-31.63299" lon="152.429131">
  <ele>624.1</ele>
</wpt>
<wpt lat="-31.633198" lon="152.429172">
  <ele>626.5</ele>
</wpt>
<wpt lat="-31.633539" lon="152.429247">
  <ele>628.3</ele>
</wpt>
<wpt lat="-31.633751" lon="152.42931">
  <ele>628.0</ele>
</wpt>
<wpt lat="-31.633899" lon="152.429371">
  <ele>628.1</ele>
</wpt>
<wpt lat="-31.634019" lon="152.429436">
  <ele>629.4</ele>
</wpt>
<wpt lat="-31.634149" lon="152.429541">
  <ele>631.5</ele>
</wpt>
<wpt lat="-31.634344" lon="152.429776">
  <ele>633.5</ele>
</wpt>
<wpt lat="-31.634632" lon="152.430198">
  <ele>630.7</ele>
</wpt>
<wpt lat="-31.634868" lon="152.430496">
  <ele>627.3</ele>
</wpt>
<wpt lat="-31.635018" lon="152.430598">
  <ele>625.6</ele>
</wpt>
<wpt lat="-31.635692" lon="152.430865">
  <ele>624.4</ele>
</wpt>
<wpt lat="-31.6348" lon="152.432778">
  <ele>623.9</ele>
</wpt>
<wpt lat="-31.634723" lon="152.433006">
  <ele>624.2</ele>
</wpt>
<wpt lat="-31.634706" lon="152.433242">
  <ele>623.4</ele>
</wpt>
<wpt lat="-31.634754" lon="152.433558">
  <ele>622.0</ele>
</wpt>
<wpt lat="-31.63487" lon="152.434352">
  <ele>615.8</ele>
</wpt>
<wpt lat="-31.634918" lon="152.434681">
  <ele>617.6</ele>
</wpt>
<wpt lat="-31.635032" lon="152.435466">
  <ele>618.1</ele>
</wpt>
<wpt lat="-31.635043" lon="152.435675">
  <ele>619.3</ele>
</wpt>
<wpt lat="-31.635027" lon="152.435808">
  <ele>620.6</ele>
</wpt>
<wpt lat="-31.634996" lon="152.435875">
  <ele>621.4</ele>
</wpt>
<wpt lat="-31.634903" lon="152.436005">
  <ele>622.5</ele>
</wpt>
<wpt lat="-31.634726" lon="152.436079">
  <ele>622.7</ele>
</wpt>
<wpt lat="-31.633939" lon="152.436264">
  <ele>629.1</ele>
</wpt>
<wpt lat="-31.633684" lon="152.436338">
  <ele>632.1</ele>
</wpt>
<wpt lat="-31.633481" lon="152.436375">
  <ele>632.4</ele>
</wpt>
<wpt lat="-31.633329" lon="152.436358">
  <ele>631.8</ele>
</wpt>
<wpt lat="-31.633071" lon="152.436207">
  <ele>632.3</ele>
</wpt>
<wpt lat="-31.632831" lon="152.436131">
  <ele>633.9</ele>
</wpt>
<wpt lat="-31.63238" lon="152.436094">
  <ele>639.9</ele>
</wpt>
<wpt lat="-31.632105" lon="152.436128">
  <ele>640.5</ele>
</wpt>
<wpt lat="-31.631816" lon="152.436205">
  <ele>640.7</ele>
</wpt>
<wpt lat="-31.631643" lon="152.436331">
  <ele>642.6</ele>
</wpt>
<wpt lat="-31.631349" lon="152.43675">
  <ele>649.2</ele>
</wpt>
<wpt lat="-31.63111" lon="152.437012">
  <ele>647.2</ele>
</wpt>
<wpt lat="-31.631019" lon="152.43732">
  <ele>650.3</ele>
</wpt>
<wpt lat="-31.630979" lon="152.437678">
  <ele>654.4</ele>
</wpt>
<wpt lat="-31.630807" lon="152.438079">
  <ele>657.8</ele>
</wpt>
<wpt lat="-31.630667" lon="152.438334">
  <ele>658.2</ele>
</wpt>
<wpt lat="-31.630562" lon="152.438691">
  <ele>661.3</ele>
</wpt>
<wpt lat="-31.630335" lon="152.439017">
  <ele>662.4</ele>
</wpt>
<wpt lat="-31.630197" lon="152.439195">
  <ele>662.9</ele>
</wpt>
<wpt lat="-31.630174" lon="152.4393">
  <ele>662.7</ele>
</wpt>
<wpt lat="-31.630192" lon="152.439478">
  <ele>662.8</ele>
</wpt>
<wpt lat="-31.630277" lon="152.439643">
  <ele>662.6</ele>
</wpt>
<wpt lat="-31.630415" lon="152.43973">
  <ele>661.9</ele>
</wpt>
<wpt lat="-31.630581" lon="152.439855">
  <ele>661.6</ele>
</wpt>
<wpt lat="-31.63069" lon="152.439999">
  <ele>661.5</ele>
</wpt>
<wpt lat="-31.630772" lon="152.440244">
  <ele>662.5</ele>
</wpt>
<wpt lat="-31.630825" lon="152.440491">
  <ele>663.7</ele>
</wpt>
<wpt lat="-31.631155" lon="152.441107">
  <ele>668.0</ele>
</wpt>
<wpt lat="-31.631184" lon="152.44131">
  <ele>668.0</ele>
</wpt>
<wpt lat="-31.631163" lon="152.441431">
  <ele>667.8</ele>
</wpt>
<wpt lat="-31.631097" lon="152.441566">
  <ele>667.4</ele>
</wpt>
<wpt lat="-31.630973" lon="152.44164">
  <ele>668.0</ele>
</wpt>
<wpt lat="-31.630492" lon="152.441633">
  <ele>672.3</ele>
</wpt>
<wpt lat="-31.630274" lon="152.441649">
  <ele>673.9</ele>
</wpt>
<wpt lat="-31.630009" lon="152.441739">
  <ele>676.4</ele>
</wpt>
<wpt lat="-31.629796" lon="152.441945">
  <ele>676.5</ele>
</wpt>
<wpt lat="-31.629395" lon="152.442438">
  <ele>678.3</ele>
</wpt>
<wpt lat="-31.629211" lon="152.442749">
  <ele>682.3</ele>
</wpt>
<wpt lat="-31.629138" lon="152.442887">
  <ele>683.2</ele>
</wpt>
<wpt lat="-31.628996" lon="152.442916">
  <ele>682.6</ele>
</wpt>
<wpt lat="-31.628894" lon="152.4429">
  <ele>681.8</ele>
</wpt>
<wpt lat="-31.628646" lon="152.442752">
  <ele>677.8</ele>
</wpt>
<wpt lat="-31.628485" lon="152.442739">
  <ele>677.3</ele>
</wpt>
<wpt lat="-31.628319" lon="152.442752">
  <ele>677.5</ele>
</wpt>
<wpt lat="-31.628162" lon="152.442853">
  <ele>678.5</ele>
</wpt>
<wpt lat="-31.628025" lon="152.443015">
  <ele>678.8</ele>
</wpt>
<wpt lat="-31.627942" lon="152.443206">
  <ele>677.7</ele>
</wpt>
<wpt lat="-31.627949" lon="152.443307">
  <ele>677.2</ele>
</wpt>
<wpt lat="-31.627935" lon="152.443572">
  <ele>676.5</ele>
</wpt>
<wpt lat="-31.627931" lon="152.443722">
  <ele>677.5</ele>
</wpt>
<wpt lat="-31.627873" lon="152.443855">
  <ele>677.4</ele>
</wpt>
<wpt lat="-31.627644" lon="152.444074">
  <ele>673.1</ele>
</wpt>
<wpt lat="-31.627581" lon="152.444228">
  <ele>671.3</ele>
</wpt>
<wpt lat="-31.62754" lon="152.444405">
  <ele>669.2</ele>
</wpt>
<wpt lat="-31.627565" lon="152.444661">
  <ele>666.8</ele>
</wpt>
<wpt lat="-31.627665" lon="152.444929">
  <ele>664.5</ele>
</wpt>
<wpt lat="-31.627738" lon="152.445071">
  <ele>664.4</ele>
</wpt>
<wpt lat="-31.627774" lon="152.445205">
  <ele>663.7</ele>
</wpt>
<wpt lat="-31.627784" lon="152.445309">
  <ele>662.7</ele>
</wpt>
<wpt lat="-31.627779" lon="152.445393">
  <ele>661.8</ele>
</wpt>
<wpt lat="-31.627746" lon="152.445461">
  <ele>660.6</ele>
</wpt>
<wpt lat="-31.627684" lon="152.445526">
  <ele>659.2</ele>
</wpt>
<wpt lat="-31.627586" lon="152.445585">
  <ele>658.0</ele>
</wpt>
<wpt lat="-31.627516" lon="152.445617">
  <ele>657.4</ele>
</wpt>
<wpt lat="-31.625792" lon="152.446004">
  <ele>663.3</ele>
</wpt>
<wpt lat="-31.623948" lon="152.446434">
  <ele>666.1</ele>
</wpt>
<wpt lat="-31.623713" lon="152.44644">
  <ele>665.5</ele>
</wpt>
<wpt lat="-31.623535" lon="152.446435">
  <ele>666.0</ele>
</wpt>
<wpt lat="-31.623159" lon="152.446242">
  <ele>668.3</ele>
</wpt>
<wpt lat="-31.622739" lon="152.445958">
  <ele>669.4</ele>
</wpt>
<wpt lat="-31.620565" lon="152.445116">
  <ele>670.6</ele>
</wpt>
<wpt lat="-31.620316" lon="152.445031">
  <ele>670.8</ele>
</wpt>
<wpt lat="-31.62" lon="152.445008">
  <ele>670.9</ele>
</wpt>
<wpt lat="-31.618958" lon="152.445284">
  <ele>669.0</ele>
</wpt>
<wpt lat="-31.61856" lon="152.445336">
  <ele>669.1</ele>
</wpt>
<wpt lat="-31.618186" lon="152.445259">
  <ele>669.8</ele>
</wpt>
<wpt lat="-31.616923" lon="152.444543">
  <ele>661.2</ele>
</wpt>
<wpt lat="-31.614804" lon="152.444417">
  <ele>654.0</ele>
</wpt>
<wpt lat="-31.611876" lon="152.444443">
  <ele>649.2</ele>
</wpt>
<wpt lat="-31.611536" lon="152.444383">
  <ele>649.8</ele>
</wpt>
<wpt lat="-31.608898" lon="152.44391">
  <ele>651.8</ele>
</wpt>
<wpt lat="-31.608283" lon="152.443771">
  <ele>652.1</ele>
</wpt>
<wpt lat="-31.608172" lon="152.443755">
  <ele>651.9</ele>
</wpt>
<wpt lat="-31.607838" lon="152.443568">
  <ele>651.4</ele>
</wpt>
<wpt lat="-31.607507" lon="152.443334">
  <ele>649.1</ele>
</wpt>
<wpt lat="-31.60717" lon="152.443119">
  <ele>648.0</ele>
</wpt>
<wpt lat="-31.607072" lon="152.443084">
  <ele>648.4</ele>
</wpt>
<wpt lat="-31.606988" lon="152.443065">
  <ele>648.8</ele>
</wpt>
<wpt lat="-31.606904" lon="152.443073">
  <ele>649.4</ele>
</wpt>
<wpt lat="-31.606829" lon="152.443103">
  <ele>650.1</ele>
</wpt>
<wpt lat="-31.606766" lon="152.443138">
  <ele>650.6</ele>
</wpt>
<wpt lat="-31.606593" lon="152.443391">
  <ele>651.4</ele>
</wpt>
<wpt lat="-31.6064" lon="152.443604">
  <ele>651.9</ele>
</wpt>
<wpt lat="-31.605759" lon="152.444285">
  <ele>655.3</ele>
</wpt>
<wpt lat="-31.605135" lon="152.444982">
  <ele>650.2</ele>
</wpt>
<wpt lat="-31.603821" lon="152.446317">
  <ele>644.3</ele>
</wpt>
<wpt lat="-31.603439" lon="152.446819">
  <ele>637.8</ele>
</wpt>
<wpt lat="-31.603352" lon="152.446934">
  <ele>635.3</ele>
</wpt>
<wpt lat="-31.603027" lon="152.447668">
  <ele>634.1</ele>
</wpt>
<wpt lat="-31.60252" lon="152.448928">
  <ele>630.1</ele>
</wpt>
<wpt lat="-31.602395" lon="152.450283">
  <ele>632.0</ele>
</wpt>
<wpt lat="-31.602333" lon="152.450985">
  <ele>634.9</ele>
</wpt>
<wpt lat="-31.601967" lon="152.455131">
  <ele>643.2</ele>
</wpt>
<wpt lat="-31.601732" lon="152.458174">
  <ele>626.7</ele>
</wpt>
<wpt lat="-31.601625" lon="152.459166">
  <ele>629.0</ele>
</wpt>
<wpt lat="-31.601364" lon="152.460092">
  <ele>627.4</ele>
</wpt>
<wpt lat="-31.601343" lon="152.460243">
  <ele>626.5</ele>
</wpt>
<wpt lat="-31.601393" lon="152.460758">
  <ele>623.2</ele>
</wpt>
<wpt lat="-31.601466" lon="152.461231">
  <ele>619.6</ele>
</wpt>
<wpt lat="-31.601616" lon="152.461686">
  <ele>616.7</ele>
</wpt>
<wpt lat="-31.601781" lon="152.461961">
  <ele>614.0</ele>
</wpt>
<wpt lat="-31.602081" lon="152.462228">
  <ele>609.5</ele>
</wpt>
<wpt lat="-31.602246" lon="152.462408">
  <ele>607.8</ele>
</wpt>
<wpt lat="-31.602462" lon="152.462717">
  <ele>605.5</ele>
</wpt>
<wpt lat="-31.602813" lon="152.463526">
  <ele>600.3</ele>
</wpt>
<wpt lat="-31.603193" lon="152.464414">
  <ele>596.5</ele>
</wpt>
<wpt lat="-31.603257" lon="152.464613">
  <ele>593.3</ele>
</wpt>
<wpt lat="-31.603209" lon="152.464896">
  <ele>591.0</ele>
</wpt>
<wpt lat="-31.60309" lon="152.465393">
  <ele>589.6</ele>
</wpt>
<wpt lat="-31.603066" lon="152.465593">
  <ele>588.7</ele>
</wpt>
<wpt lat="-31.603075" lon="152.465691">
  <ele>588.3</ele>
</wpt>
<wpt lat="-31.603125" lon="152.465819">
  <ele>587.5</ele>
</wpt>
<wpt lat="-31.603312" lon="152.466043">
  <ele>586.9</ele>
</wpt>
<wpt lat="-31.603564" lon="152.466329">
  <ele>582.6</ele>
</wpt>
<wpt lat="-31.603655" lon="152.466427">
  <ele>581.9</ele>
</wpt>
<wpt lat="-31.603707" lon="152.466489">
  <ele>581.8</ele>
</wpt>
<wpt lat="-31.603756" lon="152.466532">
  <ele>581.8</ele>
</wpt>
<wpt lat="-31.603814" lon="152.466578">
  <ele>581.8</ele>
</wpt>
<wpt lat="-31.603891" lon="152.466616">
  <ele>582.0</ele>
</wpt>
<wpt lat="-31.603974" lon="152.466639">
  <ele>582.0</ele>
</wpt>
<wpt lat="-31.604198" lon="152.466663">
  <ele>582.0</ele>
</wpt>
<wpt lat="-31.604334" lon="152.46667">
  <ele>582.0</ele>
</wpt>
<wpt lat="-31.604523" lon="152.466744">
  <ele>581.6</ele>
</wpt>
<wpt lat="-31.604754" lon="152.466977">
  <ele>580.3</ele>
</wpt>
<wpt lat="-31.60554" lon="152.467961">
  <ele>588.5</ele>
</wpt>
<wpt lat="-31.605961" lon="152.468541">
  <ele>590.7</ele>
</wpt>
<wpt lat="-31.606154" lon="152.468784">
  <ele>594.1</ele>
</wpt>
<wpt lat="-31.606435" lon="152.469007">
  <ele>597.0</ele>
</wpt>
<wpt lat="-31.607008" lon="152.469378">
  <ele>594.9</ele>
</wpt>
<wpt lat="-31.607312" lon="152.469608">
  <ele>600.5</ele>
</wpt>
<wpt lat="-31.607677" lon="152.469948">
  <ele>603.4</ele>
</wpt>
<wpt lat="-31.608135" lon="152.470415">
  <ele>609.0</ele>
</wpt>
<wpt lat="-31.608521" lon="152.470759">
  <ele>615.3</ele>
</wpt>
<wpt lat="-31.608689" lon="152.470932">
  <ele>618.4</ele>
</wpt>
<wpt lat="-31.608843" lon="152.471144">
  <ele>620.0</ele>
</wpt>
<wpt lat="-31.609009" lon="152.471456">
  <ele>619.7</ele>
</wpt>
<wpt lat="-31.6091" lon="152.471716">
  <ele>620.0</ele>
</wpt>
<wpt lat="-31.6091" lon="152.471728">
  <ele>620.1</ele>
</wpt>
<wpt lat="-31.609009" lon="152.471468">
  <ele>619.7</ele>
</wpt>
<wpt lat="-31.609334" lon="152.471635">
  <ele>620.4</ele>
</wpt>
<wpt lat="-31.609461" lon="152.471698">
  <ele>621.3</ele>
</wpt>
<wpt lat="-31.609654" lon="152.471744">
  <ele>622.5</ele>
</wpt>
<wpt lat="-31.609827" lon="152.471721">
  <ele>623.8</ele>
</wpt>
<wpt lat="-31.610054" lon="152.471528">
  <ele>625.6</ele>
</wpt>
<wpt lat="-31.610353" lon="152.471256">
  <ele>626.6</ele>
</wpt>
<wpt lat="-31.610806" lon="152.47083">
  <ele>638.2</ele>
</wpt>
<wpt lat="-31.610982" lon="152.470585">
  <ele>647.0</ele>
</wpt>
<wpt lat="-31.611012" lon="152.470333">
  <ele>647.6</ele>
</wpt>
<wpt lat="-31.610962" lon="152.47007">
  <ele>644.2</ele>
</wpt>
<wpt lat="-31.610939" lon="152.469826">
  <ele>641.5</ele>
</wpt>
<wpt lat="-31.610991" lon="152.469464">
  <ele>644.6</ele>
</wpt>
<wpt lat="-31.61108" lon="152.469075">
  <ele>649.1</ele>
</wpt>
<wpt lat="-31.611245" lon="152.468684">
  <ele>648.9</ele>
</wpt>
<wpt lat="-31.61148" lon="152.468391">
  <ele>649.8</ele>
</wpt>
<wpt lat="-31.611823" lon="152.468147">
  <ele>655.6</ele>
</wpt>
<wpt lat="-31.612088" lon="152.468037">
  <ele>658.6</ele>
</wpt>
<wpt lat="-31.612538" lon="152.467989">
  <ele>660.3</ele>
</wpt>
<wpt lat="-31.613346" lon="152.4679">
  <ele>662.8</ele>
</wpt>
<wpt lat="-31.613729" lon="152.467878">
  <ele>658.0</ele>
</wpt>
<wpt lat="-31.614012" lon="152.467752">
  <ele>652.3</ele>
</wpt>
<wpt lat="-31.614267" lon="152.467559">
  <ele>650.9</ele>
</wpt>
<wpt lat="-31.614523" lon="152.467344">
  <ele>651.2</ele>
</wpt>
<wpt lat="-31.614907" lon="152.467172">
  <ele>650.7</ele>
</wpt>
<wpt lat="-31.615172" lon="152.467128">
  <ele>654.4</ele>
</wpt>
<wpt lat="-31.615346" lon="152.467082">
  <ele>657.2</ele>
</wpt>
<wpt lat="-31.615469" lon="152.466854">
  <ele>655.0</ele>
</wpt>
<wpt lat="-31.615391" lon="152.466613">
  <ele>649.5</ele>
</wpt>
<wpt lat="-31.615473" lon="152.466356">
  <ele>647.5</ele>
</wpt>
<wpt lat="-31.615601" lon="152.466121">
  <ele>643.8</ele>
</wpt>
<wpt lat="-31.615608" lon="152.465816">
  <ele>640.6</ele>
</wpt>
<wpt lat="-31.615427" lon="152.465519">
  <ele>641.4</ele>
</wpt>
<wpt lat="-31.615181" lon="152.465263">
  <ele>638.6</ele>
</wpt>
<wpt lat="-31.615027" lon="152.465046">
  <ele>636.9</ele>
</wpt>
<wpt lat="-31.615017" lon="152.46479">
  <ele>637.9</ele>
</wpt>
<wpt lat="-31.615145" lon="152.464404">
  <ele>635.1</ele>
</wpt>
<wpt lat="-31.615455" lon="152.464147">
  <ele>629.9</ele>
</wpt>
<wpt lat="-31.615894" lon="152.464039">
  <ele>628.7</ele>
</wpt>
<wpt lat="-31.616214" lon="152.463994">
  <ele>625.0</ele>
</wpt>
<wpt lat="-31.616478" lon="152.464039">
  <ele>622.2</ele>
</wpt>
<wpt lat="-31.616635" lon="152.464123">
  <ele>620.8</ele>
</wpt>
<wpt lat="-31.616826" lon="152.464361">
  <ele>620.2</ele>
</wpt>
<wpt lat="-31.616854" lon="152.464574">
  <ele>621.6</ele>
</wpt>
<wpt lat="-31.616945" lon="152.464853">
  <ele>622.4</ele>
</wpt>
<wpt lat="-31.6171" lon="152.46522">
  <ele>622.6</ele>
</wpt>
<wpt lat="-31.617282" lon="152.46537">
  <ele>621.2</ele>
</wpt>
<wpt lat="-31.617593" lon="152.465477">
  <ele>621.6</ele>
</wpt>
<wpt lat="-31.617822" lon="152.465368">
  <ele>619.6</ele>
</wpt>
<wpt lat="-31.618032" lon="152.465241">
  <ele>617.6</ele>
</wpt>
<wpt lat="-31.618287" lon="152.465048">
  <ele>615.5</ele>
</wpt>
<wpt lat="-31.618488" lon="152.465026">
  <ele>614.7</ele>
</wpt>
<wpt lat="-31.618718" lon="152.465153">
  <ele>614.9</ele>
</wpt>
<wpt lat="-31.618901" lon="152.465346">
  <ele>616.9</ele>
</wpt>
<wpt lat="-31.619128" lon="152.465541">
  <ele>619.7</ele>
</wpt>
<wpt lat="-31.619248" lon="152.46569">
  <ele>621.9</ele>
</wpt>
<wpt lat="-31.619485" lon="152.465904">
  <ele>625.5</ele>
</wpt>
<wpt lat="-31.61965" lon="152.465883">
  <ele>626.1</ele>
</wpt>
<wpt lat="-31.619731" lon="152.465649">
  <ele>624.8</ele>
</wpt>
<wpt lat="-31.619822" lon="152.46537">
  <ele>623.3</ele>
</wpt>
<wpt lat="-31.61995" lon="152.465091">
  <ele>621.8</ele>
</wpt>
<wpt lat="-31.62017" lon="152.465026">
  <ele>622.7</ele>
</wpt>
<wpt lat="-31.620307" lon="152.465089">
  <ele>624.6</ele>
</wpt>
<wpt lat="-31.62049" lon="152.465368">
  <ele>630.8</ele>
</wpt>
<wpt lat="-31.620673" lon="152.465582">
  <ele>634.5</ele>
</wpt>
<wpt lat="-31.620892" lon="152.465754">
  <ele>635.7</ele>
</wpt>
<wpt lat="-31.621083" lon="152.465692">
  <ele>639.9</ele>
</wpt>
<wpt lat="-31.621266" lon="152.465434">
  <ele>640.8</ele>
</wpt>
<wpt lat="-31.621394" lon="152.465134">
  <ele>640.1</ele>
</wpt>
<wpt lat="-31.62154" lon="152.464962">
  <ele>641.7</ele>
</wpt>
<wpt lat="-31.621832" lon="152.464962">
  <ele>644.2</ele>
</wpt>
<wpt lat="-31.621988" lon="152.465067">
  <ele>645.7</ele>
</wpt>
<wpt lat="-31.622933" lon="152.466188">
  <ele>660.8</ele>
</wpt>
<wpt lat="-31.623047" lon="152.466311">
  <ele>662.6</ele>
</wpt>
<wpt lat="-31.623187" lon="152.466419">
  <ele>665.6</ele>
</wpt>
<wpt lat="-31.623317" lon="152.466496">
  <ele>666.9</ele>
</wpt>
<wpt lat="-31.62345" lon="152.466561">
  <ele>667.3</ele>
</wpt>
<wpt lat="-31.623623" lon="152.466606">
  <ele>667.9</ele>
</wpt>
<wpt lat="-31.623807" lon="152.466636">
  <ele>669.2</ele>
</wpt>
<wpt lat="-31.623979" lon="152.466665">
  <ele>670.6</ele>
</wpt>
<wpt lat="-31.624172" lon="152.466706">
  <ele>671.6</ele>
</wpt>
<wpt lat="-31.624333" lon="152.466778">
  <ele>671.3</ele>
</wpt>
<wpt lat="-31.624463" lon="152.46685">
  <ele>671.2</ele>
</wpt>
<wpt lat="-31.624623" lon="152.466936">
  <ele>669.7</ele>
</wpt>
<wpt lat="-31.624759" lon="152.46699">
  <ele>667.7</ele>
</wpt>
<wpt lat="-31.624916" lon="152.467027">
  <ele>664.7</ele>
</wpt>
<wpt lat="-31.62508" lon="152.467027">
  <ele>663.7</ele>
</wpt>
<wpt lat="-31.625215" lon="152.467011">
  <ele>664.3</ele>
</wpt>
<wpt lat="-31.625352" lon="152.466974">
  <ele>665.6</ele>
</wpt>
<wpt lat="-31.62549" lon="152.466905">
  <ele>667.2</ele>
</wpt>
<wpt lat="-31.62638" lon="152.466416">
  <ele>677.0</ele>
</wpt>
<wpt lat="-31.626514" lon="152.46636">
  <ele>677.4</ele>
</wpt>
<wpt lat="-31.626647" lon="152.466333">
  <ele>677.7</ele>
</wpt>
<wpt lat="-31.626784" lon="152.46633">
  <ele>677.6</ele>
</wpt>
<wpt lat="-31.626946" lon="152.466346">
  <ele>677.9</ele>
</wpt>
<wpt lat="-31.62706" lon="152.46637">
  <ele>678.5</ele>
</wpt>
<wpt lat="-31.627184" lon="152.466441">
  <ele>680.1</ele>
</wpt>
<wpt lat="-31.627342" lon="152.466548">
  <ele>681.6</ele>
</wpt>
<wpt lat="-31.627611" lon="152.466768">
  <ele>684.0</ele>
</wpt>
<wpt lat="-31.627782" lon="152.466915">
  <ele>685.4</ele>
</wpt>
<wpt lat="-31.627955" lon="152.467054">
  <ele>687.1</ele>
</wpt>
<wpt lat="-31.628042" lon="152.467111">
  <ele>688.2</ele>
</wpt>
<wpt lat="-31.628184" lon="152.467151">
  <ele>686.9</ele>
</wpt>
<wpt lat="-31.628326" lon="152.467216">
  <ele>686.0</ele>
</wpt>
<wpt lat="-31.628424" lon="152.467285">
  <ele>685.8</ele>
</wpt>
<wpt lat="-31.628533" lon="152.467387">
  <ele>686.4</ele>
</wpt>
<wpt lat="-31.628602" lon="152.4675">
  <ele>688.2</ele>
</wpt>
<wpt lat="-31.628657" lon="152.467578">
  <ele>689.1</ele>
</wpt>
<wpt lat="-31.628759" lon="152.46769">
  <ele>690.1</ele>
</wpt>
<wpt lat="-31.628846" lon="152.467768">
  <ele>690.5</ele>
</wpt>
<wpt lat="-31.628951" lon="152.467808">
  <ele>690.3</ele>
</wpt>
<wpt lat="-31.629116" lon="152.467811">
  <ele>689.2</ele>
</wpt>
<wpt lat="-31.629253" lon="152.467797">
  <ele>688.4</ele>
</wpt>
<wpt lat="-31.629368" lon="152.467776">
  <ele>688.0</ele>
</wpt>
<wpt lat="-31.629458" lon="152.467706">
  <ele>686.5</ele>
</wpt>
<wpt lat="-31.629545" lon="152.467593">
  <ele>684.2</ele>
</wpt>
<wpt lat="-31.629693" lon="152.467389">
  <ele>680.0</ele>
</wpt>
<wpt lat="-31.629908" lon="152.467054">
  <ele>674.3</ele>
</wpt>
<wpt lat="-31.630091" lon="152.466794">
  <ele>670.6</ele>
</wpt>
<wpt lat="-31.630237" lon="152.466539">
  <ele>667.5</ele>
</wpt>
<wpt lat="-31.630351" lon="152.466443">
  <ele>666.8</ele>
</wpt>
<wpt lat="-31.630477" lon="152.4664">
  <ele>666.2</ele>
</wpt>
<wpt lat="-31.63058" lon="152.466387">
  <ele>666.0</ele>
</wpt>
<wpt lat="-31.631011" lon="152.466357">
  <ele>665.9</ele>
</wpt>
<wpt lat="-31.631087" lon="152.46633">
  <ele>665.6</ele>
</wpt>
<wpt lat="-31.631162" lon="152.466287">
  <ele>665.5</ele>
</wpt>
<wpt lat="-31.631215" lon="152.466217">
  <ele>664.9</ele>
</wpt>
<wpt lat="-31.631281" lon="152.466094">
  <ele>663.8</ele>
</wpt>
<wpt lat="-31.63142" lon="152.465882">
  <ele>662.0</ele>
</wpt>
<wpt lat="-31.631489" lon="152.465802">
  <ele>660.9</ele>
</wpt>
<wpt lat="-31.631584" lon="152.465721">
  <ele>659.9</ele>
</wpt>
<wpt lat="-31.631651" lon="152.465702">
  <ele>659.6</ele>
</wpt>
<wpt lat="-31.631735" lon="152.465713">
  <ele>659.1</ele>
</wpt>
<wpt lat="-31.63182" lon="152.465753">
  <ele>658.9</ele>
</wpt>
<wpt lat="-31.631905" lon="152.465856">
  <ele>659.7</ele>
</wpt>
<wpt lat="-31.631991" lon="152.465971">
  <ele>659.9</ele>
</wpt>
<wpt lat="-31.632055" lon="152.466065">
  <ele>660.2</ele>
</wpt>
<wpt lat="-31.632135" lon="152.466145">
  <ele>660.3</ele>
</wpt>
<wpt lat="-31.632238" lon="152.466183">
  <ele>659.6</ele>
</wpt>
<wpt lat="-31.632594" lon="152.466271">
  <ele>655.5</ele>
</wpt>
<wpt lat="-31.632795" lon="152.466333">
  <ele>652.4</ele>
</wpt>
<wpt lat="-31.632945" lon="152.466389">
  <ele>651.2</ele>
</wpt>
<wpt lat="-31.633087" lon="152.466384">
  <ele>650.1</ele>
</wpt>
<wpt lat="-31.633254" lon="152.466325">
  <ele>650.8</ele>
</wpt>
<wpt lat="-31.633345" lon="152.466242">
  <ele>651.6</ele>
</wpt>
<wpt lat="-31.633434" lon="152.46611">
  <ele>653.1</ele>
</wpt>
<wpt lat="-31.633595" lon="152.465778">
  <ele>654.1</ele>
</wpt>
<wpt lat="-31.633697" lon="152.465619">
  <ele>654.3</ele>
</wpt>
<wpt lat="-31.63382" lon="152.465504">
  <ele>655.3</ele>
</wpt>
<wpt lat="-31.633928" lon="152.465421">
  <ele>655.2</ele>
</wpt>
<wpt lat="-31.634074" lon="152.46534">
  <ele>655.6</ele>
</wpt>
<wpt lat="-31.634238" lon="152.465263">
  <ele>656.6</ele>
</wpt>
<wpt lat="-31.634391" lon="152.465206">
  <ele>657.3</ele>
</wpt>
<wpt lat="-31.634517" lon="152.46518">
  <ele>658.4</ele>
</wpt>
<wpt lat="-31.634658" lon="152.465177">
  <ele>660.0</ele>
</wpt>
<wpt lat="-31.635309" lon="152.465321">
  <ele>657.1</ele>
</wpt>
<wpt lat="-31.636154" lon="152.465501">
  <ele>665.8</ele>
</wpt>
<wpt lat="-31.63658" lon="152.465577">
  <ele>666.1</ele>
</wpt>
<wpt lat="-31.637171" lon="152.465647">
  <ele>664.6</ele>
</wpt>
<wpt lat="-31.638823" lon="152.465584">
  <ele>677.2</ele>
</wpt>
<wpt lat="-31.639144" lon="152.465518">
  <ele>680.2</ele>
</wpt>
<wpt lat="-31.639455" lon="152.465475">
  <ele>684.0</ele>
</wpt>
<wpt lat="-31.639792" lon="152.46522">
  <ele>688.4</ele>
</wpt>
<wpt lat="-31.640139" lon="152.465069">
  <ele>689.1</ele>
</wpt>
<wpt lat="-31.640404" lon="152.465209">
  <ele>686.0</ele>
</wpt>
<wpt lat="-31.640742" lon="152.465241">
  <ele>684.3</ele>
</wpt>
<wpt lat="-31.641208" lon="152.465123">
  <ele>682.4</ele>
</wpt>
<wpt lat="-31.641564" lon="152.464941">
  <ele>682.2</ele>
</wpt>
<wpt lat="-31.641884" lon="152.464792">
  <ele>675.2</ele>
</wpt>
<wpt lat="-31.642121" lon="152.464511">
  <ele>674.8</ele>
</wpt>
<wpt lat="-31.642258" lon="152.464179">
  <ele>678.4</ele>
</wpt>
<wpt lat="-31.642404" lon="152.463739">
  <ele>679.6</ele>
</wpt>
<wpt lat="-31.642675" lon="152.463574">
  <ele>677.1</ele>
</wpt>
<wpt lat="-31.643071" lon="152.463621">
  <ele>674.9</ele>
</wpt>
<wpt lat="-31.643226" lon="152.4639">
  <ele>674.4</ele>
</wpt>
<wpt lat="-31.643107" lon="152.464448">
  <ele>668.4</ele>
</wpt>
<wpt lat="-31.64308" lon="152.465048">
  <ele>658.4</ele>
</wpt>
<wpt lat="-31.643016" lon="152.465489">
  <ele>651.3</ele>
</wpt>
<wpt lat="-31.643026" lon="152.46576">
  <ele>649.2</ele>
</wpt>
<wpt lat="-31.643049" lon="152.465933">
  <ele>649.0</ele>
</wpt>
<wpt lat="-31.643058" lon="152.466055">
  <ele>648.4</ele>
</wpt>
<wpt lat="-31.643043" lon="152.466134">
  <ele>647.2</ele>
</wpt>
<wpt lat="-31.643004" lon="152.466244">
  <ele>644.6</ele>
</wpt>
<wpt lat="-31.64299" lon="152.466409">
  <ele>642.4</ele>
</wpt>
<wpt lat="-31.642997" lon="152.46651">
  <ele>640.2</ele>
</wpt>
<wpt lat="-31.643031" lon="152.466606">
  <ele>638.9</ele>
</wpt>
<wpt lat="-31.643095" lon="152.466704">
  <ele>636.7</ele>
</wpt>
<wpt lat="-31.643131" lon="152.466724">
  <ele>635.9</ele>
</wpt>
<wpt lat="-31.643171" lon="152.466738">
  <ele>635.2</ele>
</wpt>
<wpt lat="-31.643238" lon="152.466734">
  <ele>635.0</ele>
</wpt>
<wpt lat="-31.643322" lon="152.466722">
  <ele>635.3</ele>
</wpt>
<wpt lat="-31.643528" lon="152.466648">
  <ele>636.5</ele>
</wpt>
<wpt lat="-31.643792" lon="152.466421">
  <ele>640.2</ele>
</wpt>
<wpt lat="-31.643916" lon="152.466277">
  <ele>641.4</ele>
</wpt>
<wpt lat="-31.643975" lon="152.466236">
  <ele>640.9</ele>
</wpt>
<wpt lat="-31.644005" lon="152.46622">
  <ele>640.6</ele>
</wpt>
<wpt lat="-31.644039" lon="152.466214">
  <ele>640.0</ele>
</wpt>
<wpt lat="-31.644104" lon="152.46622">
  <ele>638.6</ele>
</wpt>
<wpt lat="-31.644194" lon="152.466275">
  <ele>635.7</ele>
</wpt>
<wpt lat="-31.644358" lon="152.466405">
  <ele>631.3</ele>
</wpt>
<wpt lat="-31.644463" lon="152.466454">
  <ele>629.9</ele>
</wpt>
<wpt lat="-31.644552" lon="152.466471">
  <ele>630.3</ele>
</wpt>
<wpt lat="-31.644594" lon="152.466477">
  <ele>630.5</ele>
</wpt>
<wpt lat="-31.644633" lon="152.466509">
  <ele>630.4</ele>
</wpt>
<wpt lat="-31.644656" lon="152.466544">
  <ele>630.2</ele>
</wpt>
<wpt lat="-31.644666" lon="152.466647">
  <ele>629.4</ele>
</wpt>
<wpt lat="-31.644669" lon="152.466914">
  <ele>628.7</ele>
</wpt>
<wpt lat="-31.644659" lon="152.467347">
  <ele>625.2</ele>
</wpt>
<wpt lat="-31.644616" lon="152.467571">
  <ele>622.2</ele>
</wpt>
<wpt lat="-31.644552" lon="152.46775">
  <ele>619.2</ele>
</wpt>
<wpt lat="-31.64449" lon="152.467932">
  <ele>617.2</ele>
</wpt>
<wpt lat="-31.644427" lon="152.468182">
  <ele>615.8</ele>
</wpt>
<wpt lat="-31.644434" lon="152.468402">
  <ele>616.0</ele>
</wpt>
<wpt lat="-31.644461" lon="152.468581">
  <ele>617.1</ele>
</wpt>
<wpt lat="-31.644514" lon="152.468803">
  <ele>616.9</ele>
</wpt>
<wpt lat="-31.644563" lon="152.469085">
  <ele>614.9</ele>
</wpt>
<wpt lat="-31.644561" lon="152.469222">
  <ele>613.9</ele>
</wpt>
<wpt lat="-31.644514" lon="152.469459">
  <ele>612.3</ele>
</wpt>
<wpt lat="-31.644384" lon="152.469923">
  <ele>609.3</ele>
</wpt>
<wpt lat="-31.644286" lon="152.470372">
  <ele>603.5</ele>
</wpt>
<wpt lat="-31.644262" lon="152.470487">
  <ele>602.2</ele>
</wpt>
<wpt lat="-31.64426" lon="152.470597">
  <ele>601.6</ele>
</wpt>
<wpt lat="-31.644308" lon="152.470714">
  <ele>602.0</ele>
</wpt>
<wpt lat="-31.644499" lon="152.47095">
  <ele>601.5</ele>
</wpt>
<wpt lat="-31.644635" lon="152.471148">
  <ele>599.0</ele>
</wpt>
<wpt lat="-31.644854" lon="152.471391">
  <ele>596.4</ele>
</wpt>
<wpt lat="-31.64498" lon="152.471515">
  <ele>596.5</ele>
</wpt>
<wpt lat="-31.645051" lon="152.47161">
  <ele>596.1</ele>
</wpt>
<wpt lat="-31.645098" lon="152.471724">
  <ele>596.1</ele>
</wpt>
<wpt lat="-31.645103" lon="152.471959">
  <ele>596.1</ele>
</wpt>
<wpt lat="-31.645129" lon="152.472133">
  <ele>595.8</ele>
</wpt>
<wpt lat="-31.645158" lon="152.472227">
  <ele>595.6</ele>
</wpt>
<wpt lat="-31.645507" lon="152.472359">
  <ele>589.3</ele>
</wpt>
<wpt lat="-31.645934" lon="152.472203">
  <ele>582.6</ele>
</wpt>
<wpt lat="-31.646245" lon="152.47185">
  <ele>580.9</ele>
</wpt>
<wpt lat="-31.646383" lon="152.471507">
  <ele>577.3</ele>
</wpt>
<wpt lat="-31.646351" lon="152.471094">
  <ele>577.7</ele>
</wpt>
<wpt lat="-31.64614" lon="152.470745">
  <ele>583.4</ele>
</wpt>
<wpt lat="-31.646039" lon="152.470198">
  <ele>580.0</ele>
</wpt>
<wpt lat="-31.646158" lon="152.469812">
  <ele>570.3</ele>
</wpt>
<wpt lat="-31.646377" lon="152.469651">
  <ele>560.6</ele>
</wpt>
<wpt lat="-31.646615" lon="152.469436">
  <ele>559.1</ele>
</wpt>
<wpt lat="-31.646807" lon="152.469297">
  <ele>558.9</ele>
</wpt>
<wpt lat="-31.646962" lon="152.469286">
  <ele>556.7</ele>
</wpt>
<wpt lat="-31.647003" lon="152.469109">
  <ele>560.9</ele>
</wpt>
<wpt lat="-31.647002" lon="152.469104">
  <ele>561.1</ele>
</wpt>
<wpt lat="-31.647026" lon="152.469001">
  <ele>563.6</ele>
</wpt>
<wpt lat="-31.647172" lon="152.468808">
  <ele>568.1</ele>
</wpt>
<wpt lat="-31.647445" lon="152.468885">
  <ele>564.5</ele>
</wpt>
<wpt lat="-31.647684" lon="152.469022">
  <ele>553.5</ele>
</wpt>
<wpt lat="-31.648013" lon="152.468936">
  <ele>546.8</ele>
</wpt>
<wpt lat="-31.648341" lon="152.468808">
  <ele>536.4</ele>
</wpt>
<wpt lat="-31.648506" lon="152.468464">
  <ele>532.7</ele>
</wpt>
<wpt lat="-31.648519" lon="152.468317">
  <ele>532.4</ele>
</wpt>
<wpt lat="-31.648498" lon="152.468161">
  <ele>534.1</ele>
</wpt>
<wpt lat="-31.648476" lon="152.468082">
  <ele>535.3</ele>
</wpt>
<wpt lat="-31.648426" lon="152.468018">
  <ele>537.6</ele>
</wpt>
<wpt lat="-31.648366" lon="152.467973">
  <ele>540.3</ele>
</wpt>
<wpt lat="-31.6483" lon="152.467922">
  <ele>542.4</ele>
</wpt>
<wpt lat="-31.648227" lon="152.467892">
  <ele>543.4</ele>
</wpt>
<wpt lat="-31.648148" lon="152.467851">
  <ele>544.3</ele>
</wpt>
<wpt lat="-31.648099" lon="152.467807">
  <ele>544.7</ele>
</wpt>
<wpt lat="-31.64807" lon="152.46776">
  <ele>545.0</ele>
</wpt>
<wpt lat="-31.648059" lon="152.467717">
  <ele>545.4</ele>
</wpt>
<wpt lat="-31.648067" lon="152.467658">
  <ele>545.7</ele>
</wpt>
<wpt lat="-31.648109" lon="152.467623">
  <ele>545.4</ele>
</wpt>
<wpt lat="-31.648182" lon="152.467583">
  <ele>544.5</ele>
</wpt>
<wpt lat="-31.648381" lon="152.467499">
  <ele>540.8</ele>
</wpt>
<wpt lat="-31.648556" lon="152.467378">
  <ele>533.4</ele>
</wpt>
<wpt lat="-31.648689" lon="152.467263">
  <ele>524.4</ele>
</wpt>
<wpt lat="-31.648719" lon="152.467212">
  <ele>522.0</ele>
</wpt>
<wpt lat="-31.648738" lon="152.467162">
  <ele>521.6</ele>
</wpt>
<wpt lat="-31.648751" lon="152.467094">
  <ele>521.6</ele>
</wpt>
<wpt lat="-31.648759" lon="152.46701">
  <ele>522.0</ele>
</wpt>
<wpt lat="-31.648759" lon="152.466901">
  <ele>523.9</ele>
</wpt>
<wpt lat="-31.648745" lon="152.466819">
  <ele>527.1</ele>
</wpt>
<wpt lat="-31.648708" lon="152.466709">
  <ele>532.7</ele>
</wpt>
<wpt lat="-31.64867" lon="152.46664">
  <ele>536.8</ele>
</wpt>
<wpt lat="-31.648611" lon="152.466486">
  <ele>542.0</ele>
</wpt>
<wpt lat="-31.648587" lon="152.466317">
  <ele>543.6</ele>
</wpt>
<wpt lat="-31.648595" lon="152.466243">
  <ele>543.6</ele>
</wpt>
<wpt lat="-31.648614" lon="152.466202">
  <ele>542.9</ele>
</wpt>
<wpt lat="-31.648653" lon="152.466151">
  <ele>541.7</ele>
</wpt>
<wpt lat="-31.648692" lon="152.466117">
  <ele>540.6</ele>
</wpt>
<wpt lat="-31.648752" lon="152.466083">
  <ele>540.6</ele>
</wpt>
<wpt lat="-31.648845" lon="152.466046">
  <ele>539.4</ele>
</wpt>
<wpt lat="-31.648929" lon="152.466041">
  <ele>537.3</ele>
</wpt>
<wpt lat="-31.649032" lon="152.466061">
  <ele>534.5</ele>
</wpt>
<wpt lat="-31.649155" lon="152.466133">
  <ele>529.4</ele>
</wpt>
<wpt lat="-31.649379" lon="152.466225">
  <ele>522.4</ele>
</wpt>
<wpt lat="-31.649686" lon="152.466337">
  <ele>517.4</ele>
</wpt>
<wpt lat="-31.649909" lon="152.466351">
  <ele>513.3</ele>
</wpt>
<wpt lat="-31.650075" lon="152.466265">
  <ele>513.8</ele>
</wpt>
<wpt lat="-31.650234" lon="152.466166">
  <ele>510.9</ele>
</wpt>
<wpt lat="-31.650355" lon="152.466085">
  <ele>511.7</ele>
</wpt>
<wpt lat="-31.650477" lon="152.46603">
  <ele>512.7</ele>
</wpt>
<wpt lat="-31.650575" lon="152.466013">
  <ele>511.5</ele>
</wpt>
<wpt lat="-31.650664" lon="152.466042">
  <ele>509.4</ele>
</wpt>
<wpt lat="-31.650703" lon="152.466149">
  <ele>504.7</ele>
</wpt>
<wpt lat="-31.650771" lon="152.466533">
  <ele>494.0</ele>
</wpt>
<wpt lat="-31.651008" lon="152.466791">
  <ele>492.3</ele>
</wpt>
<wpt lat="-31.651301" lon="152.466684">
  <ele>488.9</ele>
</wpt>
<wpt lat="-31.65141" lon="152.466362">
  <ele>487.4</ele>
</wpt>
<wpt lat="-31.651481" lon="152.465774">
  <ele>493.6</ele>
</wpt>
<wpt lat="-31.651593" lon="152.465353">
  <ele>496.7</ele>
</wpt>
<wpt lat="-31.651793" lon="152.464908">
  <ele>499.5</ele>
</wpt>
<wpt lat="-31.651925" lon="152.464764">
  <ele>502.4</ele>
</wpt>
<wpt lat="-31.652022" lon="152.464673">
  <ele>506.8</ele>
</wpt>
<wpt lat="-31.652136" lon="152.464615">
  <ele>509.2</ele>
</wpt>
<wpt lat="-31.652199" lon="152.464636">
  <ele>508.8</ele>
</wpt>
<wpt lat="-31.652217" lon="152.464681">
  <ele>507.9</ele>
</wpt>
<wpt lat="-31.652221" lon="152.464729">
  <ele>506.8</ele>
</wpt>
<wpt lat="-31.652196" lon="152.464878">
  <ele>502.5</ele>
</wpt>
<wpt lat="-31.652159" lon="152.46501">
  <ele>497.8</ele>
</wpt>
<wpt lat="-31.652097" lon="152.465353">
  <ele>490.7</ele>
</wpt>
<wpt lat="-31.652105" lon="152.465634">
  <ele>486.6</ele>
</wpt>
<wpt lat="-31.652171" lon="152.465897">
  <ele>481.6</ele>
</wpt>
<wpt lat="-31.652338" lon="152.466207">
  <ele>486.7</ele>
</wpt>
<wpt lat="-31.65255" lon="152.466626">
  <ele>487.4</ele>
</wpt>
<wpt lat="-31.652856" lon="152.467194">
  <ele>476.8</ele>
</wpt>
<wpt lat="-31.653096" lon="152.467476">
  <ele>475.0</ele>
</wpt>
<wpt lat="-31.65327" lon="152.467631">
  <ele>470.1</ele>
</wpt>
<wpt lat="-31.653436" lon="152.467774">
  <ele>466.4</ele>
</wpt>
<wpt lat="-31.653549" lon="152.467887">
  <ele>464.4</ele>
</wpt>
<wpt lat="-31.653649" lon="152.468001">
  <ele>462.2</ele>
</wpt>
<wpt lat="-31.653771" lon="152.468161">
  <ele>461.7</ele>
</wpt>
<wpt lat="-31.65382" lon="152.468263">
  <ele>462.2</ele>
</wpt>
<wpt lat="-31.653832" lon="152.468401">
  <ele>461.1</ele>
</wpt>
<wpt lat="-31.653821" lon="152.469087">
  <ele>454.4</ele>
</wpt>
<wpt lat="-31.65384" lon="152.469645">
  <ele>449.8</ele>
</wpt>
<wpt lat="-31.653931" lon="152.470202">
  <ele>444.8</ele>
</wpt>
<wpt lat="-31.654185" lon="152.470838">
  <ele>447.6</ele>
</wpt>
<wpt lat="-31.654497" lon="152.471426">
  <ele>431.6</ele>
</wpt>
<wpt lat="-31.655043" lon="152.471331">
  <ele>438.8</ele>
</wpt>
<wpt lat="-31.655356" lon="152.47164">
  <ele>433.0</ele>
</wpt>
<wpt lat="-31.655683" lon="152.472125">
  <ele>436.2</ele>
</wpt>
<wpt lat="-31.655538" lon="152.472842">
  <ele>430.9</ele>
</wpt>
<wpt lat="-31.655593" lon="152.473507">
  <ele>414.7</ele>
</wpt>
<wpt lat="-31.655867" lon="152.473979">
  <ele>410.6</ele>
</wpt>
<wpt lat="-31.656142" lon="152.474278">
  <ele>402.5</ele>
</wpt>
<wpt lat="-31.656283" lon="152.474364">
  <ele>399.3</ele>
</wpt>
<wpt lat="-31.656384" lon="152.474297">
  <ele>400.2</ele>
</wpt>
<wpt lat="-31.656432" lon="152.474117">
  <ele>402.7</ele>
</wpt>
<wpt lat="-31.656589" lon="152.473712">
  <ele>403.8</ele>
</wpt>
<wpt lat="-31.656703" lon="152.473623">
  <ele>401.9</ele>
</wpt>
<wpt lat="-31.656906" lon="152.473627">
  <ele>396.7</ele>
</wpt>
<wpt lat="-31.657255" lon="152.473722">
  <ele>386.9</ele>
</wpt>
<wpt lat="-31.657511" lon="152.473786">
  <ele>381.7</ele>
</wpt>
<wpt lat="-31.657858" lon="152.473571">
  <ele>377.7</ele>
</wpt>
<wpt lat="-31.657949" lon="152.473056">
  <ele>374.9</ele>
</wpt>
<wpt lat="-31.65826" lon="152.472885">
  <ele>371.0</ele>
</wpt>
<wpt lat="-31.658607" lon="152.473271">
  <ele>369.3</ele>
</wpt>
<wpt lat="-31.658952" lon="152.473606">
  <ele>368.9</ele>
</wpt>
<wpt lat="-31.659264" lon="152.474001">
  <ele>374.4</ele>
</wpt>
<wpt lat="-31.659429" lon="152.474516">
  <ele>385.2</ele>
</wpt>
<wpt lat="-31.659646" lon="152.475151">
  <ele>380.4</ele>
</wpt>
<wpt lat="-31.659794" lon="152.475588">
  <ele>381.4</ele>
</wpt>
<wpt lat="-31.65994" lon="152.475953">
  <ele>386.9</ele>
</wpt>
<wpt lat="-31.660123" lon="152.476382">
  <ele>374.4</ele>
</wpt>
<wpt lat="-31.660322" lon="152.476374">
  <ele>372.7</ele>
</wpt>
<wpt lat="-31.660415" lon="152.475996">
  <ele>382.5</ele>
</wpt>
<wpt lat="-31.660616" lon="152.475739">
  <ele>384.6</ele>
</wpt>
<wpt lat="-31.660945" lon="152.475953">
  <ele>375.7</ele>
</wpt>
<wpt lat="-31.661109" lon="152.476447">
  <ele>376.6</ele>
</wpt>
<wpt lat="-31.661273" lon="152.476919">
  <ele>371.0</ele>
</wpt>
<wpt lat="-31.661255" lon="152.477455">
  <ele>373.6</ele>
</wpt>
<wpt lat="-31.661383" lon="152.477906">
  <ele>369.0</ele>
</wpt>
<wpt lat="-31.661584" lon="152.478442">
  <ele>370.4</ele>
</wpt>
<wpt lat="-31.66173" lon="152.47915">
  <ele>360.9</ele>
</wpt>
<wpt lat="-31.661949" lon="152.479472">
  <ele>356.7</ele>
</wpt>
<wpt lat="-31.662333" lon="152.479258">
  <ele>361.9</ele>
</wpt>
<wpt lat="-31.662588" lon="152.479022">
  <ele>363.2</ele>
</wpt>
<wpt lat="-31.662844" lon="152.478914">
  <ele>361.1</ele>
</wpt>
<wpt lat="-31.662833" lon="152.479166">
  <ele>359.2</ele>
</wpt>
<wpt lat="-31.662787" lon="152.47937">
  <ele>359.1</ele>
</wpt>
<wpt lat="-31.662577" lon="152.479906">
  <ele>359.6</ele>
</wpt>
<wpt lat="-31.662531" lon="152.480185">
  <ele>357.9</ele>
</wpt>
<wpt lat="-31.662531" lon="152.480593">
  <ele>356.0</ele>
</wpt>
<wpt lat="-31.66265" lon="152.480893">
  <ele>355.7</ele>
</wpt>
<wpt lat="-31.662878" lon="152.481097">
  <ele>350.5</ele>
  <name>untitled</name>
</wpt>
<wpt lat="-31.662878" lon="152.481104">
  <ele>350.4</ele>
  <name>untitled</name>
</wpt>
<wpt lat="-31.662723" lon="152.481301">
  <ele>354.0</ele>
</wpt>
<wpt lat="-31.662404" lon="152.481665">
  <ele>361.3</ele>
</wpt>
<wpt lat="-31.66213" lon="152.481987">
  <ele>368.3</ele>
</wpt>
<wpt lat="-31.661783" lon="152.482009">
  <ele>363.0</ele>
</wpt>
<wpt lat="-31.661235" lon="152.482062">
  <ele>360.2</ele>
</wpt>
<wpt lat="-31.660778" lon="152.482212">
  <ele>358.7</ele>
</wpt>
<wpt lat="-31.660331" lon="152.482481">
  <ele>354.4</ele>
</wpt>
<wpt lat="-31.660157" lon="152.482813">
  <ele>353.0</ele>
</wpt>
<wpt lat="-31.660093" lon="152.483242">
  <ele>349.1</ele>
</wpt>
<wpt lat="-31.65992" lon="152.483779">
  <ele>332.4</ele>
</wpt>
<wpt lat="-31.659783" lon="152.484197">
  <ele>326.0</ele>
</wpt>
<wpt lat="-31.65965" lon="152.484446">
  <ele>325.5</ele>
</wpt>
<wpt lat="-31.65921" lon="152.484846">
  <ele>323.2</ele>
</wpt>
<wpt lat="-31.658655" lon="152.48503">
  <ele>318.7</ele>
</wpt>
<wpt lat="-31.658324" lon="152.484984">
  <ele>314.8</ele>
</wpt>
<wpt lat="-31.65806" lon="152.484888">
  <ele>307.1</ele>
</wpt>
<wpt lat="-31.657726" lon="152.484743">
  <ele>306.7</ele>
</wpt>
<wpt lat="-31.65763" lon="152.484703">
  <ele>308.1</ele>
</wpt>
<wpt lat="-31.6575" lon="152.48467">
  <ele>310.3</ele>
</wpt>
<wpt lat="-31.657345" lon="152.484686">
  <ele>311.7</ele>
</wpt>
<wpt lat="-31.657137" lon="152.484834">
  <ele>316.1</ele>
</wpt>
<wpt lat="-31.656875" lon="152.484842">
  <ele>320.8</ele>
</wpt>
<wpt lat="-31.656697" lon="152.484767">
  <ele>319.1</ele>
</wpt>
<wpt lat="-31.656496" lon="152.4847">
  <ele>314.5</ele>
</wpt>
<wpt lat="-31.656347" lon="152.484711">
  <ele>310.7</ele>
</wpt>
<wpt lat="-31.656178" lon="152.484856">
  <ele>308.1</ele>
</wpt>
<wpt lat="-31.65608" lon="152.485078">
  <ele>309.7</ele>
</wpt>
<wpt lat="-31.656066" lon="152.485363">
  <ele>315.8</ele>
</wpt>
<wpt lat="-31.656062" lon="152.485561">
  <ele>321.1</ele>
</wpt>
<wpt lat="-31.65613" lon="152.485759">
  <ele>326.8</ele>
</wpt>
<wpt lat="-31.656304" lon="152.485907">
  <ele>332.2</ele>
</wpt>
<wpt lat="-31.656598" lon="152.486097">
  <ele>342.4</ele>
</wpt>
<wpt lat="-31.656913" lon="152.486304">
  <ele>345.2</ele>
</wpt>
<wpt lat="-31.657092" lon="152.486484">
  <ele>345.2</ele>
</wpt>
<wpt lat="-31.657231" lon="152.486781">
  <ele>348.1</ele>
</wpt>
<wpt lat="-31.65729" lon="152.487">
  <ele>352.6</ele>
</wpt>
<wpt lat="-31.657319" lon="152.487604">
  <ele>368.2</ele>
</wpt>
<wpt lat="-31.657526" lon="152.487853">
  <ele>367.6</ele>
</wpt>
<wpt lat="-31.657984" lon="152.487495">
  <ele>353.2</ele>
</wpt>
<wpt lat="-31.658179" lon="152.487789">
  <ele>351.4</ele>
</wpt>
<wpt lat="-31.657781" lon="152.488264">
  <ele>367.1</ele>
</wpt>
<wpt lat="-31.657874" lon="152.488997">
  <ele>366.9</ele>
</wpt>
<wpt lat="-31.658167" lon="152.489984">
  <ele>372.7</ele>
</wpt>
<wpt lat="-31.658495" lon="152.491271">
  <ele>381.3</ele>
</wpt>
<wpt lat="-31.658678" lon="152.492044">
  <ele>392.7</ele>
</wpt>
<wpt lat="-31.658755" lon="152.492934">
  <ele>412.9</ele>
</wpt>
<wpt lat="-31.658717" lon="152.493793">
  <ele>441.8</ele>
</wpt>
<wpt lat="-31.658669" lon="152.494042">
  <ele>449.7</ele>
</wpt>
<wpt lat="-31.658608" lon="152.494198">
  <ele>453.8</ele>
</wpt>
<wpt lat="-31.658487" lon="152.494292">
  <ele>453.7</ele>
</wpt>
<wpt lat="-31.658308" lon="152.494302">
  <ele>450.1</ele>
</wpt>
<wpt lat="-31.658183" lon="152.494294">
  <ele>448.5</ele>
</wpt>
<wpt lat="-31.658098" lon="152.494348">
  <ele>449.3</ele>
</wpt>
<wpt lat="-31.658037" lon="152.494487">
  <ele>452.9</ele>
</wpt>
<wpt lat="-31.657991" lon="152.494694">
  <ele>458.1</ele>
</wpt>
<wpt lat="-31.657936" lon="152.495026">
  <ele>464.5</ele>
</wpt>
<wpt lat="-31.657971" lon="152.495185">
  <ele>467.2</ele>
</wpt>
<wpt lat="-31.657966" lon="152.495338">
  <ele>468.1</ele>
</wpt>
<wpt lat="-31.657911" lon="152.495453">
  <ele>466.8</ele>
</wpt>
<wpt lat="-31.657729" lon="152.495576">
  <ele>462.1</ele>
</wpt>
<wpt lat="-31.657493" lon="152.495673">
  <ele>457.6</ele>
</wpt>
<wpt lat="-31.657299" lon="152.495721">
  <ele>456.3</ele>
</wpt>
<wpt lat="-31.657192" lon="152.495778">
  <ele>456.9</ele>
</wpt>
<wpt lat="-31.657146" lon="152.495869">
  <ele>458.6</ele>
</wpt>
<wpt lat="-31.657151" lon="152.495949">
  <ele>459.9</ele>
</wpt>
<wpt lat="-31.657213" lon="152.496038">
  <ele>461.6</ele>
</wpt>
<wpt lat="-31.657334" lon="152.496038">
  <ele>463.4</ele>
</wpt>
<wpt lat="-31.657541" lon="152.495968">
  <ele>464.9</ele>
</wpt>
<wpt lat="-31.65798" lon="152.495783">
  <ele>473.4</ele>
</wpt>
<wpt lat="-31.658758" lon="152.495276">
  <ele>486.3</ele>
</wpt>
<wpt lat="-31.659064" lon="152.495075">
  <ele>491.0</ele>
</wpt>
<wpt lat="-31.659541" lon="152.494871">
  <ele>491.0</ele>
</wpt>
<wpt lat="-31.660185" lon="152.494925">
  <ele>490.6</ele>
</wpt>
<wpt lat="-31.661345" lon="152.495219">
  <ele>488.9</ele>
</wpt>
<wpt lat="-31.661856" lon="152.495391">
  <ele>493.1</ele>
</wpt>
<wpt lat="-31.662408" lon="152.495767">
  <ele>496.8</ele>
</wpt>
<wpt lat="-31.6627" lon="152.49641">
  <ele>510.7</ele>
</wpt>
<wpt lat="-31.662784" lon="152.497156">
  <ele>526.8</ele>
</wpt>
<wpt lat="-31.662673" lon="152.497644">
  <ele>530.1</ele>
  <name>untitled</name>
</wpt>
<wpt lat="-31.662672" lon="152.497632">
  <ele>530.1</ele>
  <name>untitled</name>
</wpt>
<wpt lat="-31.662546" lon="152.497341">
  <ele>531.4</ele>
</wpt>
<wpt lat="-31.662214" lon="152.496751">
  <ele>531.3</ele>
</wpt>
<wpt lat="-31.662059" lon="152.496466">
  <ele>528.4</ele>
</wpt>
<wpt lat="-31.661924" lon="152.496326">
  <ele>527.1</ele>
</wpt>
<wpt lat="-31.661826" lon="152.496259">
  <ele>524.8</ele>
</wpt>
<wpt lat="-31.661638" lon="152.49625">
  <ele>524.4</ele>
</wpt>
<wpt lat="-31.661368" lon="152.496279">
  <ele>528.1</ele>
</wpt>
<wpt lat="-31.660975" lon="152.49647">
  <ele>535.1</ele>
</wpt>
<wpt lat="-31.660817" lon="152.496621">
  <ele>539.5</ele>
</wpt>
<wpt lat="-31.660749" lon="152.496812">
  <ele>541.5</ele>
</wpt>
<wpt lat="-31.660688" lon="152.49708">
  <ele>542.3</ele>
</wpt>
<wpt lat="-31.660556" lon="152.497367">
  <ele>543.9</ele>
</wpt>
<wpt lat="-31.660361" lon="152.497522">
  <ele>546.5</ele>
</wpt>
<wpt lat="-31.660154" lon="152.497614">
  <ele>548.1</ele>
</wpt>
<wpt lat="-31.659935" lon="152.497648">
  <ele>549.7</ele>
</wpt>
<wpt lat="-31.659455" lon="152.49759">
  <ele>553.4</ele>
</wpt>
<wpt lat="-31.658993" lon="152.497435">
  <ele>543.9</ele>
</wpt>
<wpt lat="-31.658874" lon="152.497419">
  <ele>538.5</ele>
</wpt>
<wpt lat="-31.658715" lon="152.497483">
  <ele>536.6</ele>
</wpt>
<wpt lat="-31.658584" lon="152.4976">
  <ele>537.1</ele>
</wpt>
<wpt lat="-31.658418" lon="152.497713">
  <ele>537.0</ele>
</wpt>
<wpt lat="-31.658023" lon="152.497901">
  <ele>529.8</ele>
</wpt>
<wpt lat="-31.657882" lon="152.498015">
  <ele>529.3</ele>
</wpt>
<wpt lat="-31.65778" lon="152.498134">
  <ele>528.5</ele>
</wpt>
<wpt lat="-31.657717" lon="152.498295">
  <ele>528.8</ele>
</wpt>
<wpt lat="-31.657686" lon="152.498448">
  <ele>529.9</ele>
</wpt>
<wpt lat="-31.657635" lon="152.499202">
  <ele>526.4</ele>
</wpt>
<wpt lat="-31.65758" lon="152.499599">
  <ele>524.4</ele>
</wpt>
<wpt lat="-31.657516" lon="152.49987">
  <ele>522.3</ele>
</wpt>
<wpt lat="-31.657365" lon="152.500235">
  <ele>518.0</ele>
</wpt>
<wpt lat="-31.657092" lon="152.500746">
  <ele>514.9</ele>
</wpt>
<wpt lat="-31.656797" lon="152.501177">
  <ele>513.1</ele>
</wpt>
<wpt lat="-31.656501" lon="152.50156">
  <ele>513.3</ele>
</wpt>
<wpt lat="-31.656148" lon="152.502047">
  <ele>512.5</ele>
</wpt>
<wpt lat="-31.656004" lon="152.502351">
  <ele>514.4</ele>
</wpt>
<wpt lat="-31.655875" lon="152.502862">
  <ele>517.0</ele>
</wpt>
<wpt lat="-31.655749" lon="152.503194">
  <ele>518.6</ele>
</wpt>
<wpt lat="-31.655538" lon="152.503631">
  <ele>517.0</ele>
</wpt>
<wpt lat="-31.65546" lon="152.50385">
  <ele>516.5</ele>
</wpt>
<wpt lat="-31.655376" lon="152.504408">
  <ele>516.9</ele>
</wpt>
<wpt lat="-31.655376" lon="152.504709">
  <ele>519.2</ele>
</wpt>
<wpt lat="-31.65546" lon="152.504931">
  <ele>522.1</ele>
</wpt>
<wpt lat="-31.655692" lon="152.505231">
  <ele>523.8</ele>
</wpt>
<wpt lat="-31.656093" lon="152.505654">
  <ele>519.3</ele>
</wpt>
<wpt lat="-31.656162" lon="152.505845">
  <ele>520.7</ele>
</wpt>
<wpt lat="-31.65619" lon="152.506068">
  <ele>521.9</ele>
</wpt>
<wpt lat="-31.656097" lon="152.506618">
  <ele>522.1</ele>
</wpt>
<wpt lat="-31.655964" lon="152.507507">
  <ele>510.4</ele>
</wpt>
<wpt lat="-31.655897" lon="152.507687">
  <ele>508.4</ele>
</wpt>
<wpt lat="-31.655579" lon="152.508092">
  <ele>506.3</ele>
</wpt>
<wpt lat="-31.655367" lon="152.50835">
  <ele>507.6</ele>
</wpt>
<wpt lat="-31.655168" lon="152.508686">
  <ele>506.2</ele>
</wpt>
<wpt lat="-31.654889" lon="152.509301">
  <ele>504.9</ele>
</wpt>
<wpt lat="-31.654511" lon="152.509842">
  <ele>500.7</ele>
</wpt>
<wpt lat="-31.654181" lon="152.510236">
  <ele>497.1</ele>
</wpt>
<wpt lat="-31.654048" lon="152.510357">
  <ele>495.9</ele>
</wpt>
<wpt lat="-31.653529" lon="152.510558">
  <ele>488.5</ele>
</wpt>
<wpt lat="-31.653338" lon="152.510679">
  <ele>486.8</ele>
</wpt>
<wpt lat="-31.653031" lon="152.510928">
  <ele>483.0</ele>
</wpt>
<wpt lat="-31.652926" lon="152.511046">
  <ele>479.6</ele>
</wpt>
<wpt lat="-31.652801" lon="152.511358">
  <ele>474.7</ele>
</wpt>
<wpt lat="-31.652769" lon="152.511625">
  <ele>469.6</ele>
</wpt>
<wpt lat="-31.652807" lon="152.511803">
  <ele>470.7</ele>
</wpt>
<wpt lat="-31.652932" lon="152.511981">
  <ele>473.8</ele>
</wpt>
<wpt lat="-31.653133" lon="152.512043">
  <ele>478.0</ele>
</wpt>
<wpt lat="-31.653733" lon="152.512144">
  <ele>482.4</ele>
</wpt>
<wpt lat="-31.653873" lon="152.512217">
  <ele>482.0</ele>
</wpt>
<wpt lat="-31.653953" lon="152.512327">
  <ele>480.2</ele>
</wpt>
<wpt lat="-31.654002" lon="152.512444">
  <ele>478.3</ele>
</wpt>
<wpt lat="-31.654045" lon="152.512909">
  <ele>468.7</ele>
</wpt>
<wpt lat="-31.654044" lon="152.513167">
  <ele>464.2</ele>
</wpt>
<wpt lat="-31.653983" lon="152.513521">
  <ele>456.4</ele>
</wpt>
<wpt lat="-31.653799" lon="152.514243">
  <ele>442.6</ele>
</wpt>
<wpt lat="-31.653714" lon="152.514769">
  <ele>440.4</ele>
</wpt>
<wpt lat="-31.653705" lon="152.515022">
  <ele>440.3</ele>
</wpt>
<wpt lat="-31.653744" lon="152.515239">
  <ele>439.7</ele>
</wpt>
<wpt lat="-31.653864" lon="152.515403">
  <ele>438.9</ele>
</wpt>
<wpt lat="-31.654228" lon="152.515598">
  <ele>433.6</ele>
</wpt>
<wpt lat="-31.654926" lon="152.516016">
  <ele>425.8</ele>
</wpt>
<wpt lat="-31.655005" lon="152.516109">
  <ele>424.2</ele>
</wpt>
<wpt lat="-31.655101" lon="152.516307">
  <ele>422.5</ele>
</wpt>
<wpt lat="-31.655161" lon="152.516698">
  <ele>416.2</ele>
</wpt>
<wpt lat="-31.655168" lon="152.517196">
  <ele>413.0</ele>
</wpt>
<wpt lat="-31.655139" lon="152.517526">
  <ele>407.4</ele>
</wpt>
<wpt lat="-31.654833" lon="152.518484">
  <ele>386.4</ele>
</wpt>
<wpt lat="-31.65449" lon="152.519589">
  <ele>375.1</ele>
</wpt>
<wpt lat="-31.654369" lon="152.519828">
  <ele>368.3</ele>
</wpt>
<wpt lat="-31.653987" lon="152.520321">
  <ele>361.8</ele>
</wpt>
<wpt lat="-31.654472" lon="152.520195">
  <ele>368.1</ele>
</wpt>
<wpt lat="-31.654691" lon="152.520208">
  <ele>371.3</ele>
</wpt>
<wpt lat="-31.654826" lon="152.520289">
  <ele>373.0</ele>
</wpt>
<wpt lat="-31.654975" lon="152.520453">
  <ele>371.6</ele>
</wpt>
<wpt lat="-31.655134" lon="152.520914">
  <ele>363.6</ele>
</wpt>
<wpt lat="-31.655316" lon="152.521193">
  <ele>361.7</ele>
</wpt>
<wpt lat="-31.655564" lon="152.52119">
  <ele>365.6</ele>
</wpt>
<wpt lat="-31.655791" lon="152.520978">
  <ele>368.4</ele>
</wpt>
<wpt lat="-31.656011" lon="152.520763">
  <ele>369.0</ele>
</wpt>
<wpt lat="-31.656485" lon="152.520442">
  <ele>374.7</ele>
</wpt>
<wpt lat="-31.656788" lon="152.52044">
  <ele>373.3</ele>
</wpt>
<wpt lat="-31.657033" lon="152.520635">
  <ele>365.5</ele>
</wpt>
<wpt lat="-31.657354" lon="152.521126">
  <ele>361.9</ele>
</wpt>
<wpt lat="-31.657349" lon="152.52174">
  <ele>360.2</ele>
</wpt>
<wpt lat="-31.657195" lon="152.522337">
  <ele>356.3</ele>
</wpt>
<wpt lat="-31.657364" lon="152.522825">
  <ele>348.0</ele>
</wpt>
<wpt lat="-31.657656" lon="152.523042">
  <ele>338.6</ele>
</wpt>
<wpt lat="-31.658041" lon="152.523042">
  <ele>330.5</ele>
</wpt>
<wpt lat="-31.65838" lon="152.522933">
  <ele>327.3</ele>
</wpt>
<wpt lat="-31.658703" lon="152.522716">
  <ele>326.2</ele>
</wpt>
<wpt lat="-31.659196" lon="152.522951">
  <ele>314.1</ele>
</wpt>
<wpt lat="-31.659719" lon="152.523476">
  <ele>291.6</ele>
</wpt>
<wpt lat="-31.660135" lon="152.524055">
  <ele>275.4</ele>
</wpt>
<wpt lat="-31.660596" lon="152.524561">
  <ele>265.6</ele>
</wpt>
<wpt lat="-31.660904" lon="152.524995">
  <ele>244.6</ele>
</wpt>
<wpt lat="-31.66108" lon="152.525441">
  <ele>231.6</ele>
</wpt>
<wpt lat="-31.661255" lon="152.525726">
  <ele>228.8</ele>
</wpt>
<wpt lat="-31.661403" lon="152.526138">
  <ele>228.8</ele>
</wpt>
<wpt lat="-31.661439" lon="152.526374">
  <ele>228.4</ele>
</wpt>
<wpt lat="-31.66144" lon="152.526384">
  <ele>228.4</ele>
</wpt>
<wpt lat="-31.661476" lon="152.526621">
  <ele>225.8</ele>
</wpt>
<wpt lat="-31.661472" lon="152.526929">
  <ele>223.1</ele>
</wpt>
<wpt lat="-31.661443" lon="152.527307">
  <ele>220.1</ele>
</wpt>
<wpt lat="-31.661472" lon="152.527401">
  <ele>220.0</ele>
</wpt>
<wpt lat="-31.66156" lon="152.527508">
  <ele>220.2</ele>
</wpt>
<wpt lat="-31.661667" lon="152.527506">
  <ele>221.0</ele>
</wpt>
<wpt lat="-31.66185" lon="152.527369">
  <ele>221.2</ele>
</wpt>
<wpt lat="-31.662025" lon="152.527179">
  <ele>222.2</ele>
</wpt>
<wpt lat="-31.662116" lon="152.527109">
  <ele>223.9</ele>
</wpt>
<wpt lat="-31.662383" lon="152.527013">
  <ele>232.3</ele>
</wpt>
<wpt lat="-31.662688" lon="152.526985">
  <ele>240.2</ele>
</wpt>
<wpt lat="-31.662884" lon="152.527042">
  <ele>242.0</ele>
</wpt>
<wpt lat="-31.66317" lon="152.527237">
  <ele>242.7</ele>
</wpt>
<wpt lat="-31.663493" lon="152.527375">
  <ele>244.7</ele>
</wpt>
<wpt lat="-31.663629" lon="152.52738">
  <ele>244.8</ele>
</wpt>
<wpt lat="-31.663902" lon="152.527321">
  <ele>244.0</ele>
</wpt>
<wpt lat="-31.664077" lon="152.527228">
  <ele>245.6</ele>
</wpt>
<wpt lat="-31.664328" lon="152.526985">
  <ele>249.9</ele>
</wpt>
<wpt lat="-31.664497" lon="152.52672">
  <ele>256.5</ele>
</wpt>
<wpt lat="-31.664694" lon="152.526562">
  <ele>262.4</ele>
</wpt>
<wpt lat="-31.664865" lon="152.526478">
  <ele>265.1</ele>
</wpt>
<wpt lat="-31.665097" lon="152.526446">
  <ele>267.4</ele>
</wpt>
<wpt lat="-31.665821" lon="152.526563">
  <ele>266.5</ele>
</wpt>
<wpt lat="-31.665985" lon="152.526569">
  <ele>269.3</ele>
</wpt>
<wpt lat="-31.666483" lon="152.526458">
  <ele>273.6</ele>
</wpt>
<wpt lat="-31.667388" lon="152.526285">
  <ele>262.1</ele>
</wpt>
<wpt lat="-31.667646" lon="152.526288">
  <ele>255.9</ele>
</wpt>
<wpt lat="-31.66806" lon="152.526426">
  <ele>250.5</ele>
</wpt>
<wpt lat="-31.668778" lon="152.526621">
  <ele>254.6</ele>
</wpt>
<wpt lat="-31.669153" lon="152.526749">
  <ele>253.7</ele>
</wpt>
<wpt lat="-31.670201" lon="152.526794">
  <ele>235.7</ele>
</wpt>
<wpt lat="-31.6706" lon="152.526765">
  <ele>236.0</ele>
</wpt>
<wpt lat="-31.670863" lon="152.526713">
  <ele>233.3</ele>
</wpt>
<wpt lat="-31.671147" lon="152.526598">
  <ele>235.8</ele>
</wpt>
<wpt lat="-31.671445" lon="152.526427">
  <ele>239.1</ele>
</wpt>
<wpt lat="-31.671703" lon="152.526265">
  <ele>242.6</ele>
</wpt>
<wpt lat="-31.671919" lon="152.526205">
  <ele>244.1</ele>
</wpt>
<wpt lat="-31.6721" lon="152.526226">
  <ele>245.7</ele>
</wpt>
<wpt lat="-31.672488" lon="152.526596">
  <ele>249.9</ele>
</wpt>
<wpt lat="-31.672685" lon="152.526821">
  <ele>249.0</ele>
</wpt>
<wpt lat="-31.672838" lon="152.526893">
  <ele>249.2</ele>
</wpt>
<wpt lat="-31.67297" lon="152.526902">
  <ele>250.2</ele>
</wpt>
<wpt lat="-31.673081" lon="152.526865">
  <ele>250.9</ele>
</wpt>
<wpt lat="-31.673394" lon="152.52673">
  <ele>253.4</ele>
</wpt>
<wpt lat="-31.673557" lon="152.526641">
  <ele>254.5</ele>
</wpt>
<wpt lat="-31.673743" lon="152.526561">
  <ele>254.8</ele>
</wpt>
<wpt lat="-31.673907" lon="152.526511">
  <ele>255.1</ele>
</wpt>
<wpt lat="-31.674062" lon="152.526512">
  <ele>255.8</ele>
</wpt>
<wpt lat="-31.674241" lon="152.526567">
  <ele>255.9</ele>
  <name>untitled</name>
</wpt>
<wpt lat="-31.67424" lon="152.52656">
  <ele>256.0</ele>
  <name>untitled</name>
</wpt>
<wpt lat="-31.674426" lon="152.526618">
  <ele>256.4</ele>
</wpt>
<wpt lat="-31.674706" lon="152.526785">
  <ele>256.2</ele>
</wpt>
<wpt lat="-31.674798" lon="152.526226">
  <ele>259.6</ele>
</wpt>
<wpt lat="-31.674736" lon="152.525702">
  <ele>268.2</ele>
</wpt>
<wpt lat="-31.674508" lon="152.525404">
  <ele>272.9</ele>
</wpt>
<wpt lat="-31.674677" lon="152.524649">
  <ele>291.7</ele>
</wpt>
<wpt lat="-31.674823" lon="152.524005">
  <ele>298.8</ele>
</wpt>
<wpt lat="-31.674714" lon="152.523576">
  <ele>304.5</ele>
</wpt>
<wpt lat="-31.674677" lon="152.522975">
  <ele>313.1</ele>
</wpt>
<wpt lat="-31.674568" lon="152.522074">
  <ele>327.8</ele>
</wpt>
<wpt lat="-31.674276" lon="152.521345">
  <ele>347.3</ele>
</wpt>
<wpt lat="-31.673919" lon="152.521088">
  <ele>354.5</ele>
</wpt>
<wpt lat="-31.673434" lon="152.5211">
  <ele>355.0</ele>
</wpt>
<wpt lat="-31.672913" lon="152.52054">
  <ele>372.7</ele>
</wpt>
<wpt lat="-31.673066" lon="152.519592">
  <ele>387.8</ele>
</wpt>
<wpt lat="-31.673594" lon="152.519226">
  <ele>392.5</ele>
</wpt>
<wpt lat="-31.673874" lon="152.51833">
  <ele>403.2</ele>
</wpt>
<wpt lat="-31.674677" lon="152.517601">
  <ele>407.3</ele>
</wpt>
<wpt lat="-31.675188" lon="152.517128">
  <ele>406.7</ele>
</wpt>
<wpt lat="-31.675456" lon="152.516988">
  <ele>411.2</ele>
</wpt>
<wpt lat="-31.675456" lon="152.516992">
  <ele>411.2</ele>
</wpt>
<wpt lat="-31.676175" lon="152.516618">
  <ele>425.6</ele>
</wpt>
<wpt lat="-31.676843" lon="152.51628">
  <ele>454.3</ele>
</wpt>
<wpt lat="-31.677356" lon="152.515948">
  <ele>468.0</ele>
</wpt>
<wpt lat="-31.677997" lon="152.515937">
  <ele>473.7</ele>
</wpt>
<wpt lat="-31.678215" lon="152.515559">
  <ele>478.5</ele>
</wpt>
<wpt lat="-31.678037" lon="152.514987">
  <ele>481.1</ele>
</wpt>
<wpt lat="-31.677378" lon="152.514699">
  <ele>481.7</ele>
</wpt>
<wpt lat="-31.677015" lon="152.514171">
  <ele>493.6</ele>
</wpt>
<wpt lat="-31.67675" lon="152.513553">
  <ele>499.2</ele>
</wpt>
<wpt lat="-31.677015" lon="152.512798">
  <ele>506.3</ele>
</wpt>
<wpt lat="-31.677171" lon="152.51247">
  <ele>509.6</ele>
</wpt>
<wpt lat="-31.677172" lon="152.512464">
  <ele>509.7</ele>
</wpt>
<wpt lat="-31.677286" lon="152.512225">
  <ele>511.7</ele>
</wpt>
<wpt lat="-31.677304" lon="152.511574">
  <ele>519.2</ele>
</wpt>
<wpt lat="-31.677205" lon="152.510967">
  <ele>525.5</ele>
</wpt>
<wpt lat="-31.67713" lon="152.510526">
  <ele>533.0</ele>
</wpt>
<wpt lat="-31.677234" lon="152.510111">
  <ele>538.2</ele>
</wpt>
<wpt lat="-31.677318" lon="152.510106">
  <ele>538.1</ele>
</wpt>
<wpt lat="-31.677398" lon="152.510063">
  <ele>538.4</ele>
</wpt>
<wpt lat="-31.677454" lon="152.509996">
  <ele>539.1</ele>
</wpt>
<wpt lat="-31.677926" lon="152.509046">
  <ele>552.9</ele>
</wpt>
<wpt lat="-31.678027" lon="152.508866">
  <ele>554.5</ele>
</wpt>
<wpt lat="-31.678078" lon="152.508834">
  <ele>554.8</ele>
</wpt>
<wpt lat="-31.678189" lon="152.508847">
  <ele>556.8</ele>
</wpt>
<wpt lat="-31.678921" lon="152.509143">
  <ele>566.8</ele>
</wpt>
<wpt lat="-31.679155" lon="152.509213">
  <ele>566.5</ele>
</wpt>
<wpt lat="-31.679403" lon="152.509279">
  <ele>567.1</ele>
</wpt>
<wpt lat="-31.679835" lon="152.509298">
  <ele>566.9</ele>
</wpt>
<wpt lat="-31.680125" lon="152.509368">
  <ele>563.8</ele>
</wpt>
<wpt lat="-31.680558" lon="152.509648">
  <ele>562.7</ele>
</wpt>
<wpt lat="-31.680783" lon="152.509712">
  <ele>563.7</ele>
</wpt>
<wpt lat="-31.681123" lon="152.509684">
  <ele>559.2</ele>
</wpt>
<wpt lat="-31.681311" lon="152.50971">
  <ele>555.5</ele>
</wpt>
<wpt lat="-31.681389" lon="152.509761">
  <ele>554.8</ele>
</wpt>
<wpt lat="-31.681564" lon="152.509933">
  <ele>557.6</ele>
</wpt>
<wpt lat="-31.681683" lon="152.50995">
  <ele>557.0</ele>
</wpt>
<wpt lat="-31.681863" lon="152.509891">
  <ele>553.2</ele>
</wpt>
<wpt lat="-31.682121" lon="152.509746">
  <ele>547.4</ele>
</wpt>
<wpt lat="-31.682434" lon="152.509549">
  <ele>542.0</ele>
</wpt>
<wpt lat="-31.682883" lon="152.509302">
  <ele>537.5</ele>
</wpt>
<wpt lat="-31.683072" lon="152.509245">
  <ele>539.3</ele>
</wpt>
<wpt lat="-31.683248" lon="152.509266">
  <ele>541.3</ele>
</wpt>
<wpt lat="-31.683325" lon="152.509375">
  <ele>544.4</ele>
</wpt>
<wpt lat="-31.683424" lon="152.509727">
  <ele>551.6</ele>
</wpt>
<wpt lat="-31.683528" lon="152.509993">
  <ele>553.5</ele>
</wpt>
<wpt lat="-31.683674" lon="152.510161">
  <ele>553.6</ele>
</wpt>
<wpt lat="-31.683854" lon="152.510254">
  <ele>554.8</ele>
</wpt>
<wpt lat="-31.684018" lon="152.510285">
  <ele>556.3</ele>
</wpt>
<wpt lat="-31.684132" lon="152.510222">
  <ele>558.4</ele>
</wpt>
<wpt lat="-31.684275" lon="152.509958">
  <ele>560.6</ele>
</wpt>
<wpt lat="-31.684311" lon="152.509729">
  <ele>562.8</ele>
</wpt>
<wpt lat="-31.684453" lon="152.509363">
  <ele>567.3</ele>
</wpt>
<wpt lat="-31.684602" lon="152.509183">
  <ele>570.1</ele>
</wpt>
<wpt lat="-31.685336" lon="152.508507">
  <ele>584.1</ele>
</wpt>
<wpt lat="-31.685543" lon="152.508123">
  <ele>582.9</ele>
</wpt>
<wpt lat="-31.685644" lon="152.508005">
  <ele>583.3</ele>
</wpt>
<wpt lat="-31.685785" lon="152.507911">
  <ele>585.7</ele>
</wpt>
<wpt lat="-31.686292" lon="152.5077">
  <ele>597.3</ele>
</wpt>
<wpt lat="-31.686758" lon="152.507441">
  <ele>604.5</ele>
</wpt>
<wpt lat="-31.687032" lon="152.507278">
  <ele>608.8</ele>
</wpt>
<wpt lat="-31.687126" lon="152.507281">
  <ele>610.5</ele>
</wpt>
<wpt lat="-31.687194" lon="152.507311">
  <ele>611.8</ele>
</wpt>
<wpt lat="-31.68728" lon="152.507396">
  <ele>614.8</ele>
</wpt>
<wpt lat="-31.687292" lon="152.507447">
  <ele>615.6</ele>
</wpt>
<wpt lat="-31.687292" lon="152.507456">
  <ele>615.7</ele>
</wpt>
<wpt lat="-31.687327" lon="152.507602">
  <ele>616.5</ele>
</wpt>
<wpt lat="-31.687334" lon="152.50803">
  <ele>609.7</ele>
</wpt>
<wpt lat="-31.687263" lon="152.508581">
  <ele>601.4</ele>
</wpt>
<wpt lat="-31.687158" lon="152.50891">
  <ele>597.9</ele>
</wpt>
<wpt lat="-31.686897" lon="152.509229">
  <ele>593.5</ele>
</wpt>
<wpt lat="-31.686877" lon="152.509393">
  <ele>591.7</ele>
</wpt>
<wpt lat="-31.686911" lon="152.50949">
  <ele>591.1</ele>
</wpt>
<wpt lat="-31.686999" lon="152.509546">
  <ele>590.5</ele>
</wpt>
<wpt lat="-31.687095" lon="152.509553">
  <ele>589.8</ele>
</wpt>
<wpt lat="-31.687509" lon="152.509352">
  <ele>589.9</ele>
</wpt>
<wpt lat="-31.687686" lon="152.509379">
  <ele>587.9</ele>
</wpt>
<wpt lat="-31.688013" lon="152.50958">
  <ele>576.1</ele>
</wpt>
<wpt lat="-31.688234" lon="152.509894">
  <ele>566.9</ele>
</wpt>
<wpt lat="-31.688405" lon="152.510256">
  <ele>561.4</ele>
</wpt>
<wpt lat="-31.688766" lon="152.510566">
  <ele>554.1</ele>
</wpt>
<wpt lat="-31.688878" lon="152.510758">
  <ele>550.7</ele>
</wpt>
<wpt lat="-31.68892" lon="152.511005">
  <ele>547.7</ele>
</wpt>
<wpt lat="-31.688891" lon="152.51114">
  <ele>546.8</ele>
</wpt>
<wpt lat="-31.68853" lon="152.51196">
  <ele>534.4</ele>
</wpt>
<wpt lat="-31.688456" lon="152.512168">
  <ele>530.9</ele>
</wpt>
<wpt lat="-31.688332" lon="152.51257">
  <ele>526.8</ele>
</wpt>
<wpt lat="-31.688302" lon="152.513074">
  <ele>526.3</ele>
</wpt>
<wpt lat="-31.688245" lon="152.513228">
  <ele>527.3</ele>
</wpt>
<wpt lat="-31.68819" lon="152.513258">
  <ele>527.8</ele>
</wpt>
<wpt lat="-31.68803" lon="152.513294">
  <ele>529.1</ele>
</wpt>
<wpt lat="-31.687798" lon="152.51326">
  <ele>531.3</ele>
</wpt>
<wpt lat="-31.687601" lon="152.513215">
  <ele>531.8</ele>
</wpt>
<wpt lat="-31.687432" lon="152.513268">
  <ele>532.9</ele>
</wpt>
<wpt lat="-31.687329" lon="152.513416">
  <ele>535.0</ele>
</wpt>
<wpt lat="-31.687335" lon="152.513578">
  <ele>537.8</ele>
</wpt>
<wpt lat="-31.687341" lon="152.51371">
  <ele>539.9</ele>
</wpt>
<wpt lat="-31.687377" lon="152.513817">
  <ele>541.5</ele>
</wpt>
<wpt lat="-31.687643" lon="152.514059">
  <ele>541.8</ele>
</wpt>
<wpt lat="-31.68774" lon="152.514138">
  <ele>541.2</ele>
</wpt>
<wpt lat="-31.688134" lon="152.514492">
  <ele>537.3</ele>
</wpt>
<wpt lat="-31.688414" lon="152.514782">
  <ele>538.1</ele>
</wpt>
<wpt lat="-31.688475" lon="152.514885">
  <ele>538.7</ele>
</wpt>
<wpt lat="-31.688711" lon="152.51528">
  <ele>535.5</ele>
</wpt>
<wpt lat="-31.689121" lon="152.516008">
  <ele>532.4</ele>
</wpt>
<wpt lat="-31.689146" lon="152.516116">
  <ele>532.9</ele>
</wpt>
<wpt lat="-31.689131" lon="152.516339">
  <ele>533.0</ele>
</wpt>
<wpt lat="-31.688884" lon="152.517861">
  <ele>523.0</ele>
</wpt>
<wpt lat="-31.688788" lon="152.518645">
  <ele>522.6</ele>
</wpt>
<wpt lat="-31.688756" lon="152.518999">
  <ele>525.2</ele>
</wpt>
<wpt lat="-31.688777" lon="152.519239">
  <ele>527.2</ele>
</wpt>
<wpt lat="-31.688988" lon="152.519903">
  <ele>528.8</ele>
</wpt>
<wpt lat="-31.689246" lon="152.520544">
  <ele>525.8</ele>
</wpt>
<wpt lat="-31.689353" lon="152.520692">
  <ele>524.0</ele>
</wpt>
<wpt lat="-31.689464" lon="152.520857">
  <ele>522.8</ele>
</wpt>
<wpt lat="-31.690309" lon="152.521349">
  <ele>515.3</ele>
</wpt>
<wpt lat="-31.691449" lon="152.521974">
  <ele>497.0</ele>
</wpt>
<wpt lat="-31.692981" lon="152.522499">
  <ele>473.8</ele>
</wpt>
<wpt lat="-31.694005" lon="152.522768">
  <ele>459.6</ele>
</wpt>
<wpt lat="-31.694354" lon="152.52282">
  <ele>454.7</ele>
</wpt>
<wpt lat="-31.694646" lon="152.522795">
  <ele>451.9</ele>
</wpt>
<wpt lat="-31.694925" lon="152.522721">
  <ele>449.0</ele>
</wpt>
<wpt lat="-31.695155" lon="152.52261">
  <ele>445.0</ele>
</wpt>
<wpt lat="-31.695248" lon="152.522482">
  <ele>443.4</ele>
</wpt>
<wpt lat="-31.695272" lon="152.522334">
  <ele>442.0</ele>
</wpt>
<wpt lat="-31.695226" lon="152.522073">
  <ele>442.2</ele>
</wpt>
<wpt lat="-31.695076" lon="152.521785">
  <ele>448.2</ele>
</wpt>
<wpt lat="-31.694987" lon="152.521516">
  <ele>449.6</ele>
</wpt>
<wpt lat="-31.694991" lon="152.521429">
  <ele>449.3</ele>
</wpt>
<wpt lat="-31.695062" lon="152.521359">
  <ele>448.3</ele>
</wpt>
<wpt lat="-31.695248" lon="152.52138">
  <ele>444.7</ele>
</wpt>
<wpt lat="-31.695591" lon="152.521529">
  <ele>433.0</ele>
</wpt>
<wpt lat="-31.696265" lon="152.521295">
  <ele>425.5</ele>
</wpt>
<wpt lat="-31.696556" lon="152.521351">
  <ele>425.9</ele>
</wpt>
<wpt lat="-31.696905" lon="152.521517">
  <ele>423.6</ele>
</wpt>
<wpt lat="-31.697053" lon="152.521629">
  <ele>421.4</ele>
</wpt>
<wpt lat="-31.697234" lon="152.521852">
  <ele>420.7</ele>
</wpt>
<wpt lat="-31.697378" lon="152.522322">
  <ele>422.0</ele>
  <name>untitled</name>
</wpt>
<wpt lat="-31.697378" lon="152.52232">
  <ele>422.0</ele>
  <name>untitled</name>
</wpt>
<wpt lat="-31.697424" lon="152.522469">
  <ele>422.6</ele>
</wpt>
<wpt lat="-31.697432" lon="152.522009">
  <ele>417.6</ele>
</wpt>
<wpt lat="-31.69736" lon="152.521574">
  <ele>414.2</ele>
</wpt>
<wpt lat="-31.697306" lon="152.521471">
  <ele>414.4</ele>
</wpt>
<wpt lat="-31.697212" lon="152.521341">
  <ele>415.8</ele>
</wpt>
<wpt lat="-31.696636" lon="152.520753">
  <ele>415.9</ele>
</wpt>
<wpt lat="-31.696378" lon="152.520529">
  <ele>414.3</ele>
</wpt>
<wpt lat="-31.696296" lon="152.520324">
  <ele>410.9</ele>
</wpt>
<wpt lat="-31.696218" lon="152.519888">
  <ele>402.4</ele>
</wpt>
<wpt lat="-31.696213" lon="152.519619">
  <ele>394.0</ele>
</wpt>
<wpt lat="-31.696243" lon="152.519332">
  <ele>383.3</ele>
</wpt>
<wpt lat="-31.696337" lon="152.519058">
  <ele>370.8</ele>
</wpt>
<wpt lat="-31.696491" lon="152.518696">
  <ele>363.5</ele>
</wpt>
<wpt lat="-31.696525" lon="152.518516">
  <ele>363.4</ele>
</wpt>
<wpt lat="-31.696503" lon="152.518293">
  <ele>366.3</ele>
</wpt>
<wpt lat="-31.696537" lon="152.518136">
  <ele>366.8</ele>
</wpt>
<wpt lat="-31.696597" lon="152.518022">
  <ele>366.3</ele>
</wpt>
<wpt lat="-31.696703" lon="152.517911">
  <ele>365.9</ele>
</wpt>
<wpt lat="-31.696864" lon="152.517857">
  <ele>363.6</ele>
</wpt>
<wpt lat="-31.697091" lon="152.517836">
  <ele>363.7</ele>
</wpt>
<wpt lat="-31.697414" lon="152.517873">
  <ele>366.2</ele>
</wpt>
<wpt lat="-31.697752" lon="152.517832">
  <ele>365.1</ele>
</wpt>
<wpt lat="-31.698231" lon="152.517957">
  <ele>354.7</ele>
</wpt>
<wpt lat="-31.698423" lon="152.517985">
  <ele>351.6</ele>
</wpt>
<wpt lat="-31.698593" lon="152.517992">
  <ele>349.6</ele>
</wpt>
<wpt lat="-31.698877" lon="152.517908">
  <ele>350.3</ele>
</wpt>
<wpt lat="-31.699363" lon="152.517603">
  <ele>359.0</ele>
</wpt>
<wpt lat="-31.699586" lon="152.517533">
  <ele>355.5</ele>
</wpt>
<wpt lat="-31.699956" lon="152.51744">
  <ele>346.3</ele>
</wpt>
<wpt lat="-31.70032" lon="152.517423">
  <ele>333.8</ele>
</wpt>
<wpt lat="-31.700444" lon="152.517338">
  <ele>331.5</ele>
</wpt>
<wpt lat="-31.700521" lon="152.517201">
  <ele>331.0</ele>
</wpt>
<wpt lat="-31.700671" lon="152.51668">
  <ele>332.9</ele>
</wpt>
<wpt lat="-31.70081" lon="152.515983">
  <ele>329.0</ele>
</wpt>
<wpt lat="-31.700862" lon="152.515647">
  <ele>326.4</ele>
</wpt>
<wpt lat="-31.700761" lon="152.515272">
  <ele>325.9</ele>
</wpt>
<wpt lat="-31.700697" lon="152.514761">
  <ele>325.2</ele>
</wpt>
<wpt lat="-31.700589" lon="152.514521">
  <ele>327.0</ele>
</wpt>
<wpt lat="-31.700208" lon="152.514176">
  <ele>324.7</ele>
</wpt>
<wpt lat="-31.700016" lon="152.513681">
  <ele>316.8</ele>
</wpt>
<wpt lat="-31.699851" lon="152.513367">
  <ele>319.1</ele>
</wpt>
<wpt lat="-31.699822" lon="152.513285">
  <ele>319.4</ele>
</wpt>
<wpt lat="-31.699786" lon="152.513185">
  <ele>319.8</ele>
</wpt>
<wpt lat="-31.699697" lon="152.512935">
  <ele>320.1</ele>
</wpt>
<wpt lat="-31.699537" lon="152.512774">
  <ele>320.0</ele>
</wpt>
<wpt lat="-31.699443" lon="152.512698">
  <ele>320.9</ele>
</wpt>
<wpt lat="-31.699434" lon="152.512577">
  <ele>322.1</ele>
</wpt>
<wpt lat="-31.699543" lon="152.512411">
  <ele>325.0</ele>
</wpt>
<wpt lat="-31.699764" lon="152.512296">
  <ele>330.7</ele>
</wpt>
<wpt lat="-31.699839" lon="152.512191">
  <ele>334.5</ele>
</wpt>
<wpt lat="-31.699846" lon="152.512077">
  <ele>337.0</ele>
</wpt>
<wpt lat="-31.699761" lon="152.511809">
  <ele>342.6</ele>
</wpt>
<wpt lat="-31.699445" lon="152.511419">
  <ele>343.4</ele>
</wpt>
<wpt lat="-31.699374" lon="152.511268">
  <ele>342.6</ele>
</wpt>
<wpt lat="-31.699326" lon="152.511108">
  <ele>342.6</ele>
</wpt>
<wpt lat="-31.699361" lon="152.510707">
  <ele>342.5</ele>
</wpt>
<wpt lat="-31.699464" lon="152.510434">
  <ele>343.9</ele>
</wpt>
<wpt lat="-31.699616" lon="152.510193">
  <ele>349.5</ele>
</wpt>
<wpt lat="-31.699733" lon="152.510086">
  <ele>354.5</ele>
</wpt>
<wpt lat="-31.699842" lon="152.509751">
  <ele>360.5</ele>
</wpt>
<wpt lat="-31.699957" lon="152.50954">
  <ele>365.4</ele>
</wpt>
<wpt lat="-31.7002" lon="152.509403">
  <ele>372.1</ele>
</wpt>
<wpt lat="-31.700286" lon="152.509324">
  <ele>375.0</ele>
</wpt>
<wpt lat="-31.700299" lon="152.509227">
  <ele>375.9</ele>
</wpt>
<wpt lat="-31.700204" lon="152.509052">
  <ele>374.1</ele>
</wpt>
<wpt lat="-31.700206" lon="152.50887">
  <ele>376.2</ele>
</wpt>
<wpt lat="-31.700257" lon="152.508586">
  <ele>383.5</ele>
</wpt>
<wpt lat="-31.700172" lon="152.508306">
  <ele>384.9</ele>
</wpt>
<wpt lat="-31.700061" lon="152.50809">
  <ele>382.7</ele>
</wpt>
<wpt lat="-31.699949" lon="152.507775">
  <ele>383.0</ele>
</wpt>
<wpt lat="-31.699968" lon="152.507648">
  <ele>382.1</ele>
</wpt>
<wpt lat="-31.700023" lon="152.507572">
  <ele>381.5</ele>
</wpt>
<wpt lat="-31.699856" lon="152.507512">
  <ele>381.1</ele>
</wpt>
<wpt lat="-31.699856" lon="152.507504">
  <ele>381.0</ele>
</wpt>
<wpt lat="-31.700023" lon="152.507564">
  <ele>381.4</ele>
</wpt>
<wpt lat="-31.700221" lon="152.507665">
  <ele>383.0</ele>
</wpt>
<wpt lat="-31.700488" lon="152.507813">
  <ele>383.0</ele>
</wpt>
<wpt lat="-31.700926" lon="152.507929">
  <ele>375.4</ele>
</wpt>
<wpt lat="-31.701475" lon="152.507918">
  <ele>389.4</ele>
</wpt>
<wpt lat="-31.702065" lon="152.507939">
  <ele>397.6</ele>
</wpt>
<wpt lat="-31.702637" lon="152.507912">
  <ele>404.7</ele>
</wpt>
<wpt lat="-31.703017" lon="152.507968">
  <ele>412.0</ele>
</wpt>
<wpt lat="-31.703319" lon="152.508014">
  <ele>416.1</ele>
</wpt>
<wpt lat="-31.703537" lon="152.508112">
  <ele>418.5</ele>
</wpt>
<wpt lat="-31.703629" lon="152.508253">
  <ele>422.0</ele>
</wpt>
<wpt lat="-31.70366" lon="152.508439">
  <ele>425.0</ele>
</wpt>
<wpt lat="-31.703676" lon="152.508987">
  <ele>425.0</ele>
</wpt>
<wpt lat="-31.703703" lon="152.509149">
  <ele>424.8</ele>
</wpt>
<wpt lat="-31.703808" lon="152.509391">
  <ele>425.7</ele>
</wpt>
<wpt lat="-31.703833" lon="152.509707">
  <ele>424.7</ele>
</wpt>
<wpt lat="-31.703723" lon="152.510023">
  <ele>423.0</ele>
</wpt>
<wpt lat="-31.703759" lon="152.510272">
  <ele>423.7</ele>
</wpt>
<wpt lat="-31.703815" lon="152.510418">
  <ele>424.8</ele>
</wpt>
<wpt lat="-31.703995" lon="152.510565">
  <ele>430.3</ele>
</wpt>
<wpt lat="-31.704445" lon="152.510707">
  <ele>446.8</ele>
</wpt>
<wpt lat="-31.704616" lon="152.510836">
  <ele>452.3</ele>
</wpt>
<wpt lat="-31.704652" lon="152.510986">
  <ele>449.8</ele>
</wpt>
<wpt lat="-31.70463" lon="152.511133">
  <ele>445.6</ele>
</wpt>
<wpt lat="-31.704327" lon="152.511869">
  <ele>441.0</ele>
</wpt>
<wpt lat="-31.704201" lon="152.512278">
  <ele>441.1</ele>
</wpt>
<wpt lat="-31.70422" lon="152.51249">
  <ele>440.6</ele>
</wpt>
<wpt lat="-31.704331" lon="152.512623">
  <ele>441.1</ele>
</wpt>
<wpt lat="-31.704583" lon="152.512675">
  <ele>448.2</ele>
</wpt>
<wpt lat="-31.704743" lon="152.512745">
  <ele>452.5</ele>
</wpt>
<wpt lat="-31.704979" lon="152.513009">
  <ele>455.2</ele>
</wpt>
<wpt lat="-31.705068" lon="152.513039">
  <ele>457.1</ele>
</wpt>
<wpt lat="-31.705201" lon="152.513025">
  <ele>460.8</ele>
</wpt>
<wpt lat="-31.705371" lon="152.512904">
  <ele>465.5</ele>
</wpt>
<wpt lat="-31.706169" lon="152.511935">
  <ele>462.7</ele>
</wpt>
<wpt lat="-31.706447" lon="152.511379">
  <ele>466.8</ele>
</wpt>
<wpt lat="-31.706648" lon="152.511161">
  <ele>468.8</ele>
</wpt>
<wpt lat="-31.706787" lon="152.510681">
  <ele>483.1</ele>
</wpt>
<wpt lat="-31.706952" lon="152.510226">
  <ele>493.2</ele>
</wpt>
<wpt lat="-31.707077" lon="152.51018">
  <ele>492.4</ele>
</wpt>
<wpt lat="-31.707238" lon="152.510211">
  <ele>489.5</ele>
</wpt>
<wpt lat="-31.707515" lon="152.510453">
  <ele>483.8</ele>
</wpt>
<wpt lat="-31.707628" lon="152.510505">
  <ele>481.7</ele>
</wpt>
<wpt lat="-31.70775" lon="152.510479">
  <ele>481.6</ele>
</wpt>
<wpt lat="-31.707859" lon="152.510262">
  <ele>484.0</ele>
</wpt>
<wpt lat="-31.707938" lon="152.509911">
  <ele>492.5</ele>
</wpt>
<wpt lat="-31.707991" lon="152.509737">
  <ele>496.2</ele>
</wpt>
<wpt lat="-31.708355" lon="152.509361">
  <ele>498.2</ele>
</wpt>
<wpt lat="-31.70849" lon="152.509162">
  <ele>505.5</ele>
</wpt>
<wpt lat="-31.708835" lon="152.508642">
  <ele>512.6</ele>
</wpt>
<wpt lat="-31.709086" lon="152.508341">
  <ele>524.4</ele>
</wpt>
<wpt lat="-31.709295" lon="152.508196">
  <ele>534.5</ele>
</wpt>
<wpt lat="-31.709535" lon="152.508124">
  <ele>540.9</ele>
</wpt>
<wpt lat="-31.709741" lon="152.50813">
  <ele>542.5</ele>
</wpt>
<wpt lat="-31.710118" lon="152.508215">
  <ele>536.6</ele>
</wpt>
<wpt lat="-31.710235" lon="152.508184">
  <ele>534.2</ele>
</wpt>
<wpt lat="-31.710396" lon="152.508071">
  <ele>530.2</ele>
</wpt>
<wpt lat="-31.710544" lon="152.507894">
  <ele>526.2</ele>
</wpt>
<wpt lat="-31.710764" lon="152.507433">
  <ele>521.1</ele>
</wpt>
<wpt lat="-31.710908" lon="152.50721">
  <ele>518.8</ele>
</wpt>
<wpt lat="-31.711066" lon="152.507113">
  <ele>517.9</ele>
</wpt>
<wpt lat="-31.711406" lon="152.507141">
  <ele>513.3</ele>
</wpt>
<wpt lat="-31.711594" lon="152.50722">
  <ele>510.3</ele>
</wpt>
<wpt lat="-31.711774" lon="152.507334">
  <ele>502.4</ele>
</wpt>
<wpt lat="-31.711905" lon="152.507329">
  <ele>499.9</ele>
</wpt>
<wpt lat="-31.712224" lon="152.507212">
  <ele>504.1</ele>
</wpt>
<wpt lat="-31.712499" lon="152.507186">
  <ele>500.3</ele>
</wpt>
<wpt lat="-31.7127" lon="152.507149">
  <ele>495.5</ele>
</wpt>
<wpt lat="-31.713016" lon="152.507068">
  <ele>486.5</ele>
</wpt>
<wpt lat="-31.713656" lon="152.507062">
  <ele>468.8</ele>
</wpt>
<wpt lat="-31.713932" lon="152.507137">
  <ele>467.7</ele>
</wpt>
<wpt lat="-31.714305" lon="152.507362">
  <ele>464.7</ele>
</wpt>
<wpt lat="-31.714646" lon="152.507562">
  <ele>460.1</ele>
</wpt>
<wpt lat="-31.714843" lon="152.507768">
  <ele>457.9</ele>
</wpt>
<wpt lat="-31.715094" lon="152.508132">
  <ele>447.4</ele>
</wpt>
<wpt lat="-31.715267" lon="152.508506">
  <ele>443.3</ele>
</wpt>
<wpt lat="-31.715344" lon="152.508824">
  <ele>444.4</ele>
</wpt>
<wpt lat="-31.715415" lon="152.509364">
  <ele>440.9</ele>
</wpt>
<wpt lat="-31.715409" lon="152.509659">
  <ele>439.0</ele>
</wpt>
<wpt lat="-31.715345" lon="152.510089">
  <ele>439.5</ele>
</wpt>
<wpt lat="-31.71535" lon="152.510245">
  <ele>439.5</ele>
</wpt>
<wpt lat="-31.7154" lon="152.510354">
  <ele>439.0</ele>
</wpt>
<wpt lat="-31.715571" lon="152.510444">
  <ele>436.9</ele>
</wpt>
<wpt lat="-31.715673" lon="152.510461">
  <ele>433.7</ele>
</wpt>
<wpt lat="-31.716075" lon="152.510464">
  <ele>422.3</ele>
</wpt>
<wpt lat="-31.716191" lon="152.510501">
  <ele>422.6</ele>
</wpt>
<wpt lat="-31.716317" lon="152.51058">
  <ele>426.0</ele>
</wpt>
<wpt lat="-31.716401" lon="152.510703">
  <ele>428.2</ele>
</wpt>
<wpt lat="-31.716438" lon="152.510874">
  <ele>429.3</ele>
</wpt>
<wpt lat="-31.716441" lon="152.511035">
  <ele>429.9</ele>
</wpt>
<wpt lat="-31.716263" lon="152.511588">
  <ele>437.0</ele>
</wpt>
<wpt lat="-31.71626" lon="152.511711">
  <ele>438.2</ele>
</wpt>
<wpt lat="-31.716306" lon="152.511888">
  <ele>440.9</ele>
</wpt>
<wpt lat="-31.716428" lon="152.511988">
  <ele>444.0</ele>
</wpt>
<wpt lat="-31.716706" lon="152.512041">
  <ele>447.3</ele>
</wpt>
<wpt lat="-31.716852" lon="152.512099">
  <ele>447.6</ele>
</wpt>
<wpt lat="-31.717022" lon="152.512225">
  <ele>449.6</ele>
</wpt>
<wpt lat="-31.717327" lon="152.512508">
  <ele>453.6</ele>
</wpt>
<wpt lat="-31.717537" lon="152.512809">
  <ele>461.2</ele>
</wpt>
<wpt lat="-31.717548" lon="152.512953">
  <ele>463.7</ele>
</wpt>
<wpt lat="-31.717507" lon="152.513014">
  <ele>464.3</ele>
</wpt>
<wpt lat="-31.717335" lon="152.513124">
  <ele>461.3</ele>
</wpt>
<wpt lat="-31.717237" lon="152.51323">
  <ele>461.1</ele>
</wpt>
<wpt lat="-31.717141" lon="152.51343">
  <ele>461.3</ele>
</wpt>
<wpt lat="-31.717115" lon="152.513861">
  <ele>463.2</ele>
</wpt>
<wpt lat="-31.717197" lon="152.514144">
  <ele>465.5</ele>
</wpt>
<wpt lat="-31.717264" lon="152.514231">
  <ele>465.9</ele>
</wpt>
<wpt lat="-31.717321" lon="152.514242">
  <ele>466.8</ele>
</wpt>
<wpt lat="-31.717407" lon="152.514236">
  <ele>468.5</ele>
</wpt>
<wpt lat="-31.717692" lon="152.514167">
  <ele>473.8</ele>
</wpt>
<wpt lat="-31.717982" lon="152.513985">
  <ele>479.0</ele>
</wpt>
<wpt lat="-31.71812" lon="152.513792">
  <ele>482.8</ele>
</wpt>
<wpt lat="-31.718229" lon="152.513317">
  <ele>479.9</ele>
</wpt>
<wpt lat="-31.718328" lon="152.513121">
  <ele>477.1</ele>
</wpt>
<wpt lat="-31.718461" lon="152.512916">
  <ele>473.7</ele>
</wpt>
<wpt lat="-31.718666" lon="152.512763">
  <ele>470.5</ele>
</wpt>
<wpt lat="-31.718948" lon="152.512625">
  <ele>460.8</ele>
</wpt>
<wpt lat="-31.719176" lon="152.512504">
  <ele>458.1</ele>
</wpt>
<wpt lat="-31.719573" lon="152.512332">
  <ele>445.6</ele>
</wpt>
<wpt lat="-31.719928" lon="152.512206">
  <ele>443.9</ele>
</wpt>
<wpt lat="-31.720219" lon="152.512166">
  <ele>452.6</ele>
</wpt>
<wpt lat="-31.720702" lon="152.512179">
  <ele>454.4</ele>
</wpt>
<wpt lat="-31.721055" lon="152.512323">
  <ele>457.0</ele>
</wpt>
<wpt lat="-31.721344" lon="152.512632">
  <ele>459.1</ele>
</wpt>
<wpt lat="-31.72155" lon="152.512839">
  <ele>460.6</ele>
</wpt>
<wpt lat="-31.722031" lon="152.513059">
  <ele>462.9</ele>
</wpt>
<wpt lat="-31.722225" lon="152.513244">
  <ele>463.0</ele>
</wpt>
<wpt lat="-31.722334" lon="152.513433">
  <ele>463.5</ele>
</wpt>
<wpt lat="-31.722412" lon="152.513806">
  <ele>459.8</ele>
</wpt>
<wpt lat="-31.722532" lon="152.514104">
  <ele>458.3</ele>
</wpt>
<wpt lat="-31.722889" lon="152.514653">
  <ele>459.9</ele>
</wpt>
<wpt lat="-31.723047" lon="152.515068">
  <ele>460.8</ele>
</wpt>
<wpt lat="-31.723141" lon="152.515446">
  <ele>456.0</ele>
</wpt>
<wpt lat="-31.723214" lon="152.515644">
  <ele>453.0</ele>
</wpt>
<wpt lat="-31.723309" lon="152.515781">
  <ele>450.9</ele>
</wpt>
<wpt lat="-31.723442" lon="152.515865">
  <ele>447.7</ele>
</wpt>
<wpt lat="-31.723553" lon="152.515819">
  <ele>447.1</ele>
</wpt>
<wpt lat="-31.723636" lon="152.515683">
  <ele>448.7</ele>
</wpt>
<wpt lat="-31.723875" lon="152.514953">
  <ele>453.5</ele>
</wpt>
<wpt lat="-31.724048" lon="152.51453">
  <ele>448.3</ele>
</wpt>
<wpt lat="-31.724183" lon="152.514379">
  <ele>445.3</ele>
</wpt>
<wpt lat="-31.724306" lon="152.514353">
  <ele>443.2</ele>
</wpt>
<wpt lat="-31.724493" lon="152.514507">
  <ele>443.0</ele>
</wpt>
<wpt lat="-31.724654" lon="152.514831">
  <ele>444.9</ele>
</wpt>
<wpt lat="-31.724873" lon="152.515294">
  <ele>443.3</ele>
</wpt>
<wpt lat="-31.725003" lon="152.515906">
  <ele>448.2</ele>
</wpt>
<wpt lat="-31.725073" lon="152.516359">
  <ele>441.6</ele>
</wpt>
<wpt lat="-31.725103" lon="152.516456">
  <ele>439.9</ele>
</wpt>
<wpt lat="-31.725165" lon="152.516507">
  <ele>439.2</ele>
</wpt>
<wpt lat="-31.725319" lon="152.516595">
  <ele>436.2</ele>
</wpt>
<wpt lat="-31.725466" lon="152.516604">
  <ele>432.1</ele>
</wpt>
<wpt lat="-31.725633" lon="152.516459">
  <ele>431.6</ele>
</wpt>
<wpt lat="-31.725842" lon="152.516201">
  <ele>431.7</ele>
</wpt>
<wpt lat="-31.725965" lon="152.516104">
  <ele>432.6</ele>
</wpt>
<wpt lat="-31.726162" lon="152.516073">
  <ele>430.1</ele>
</wpt>
<wpt lat="-31.726322" lon="152.516141">
  <ele>429.6</ele>
</wpt>
<wpt lat="-31.726426" lon="152.516295">
  <ele>431.1</ele>
</wpt>
<wpt lat="-31.726572" lon="152.516617">
  <ele>434.9</ele>
</wpt>
<wpt lat="-31.726725" lon="152.516879">
  <ele>436.3</ele>
</wpt>
<wpt lat="-31.726908" lon="152.517065">
  <ele>432.8</ele>
</wpt>
<wpt lat="-31.727107" lon="152.517145">
  <ele>429.6</ele>
</wpt>
<wpt lat="-31.727287" lon="152.517112">
  <ele>428.6</ele>
</wpt>
<wpt lat="-31.727637" lon="152.516884">
  <ele>427.6</ele>
</wpt>
<wpt lat="-31.727847" lon="152.516867">
  <ele>424.5</ele>
</wpt>
<wpt lat="-31.728061" lon="152.516929">
  <ele>422.3</ele>
</wpt>
<wpt lat="-31.728234" lon="152.517027">
  <ele>419.9</ele>
</wpt>
<wpt lat="-31.728804" lon="152.517474">
  <ele>425.7</ele>
</wpt>
<wpt lat="-31.72891" lon="152.517608">
  <ele>427.0</ele>
</wpt>
<wpt lat="-31.729047" lon="152.517801">
  <ele>428.2</ele>
</wpt>
<wpt lat="-31.729232" lon="152.518064">
  <ele>432.0</ele>
</wpt>
<wpt lat="-31.729346" lon="152.518204">
  <ele>432.2</ele>
</wpt>
<wpt lat="-31.72947" lon="152.518282">
  <ele>433.9</ele>
</wpt>
<wpt lat="-31.729596" lon="152.518297">
  <ele>435.6</ele>
</wpt>
<wpt lat="-31.729756" lon="152.518219">
  <ele>438.3</ele>
</wpt>
<wpt lat="-31.730004" lon="152.518033">
  <ele>440.7</ele>
</wpt>
<wpt lat="-31.730004" lon="152.518032">
  <ele>440.7</ele>
</wpt>
<wpt lat="-31.729756" lon="152.518218">
  <ele>438.3</ele>
</wpt>
<wpt lat="-31.729596" lon="152.518296">
  <ele>435.6</ele>
</wpt>
<wpt lat="-31.72947" lon="152.518281">
  <ele>433.9</ele>
</wpt>
<wpt lat="-31.729346" lon="152.518203">
  <ele>432.3</ele>
</wpt>
<wpt lat="-31.729232" lon="152.518063">
  <ele>432.1</ele>
</wpt>
<wpt lat="-31.729047" lon="152.5178">
  <ele>428.2</ele>
</wpt>
<wpt lat="-31.72891" lon="152.517607">
  <ele>427.0</ele>
</wpt>
<wpt lat="-31.728804" lon="152.517473">
  <ele>425.7</ele>
</wpt>
<wpt lat="-31.728234" lon="152.517026">
  <ele>419.9</ele>
</wpt>
<wpt lat="-31.728061" lon="152.516928">
  <ele>422.3</ele>
</wpt>
<wpt lat="-31.727847" lon="152.516866">
  <ele>424.5</ele>
</wpt>
<wpt lat="-31.727637" lon="152.516883">
  <ele>427.6</ele>
</wpt>
<wpt lat="-31.727287" lon="152.517111">
  <ele>428.6</ele>
</wpt>
<wpt lat="-31.727107" lon="152.517144">
  <ele>429.7</ele>
</wpt>
<wpt lat="-31.726908" lon="152.517064">
  <ele>432.8</ele>
</wpt>
<wpt lat="-31.726725" lon="152.516878">
  <ele>436.3</ele>
</wpt>
<wpt lat="-31.726572" lon="152.516616">
  <ele>434.9</ele>
</wpt>
<wpt lat="-31.726426" lon="152.516294">
  <ele>431.1</ele>
</wpt>
<wpt lat="-31.726322" lon="152.51614">
  <ele>429.6</ele>
</wpt>
<wpt lat="-31.726162" lon="152.516072">
  <ele>430.1</ele>
</wpt>
<wpt lat="-31.725965" lon="152.516103">
  <ele>432.6</ele>
</wpt>
<wpt lat="-31.725842" lon="152.5162">
  <ele>431.7</ele>
</wpt>
<wpt lat="-31.725633" lon="152.516458">
  <ele>431.6</ele>
</wpt>
<wpt lat="-31.725466" lon="152.516603">
  <ele>432.2</ele>
</wpt>
<wpt lat="-31.725319" lon="152.516594">
  <ele>436.3</ele>
</wpt>
<wpt lat="-31.725165" lon="152.516506">
  <ele>439.3</ele>
</wpt>
<wpt lat="-31.725103" lon="152.516455">
  <ele>439.9</ele>
</wpt>
<wpt lat="-31.725073" lon="152.516358">
  <ele>441.7</ele>
</wpt>
<wpt lat="-31.725003" lon="152.515905">
  <ele>448.2</ele>
</wpt>
<wpt lat="-31.724873" lon="152.515293">
  <ele>443.3</ele>
</wpt>
<wpt lat="-31.724654" lon="152.51483">
  <ele>444.9</ele>
</wpt>
<wpt lat="-31.724493" lon="152.514506">
  <ele>443.0</ele>
</wpt>
<wpt lat="-31.724306" lon="152.514352">
  <ele>443.2</ele>
</wpt>
<wpt lat="-31.724183" lon="152.514378">
  <ele>445.3</ele>
</wpt>
<wpt lat="-31.724048" lon="152.514529">
  <ele>448.3</ele>
</wpt>
<wpt lat="-31.723875" lon="152.514952">
  <ele>453.5</ele>
</wpt>
<wpt lat="-31.723636" lon="152.515682">
  <ele>448.7</ele>
</wpt>
<wpt lat="-31.723553" lon="152.515818">
  <ele>447.2</ele>
</wpt>
<wpt lat="-31.723442" lon="152.515864">
  <ele>447.7</ele>
</wpt>
<wpt lat="-31.723309" lon="152.51578">
  <ele>450.9</ele>
</wpt>
<wpt lat="-31.723214" lon="152.515643">
  <ele>453.0</ele>
</wpt>
<wpt lat="-31.723141" lon="152.515445">
  <ele>456.0</ele>
</wpt>
<wpt lat="-31.723047" lon="152.515067">
  <ele>460.8</ele>
</wpt>
<wpt lat="-31.722889" lon="152.514652">
  <ele>459.9</ele>
</wpt>
<wpt lat="-31.722532" lon="152.514103">
  <ele>458.3</ele>
</wpt>
<wpt lat="-31.722412" lon="152.513805">
  <ele>459.8</ele>
</wpt>
<wpt lat="-31.722334" lon="152.513432">
  <ele>463.5</ele>
</wpt>
<wpt lat="-31.722225" lon="152.513243">
  <ele>463.0</ele>
</wpt>
<wpt lat="-31.722031" lon="152.513058">
  <ele>462.9</ele>
</wpt>
<wpt lat="-31.72155" lon="152.512838">
  <ele>460.7</ele>
</wpt>
<wpt lat="-31.721344" lon="152.512631">
  <ele>459.1</ele>
</wpt>
<wpt lat="-31.721055" lon="152.512322">
  <ele>457.0</ele>
</wpt>
<wpt lat="-31.720702" lon="152.512178">
  <ele>454.4</ele>
</wpt>
<wpt lat="-31.720219" lon="152.512165">
  <ele>452.5</ele>
</wpt>
<wpt lat="-31.719928" lon="152.512205">
  <ele>443.9</ele>
</wpt>
<wpt lat="-31.719573" lon="152.512331">
  <ele>445.6</ele>
</wpt>
<wpt lat="-31.719176" lon="152.512503">
  <ele>458.0</ele>
</wpt>
<wpt lat="-31.718948" lon="152.512624">
  <ele>460.7</ele>
</wpt>
<wpt lat="-31.718666" lon="152.512762">
  <ele>470.4</ele>
</wpt>
<wpt lat="-31.718461" lon="152.512915">
  <ele>473.7</ele>
</wpt>
<wpt lat="-31.718328" lon="152.51312">
  <ele>477.1</ele>
</wpt>
<wpt lat="-31.718229" lon="152.513316">
  <ele>479.9</ele>
</wpt>
<wpt lat="-31.71812" lon="152.513791">
  <ele>482.8</ele>
</wpt>
<wpt lat="-31.717982" lon="152.513984">
  <ele>479.0</ele>
</wpt>
<wpt lat="-31.717692" lon="152.514166">
  <ele>473.8</ele>
</wpt>
<wpt lat="-31.717407" lon="152.514235">
  <ele>468.5</ele>
</wpt>
<wpt lat="-31.717321" lon="152.514241">
  <ele>466.8</ele>
</wpt>
<wpt lat="-31.717264" lon="152.51423">
  <ele>465.9</ele>
</wpt>
<wpt lat="-31.717197" lon="152.514143">
  <ele>465.5</ele>
</wpt>
<wpt lat="-31.717115" lon="152.51386">
  <ele>463.2</ele>
</wpt>
<wpt lat="-31.717141" lon="152.513429">
  <ele>461.3</ele>
</wpt>
<wpt lat="-31.717237" lon="152.513229">
  <ele>461.0</ele>
</wpt>
<wpt lat="-31.717335" lon="152.513123">
  <ele>461.3</ele>
</wpt>
<wpt lat="-31.717507" lon="152.513013">
  <ele>464.3</ele>
</wpt>
<wpt lat="-31.717548" lon="152.512952">
  <ele>463.7</ele>
</wpt>
<wpt lat="-31.717537" lon="152.512808">
  <ele>461.2</ele>
</wpt>
<wpt lat="-31.717327" lon="152.512507">
  <ele>453.6</ele>
</wpt>
<wpt lat="-31.717022" lon="152.512224">
  <ele>449.6</ele>
</wpt>
<wpt lat="-31.716852" lon="152.512098">
  <ele>447.6</ele>
</wpt>
<wpt lat="-31.716706" lon="152.51204">
  <ele>447.3</ele>
</wpt>
<wpt lat="-31.716428" lon="152.511987">
  <ele>444.0</ele>
</wpt>
<wpt lat="-31.716306" lon="152.511887">
  <ele>440.9</ele>
</wpt>
<wpt lat="-31.71626" lon="152.51171">
  <ele>438.1</ele>
</wpt>
<wpt lat="-31.716263" lon="152.511587">
  <ele>436.9</ele>
</wpt>
<wpt lat="-31.716441" lon="152.511034">
  <ele>429.9</ele>
</wpt>
<wpt lat="-31.716438" lon="152.510873">
  <ele>429.2</ele>
</wpt>
<wpt lat="-31.716401" lon="152.510702">
  <ele>428.1</ele>
</wpt>
<wpt lat="-31.716317" lon="152.510579">
  <ele>425.9</ele>
</wpt>
<wpt lat="-31.716191" lon="152.5105">
  <ele>422.5</ele>
</wpt>
<wpt lat="-31.716075" lon="152.510463">
  <ele>422.3</ele>
</wpt>
<wpt lat="-31.715673" lon="152.51046">
  <ele>433.7</ele>
</wpt>
<wpt lat="-31.715571" lon="152.510443">
  <ele>436.9</ele>
</wpt>
<wpt lat="-31.7154" lon="152.510353">
  <ele>439.0</ele>
</wpt>
<wpt lat="-31.71535" lon="152.510244">
  <ele>439.5</ele>
</wpt>
<wpt lat="-31.715345" lon="152.510088">
  <ele>439.5</ele>
</wpt>
<wpt lat="-31.715409" lon="152.509658">
  <ele>439.0</ele>
</wpt>
<wpt lat="-31.715415" lon="152.509363">
  <ele>440.9</ele>
</wpt>
<wpt lat="-31.715344" lon="152.508823">
  <ele>444.4</ele>
</wpt>
<wpt lat="-31.715267" lon="152.508505">
  <ele>443.3</ele>
</wpt>
<wpt lat="-31.715094" lon="152.508131">
  <ele>447.4</ele>
</wpt>
<wpt lat="-31.714843" lon="152.507767">
  <ele>457.9</ele>
</wpt>
<wpt lat="-31.714646" lon="152.507561">
  <ele>460.1</ele>
</wpt>
<wpt lat="-31.714305" lon="152.507361">
  <ele>464.8</ele>
</wpt>
<wpt lat="-31.713932" lon="152.507136">
  <ele>467.7</ele>
</wpt>
<wpt lat="-31.713656" lon="152.507061">
  <ele>468.8</ele>
</wpt>
<wpt lat="-31.713016" lon="152.507067">
  <ele>486.5</ele>
</wpt>
<wpt lat="-31.7127" lon="152.507148">
  <ele>495.5</ele>
</wpt>
<wpt lat="-31.712499" lon="152.507185">
  <ele>500.3</ele>
</wpt>
<wpt lat="-31.712224" lon="152.507211">
  <ele>504.1</ele>
</wpt>
<wpt lat="-31.711905" lon="152.507328">
  <ele>500.0</ele>
</wpt>
<wpt lat="-31.711774" lon="152.507333">
  <ele>502.5</ele>
</wpt>
<wpt lat="-31.711594" lon="152.507219">
  <ele>510.4</ele>
</wpt>
<wpt lat="-31.711406" lon="152.50714">
  <ele>513.3</ele>
</wpt>
<wpt lat="-31.711066" lon="152.507112">
  <ele>517.9</ele>
</wpt>
<wpt lat="-31.710908" lon="152.507209">
  <ele>518.8</ele>
</wpt>
<wpt lat="-31.710764" lon="152.507432">
  <ele>521.1</ele>
</wpt>
<wpt lat="-31.710544" lon="152.507893">
  <ele>526.2</ele>
</wpt>
<wpt lat="-31.710396" lon="152.50807">
  <ele>530.2</ele>
</wpt>
<wpt lat="-31.710235" lon="152.508183">
  <ele>534.3</ele>
</wpt>
<wpt lat="-31.710118" lon="152.508214">
  <ele>536.7</ele>
</wpt>
<wpt lat="-31.709741" lon="152.508129">
  <ele>542.5</ele>
</wpt>
<wpt lat="-31.709535" lon="152.508123">
  <ele>541.0</ele>
</wpt>
<wpt lat="-31.709295" lon="152.508195">
  <ele>534.5</ele>
</wpt>
<wpt lat="-31.709086" lon="152.50834">
  <ele>524.4</ele>
</wpt>
<wpt lat="-31.708835" lon="152.508641">
  <ele>512.6</ele>
</wpt>
<wpt lat="-31.70849" lon="152.509161">
  <ele>505.6</ele>
</wpt>
<wpt lat="-31.708355" lon="152.50936">
  <ele>498.2</ele>
</wpt>
<wpt lat="-31.707991" lon="152.509736">
  <ele>496.2</ele>
</wpt>
<wpt lat="-31.707938" lon="152.50991">
  <ele>492.6</ele>
</wpt>
<wpt lat="-31.707859" lon="152.510261">
  <ele>484.0</ele>
</wpt>
<wpt lat="-31.70775" lon="152.510478">
  <ele>481.6</ele>
</wpt>
<wpt lat="-31.707628" lon="152.510504">
  <ele>481.8</ele>
</wpt>
<wpt lat="-31.707515" lon="152.510452">
  <ele>483.9</ele>
</wpt>
<wpt lat="-31.707238" lon="152.51021">
  <ele>489.5</ele>
</wpt>
<wpt lat="-31.707077" lon="152.510179">
  <ele>492.4</ele>
</wpt>
<wpt lat="-31.706952" lon="152.510225">
  <ele>493.2</ele>
</wpt>
<wpt lat="-31.706787" lon="152.51068">
  <ele>483.2</ele>
</wpt>
<wpt lat="-31.706648" lon="152.51116">
  <ele>468.8</ele>
</wpt>
<wpt lat="-31.706447" lon="152.511378">
  <ele>466.9</ele>
</wpt>
<wpt lat="-31.706169" lon="152.511934">
  <ele>462.7</ele>
</wpt>
<wpt lat="-31.705371" lon="152.512903">
  <ele>465.5</ele>
</wpt>
<wpt lat="-31.705201" lon="152.513024">
  <ele>460.9</ele>
</wpt>
<wpt lat="-31.705068" lon="152.513038">
  <ele>457.2</ele>
</wpt>
<wpt lat="-31.704979" lon="152.513008">
  <ele>455.2</ele>
</wpt>
<wpt lat="-31.704743" lon="152.512744">
  <ele>452.6</ele>
</wpt>
<wpt lat="-31.704583" lon="152.512674">
  <ele>448.2</ele>
</wpt>
<wpt lat="-31.704331" lon="152.512622">
  <ele>441.1</ele>
</wpt>
<wpt lat="-31.70422" lon="152.512489">
  <ele>440.6</ele>
</wpt>
<wpt lat="-31.704201" lon="152.512277">
  <ele>441.1</ele>
</wpt>
<wpt lat="-31.704327" lon="152.511868">
  <ele>441.0</ele>
</wpt>
<wpt lat="-31.70463" lon="152.511132">
  <ele>445.6</ele>
</wpt>
<wpt lat="-31.704652" lon="152.510985">
  <ele>449.9</ele>
</wpt>
<wpt lat="-31.704616" lon="152.510835">
  <ele>452.4</ele>
</wpt>
<wpt lat="-31.704445" lon="152.510706">
  <ele>446.9</ele>
</wpt>
<wpt lat="-31.703995" lon="152.510564">
  <ele>430.4</ele>
</wpt>
<wpt lat="-31.703815" lon="152.510417">
  <ele>424.8</ele>
</wpt>
<wpt lat="-31.703759" lon="152.510271">
  <ele>423.7</ele>
</wpt>
<wpt lat="-31.703723" lon="152.510022">
  <ele>423.0</ele>
</wpt>
<wpt lat="-31.703833" lon="152.509706">
  <ele>424.7</ele>
</wpt>
<wpt lat="-31.703808" lon="152.50939">
  <ele>425.7</ele>
</wpt>
<wpt lat="-31.703703" lon="152.509148">
  <ele>424.8</ele>
</wpt>
<wpt lat="-31.703676" lon="152.508986">
  <ele>425.0</ele>
</wpt>
<wpt lat="-31.70366" lon="152.508438">
  <ele>425.0</ele>
</wpt>
<wpt lat="-31.703629" lon="152.508252">
  <ele>422.0</ele>
</wpt>
<wpt lat="-31.703537" lon="152.508111">
  <ele>418.5</ele>
</wpt>
<wpt lat="-31.703319" lon="152.508013">
  <ele>416.0</ele>
</wpt>
<wpt lat="-31.703017" lon="152.507967">
  <ele>412.0</ele>
</wpt>
<wpt lat="-31.702637" lon="152.507911">
  <ele>404.7</ele>
</wpt>
<wpt lat="-31.702065" lon="152.507938">
  <ele>397.6</ele>
</wpt>
<wpt lat="-31.701475" lon="152.507917">
  <ele>389.4</ele>
</wpt>
<wpt lat="-31.700926" lon="152.507928">
  <ele>375.4</ele>
</wpt>
<wpt lat="-31.700488" lon="152.507812">
  <ele>382.9</ele>
</wpt>
<wpt lat="-31.700221" lon="152.507664">
  <ele>382.9</ele>
</wpt>
<wpt lat="-31.700023" lon="152.507563">
  <ele>381.4</ele>
</wpt>
<wpt lat="-31.699856" lon="152.507503">
  <ele>381.0</ele>
</wpt>
<wpt lat="-31.730051" lon="152.517996">
  <ele>440.3</ele>
</wpt>
<wpt lat="-31.730112" lon="152.51799">
  <ele>440.3</ele>
</wpt>
<wpt lat="-31.730174" lon="152.517989">
  <ele>440.5</ele>
</wpt>
<wpt lat="-31.730245" lon="152.51803">
  <ele>440.9</ele>
</wpt>
<wpt lat="-31.730373" lon="152.518263">
  <ele>439.4</ele>
</wpt>
<wpt lat="-31.730479" lon="152.518422">
  <ele>438.0</ele>
</wpt>
<wpt lat="-31.730581" lon="152.518509">
  <ele>437.0</ele>
</wpt>
<wpt lat="-31.730705" lon="152.518578">
  <ele>435.3</ele>
</wpt>
<wpt lat="-31.73085" lon="152.518603">
  <ele>434.1</ele>
</wpt>
<wpt lat="-31.731" lon="152.51859">
  <ele>433.6</ele>
</wpt>
<wpt lat="-31.731223" lon="152.518585">
  <ele>433.5</ele>
</wpt>
<wpt lat="-31.731415" lon="152.518656">
  <ele>432.8</ele>
</wpt>
<wpt lat="-31.731556" lon="152.518747">
  <ele>429.8</ele>
</wpt>
<wpt lat="-31.731741" lon="152.51893">
  <ele>425.3</ele>
</wpt>
<wpt lat="-31.731953" lon="152.51907">
  <ele>420.4</ele>
</wpt>
<wpt lat="-31.732247" lon="152.519162">
  <ele>415.9</ele>
</wpt>
<wpt lat="-31.732485" lon="152.51922">
  <ele>412.8</ele>
</wpt>
<wpt lat="-31.732764" lon="152.519288">
  <ele>407.0</ele>
</wpt>
<wpt lat="-31.733207" lon="152.519402">
  <ele>401.8</ele>
</wpt>
<wpt lat="-31.733488" lon="152.519444">
  <ele>398.3</ele>
</wpt>
<wpt lat="-31.733696" lon="152.519496">
  <ele>395.1</ele>
</wpt>
<wpt lat="-31.733875" lon="152.51953">
  <ele>393.2</ele>
</wpt>
<wpt lat="-31.733994" lon="152.519604">
  <ele>392.9</ele>
</wpt>
<wpt lat="-31.734117" lon="152.51968">
  <ele>393.0</ele>
</wpt>
<wpt lat="-31.734231" lon="152.519795">
  <ele>392.9</ele>
</wpt>
<wpt lat="-31.734328" lon="152.519891">
  <ele>393.5</ele>
</wpt>
<wpt lat="-31.734495" lon="152.520088">
  <ele>392.6</ele>
</wpt>
<wpt lat="-31.73467" lon="152.520177">
  <ele>392.1</ele>
</wpt>
<wpt lat="-31.734823" lon="152.520224">
  <ele>392.7</ele>
</wpt>
<wpt lat="-31.735219" lon="152.520313">
  <ele>394.1</ele>
</wpt>
<wpt lat="-31.735365" lon="152.520383">
  <ele>395.1</ele>
</wpt>
<wpt lat="-31.735553" lon="152.520643">
  <ele>395.7</ele>
</wpt>
<wpt lat="-31.735699" lon="152.520772">
  <ele>394.1</ele>
</wpt>
<wpt lat="-31.735784" lon="152.520841">
  <ele>393.2</ele>
</wpt>
<wpt lat="-31.735912" lon="152.520913">
  <ele>392.6</ele>
</wpt>
<wpt lat="-31.736086" lon="152.520992">
  <ele>393.7</ele>
</wpt>
<wpt lat="-31.736246" lon="152.521095">
  <ele>396.6</ele>
</wpt>
<wpt lat="-31.736417" lon="152.521281">
  <ele>397.8</ele>
</wpt>
<wpt lat="-31.736547" lon="152.521512">
  <ele>397.2</ele>
</wpt>
<wpt lat="-31.736666" lon="152.521791">
  <ele>397.2</ele>
</wpt>
<wpt lat="-31.736703" lon="152.521981">
  <ele>396.3</ele>
</wpt>
<wpt lat="-31.736703" lon="152.522338">
  <ele>392.6</ele>
</wpt>
<wpt lat="-31.736703" lon="152.522553">
  <ele>389.5</ele>
</wpt>
<wpt lat="-31.736749" lon="152.522749">
  <ele>389.4</ele>
</wpt>
<wpt lat="-31.736805" lon="152.522961">
  <ele>391.6</ele>
</wpt>
<wpt lat="-31.736833" lon="152.523164">
  <ele>391.7</ele>
</wpt>
<wpt lat="-31.736776" lon="152.523318">
  <ele>388.6</ele>
</wpt>
<wpt lat="-31.736665" lon="152.523432">
  <ele>384.2</ele>
</wpt>
<wpt lat="-31.736493" lon="152.523529">
  <ele>376.6</ele>
</wpt>
<wpt lat="-31.736358" lon="152.523723">
  <ele>371.3</ele>
</wpt>
<wpt lat="-31.736306" lon="152.523871">
  <ele>369.0</ele>
</wpt>
<wpt lat="-31.736329" lon="152.524162">
  <ele>365.0</ele>
</wpt>
<wpt lat="-31.736441" lon="152.524371">
  <ele>364.1</ele>
</wpt>
<wpt lat="-31.736617" lon="152.524509">
  <ele>365.0</ele>
</wpt>
<wpt lat="-31.736818" lon="152.524554">
  <ele>368.5</ele>
</wpt>
<wpt lat="-31.737185" lon="152.524533">
  <ele>375.9</ele>
</wpt>
<wpt lat="-31.73745" lon="152.524637">
  <ele>375.2</ele>
</wpt>
<wpt lat="-31.737741" lon="152.524899">
  <ele>373.8</ele>
</wpt>
<wpt lat="-31.737907" lon="152.525214">
  <ele>368.1</ele>
</wpt>
<wpt lat="-31.738159" lon="152.525618">
  <ele>361.7</ele>
</wpt>
<wpt lat="-31.738357" lon="152.526158">
  <ele>360.3</ele>
</wpt>
<wpt lat="-31.738426" lon="152.526723">
  <ele>358.3</ele>
</wpt>
<wpt lat="-31.738494" lon="152.527062">
  <ele>358.4</ele>
</wpt>
<wpt lat="-31.738572" lon="152.527254">
  <ele>358.7</ele>
</wpt>
<wpt lat="-31.738744" lon="152.527558">
  <ele>357.9</ele>
</wpt>
<wpt lat="-31.739023" lon="152.528197">
  <ele>357.1</ele>
</wpt>
<wpt lat="-31.739271" lon="152.528728">
  <ele>359.5</ele>
</wpt>
<wpt lat="-31.739525" lon="152.529123">
  <ele>358.0</ele>
</wpt>
<wpt lat="-31.739622" lon="152.529292">
  <ele>356.3</ele>
</wpt>
<wpt lat="-31.739703" lon="152.529565">
  <ele>353.8</ele>
</wpt>
<wpt lat="-31.739706" lon="152.529812">
  <ele>352.9</ele>
</wpt>
<wpt lat="-31.739641" lon="152.530037">
  <ele>352.4</ele>
</wpt>
<wpt lat="-31.739382" lon="152.530614">
  <ele>347.6</ele>
</wpt>
<wpt lat="-31.739306" lon="152.530865">
  <ele>345.7</ele>
</wpt>
<wpt lat="-31.739207" lon="152.531356">
  <ele>340.0</ele>
</wpt>
<wpt lat="-31.739158" lon="152.53179">
  <ele>337.2</ele>
</wpt>
<wpt lat="-31.739269" lon="152.532004">
  <ele>333.2</ele>
</wpt>
<wpt lat="-31.739473" lon="152.532303">
  <ele>328.5</ele>
</wpt>
<wpt lat="-31.739915" lon="152.532839">
  <ele>322.7</ele>
</wpt>
<wpt lat="-31.73995" lon="152.532991">
  <ele>322.5</ele>
</wpt>
<wpt lat="-31.739959" lon="152.533096">
  <ele>322.3</ele>
</wpt>
<wpt lat="-31.739931" lon="152.53328">
  <ele>321.6</ele>
</wpt>
<wpt lat="-31.739833" lon="152.533435">
  <ele>320.0</ele>
</wpt>
<wpt lat="-31.739639" lon="152.533631">
  <ele>318.3</ele>
</wpt>
<wpt lat="-31.739246" lon="152.533883">
  <ele>314.8</ele>
</wpt>
<wpt lat="-31.738959" lon="152.534012">
  <ele>310.2</ele>
</wpt>
<wpt lat="-31.738835" lon="152.534067">
  <ele>307.9</ele>
</wpt>
<wpt lat="-31.738677" lon="152.534021">
  <ele>306.2</ele>
</wpt>
<wpt lat="-31.738581" lon="152.533864">
  <ele>306.2</ele>
</wpt>
<wpt lat="-31.738535" lon="152.533711">
  <ele>305.8</ele>
</wpt>
<wpt lat="-31.738243" lon="152.532939">
  <ele>303.2</ele>
</wpt>
<wpt lat="-31.73807" lon="152.532702">
  <ele>299.6</ele>
</wpt>
<wpt lat="-31.738" lon="152.532643">
  <ele>298.7</ele>
</wpt>
<wpt lat="-31.737824" lon="152.532499">
  <ele>297.4</ele>
</wpt>
<wpt lat="-31.737274" lon="152.532103">
  <ele>287.4</ele>
</wpt>
<wpt lat="-31.73717" lon="152.532096">
  <ele>285.2</ele>
</wpt>
<wpt lat="-31.737155" lon="152.532102">
  <ele>285.0</ele>
</wpt>
<wpt lat="-31.737107" lon="152.532128">
  <ele>284.3</ele>
</wpt>
<wpt lat="-31.737006" lon="152.532193">
  <ele>283.3</ele>
</wpt>
<wpt lat="-31.736974" lon="152.532219">
  <ele>283.2</ele>
</wpt>
<wpt lat="-31.736939" lon="152.532308">
  <ele>285.6</ele>
</wpt>
<wpt lat="-31.737031" lon="152.532451">
  <ele>287.6</ele>
</wpt>
<wpt lat="-31.737278" lon="152.532559">
  <ele>284.8</ele>
</wpt>
<wpt lat="-31.737396" lon="152.532653">
  <ele>286.5</ele>
</wpt>
<wpt lat="-31.737508" lon="152.532889">
  <ele>286.4</ele>
</wpt>
<wpt lat="-31.737553" lon="152.533027">
  <ele>286.6</ele>
</wpt>
<wpt lat="-31.737555" lon="152.533336">
  <ele>289.6</ele>
</wpt>
<wpt lat="-31.737543" lon="152.534331">
  <ele>291.5</ele>
</wpt>
<wpt lat="-31.737457" lon="152.534763">
  <ele>292.5</ele>
</wpt>
<wpt lat="-31.737294" lon="152.535047">
  <ele>296.5</ele>
</wpt>
<wpt lat="-31.736975" lon="152.535229">
  <ele>303.5</ele>
</wpt>
<wpt lat="-31.736805" lon="152.535483">
  <ele>301.5</ele>
</wpt>
<wpt lat="-31.736675" lon="152.535779">
  <ele>297.1</ele>
</wpt>
<wpt lat="-31.7365" lon="152.536015">
  <ele>294.4</ele>
</wpt>
<wpt lat="-31.736038" lon="152.536188">
  <ele>295.8</ele>
</wpt>
<wpt lat="-31.73588" lon="152.536411">
  <ele>297.7</ele>
</wpt>
<wpt lat="-31.735821" lon="152.536571">
  <ele>299.5</ele>
</wpt>
<wpt lat="-31.735897" lon="152.536744">
  <ele>300.9</ele>
</wpt>
<wpt lat="-31.736093" lon="152.536916">
  <ele>303.5</ele>
</wpt>
<wpt lat="-31.736366" lon="152.537023">
  <ele>307.6</ele>
</wpt>
<wpt lat="-31.736796" lon="152.537138">
  <ele>313.3</ele>
</wpt>
<wpt lat="-31.737067" lon="152.537128">
  <ele>314.6</ele>
</wpt>
<wpt lat="-31.737279" lon="152.537216">
  <ele>316.9</ele>
</wpt>
<wpt lat="-31.737452" lon="152.537398">
  <ele>319.9</ele>
</wpt>
<wpt lat="-31.7375" lon="152.537536">
  <ele>321.9</ele>
</wpt>
<wpt lat="-31.737522" lon="152.537855">
  <ele>320.7</ele>
</wpt>
<wpt lat="-31.737486" lon="152.538007">
  <ele>320.9</ele>
</wpt>
<wpt lat="-31.737752" lon="152.538432">
  <ele>319.0</ele>
</wpt>
<wpt lat="-31.737919" lon="152.538665">
  <ele>318.1</ele>
</wpt>
<wpt lat="-31.738056" lon="152.538921">
  <ele>318.5</ele>
</wpt>
<wpt lat="-31.73817" lon="152.539226">
  <ele>323.0</ele>
</wpt>
<wpt lat="-31.738198" lon="152.539361">
  <ele>324.3</ele>
</wpt>
<wpt lat="-31.738243" lon="152.539619">
  <ele>325.4</ele>
</wpt>
<wpt lat="-31.738354" lon="152.540076">
  <ele>326.3</ele>
</wpt>
<wpt lat="-31.738473" lon="152.540366">
  <ele>324.4</ele>
</wpt>
<wpt lat="-31.738693" lon="152.54085">
  <ele>325.7</ele>
</wpt>
<wpt lat="-31.738758" lon="152.541108">
  <ele>325.7</ele>
</wpt>
<wpt lat="-31.738777" lon="152.5413">
  <ele>325.2</ele>
</wpt>
<wpt lat="-31.738791" lon="152.541684">
  <ele>323.6</ele>
</wpt>
<wpt lat="-31.738815" lon="152.541959">
  <ele>319.5</ele>
</wpt>
<wpt lat="-31.738897" lon="152.542281">
  <ele>317.4</ele>
</wpt>
<wpt lat="-31.739139" lon="152.543104">
  <ele>311.7</ele>
</wpt>
<wpt lat="-31.739392" lon="152.544073">
  <ele>304.9</ele>
</wpt>
<wpt lat="-31.739458" lon="152.544295">
  <ele>303.5</ele>
</wpt>
<wpt lat="-31.739587" lon="152.544527">
  <ele>302.2</ele>
</wpt>
<wpt lat="-31.739794" lon="152.544743">
  <ele>300.1</ele>
</wpt>
<wpt lat="-31.740332" lon="152.54528">
  <ele>295.0</ele>
</wpt>
<wpt lat="-31.740779" lon="152.54576">
  <ele>294.3</ele>
</wpt>
<wpt lat="-31.74121" lon="152.546218">
  <ele>292.7</ele>
</wpt>
<wpt lat="-31.741527" lon="152.546607">
  <ele>291.1</ele>
</wpt>
<wpt lat="-31.742029" lon="152.547154">
  <ele>289.0</ele>
</wpt>
<wpt lat="-31.742266" lon="152.547374">
  <ele>285.8</ele>
</wpt>
<wpt lat="-31.742474" lon="152.547471">
  <ele>285.1</ele>
</wpt>
<wpt lat="-31.742698" lon="152.547538">
  <ele>284.6</ele>
</wpt>
<wpt lat="-31.743428" lon="152.547652">
  <ele>281.1</ele>
</wpt>
<wpt lat="-31.743703" lon="152.547766">
  <ele>280.3</ele>
</wpt>
<wpt lat="-31.743766" lon="152.547829">
  <ele>280.5</ele>
</wpt>
<wpt lat="-31.743802" lon="152.547927">
  <ele>280.5</ele>
</wpt>
<wpt lat="-31.743904" lon="152.548367">
  <ele>276.5</ele>
</wpt>
<wpt lat="-31.744034" lon="152.548673">
  <ele>271.2</ele>
</wpt>
<wpt lat="-31.744322" lon="152.549201">
  <ele>261.6</ele>
</wpt>
<wpt lat="-31.744607" lon="152.549678">
  <ele>254.6</ele>
</wpt>
<wpt lat="-31.74481" lon="152.549987">
  <ele>251.4</ele>
</wpt>
<wpt lat="-31.745236" lon="152.550601">
  <ele>243.1</ele>
</wpt>
<wpt lat="-31.745464" lon="152.551189">
  <ele>237.6</ele>
</wpt>
<wpt lat="-31.745572" lon="152.551652">
  <ele>232.5</ele>
</wpt>
<wpt lat="-31.745725" lon="152.552444">
  <ele>229.0</ele>
</wpt>
<wpt lat="-31.745983" lon="152.553579">
  <ele>225.9</ele>
</wpt>
<wpt lat="-31.746128" lon="152.554404">
  <ele>215.0</ele>
</wpt>
<wpt lat="-31.746214" lon="152.554681">
  <ele>214.3</ele>
</wpt>
<wpt lat="-31.746511" lon="152.555381">
  <ele>215.8</ele>
</wpt>
<wpt lat="-31.746865" lon="152.555947">
  <ele>215.9</ele>
</wpt>
<wpt lat="-31.747221" lon="152.556392">
  <ele>212.9</ele>
</wpt>
<wpt lat="-31.747441" lon="152.556728">
  <ele>213.9</ele>
</wpt>
<wpt lat="-31.74754" lon="152.557084">
  <ele>213.5</ele>
</wpt>
<wpt lat="-31.74764" lon="152.557854">
  <ele>210.8</ele>
</wpt>
<wpt lat="-31.747811" lon="152.558884">
  <ele>210.8</ele>
</wpt>
<wpt lat="-31.747885" lon="152.55915">
  <ele>212.1</ele>
</wpt>
<wpt lat="-31.748019" lon="152.559466">
  <ele>214.7</ele>
</wpt>
<wpt lat="-31.74823" lon="152.559862">
  <ele>214.4</ele>
</wpt>
<wpt lat="-31.748589" lon="152.560326">
  <ele>213.2</ele>
</wpt>
<wpt lat="-31.749156" lon="152.560861">
  <ele>217.9</ele>
</wpt>
<wpt lat="-31.749552" lon="152.561258">
  <ele>224.0</ele>
</wpt>
<wpt lat="-31.749986" lon="152.561751">
  <ele>230.0</ele>
</wpt>
<wpt lat="-31.750143" lon="152.561565">
  <ele>235.5</ele>
</wpt>
<wpt lat="-31.750144" lon="152.561568">
  <ele>235.5</ele>
</wpt>
<wpt lat="-31.750193" lon="152.56151">
  <ele>236.8</ele>
</wpt>
<wpt lat="-31.750382" lon="152.56145">
  <ele>238.8</ele>
</wpt>
<wpt lat="-31.751" lon="152.561608">
  <ele>243.8</ele>
</wpt>
<wpt lat="-31.75131" lon="152.561672">
  <ele>247.1</ele>
</wpt>
<wpt lat="-31.751529" lon="152.56177">
  <ele>250.0</ele>
</wpt>
<wpt lat="-31.751689" lon="152.561881">
  <ele>252.9</ele>
</wpt>
<wpt lat="-31.75193" lon="152.562146">
  <ele>257.6</ele>
</wpt>
<wpt lat="-31.752047" lon="152.562393">
  <ele>254.5</ele>
</wpt>
<wpt lat="-31.752199" lon="152.562519">
  <ele>255.2</ele>
</wpt>
<wpt lat="-31.752432" lon="152.562643">
  <ele>264.7</ele>
</wpt>
<wpt lat="-31.752548" lon="152.562799">
  <ele>268.0</ele>
</wpt>
<wpt lat="-31.752563" lon="152.562969">
  <ele>266.5</ele>
</wpt>
<wpt lat="-31.752568" lon="152.563194">
  <ele>264.0</ele>
</wpt>
<wpt lat="-31.752576" lon="152.563432">
  <ele>261.8</ele>
</wpt>
<wpt lat="-31.752639" lon="152.563594">
  <ele>262.6</ele>
</wpt>
<wpt lat="-31.752733" lon="152.563699">
  <ele>264.7</ele>
</wpt>
<wpt lat="-31.753074" lon="152.56384">
  <ele>268.9</ele>
</wpt>
<wpt lat="-31.753471" lon="152.563919">
  <ele>276.0</ele>
</wpt>
<wpt lat="-31.753739" lon="152.564032">
  <ele>278.8</ele>
</wpt>
<wpt lat="-31.753927" lon="152.564194">
  <ele>280.3</ele>
</wpt>
<wpt lat="-31.754014" lon="152.564389">
  <ele>282.0</ele>
</wpt>
<wpt lat="-31.75404" lon="152.564577">
  <ele>284.1</ele>
</wpt>
<wpt lat="-31.754015" lon="152.564876">
  <ele>284.5</ele>
</wpt>
<wpt lat="-31.7541" lon="152.565074">
  <ele>285.0</ele>
</wpt>
<wpt lat="-31.754214" lon="152.565147">
  <ele>286.5</ele>
</wpt>
<wpt lat="-31.754442" lon="152.565132">
  <ele>289.6</ele>
</wpt>
<wpt lat="-31.755217" lon="152.564779">
  <ele>298.2</ele>
</wpt>
<wpt lat="-31.755611" lon="152.564703">
  <ele>297.7</ele>
</wpt>
<wpt lat="-31.755861" lon="152.564711">
  <ele>297.0</ele>
</wpt>
<wpt lat="-31.756013" lon="152.564756">
  <ele>297.4</ele>
</wpt>
<wpt lat="-31.756101" lon="152.564856">
  <ele>298.9</ele>
</wpt>
<wpt lat="-31.75614" lon="152.565039">
  <ele>301.3</ele>
</wpt>
<wpt lat="-31.756035" lon="152.565769">
  <ele>309.3</ele>
</wpt>
<wpt lat="-31.755943" lon="152.566243">
  <ele>310.3</ele>
</wpt>
<wpt lat="-31.755927" lon="152.566459">
  <ele>308.8</ele>
</wpt>
<wpt lat="-31.755957" lon="152.566553">
  <ele>308.3</ele>
</wpt>
<wpt lat="-31.756009" lon="152.566617">
  <ele>308.4</ele>
</wpt>
<wpt lat="-31.756112" lon="152.566681">
  <ele>308.9</ele>
</wpt>
<wpt lat="-31.756219" lon="152.566658">
  <ele>311.1</ele>
</wpt>
<wpt lat="-31.756273" lon="152.566624">
  <ele>312.6</ele>
</wpt>
<wpt lat="-31.75635" lon="152.566629">
  <ele>313.9</ele>
  <name>untitled</name>
</wpt>
<wpt lat="-31.756348" lon="152.566624">
  <ele>314.0</ele>
  <name>untitled</name>
</wpt>
<wpt lat="-31.756563" lon="152.566638">
  <ele>313.9</ele>
</wpt>
<wpt lat="-31.75695" lon="152.566679">
  <ele>313.9</ele>
</wpt>
<wpt lat="-31.757404" lon="152.566833">
  <ele>317.1</ele>
</wpt>
<wpt lat="-31.757573" lon="152.567007">
  <ele>315.1</ele>
</wpt>
<wpt lat="-31.757987" lon="152.567387">
  <ele>311.0</ele>
</wpt>
<wpt lat="-31.758132" lon="152.567577">
  <ele>308.8</ele>
</wpt>
<wpt lat="-31.758212" lon="152.56768">
  <ele>307.6</ele>
</wpt>
<wpt lat="-31.758338" lon="152.56774">
  <ele>307.1</ele>
</wpt>
<wpt lat="-31.758497" lon="152.56768">
  <ele>302.6</ele>
</wpt>
<wpt lat="-31.758626" lon="152.567498">
  <ele>300.7</ele>
</wpt>
<wpt lat="-31.758699" lon="152.567301">
  <ele>301.7</ele>
</wpt>
<wpt lat="-31.758827" lon="152.567089">
  <ele>300.6</ele>
</wpt>
<wpt lat="-31.759045" lon="152.566878">
  <ele>298.0</ele>
</wpt>
<wpt lat="-31.759171" lon="152.566942">
  <ele>295.0</ele>
</wpt>
<wpt lat="-31.759322" lon="152.567142">
  <ele>294.0</ele>
</wpt>
<wpt lat="-31.759469" lon="152.567529">
  <ele>289.2</ele>
</wpt>
<wpt lat="-31.75959" lon="152.567999">
  <ele>278.8</ele>
</wpt>
<wpt lat="-31.75985" lon="152.568544">
  <ele>271.9</ele>
</wpt>
<wpt lat="-31.760062" lon="152.568699">
  <ele>268.2</ele>
</wpt>
<wpt lat="-31.760196" lon="152.568783">
  <ele>265.0</ele>
</wpt>
<wpt lat="-31.760569" lon="152.568625">
  <ele>262.8</ele>
</wpt>
<wpt lat="-31.760835" lon="152.568559">
  <ele>263.7</ele>
</wpt>
<wpt lat="-31.76105" lon="152.568616">
  <ele>266.6</ele>
</wpt>
<wpt lat="-31.76129" lon="152.568865">
  <ele>269.3</ele>
</wpt>
<wpt lat="-31.761609" lon="152.569011">
  <ele>269.2</ele>
</wpt>
<wpt lat="-31.761927" lon="152.569161">
  <ele>265.3</ele>
</wpt>
<wpt lat="-31.762268" lon="152.569625">
  <ele>259.5</ele>
</wpt>
<wpt lat="-31.76246" lon="152.569937">
  <ele>266.5</ele>
</wpt>
<wpt lat="-31.762646" lon="152.570179">
  <ele>267.6</ele>
</wpt>
<wpt lat="-31.762846" lon="152.570482">
  <ele>265.3</ele>
</wpt>
<wpt lat="-31.763111" lon="152.570886">
  <ele>266.2</ele>
</wpt>
<wpt lat="-31.763338" lon="152.571291">
  <ele>259.9</ele>
</wpt>
<wpt lat="-31.763565" lon="152.571561">
  <ele>254.5</ele>
</wpt>
<wpt lat="-31.763784" lon="152.571836">
  <ele>247.7</ele>
</wpt>
<wpt lat="-31.764059" lon="152.571983">
  <ele>248.2</ele>
</wpt>
<wpt lat="-31.764186" lon="152.572073">
  <ele>248.3</ele>
</wpt>
<wpt lat="-31.764373" lon="152.572307">
  <ele>242.4</ele>
</wpt>
<wpt lat="-31.765002" lon="152.57235">
  <ele>240.2</ele>
</wpt>
<wpt lat="-31.765467" lon="152.572275">
  <ele>235.3</ele>
</wpt>
<wpt lat="-31.765841" lon="152.572157">
  <ele>220.9</ele>
</wpt>
<wpt lat="-31.76627" lon="152.571685">
  <ele>208.5</ele>
</wpt>
<wpt lat="-31.766662" lon="152.571266">
  <ele>200.5</ele>
</wpt>
<wpt lat="-31.767036" lon="152.571063">
  <ele>196.2</ele>
</wpt>
<wpt lat="-31.767483" lon="152.570805">
  <ele>195.0</ele>
</wpt>
<wpt lat="-31.767793" lon="152.570633">
  <ele>193.0</ele>
</wpt>
<wpt lat="-31.768149" lon="152.57028">
  <ele>189.7</ele>
</wpt>
<wpt lat="-31.768149" lon="152.57072">
  <ele>191.1</ele>
</wpt>
<wpt lat="-31.767939" lon="152.571343">
  <ele>177.8</ele>
</wpt>
<wpt lat="-31.767656" lon="152.571707">
  <ele>176.0</ele>
</wpt>
<wpt lat="-31.767319" lon="152.572051">
  <ele>177.1</ele>
</wpt>
<wpt lat="-31.7672" lon="152.57234">
  <ele>179.3</ele>
</wpt>
<wpt lat="-31.767255" lon="152.572695">
  <ele>176.8</ele>
</wpt>
<wpt lat="-31.767653" lon="152.573223">
  <ele>160.1</ele>
</wpt>
<wpt lat="-31.768081" lon="152.573763">
  <ele>153.1</ele>
</wpt>
<wpt lat="-31.768556" lon="152.574221">
  <ele>146.8</ele>
</wpt>
<wpt lat="-31.769085" lon="152.574506">
  <ele>140.6</ele>
</wpt>
<wpt lat="-31.769706" lon="152.574574">
  <ele>143.7</ele>
</wpt>
<wpt lat="-31.770365" lon="152.574603">
  <ele>141.7</ele>
</wpt>
<wpt lat="-31.77063" lon="152.574732">
  <ele>137.4</ele>
</wpt>
<wpt lat="-31.770885" lon="152.575012">
  <ele>133.2</ele>
</wpt>
<wpt lat="-31.77104" lon="152.575472">
  <ele>131.0</ele>
</wpt>
<wpt lat="-31.771123" lon="152.575998">
  <ele>123.2</ele>
</wpt>
<wpt lat="-31.771066" lon="152.576503">
  <ele>116.2</ele>
</wpt>
<wpt lat="-31.770831" lon="152.576717">
  <ele>118.9</ele>
</wpt>
<wpt lat="-31.770256" lon="152.576803">
  <ele>121.0</ele>
</wpt>
<wpt lat="-31.769882" lon="152.576878">
  <ele>117.6</ele>
</wpt>
<wpt lat="-31.769316" lon="152.577414">
  <ele>100.4</ele>
</wpt>
<wpt lat="-31.768879" lon="152.57765">
  <ele>96.9</ele>
</wpt>
<wpt lat="-31.768213" lon="152.577436">
  <ele>96.0</ele>
</wpt>
<wpt lat="-31.767877" lon="152.577627">
  <ele>91.9</ele>
</wpt>
<wpt lat="-31.767729" lon="152.577736">
  <ele>90.5</ele>
</wpt>
<wpt lat="-31.767364" lon="152.578079">
  <ele>90.8</ele>
</wpt>
<wpt lat="-31.7671" lon="152.578455">
  <ele>91.4</ele>
</wpt>
<wpt lat="-31.767136" lon="152.578938">
  <ele>94.6</ele>
</wpt>
<wpt lat="-31.767383" lon="152.579335">
  <ele>96.6</ele>
</wpt>
<wpt lat="-31.767629" lon="152.579603">
  <ele>97.0</ele>
</wpt>
<wpt lat="-31.767729" lon="152.579892">
  <ele>97.1</ele>
</wpt>
<wpt lat="-31.767583" lon="152.580258">
  <ele>97.4</ele>
</wpt>
<wpt lat="-31.767255" lon="152.580526">
  <ele>101.4</ele>
</wpt>
<wpt lat="-31.766949" lon="152.580925">
  <ele>106.6</ele>
</wpt>
<wpt lat="-31.76681" lon="152.581121">
  <ele>108.2</ele>
</wpt>
<wpt lat="-31.766637" lon="152.581647">
  <ele>115.0</ele>
</wpt>
<wpt lat="-31.766526" lon="152.581997">
  <ele>117.6</ele>
</wpt>
<wpt lat="-31.766599" lon="152.582036">
  <ele>118.0</ele>
</wpt>
<wpt lat="-31.7666" lon="152.582048">
  <ele>118.0</ele>
</wpt>
<wpt lat="-31.766712" lon="152.582109">
  <ele>119.1</ele>
</wpt>
<wpt lat="-31.767243" lon="152.582589">
  <ele>118.7</ele>
</wpt>
<wpt lat="-31.76779" lon="152.583018">
  <ele>111.3</ele>
</wpt>
<wpt lat="-31.768458" lon="152.583576">
  <ele>105.1</ele>
</wpt>
<wpt lat="-31.768965" lon="152.583941">
  <ele>107.5</ele>
</wpt>
<wpt lat="-31.769384" lon="152.584161">
  <ele>113.5</ele>
</wpt>
<wpt lat="-31.76994" lon="152.58426">
  <ele>118.1</ele>
</wpt>
<wpt lat="-31.770146" lon="152.584191">
  <ele>119.7</ele>
</wpt>
<wpt lat="-31.770572" lon="152.583855">
  <ele>119.7</ele>
</wpt>
<wpt lat="-31.77086" lon="152.583737">
  <ele>121.6</ele>
</wpt>
<wpt lat="-31.771432" lon="152.583595">
  <ele>123.0</ele>
</wpt>
<wpt lat="-31.771642" lon="152.583499">
  <ele>122.2</ele>
</wpt>
<wpt lat="-31.772082" lon="152.58319">
  <ele>121.4</ele>
</wpt>
<wpt lat="-31.772244" lon="152.583123">
  <ele>120.9</ele>
</wpt>
<wpt lat="-31.772401" lon="152.583112">
  <ele>118.6</ele>
</wpt>
<wpt lat="-31.77257" lon="152.583181">
  <ele>117.7</ele>
</wpt>
<wpt lat="-31.773142" lon="152.583544">
  <ele>114.0</ele>
</wpt>
<wpt lat="-31.773395" lon="152.583594">
  <ele>109.7</ele>
</wpt>
<wpt lat="-31.773712" lon="152.583592">
  <ele>107.7</ele>
</wpt>
<wpt lat="-31.774636" lon="152.583447">
  <ele>103.9</ele>
</wpt>
<wpt lat="-31.775092" lon="152.583332">
  <ele>109.7</ele>
</wpt>
<wpt lat="-31.775368" lon="152.583214">
  <ele>114.1</ele>
</wpt>
<wpt lat="-31.775602" lon="152.583069">
  <ele>115.1</ele>
</wpt>
<wpt lat="-31.776095" lon="152.582685">
  <ele>114.9</ele>
</wpt>
<wpt lat="-31.776505" lon="152.582414">
  <ele>121.6</ele>
</wpt>
<wpt lat="-31.776654" lon="152.58224">
  <ele>125.5</ele>
</wpt>
<wpt lat="-31.776619" lon="152.58158">
  <ele>121.2</ele>
</wpt>
<wpt lat="-31.776638" lon="152.581087">
  <ele>123.5</ele>
</wpt>
<wpt lat="-31.776618" lon="152.580553">
  <ele>121.6</ele>
</wpt>
<wpt lat="-31.776345" lon="152.580097">
  <ele>119.6</ele>
</wpt>
<wpt lat="-31.775811" lon="152.57953">
  <ele>110.6</ele>
</wpt>
<wpt lat="-31.775476" lon="152.57921">
  <ele>108.8</ele>
</wpt>
<wpt lat="-31.775193" lon="152.578852">
  <ele>101.0</ele>
</wpt>
<wpt lat="-31.77513" lon="152.578507">
  <ele>96.8</ele>
</wpt>
<wpt lat="-31.775151" lon="152.578162">
  <ele>94.9</ele>
</wpt>
<wpt lat="-31.775245" lon="152.578039">
  <ele>96.3</ele>
</wpt>
<wpt lat="-31.775235" lon="152.577755">
  <ele>96.4</ele>
</wpt>
<wpt lat="-31.775109" lon="152.577546">
  <ele>96.2</ele>
</wpt>
<wpt lat="-31.774816" lon="152.57746">
  <ele>91.1</ele>
</wpt>
<wpt lat="-31.774617" lon="152.577349">
  <ele>87.1</ele>
</wpt>
<wpt lat="-31.77446" lon="152.577176">
  <ele>83.6</ele>
</wpt>
<wpt lat="-31.774355" lon="152.576967">
  <ele>81.3</ele>
</wpt>
<wpt lat="-31.774334" lon="152.576769">
  <ele>80.1</ele>
</wpt>
<wpt lat="-31.774376" lon="152.576585">
  <ele>79.6</ele>
</wpt>
<wpt lat="-31.774522" lon="152.576301">
  <ele>79.5</ele>
</wpt>
<wpt lat="-31.774994" lon="152.575648">
  <ele>75.3</ele>
</wpt>
<wpt lat="-31.775141" lon="152.5755">
  <ele>73.6</ele>
</wpt>
<wpt lat="-31.775905" lon="152.574194">
  <ele>66.7</ele>
</wpt>
<wpt lat="-31.776398" lon="152.573578">
  <ele>56.4</ele>
</wpt>
<wpt lat="-31.776565" lon="152.572727">
  <ele>53.4</ele>
</wpt>
<wpt lat="-31.776754" lon="152.572037">
  <ele>52.2</ele>
</wpt>
<wpt lat="-31.777383" lon="152.5711">
  <ele>43.9</ele>
</wpt>
<wpt lat="-31.779541" lon="152.568426">
  <ele>25.6</ele>
</wpt>
<wpt lat="-31.780358" lon="152.567871">
  <ele>27.6</ele>
</wpt>
<wpt lat="-31.78042" lon="152.56789">
  <ele>29.0</ele>
</wpt>
<wpt lat="-31.78042" lon="152.567888">
  <ele>28.9</ele>
</wpt>
<wpt lat="-31.780358" lon="152.567869">
  <ele>27.6</ele>
</wpt>
<wpt lat="-31.779541" lon="152.568424">
  <ele>25.6</ele>
</wpt>
<wpt lat="-31.777383" lon="152.571098">
  <ele>43.8</ele>
</wpt>
<wpt lat="-31.776754" lon="152.572035">
  <ele>52.2</ele>
</wpt>
<wpt lat="-31.776565" lon="152.572725">
  <ele>53.4</ele>
</wpt>
<wpt lat="-31.776398" lon="152.573576">
  <ele>56.4</ele>
</wpt>
<wpt lat="-31.775905" lon="152.574192">
  <ele>66.7</ele>
</wpt>
<wpt lat="-31.775141" lon="152.575498">
  <ele>73.6</ele>
</wpt>
<wpt lat="-31.774994" lon="152.575646">
  <ele>75.3</ele>
</wpt>
<wpt lat="-31.774522" lon="152.576299">
  <ele>79.5</ele>
</wpt>
<wpt lat="-31.774376" lon="152.576583">
  <ele>79.5</ele>
</wpt>
<wpt lat="-31.774334" lon="152.576767">
  <ele>80.0</ele>
</wpt>
<wpt lat="-31.774355" lon="152.576965">
  <ele>81.3</ele>
</wpt>
<wpt lat="-31.77446" lon="152.577174">
  <ele>83.7</ele>
</wpt>
<wpt lat="-31.774617" lon="152.577347">
  <ele>87.1</ele>
</wpt>
<wpt lat="-31.774816" lon="152.577458">
  <ele>91.1</ele>
</wpt>
<wpt lat="-31.775109" lon="152.577544">
  <ele>96.2</ele>
</wpt>
<wpt lat="-31.775235" lon="152.577753">
  <ele>96.4</ele>
</wpt>
<wpt lat="-31.775245" lon="152.578037">
  <ele>96.3</ele>
</wpt>
<wpt lat="-31.775151" lon="152.57816">
  <ele>94.8</ele>
</wpt>
<wpt lat="-31.77513" lon="152.578505">
  <ele>96.8</ele>
</wpt>
<wpt lat="-31.775193" lon="152.57885">
  <ele>101.0</ele>
</wpt>
<wpt lat="-31.775476" lon="152.579208">
  <ele>108.8</ele>
</wpt>
<wpt lat="-31.775811" lon="152.579528">
  <ele>110.6</ele>
</wpt>
<wpt lat="-31.776345" lon="152.580095">
  <ele>119.6</ele>
</wpt>
<wpt lat="-31.776618" lon="152.580551">
  <ele>121.6</ele>
</wpt>
<wpt lat="-31.776638" lon="152.581085">
  <ele>123.5</ele>
</wpt>
<wpt lat="-31.776619" lon="152.581578">
  <ele>121.2</ele>
</wpt>
<wpt lat="-31.776654" lon="152.582238">
  <ele>125.5</ele>
</wpt>
<wpt lat="-31.776505" lon="152.582412">
  <ele>121.6</ele>
</wpt>
<wpt lat="-31.776095" lon="152.582683">
  <ele>114.9</ele>
</wpt>
<wpt lat="-31.775602" lon="152.583067">
  <ele>115.0</ele>
</wpt>
<wpt lat="-31.775368" lon="152.583212">
  <ele>114.1</ele>
</wpt>
<wpt lat="-31.775092" lon="152.58333">
  <ele>109.7</ele>
</wpt>
<wpt lat="-31.774636" lon="152.583445">
  <ele>103.9</ele>
</wpt>
<wpt lat="-31.773712" lon="152.58359">
  <ele>107.7</ele>
</wpt>
<wpt lat="-31.773395" lon="152.583592">
  <ele>109.7</ele>
</wpt>
<wpt lat="-31.773142" lon="152.583542">
  <ele>113.9</ele>
</wpt>
<wpt lat="-31.77257" lon="152.583179">
  <ele>117.7</ele>
</wpt>
<wpt lat="-31.772401" lon="152.58311">
  <ele>118.5</ele>
</wpt>
<wpt lat="-31.772244" lon="152.583121">
  <ele>120.9</ele>
</wpt>
<wpt lat="-31.772082" lon="152.583188">
  <ele>121.4</ele>
</wpt>
<wpt lat="-31.771642" lon="152.583497">
  <ele>122.1</ele>
</wpt>
<wpt lat="-31.771432" lon="152.583593">
  <ele>123.0</ele>
</wpt>
<wpt lat="-31.77086" lon="152.583735">
  <ele>121.6</ele>
</wpt>
<wpt lat="-31.770572" lon="152.583853">
  <ele>119.7</ele>
</wpt>
<wpt lat="-31.770146" lon="152.584189">
  <ele>119.7</ele>
</wpt>
<wpt lat="-31.76994" lon="152.584258">
  <ele>118.1</ele>
</wpt>
<wpt lat="-31.769384" lon="152.584159">
  <ele>113.5</ele>
</wpt>
<wpt lat="-31.768965" lon="152.583939">
  <ele>107.5</ele>
</wpt>
<wpt lat="-31.768458" lon="152.583574">
  <ele>105.1</ele>
</wpt>
<wpt lat="-31.76779" lon="152.583016">
  <ele>111.4</ele>
</wpt>
<wpt lat="-31.767243" lon="152.582587">
  <ele>118.7</ele>
</wpt>
<wpt lat="-31.766712" lon="152.582107">
  <ele>119.1</ele>
</wpt>
<wpt lat="-31.7666" lon="152.582046">
  <ele>118.0</ele>
</wpt>
<wpt lat="-31.781165" lon="152.568118">
  <ele>40.0</ele>
</wpt>
<wpt lat="-31.782527" lon="152.56829">
  <ele>38.8</ele>
</wpt>
<wpt lat="-31.783239" lon="152.568315">
  <ele>38.8</ele>
</wpt>
<wpt lat="-31.783931" lon="152.568106">
  <ele>27.5</ele>
</wpt>
<wpt lat="-31.784831" lon="152.568081">
  <ele>18.0</ele>
</wpt>
<wpt lat="-31.787555" lon="152.568093">
  <ele>14.5</ele>
</wpt>
<wpt lat="-31.788194" lon="152.568031">
  <ele>17.3</ele>
</wpt>
<wpt lat="-31.788781" lon="152.567945">
  <ele>14.0</ele>
</wpt>
<wpt lat="-31.789336" lon="152.567834">
  <ele>13.6</ele>
</wpt>
<wpt lat="-31.789584" lon="152.567769">
  <ele>14.9</ele>
</wpt>
<wpt lat="-31.789909" lon="152.567681">
  <ele>14.6</ele>
</wpt>
<wpt lat="-31.790182" lon="152.567569">
  <ele>11.9</ele>
</wpt>
<wpt lat="-31.790324" lon="152.567503">
  <ele>9.9</ele>
</wpt>
<wpt lat="-31.790423" lon="152.567426">
  <ele>9.2</ele>
</wpt>
<wpt lat="-31.790424" lon="152.567424">
  <ele>9.2</ele>
</wpt>
<wpt lat="-31.790325" lon="152.567501">
  <ele>9.8</ele>
</wpt>
<wpt lat="-31.790183" lon="152.567567">
  <ele>11.8</ele>
</wpt>
<wpt lat="-31.78991" lon="152.567679">
  <ele>14.6</ele>
</wpt>
<wpt lat="-31.789585" lon="152.567767">
  <ele>14.9</ele>
</wpt>
<wpt lat="-31.789337" lon="152.567832">
  <ele>13.6</ele>
</wpt>
<wpt lat="-31.788782" lon="152.567943">
  <ele>14.0</ele>
</wpt>
<wpt lat="-31.788195" lon="152.568029">
  <ele>17.3</ele>
</wpt>
<wpt lat="-31.787556" lon="152.568091">
  <ele>14.5</ele>
</wpt>
<wpt lat="-31.784832" lon="152.568079">
  <ele>18.0</ele>
</wpt>
<wpt lat="-31.783932" lon="152.568104">
  <ele>27.5</ele>
</wpt>
<wpt lat="-31.78324" lon="152.568313">
  <ele>38.7</ele>
</wpt>
<wpt lat="-31.782528" lon="152.568288">
  <ele>38.7</ele>
</wpt>
<wpt lat="-31.781166" lon="152.568116">
  <ele>40.0</ele>
</wpt>
<wpt lat="-31.780421" lon="152.567888">
  <ele>29.0</ele>
</wpt>
<wpt lat="-31.781165" lon="152.568116">
  <ele>40.0</ele>
</wpt>
<wpt lat="-31.782527" lon="152.568288">
  <ele>38.7</ele>
</wpt>
<wpt lat="-31.783239" lon="152.568313">
  <ele>38.7</ele>
</wpt>
<wpt lat="-31.783931" lon="152.568104">
  <ele>27.5</ele>
</wpt>
<wpt lat="-31.784831" lon="152.568079">
  <ele>18.0</ele>
</wpt>
<wpt lat="-31.787555" lon="152.568091">
  <ele>14.5</ele>
</wpt>
<wpt lat="-31.788194" lon="152.568029">
  <ele>17.3</ele>
</wpt>
<wpt lat="-31.788781" lon="152.567943">
  <ele>14.0</ele>
</wpt>
<wpt lat="-31.789336" lon="152.567832">
  <ele>13.6</ele>
</wpt>
<wpt lat="-31.789584" lon="152.567767">
  <ele>14.9</ele>
</wpt>
<wpt lat="-31.789909" lon="152.567679">
  <ele>14.6</ele>
</wpt>
<wpt lat="-31.790182" lon="152.567567">
  <ele>11.8</ele>
</wpt>
<wpt lat="-31.790324" lon="152.567501">
  <ele>9.8</ele>
</wpt>
<wpt lat="-31.790423" lon="152.567424">
  <ele>9.2</ele>
</wpt>
<wpt lat="-31.790378" lon="152.567259">
  <ele>8.8</ele>
</wpt>
<wpt lat="-31.790353" lon="152.56713">
  <ele>8.4</ele>
</wpt>
<wpt lat="-31.790341" lon="152.567036">
  <ele>8.1</ele>
</wpt>
<wpt lat="-31.790336" lon="152.566927">
  <ele>7.8</ele>
</wpt>
<wpt lat="-31.790338" lon="152.566828">
  <ele>7.7</ele>
</wpt>
<wpt lat="-31.790348" lon="152.566703">
  <ele>7.5</ele>
</wpt>
<wpt lat="-31.790366" lon="152.5666">
  <ele>7.2</ele>
</wpt>
<wpt lat="-31.79039" lon="152.566457">
  <ele>6.7</ele>
</wpt>
<wpt lat="-31.790418" lon="152.566282">
  <ele>6.5</ele>
</wpt>
<wpt lat="-31.790448" lon="152.566088">
  <ele>6.4</ele>
</wpt>
<wpt lat="-31.790465" lon="152.565935">
  <ele>6.5</ele>
</wpt>
<wpt lat="-31.790479" lon="152.565808">
  <ele>6.7</ele>
</wpt>
<wpt lat="-31.790484" lon="152.565678">
  <ele>6.7</ele>
</wpt>
<wpt lat="-31.790488" lon="152.565546">
  <ele>6.8</ele>
</wpt>
<wpt lat="-31.790483" lon="152.565433">
  <ele>6.9</ele>
</wpt>
<wpt lat="-31.790474" lon="152.565326">
  <ele>6.9</ele>
</wpt>
<wpt lat="-31.790463" lon="152.56524">
  <ele>7.0</ele>
</wpt>
<wpt lat="-31.790447" lon="152.565149">
  <ele>7.0</ele>
</wpt>
<wpt lat="-31.790428" lon="152.565057">
  <ele>7.0</ele>
</wpt>
<wpt lat="-31.790394" lon="152.564913">
  <ele>6.9</ele>
</wpt>
<wpt lat="-31.790336" lon="152.564707">
  <ele>6.8</ele>
</wpt>
<wpt lat="-31.79021" lon="152.564286">
  <ele>9.0</ele>
</wpt>
<wpt lat="-31.790086" lon="152.563878">
  <ele>11.0</ele>
</wpt>
<wpt lat="-31.790031" lon="152.563689">
  <ele>11.6</ele>
</wpt>
<wpt lat="-31.789938" lon="152.563363">
  <ele>10.7</ele>
</wpt>
<wpt lat="-31.78986" lon="152.563113">
  <ele>8.8</ele>
</wpt>
<wpt lat="-31.789805" lon="152.562977">
  <ele>7.6</ele>
</wpt>
<wpt lat="-31.789723" lon="152.562792">
  <ele>6.1</ele>
</wpt>
<wpt lat="-31.789644" lon="152.562641">
  <ele>5.6</ele>
</wpt>
<wpt lat="-31.789575" lon="152.562526">
  <ele>5.6</ele>
</wpt>
<wpt lat="-31.789402" lon="152.562268">
  <ele>6.0</ele>
</wpt>
<wpt lat="-31.789128" lon="152.561892">
  <ele>5.0</ele>
</wpt>
<wpt lat="-31.788759" lon="152.561398">
  <ele>8.0</ele>
</wpt>
<wpt lat="-31.788708" lon="152.561334">
  <ele>7.9</ele>
</wpt>
<wpt lat="-31.788655" lon="152.56127">
  <ele>7.6</ele>
</wpt>
<wpt lat="-31.788563" lon="152.561173">
  <ele>7.6</ele>
</wpt>
<wpt lat="-31.7885" lon="152.561106">
  <ele>7.8</ele>
</wpt>
<wpt lat="-31.788433" lon="152.561043">
  <ele>8.0</ele>
</wpt>
<wpt lat="-31.788368" lon="152.560988">
  <ele>8.3</ele>
</wpt>
<wpt lat="-31.788285" lon="152.560933">
  <ele>9.1</ele>
</wpt>
<wpt lat="-31.788119" lon="152.560828">
  <ele>11.1</ele>
</wpt>
<wpt lat="-31.787955" lon="152.56074">
  <ele>11.8</ele>
</wpt>
<wpt lat="-31.787913" lon="152.560712">
  <ele>11.9</ele>
</wpt>
<wpt lat="-31.787869" lon="152.560696">
  <ele>12.0</ele>
</wpt>
<wpt lat="-31.787788" lon="152.560661">
  <ele>12.3</ele>
</wpt>
<wpt lat="-31.787669" lon="152.560602">
  <ele>12.0</ele>
</wpt>
<wpt lat="-31.787536" lon="152.560562">
  <ele>12.0</ele>
</wpt>
<wpt lat="-31.787289" lon="152.560475">
  <ele>9.6</ele>
</wpt>
<wpt lat="-31.787109" lon="152.560424">
  <ele>8.4</ele>
</wpt>
<wpt lat="-31.786927" lon="152.560373">
  <ele>7.3</ele>
</wpt>
<wpt lat="-31.786623" lon="152.560296">
  <ele>7.7</ele>
</wpt>
<wpt lat="-31.786468" lon="152.560246">
  <ele>9.6</ele>
</wpt>
<wpt lat="-31.78629" lon="152.560193">
  <ele>10.5</ele>
</wpt>
<wpt lat="-31.785955" lon="152.560085">
  <ele>11.7</ele>
</wpt>
<wpt lat="-31.785787" lon="152.560022">
  <ele>12.5</ele>
</wpt>
<wpt lat="-31.785645" lon="152.559951">
  <ele>12.9</ele>
</wpt>
<wpt lat="-31.785492" lon="152.55985">
  <ele>13.4</ele>
</wpt>
<wpt lat="-31.785342" lon="152.559755">
  <ele>13.8</ele>
</wpt>
<wpt lat="-31.785242" lon="152.559654">
  <ele>13.0</ele>
</wpt>
<wpt lat="-31.785136" lon="152.559519">
  <ele>11.6</ele>
</wpt>
<wpt lat="-31.784969" lon="152.559288">
  <ele>9.9</ele>
</wpt>
<wpt lat="-31.784763" lon="152.559018">
  <ele>9.6</ele>
</wpt>
<wpt lat="-31.78471" lon="152.558928">
  <ele>10.2</ele>
</wpt>
<wpt lat="-31.784543" lon="152.558674">
  <ele>12.8</ele>
</wpt>
<wpt lat="-31.784434" lon="152.558505">
  <ele>13.1</ele>
</wpt>
<wpt lat="-31.784308" lon="152.558308">
  <ele>12.9</ele>
</wpt>
<wpt lat="-31.784231" lon="152.55817">
  <ele>12.3</ele>
</wpt>
<wpt lat="-31.784162" lon="152.558017">
  <ele>11.9</ele>
</wpt>
<wpt lat="-31.784111" lon="152.557866">
  <ele>11.2</ele>
</wpt>
<wpt lat="-31.784074" lon="152.557742">
  <ele>10.5</ele>
</wpt>
<wpt lat="-31.784064" lon="152.557703">
  <ele>10.2</ele>
</wpt>
<wpt lat="-31.784009" lon="152.557419">
  <ele>9.3</ele>
</wpt>
<wpt lat="-31.783993" lon="152.557294">
  <ele>9.7</ele>
</wpt>
<wpt lat="-31.78399" lon="152.557156">
  <ele>10.3</ele>
</wpt>
<wpt lat="-31.783994" lon="152.556971">
  <ele>11.1</ele>
</wpt>
<wpt lat="-31.783998" lon="152.55591">
  <ele>13.5</ele>
</wpt>
<wpt lat="-31.784002" lon="152.555531">
  <ele>10.7</ele>
</wpt>
<wpt lat="-31.784006" lon="152.55534">
  <ele>9.4</ele>
</wpt>
<wpt lat="-31.784005" lon="152.555142">
  <ele>8.6</ele>
</wpt>
<wpt lat="-31.783997" lon="152.554921">
  <ele>8.2</ele>
</wpt>
<wpt lat="-31.783979" lon="152.554741">
  <ele>8.4</ele>
</wpt>
<wpt lat="-31.783949" lon="152.554484">
  <ele>7.7</ele>
</wpt>
<wpt lat="-31.783907" lon="152.554156">
  <ele>7.9</ele>
</wpt>
<wpt lat="-31.783859" lon="152.553827">
  <ele>8.2</ele>
</wpt>
<wpt lat="-31.783744" lon="152.55307">
  <ele>9.0</ele>
</wpt>
<wpt lat="-31.78361" lon="152.5522">
  <ele>6.9</ele>
</wpt>
<wpt lat="-31.783503" lon="152.551447">
  <ele>4.6</ele>
</wpt>
<wpt lat="-31.78342" lon="152.550863">
  <ele>7.5</ele>
</wpt>
<wpt lat="-31.783343" lon="152.550299">
  <ele>10.0</ele>
</wpt>
<wpt lat="-31.783296" lon="152.549989">
  <ele>8.8</ele>
</wpt>
<wpt lat="-31.78324" lon="152.549617">
  <ele>7.3</ele>
</wpt>
<wpt lat="-31.783175" lon="152.549226">
  <ele>5.2</ele>
</wpt>
<wpt lat="-31.782184" lon="152.54307">
  <ele>4.1</ele>
</wpt>
<wpt lat="-31.781555" lon="152.540872">
  <ele>5.1</ele>
</wpt>
<wpt lat="-31.781086" lon="152.538416">
  <ele>9.8</ele>
</wpt>
<wpt lat="-31.781016" lon="152.537966">
  <ele>12.7</ele>
</wpt>
<wpt lat="-31.781026" lon="152.537675">
  <ele>16.5</ele>
</wpt>
<wpt lat="-31.781087" lon="152.537446">
  <ele>18.0</ele>
</wpt>
<wpt lat="-31.781199" lon="152.537103">
  <ele>16.8</ele>
</wpt>
<wpt lat="-31.781408" lon="152.536732">
  <ele>12.8</ele>
</wpt>
<wpt lat="-31.781647" lon="152.53631">
  <ele>10.4</ele>
</wpt>
<wpt lat="-31.781851" lon="152.53601">
  <ele>10.4</ele>
</wpt>
<wpt lat="-31.782148" lon="152.535646">
  <ele>12.5</ele>
</wpt>
<wpt lat="-31.782219" lon="152.535562">
  <ele>13.0</ele>
</wpt>
<wpt lat="-31.782661" lon="152.53507">
  <ele>11.8</ele>
</wpt>
<wpt lat="-31.78306" lon="152.53466">
  <ele>11.0</ele>
</wpt>
<wpt lat="-31.78308" lon="152.534629">
  <ele>11.2</ele>
</wpt>
<wpt lat="-31.783108" lon="152.534595">
  <ele>11.5</ele>
</wpt>
<wpt lat="-31.783135" lon="152.534567">
  <ele>11.7</ele>
</wpt>
<wpt lat="-31.783508" lon="152.534134">
  <ele>14.7</ele>
</wpt>
<wpt lat="-31.783737" lon="152.533866">
  <ele>16.4</ele>
</wpt>
<wpt lat="-31.78399" lon="152.533568">
  <ele>15.8</ele>
</wpt>
<wpt lat="-31.784493" lon="152.53295">
  <ele>15.0</ele>
</wpt>
<wpt lat="-31.784623" lon="152.532771">
  <ele>15.0</ele>
</wpt>
<wpt lat="-31.784667" lon="152.532711">
  <ele>15.2</ele>
</wpt>
<wpt lat="-31.784835" lon="152.532459">
  <ele>15.6</ele>
</wpt>
<wpt lat="-31.785037" lon="152.532153">
  <ele>15.6</ele>
</wpt>
<wpt lat="-31.78519" lon="152.531898">
  <ele>15.8</ele>
</wpt>
<wpt lat="-31.785322" lon="152.531691">
  <ele>15.1</ele>
</wpt>
<wpt lat="-31.785662" lon="152.531149">
  <ele>13.1</ele>
</wpt>
<wpt lat="-31.78578" lon="152.530958">
  <ele>11.0</ele>
</wpt>
<wpt lat="-31.78586" lon="152.530817">
  <ele>9.7</ele>
</wpt>
<wpt lat="-31.785939" lon="152.53067">
  <ele>9.7</ele>
</wpt>
<wpt lat="-31.786052" lon="152.530479">
  <ele>9.3</ele>
</wpt>
<wpt lat="-31.786204" lon="152.530229">
  <ele>8.4</ele>
</wpt>
<wpt lat="-31.786246" lon="152.530157">
  <ele>7.8</ele>
</wpt>
<wpt lat="-31.786303" lon="152.530071">
  <ele>7.1</ele>
</wpt>
<wpt lat="-31.786365" lon="152.529981">
  <ele>6.5</ele>
</wpt>
<wpt lat="-31.786486" lon="152.529844">
  <ele>6.8</ele>
</wpt>
<wpt lat="-31.786588" lon="152.529742">
  <ele>7.1</ele>
</wpt>
<wpt lat="-31.786814" lon="152.529538">
  <ele>8.3</ele>
</wpt>
<wpt lat="-31.786881" lon="152.529475">
  <ele>8.8</ele>
</wpt>
<wpt lat="-31.78693" lon="152.529431">
  <ele>9.1</ele>
</wpt>
<wpt lat="-31.787116" lon="152.52927">
  <ele>9.2</ele>
</wpt>
<wpt lat="-31.787286" lon="152.529126">
  <ele>8.9</ele>
</wpt>
<wpt lat="-31.787473" lon="152.528954">
  <ele>8.9</ele>
</wpt>
<wpt lat="-31.787816" lon="152.52865">
  <ele>10.4</ele>
</wpt>
<wpt lat="-31.78797" lon="152.528513">
  <ele>12.0</ele>
</wpt>
<wpt lat="-31.78811" lon="152.528387">
  <ele>13.6</ele>
</wpt>
<wpt lat="-31.788262" lon="152.528252">
  <ele>15.5</ele>
</wpt>
<wpt lat="-31.788432" lon="152.528085">
  <ele>17.6</ele>
</wpt>
<wpt lat="-31.788593" lon="152.527931">
  <ele>18.4</ele>
</wpt>
<wpt lat="-31.788811" lon="152.527741">
  <ele>18.1</ele>
</wpt>
<wpt lat="-31.789031" lon="152.527546">
  <ele>17.0</ele>
</wpt>
<wpt lat="-31.789207" lon="152.527392">
  <ele>16.6</ele>
</wpt>
<wpt lat="-31.789381" lon="152.52723">
  <ele>17.5</ele>
</wpt>
<wpt lat="-31.789576" lon="152.527054">
  <ele>19.4</ele>
</wpt>
<wpt lat="-31.789778" lon="152.526883">
  <ele>20.4</ele>
</wpt>
<wpt lat="-31.789874" lon="152.5268">
  <ele>19.7</ele>
</wpt>
<wpt lat="-31.78997" lon="152.526703">
  <ele>19.1</ele>
</wpt>
<wpt lat="-31.79011" lon="152.526579">
  <ele>17.2</ele>
</wpt>
<wpt lat="-31.790211" lon="152.526498">
  <ele>15.5</ele>
</wpt>
<wpt lat="-31.790325" lon="152.526434">
  <ele>13.8</ele>
</wpt>
<wpt lat="-31.790367" lon="152.526417">
  <ele>13.2</ele>
</wpt>
<wpt lat="-31.790394" lon="152.526409">
  <ele>12.9</ele>
</wpt>
<wpt lat="-31.790465" lon="152.526397">
  <ele>12.0</ele>
</wpt>
<wpt lat="-31.790573" lon="152.526407">
  <ele>11.1</ele>
</wpt>
<wpt lat="-31.790642" lon="152.52643">
  <ele>11.1</ele>
</wpt>
<wpt lat="-31.7907" lon="152.526458">
  <ele>11.1</ele>
</wpt>
<wpt lat="-31.790805" lon="152.52652">
  <ele>11.0</ele>
</wpt>
<wpt lat="-31.790866" lon="152.526562">
  <ele>11.0</ele>
</wpt>
<wpt lat="-31.790918" lon="152.526603">
  <ele>11.1</ele>
</wpt>
<wpt lat="-31.790987" lon="152.526636">
  <ele>11.1</ele>
</wpt>
<wpt lat="-31.791037" lon="152.526642">
  <ele>11.1</ele>
</wpt>
<wpt lat="-31.791105" lon="152.526644">
  <ele>11.1</ele>
</wpt>
<wpt lat="-31.791183" lon="152.526588">
  <ele>11.2</ele>
</wpt>
<wpt lat="-31.791408" lon="152.526294">
  <ele>10.6</ele>
</wpt>
<wpt lat="-31.79163" lon="152.525952">
  <ele>10.0</ele>
</wpt>
<wpt lat="-31.791841" lon="152.52564">
  <ele>8.9</ele>
</wpt>
<wpt lat="-31.792033" lon="152.525336">
  <ele>7.5</ele>
</wpt>
<wpt lat="-31.792238" lon="152.52493">
  <ele>8.3</ele>
</wpt>
<wpt lat="-31.792353" lon="152.524718">
  <ele>9.5</ele>
</wpt>
<wpt lat="-31.792481" lon="152.524602">
  <ele>10.4</ele>
</wpt>
<wpt lat="-31.793157" lon="152.524388">
  <ele>8.7</ele>
</wpt>
<wpt lat="-31.793911" lon="152.524175">
  <ele>8.0</ele>
</wpt>
<wpt lat="-31.794606" lon="152.524249">
  <ele>8.9</ele>
</wpt>
<wpt lat="-31.795383" lon="152.52429">
  <ele>8.2</ele>
</wpt>
<wpt lat="-31.795573" lon="152.52429">
  <ele>8.5</ele>
</wpt>
<wpt lat="-31.795806" lon="152.524275">
  <ele>8.1</ele>
</wpt>
<wpt lat="-31.795966" lon="152.524244">
  <ele>8.3</ele>
</wpt>
<wpt lat="-31.796175" lon="152.524192">
  <ele>8.7</ele>
</wpt>
<wpt lat="-31.796424" lon="152.524092">
  <ele>7.5</ele>
</wpt>
<wpt lat="-31.796588" lon="152.523995">
  <ele>7.2</ele>
</wpt>
<wpt lat="-31.796748" lon="152.523877">
  <ele>7.0</ele>
</wpt>
<wpt lat="-31.796916" lon="152.523731">
  <ele>6.4</ele>
</wpt>
<wpt lat="-31.797101" lon="152.523538">
  <ele>6.0</ele>
</wpt>
<wpt lat="-31.797218" lon="152.523405">
  <ele>5.3</ele>
</wpt>
<wpt lat="-31.79733" lon="152.523264">
  <ele>5.6</ele>
</wpt>
<wpt lat="-31.797823" lon="152.522543">
  <ele>9.0</ele>
</wpt>
<wpt lat="-31.798021" lon="152.522261">
  <ele>8.1</ele>
</wpt>
<wpt lat="-31.79837" lon="152.521768">
  <ele>10.8</ele>
</wpt>
<wpt lat="-31.798514" lon="152.521563">
  <ele>11.7</ele>
</wpt>
<wpt lat="-31.798661" lon="152.521359">
  <ele>12.2</ele>
</wpt>
<wpt lat="-31.798765" lon="152.521239">
  <ele>12.3</ele>
</wpt>
<wpt lat="-31.798874" lon="152.521122">
  <ele>12.0</ele>
</wpt>
<wpt lat="-31.799028" lon="152.520964">
  <ele>12.0</ele>
</wpt>
<wpt lat="-31.799125" lon="152.520876">
  <ele>12.0</ele>
</wpt>
<wpt lat="-31.799178" lon="152.520843">
  <ele>12.0</ele>
</wpt>
<wpt lat="-31.799235" lon="152.520802">
  <ele>11.6</ele>
</wpt>
<wpt lat="-31.799463" lon="152.520649">
  <ele>11.0</ele>
</wpt>
<wpt lat="-31.799712" lon="152.52048">
  <ele>11.0</ele>
</wpt>
<wpt lat="-31.800025" lon="152.520268">
  <ele>10.9</ele>
</wpt>
<wpt lat="-31.800479" lon="152.519959">
  <ele>11.0</ele>
</wpt>
<wpt lat="-31.800895" lon="152.519692">
  <ele>10.7</ele>
</wpt>
<wpt lat="-31.801105" lon="152.51954">
  <ele>10.6</ele>
</wpt>
<wpt lat="-31.801151" lon="152.519471">
  <ele>11.1</ele>
</wpt>
<wpt lat="-31.801178" lon="152.519383">
  <ele>11.2</ele>
</wpt>
<wpt lat="-31.801183" lon="152.519313">
  <ele>11.3</ele>
</wpt>
<wpt lat="-31.801184" lon="152.519152">
  <ele>11.2</ele>
</wpt>
<wpt lat="-31.801176" lon="152.519038">
  <ele>10.7</ele>
</wpt>
<wpt lat="-31.801187" lon="152.518976">
  <ele>10.4</ele>
</wpt>
<wpt lat="-31.801213" lon="152.518929">
  <ele>10.2</ele>
</wpt>
<wpt lat="-31.801258" lon="152.518883">
  <ele>10.0</ele>
</wpt>
<wpt lat="-31.801321" lon="152.518851">
  <ele>9.8</ele>
</wpt>
<wpt lat="-31.802575" lon="152.518292">
  <ele>7.1</ele>
</wpt>
<wpt lat="-31.80306" lon="152.518077">
  <ele>9.0</ele>
</wpt>
<wpt lat="-31.803499" lon="152.517895">
  <ele>12.4</ele>
</wpt>
<wpt lat="-31.80365" lon="152.517832">
  <ele>13.0</ele>
</wpt>
<wpt lat="-31.804153" lon="152.517615">
  <ele>16.5</ele>
</wpt>
<wpt lat="-31.804505" lon="152.517482">
  <ele>20.3</ele>
</wpt>
<wpt lat="-31.804545" lon="152.517466">
  <ele>20.5</ele>
</wpt>
<wpt lat="-31.804749" lon="152.517383">
  <ele>21.5</ele>
</wpt>
<wpt lat="-31.804952" lon="152.5173">
  <ele>22.0</ele>
</wpt>
<wpt lat="-31.806058" lon="152.516923">
  <ele>21.5</ele>
</wpt>
<wpt lat="-31.806715" lon="152.516735">
  <ele>22.6</ele>
</wpt>
<wpt lat="-31.807639" lon="152.51642">
  <ele>26.5</ele>
</wpt>
<wpt lat="-31.808953" lon="152.516241">
  <ele>23.3</ele>
</wpt>
<wpt lat="-31.813511" lon="152.516389">
  <ele>23.3</ele>
</wpt>
<wpt lat="-31.81351" lon="152.516384">
  <ele>23.3</ele>
</wpt>
<wpt lat="-31.813682" lon="152.51639">
  <ele>24.2</ele>
</wpt>
<wpt lat="-31.813877" lon="152.516399">
  <ele>24.9</ele>
</wpt>
<wpt lat="-31.815544" lon="152.516337">
  <ele>33.5</ele>
</wpt>
<wpt lat="-31.816725" lon="152.516194">
  <ele>31.5</ele>
</wpt>
<wpt lat="-31.819483" lon="152.515743">
  <ele>35.4</ele>
</wpt>
<wpt lat="-31.82104" lon="152.515563">
  <ele>33.6</ele>
</wpt>
<wpt lat="-31.821428" lon="152.515442">
  <ele>31.5</ele>
</wpt>
<wpt lat="-31.821736" lon="152.515276">
  <ele>31.2</ele>
</wpt>
<wpt lat="-31.822215" lon="152.514931">
  <ele>30.3</ele>
</wpt>
<wpt lat="-31.82297" lon="152.514271">
  <ele>24.9</ele>
</wpt>
<wpt lat="-31.824555" lon="152.512973">
  <ele>22.3</ele>
</wpt>
<wpt lat="-31.825238" lon="152.512635">
  <ele>21.1</ele>
</wpt>
<wpt lat="-31.826042" lon="152.512453">
  <ele>22.8</ele>
</wpt>
<wpt lat="-31.826866" lon="152.512381">
  <ele>18.6</ele>
</wpt>
<wpt lat="-31.828049" lon="152.512508">
  <ele>22.0</ele>
</wpt>
<wpt lat="-31.830454" lon="152.512861">
  <ele>22.1</ele>
</wpt>
<wpt lat="-31.83105" lon="152.512801">
  <ele>20.9</ele>
</wpt>
<wpt lat="-31.831486" lon="152.512645">
  <ele>19.5</ele>
</wpt>
<wpt lat="-31.832119" lon="152.512182">
  <ele>20.5</ele>
</wpt>
<wpt lat="-31.832705" lon="152.511605">
  <ele>22.4</ele>
</wpt>
<wpt lat="-31.834455" lon="152.509342">
  <ele>26.7</ele>
</wpt>
<wpt lat="-31.834943" lon="152.50885">
  <ele>28.9</ele>
</wpt>
<wpt lat="-31.835513" lon="152.50844">
  <ele>25.0</ele>
</wpt>
<wpt lat="-31.836297" lon="152.508152">
  <ele>20.5</ele>
</wpt>
<wpt lat="-31.840663" lon="152.507239">
  <ele>21.1</ele>
</wpt>
<wpt lat="-31.841427" lon="152.50696">
  <ele>21.0</ele>
</wpt>
<wpt lat="-31.844144" lon="152.505469">
  <ele>15.7</ele>
</wpt>
<wpt lat="-31.84485" lon="152.505148">
  <ele>16.3</ele>
</wpt>
<wpt lat="-31.845395" lon="152.505076">
  <ele>16.7</ele>
</wpt>
<wpt lat="-31.847095" lon="152.505788">
  <ele>28.8</ele>
</wpt>
<wpt lat="-31.847664" lon="152.506097">
  <ele>30.3</ele>
</wpt>
<wpt lat="-31.847832" lon="152.506208">
  <ele>30.6</ele>
</wpt>
<wpt lat="-31.848719" lon="152.507099">
  <ele>34.9</ele>
</wpt>
<wpt lat="-31.849185" lon="152.50739">
  <ele>33.7</ele>
</wpt>
<wpt lat="-31.850344" lon="152.507902">
  <ele>22.3</ele>
</wpt>
<wpt lat="-31.851195" lon="152.508079">
  <ele>19.2</ele>
</wpt>
<wpt lat="-31.852549" lon="152.508132">
  <ele>14.4</ele>
</wpt>
<wpt lat="-31.853817" lon="152.508128">
  <ele>11.0</ele>
</wpt>
<wpt lat="-31.859509" lon="152.505994">
  <ele>8.8</ele>
</wpt>
<wpt lat="-31.862917" lon="152.504374">
  <ele>7.5</ele>
</wpt>
<wpt lat="-31.863974" lon="152.504095">
  <ele>7.2</ele>
</wpt>
<wpt lat="-31.866043" lon="152.504492">
  <ele>14.0</ele>
</wpt>
<wpt lat="-31.866591" lon="152.504684">
  <ele>14.6</ele>
</wpt>
<wpt lat="-31.867144" lon="152.503125">
  <ele>12.5</ele>
</wpt>
<wpt lat="-31.867331" lon="152.502599">
  <ele>14.8</ele>
</wpt>
<wpt lat="-31.867541" lon="152.502127">
  <ele>15.8</ele>
</wpt>
<wpt lat="-31.867558" lon="152.501716">
  <ele>13.6</ele>
</wpt>
<wpt lat="-31.873386" lon="152.500482">
  <ele>34.0</ele>
</wpt>
<wpt lat="-31.873604" lon="152.500451">
  <ele>32.9</ele>
</wpt>
<wpt lat="-31.873802" lon="152.500409">
  <ele>32.8</ele>
</wpt>
<wpt lat="-31.874052" lon="152.500351">
  <ele>34.6</ele>
</wpt>
<wpt lat="-31.874187" lon="152.500327">
  <ele>36.2</ele>
</wpt>
<wpt lat="-31.874664" lon="152.500225">
  <ele>38.6</ele>
</wpt>
<wpt lat="-31.874982" lon="152.500161">
  <ele>34.6</ele>
</wpt>
<wpt lat="-31.875126" lon="152.500129">
  <ele>33.6</ele>
</wpt>
<wpt lat="-31.875261" lon="152.500101">
  <ele>32.8</ele>
</wpt>
<wpt lat="-31.875501" lon="152.500054">
  <ele>30.9</ele>
</wpt>
<wpt lat="-31.875714" lon="152.500017">
  <ele>28.9</ele>
</wpt>
<wpt lat="-31.875988" lon="152.499966">
  <ele>27.4</ele>
</wpt>
<wpt lat="-31.876284" lon="152.499907">
  <ele>27.0</ele>
</wpt>
<wpt lat="-31.876673" lon="152.499816">
  <ele>27.3</ele>
</wpt>
<wpt lat="-31.876926" lon="152.499769">
  <ele>27.3</ele>
</wpt>
<wpt lat="-31.877214" lon="152.499718">
  <ele>27.0</ele>
</wpt>
<wpt lat="-31.877456" lon="152.49967">
  <ele>27.8</ele>
</wpt>
<wpt lat="-31.877717" lon="152.499615">
  <ele>27.2</ele>
</wpt>
<wpt lat="-31.878037" lon="152.499563">
  <ele>27.4</ele>
</wpt>
<wpt lat="-31.878136" lon="152.49952">
  <ele>26.8</ele>
</wpt>
<wpt lat="-31.87822" lon="152.499482">
  <ele>26.0</ele>
</wpt>
<wpt lat="-31.878288" lon="152.499469">
  <ele>25.5</ele>
</wpt>
<wpt lat="-31.878339" lon="152.499469">
  <ele>25.1</ele>
</wpt>
<wpt lat="-31.878377" lon="152.499451">
  <ele>24.7</ele>
</wpt>
<wpt lat="-31.879856" lon="152.501794">
  <ele>21.2</ele>
</wpt>
<wpt lat="-31.879936" lon="152.501971">
  <ele>21.5</ele>
</wpt>
<wpt lat="-31.879951" lon="152.502096">
  <ele>21.2</ele>
</wpt>
<wpt lat="-31.880103" lon="152.502109">
  <ele>22.0</ele>
</wpt>
<wpt lat="-31.880328" lon="152.502137">
  <ele>23.3</ele>
</wpt>
<wpt lat="-31.880652" lon="152.502256">
  <ele>23.9</ele>
</wpt>
<wpt lat="-31.881247" lon="152.502591">
  <ele>20.9</ele>
</wpt>
<wpt lat="-31.881476" lon="152.502742">
  <ele>20.0</ele>
</wpt>
<wpt lat="-31.881726" lon="152.502916">
  <ele>19.6</ele>
</wpt>
<wpt lat="-31.882108" lon="152.503204">
  <ele>20.4</ele>
</wpt>
<wpt lat="-31.882413" lon="152.503459">
  <ele>19.1</ele>
</wpt>
<wpt lat="-31.883027" lon="152.503907">
  <ele>16.1</ele>
</wpt>
<wpt lat="-31.883412" lon="152.504191">
  <ele>16.6</ele>
</wpt>
<wpt lat="-31.883692" lon="152.504439">
  <ele>18.3</ele>
</wpt>
<wpt lat="-31.884384" lon="152.504993">
  <ele>20.0</ele>
</wpt>
<wpt lat="-31.884592" lon="152.505165">
  <ele>19.8</ele>
</wpt>
<wpt lat="-31.884803" lon="152.505369">
  <ele>19.7</ele>
</wpt>
<wpt lat="-31.885135" lon="152.505728">
  <ele>18.6</ele>
</wpt>
<wpt lat="-31.885619" lon="152.50632">
  <ele>16.5</ele>
</wpt>
<wpt lat="-31.886073" lon="152.506833">
  <ele>17.5</ele>
</wpt>
<wpt lat="-31.886301" lon="152.507032">
  <ele>18.4</ele>
</wpt>
<wpt lat="-31.886432" lon="152.507129">
  <ele>18.4</ele>
</wpt>
<wpt lat="-31.886625" lon="152.50725">
  <ele>17.9</ele>
</wpt>
<wpt lat="-31.886891" lon="152.507384">
  <ele>16.6</ele>
</wpt>
<wpt lat="-31.887287" lon="152.507537">
  <ele>15.1</ele>
</wpt>
<wpt lat="-31.887916" lon="152.507755">
  <ele>15.4</ele>
</wpt>
<wpt lat="-31.888526" lon="152.507963">
  <ele>16.1</ele>
</wpt>
<wpt lat="-31.889478" lon="152.5083">
  <ele>19.8</ele>
</wpt>
<wpt lat="-31.889864" lon="152.508418">
  <ele>18.1</ele>
</wpt>
<wpt lat="-31.89024" lon="152.50853">
  <ele>16.0</ele>
</wpt>
<wpt lat="-31.890611" lon="152.508597">
  <ele>15.9</ele>
</wpt>
<wpt lat="-31.890816" lon="152.50861">
  <ele>16.0</ele>
</wpt>
<wpt lat="-31.891065" lon="152.508607">
  <ele>14.3</ele>
</wpt>
<wpt lat="-31.891522" lon="152.50854">
  <ele>11.6</ele>
</wpt>
<wpt lat="-31.891865" lon="152.508421">
  <ele>12.5</ele>
</wpt>
<wpt lat="-31.892375" lon="152.508225">
  <ele>13.8</ele>
</wpt>
<wpt lat="-31.89316" lon="152.507865">
  <ele>11.2</ele>
</wpt>
<wpt lat="-31.89333" lon="152.507777">
  <ele>10.0</ele>
</wpt>
<wpt lat="-31.893405" lon="152.50774">
  <ele>9.5</ele>
</wpt>
<wpt lat="-31.893407" lon="152.507687">
  <ele>9.5</ele>
</wpt>
<wpt lat="-31.893416" lon="152.507631">
  <ele>9.4</ele>
</wpt>
<wpt lat="-31.893449" lon="152.507515">
  <ele>9.2</ele>
</wpt>
<wpt lat="-31.893478" lon="152.507383">
  <ele>8.8</ele>
</wpt>
<wpt lat="-31.893504" lon="152.507205">
  <ele>8.4</ele>
</wpt>
<wpt lat="-31.89353" lon="152.507051">
  <ele>8.3</ele>
</wpt>
<wpt lat="-31.893553" lon="152.506923">
  <ele>8.2</ele>
</wpt>
<wpt lat="-31.893595" lon="152.506642">
  <ele>8.0</ele>
</wpt>
<wpt lat="-31.893616" lon="152.506519">
  <ele>8.0</ele>
</wpt>
<wpt lat="-31.89365" lon="152.506255">
  <ele>7.9</ele>
</wpt>
<wpt lat="-31.893663" lon="152.506202">
  <ele>7.8</ele>
</wpt>
<wpt lat="-31.893751" lon="152.505928">
  <ele>7.5</ele>
</wpt>
<wpt lat="-31.893795" lon="152.505793">
  <ele>7.3</ele>
</wpt>
<wpt lat="-31.893867" lon="152.505566">
  <ele>7.0</ele>
</wpt>
<wpt lat="-31.893888" lon="152.505465">
  <ele>6.4</ele>
</wpt>
<wpt lat="-31.893919" lon="152.505331">
  <ele>5.3</ele>
</wpt>
<wpt lat="-31.893964" lon="152.50521">
  <ele>4.3</ele>
</wpt>
<wpt lat="-31.894067" lon="152.504944">
  <ele>2.7</ele>
</wpt>
<wpt lat="-31.894129" lon="152.504792">
  <ele>1.6</ele>
</wpt>
<wpt lat="-31.894186" lon="152.504641">
  <ele>0.4</ele>
</wpt>
<wpt lat="-31.894348" lon="152.504034">
  <ele>-1.0</ele>
</wpt>
<wpt lat="-31.894465" lon="152.503607">
  <ele>1.2</ele>
</wpt>
<wpt lat="-31.894561" lon="152.503223">
  <ele>3.4</ele>
</wpt>
<wpt lat="-31.894615" lon="152.50302">
  <ele>3.5</ele>
</wpt>
<wpt lat="-31.894633" lon="152.502938">
  <ele>3.4</ele>
</wpt>
<wpt lat="-31.894789" lon="152.50248">
  <ele>3.6</ele>
</wpt>
<wpt lat="-31.894868" lon="152.502478">
  <ele>3.1</ele>
</wpt>
<wpt lat="-31.895067" lon="152.502018">
  <ele>4.3</ele>
</wpt>
<wpt lat="-31.895513" lon="152.500974">
  <ele>5.8</ele>
</wpt>
<wpt lat="-31.895745" lon="152.500448">
  <ele>2.8</ele>
</wpt>
<wpt lat="-31.89595" lon="152.499959">
  <ele>2.4</ele>
</wpt>
<wpt lat="-31.896334" lon="152.499052">
  <ele>2.8</ele>
</wpt>
<wpt lat="-31.896638" lon="152.49834">
  <ele>5.9</ele>
</wpt>
<wpt lat="-31.896946" lon="152.497628">
  <ele>6.0</ele>
</wpt>
<wpt lat="-31.897273" lon="152.496892">
  <ele>3.6</ele>
</wpt>
<wpt lat="-31.897476" lon="152.496436">
  <ele>7.6</ele>
</wpt>
<wpt lat="-31.897618" lon="152.496082">
  <ele>9.0</ele>
</wpt>
<wpt lat="-31.89785" lon="152.495537">
  <ele>9.9</ele>
</wpt>
<wpt lat="-31.89853" lon="152.493992">
  <ele>6.3</ele>
</wpt>
<wpt lat="-31.898541" lon="152.493967">
  <ele>6.4</ele>
</wpt>
<wpt lat="-31.898881" lon="152.493166">
  <ele>9.4</ele>
</wpt>
<wpt lat="-31.899386" lon="152.491964">
  <ele>10.1</ele>
</wpt>
<wpt lat="-31.899718" lon="152.491189">
  <ele>10.3</ele>
</wpt>
<wpt lat="-31.899779" lon="152.49105">
  <ele>9.8</ele>
</wpt>
<wpt lat="-31.899848" lon="152.490901">
  <ele>9.2</ele>
</wpt>
<wpt lat="-31.899914" lon="152.490732">
  <ele>9.3</ele>
</wpt>
<wpt lat="-31.899954" lon="152.4906">
  <ele>9.7</ele>
</wpt>
<wpt lat="-31.899999" lon="152.490386">
  <ele>9.4</ele>
</wpt>
<wpt lat="-31.900027" lon="152.49013">
  <ele>9.0</ele>
</wpt>
<wpt lat="-31.900032" lon="152.489928">
  <ele>9.0</ele>
</wpt>
<wpt lat="-31.900025" lon="152.489742">
  <ele>8.9</ele>
</wpt>
<wpt lat="-31.900003" lon="152.48954">
  <ele>9.0</ele>
</wpt>
<wpt lat="-31.899839" lon="152.488454">
  <ele>7.4</ele>
</wpt>
<wpt lat="-31.899703" lon="152.48756">
  <ele>8.0</ele>
</wpt>
<wpt lat="-31.899687" lon="152.487445">
  <ele>8.3</ele>
</wpt>
<wpt lat="-31.899675" lon="152.487328">
  <ele>8.7</ele>
</wpt>
<wpt lat="-31.899663" lon="152.487197">
  <ele>9.0</ele>
</wpt>
<wpt lat="-31.899655" lon="152.486886">
  <ele>9.0</ele>
</wpt>
<wpt lat="-31.89965" lon="152.486623">
  <ele>8.9</ele>
</wpt>
<wpt lat="-31.899644" lon="152.486397">
  <ele>8.3</ele>
</wpt>
<wpt lat="-31.899642" lon="152.4862">
  <ele>8.8</ele>
</wpt>
<wpt lat="-31.899654" lon="152.485956">
  <ele>8.6</ele>
</wpt>
<wpt lat="-31.899677" lon="152.485705">
  <ele>8.5</ele>
</wpt>
<wpt lat="-31.899696" lon="152.48553">
  <ele>9.0</ele>
</wpt>
<wpt lat="-31.899703" lon="152.485475">
  <ele>9.0</ele>
</wpt>
<wpt lat="-31.899719" lon="152.485375">
  <ele>9.0</ele>
</wpt>
<wpt lat="-31.899795" lon="152.484968">
  <ele>9.8</ele>
</wpt>
<wpt lat="-31.899907" lon="152.4845">
  <ele>10.0</ele>
</wpt>
<wpt lat="-31.900054" lon="152.484011">
  <ele>10.0</ele>
</wpt>
<wpt lat="-31.90016" lon="152.483655">
  <ele>10.4</ele>
</wpt>
<wpt lat="-31.900571" lon="152.482362">
  <ele>9.9</ele>
</wpt>
<wpt lat="-31.901133" lon="152.480579">
  <ele>10.8</ele>
</wpt>
<wpt lat="-31.901494" lon="152.479387">
  <ele>13.3</ele>
</wpt>
<wpt lat="-31.901888" lon="152.478117">
  <ele>10.8</ele>
</wpt>
<wpt lat="-31.902069" lon="152.477747">
  <ele>9.9</ele>
</wpt>
<wpt lat="-31.902283" lon="152.47751">
  <ele>9.8</ele>
</wpt>
<wpt lat="-31.902626" lon="152.477249">
  <ele>9.0</ele>
</wpt>
<wpt lat="-31.902967" lon="152.477146">
  <ele>7.9</ele>
</wpt>
<wpt lat="-31.903387" lon="152.477033">
  <ele>7.9</ele>
</wpt>
<wpt lat="-31.904082" lon="152.476819">
  <ele>11.7</ele>
</wpt>
<wpt lat="-31.904411" lon="152.476629">
  <ele>12.9</ele>
</wpt>
<wpt lat="-31.904598" lon="152.476457">
  <ele>12.9</ele>
</wpt>
<wpt lat="-31.904768" lon="152.476276">
  <ele>13.0</ele>
</wpt>
<wpt lat="-31.904937" lon="152.476033">
  <ele>13.3</ele>
</wpt>
<wpt lat="-31.90507" lon="152.475799">
  <ele>13.9</ele>
</wpt>
<wpt lat="-31.905243" lon="152.475447">
  <ele>14.1</ele>
</wpt>
<wpt lat="-31.905473" lon="152.474882">
  <ele>13.0</ele>
</wpt>
<wpt lat="-31.905514" lon="152.474718">
  <ele>12.0</ele>
</wpt>
<wpt lat="-31.905574" lon="152.474368">
  <ele>9.9</ele>
</wpt>
<wpt lat="-31.905598" lon="152.473941">
  <ele>9.8</ele>
</wpt>
<wpt lat="-31.90562" lon="152.473671">
  <ele>9.8</ele>
</wpt>
<wpt lat="-31.905662" lon="152.473387">
  <ele>8.6</ele>
</wpt>
<wpt lat="-31.905827" lon="152.472873">
  <ele>6.3</ele>
</wpt>
<wpt lat="-31.905952" lon="152.472619">
  <ele>6.8</ele>
</wpt>
<wpt lat="-31.906139" lon="152.472349">
  <ele>6.8</ele>
</wpt>
<wpt lat="-31.906277" lon="152.472199">
  <ele>5.9</ele>
</wpt>
<wpt lat="-31.906826" lon="152.471726">
  <ele>4.1</ele>
</wpt>
<wpt lat="-31.907103" lon="152.47136">
  <ele>3.0</ele>
</wpt>
<wpt lat="-31.907459" lon="152.47082">
  <ele>2.7</ele>
</wpt>
<wpt lat="-31.90772" lon="152.470393">
  <ele>3.7</ele>
</wpt>
<wpt lat="-31.907773" lon="152.470308">
  <ele>4.0</ele>
</wpt>
<wpt lat="-31.909244" lon="152.467934">
  <ele>6.7</ele>
</wpt>
<wpt lat="-31.909922" lon="152.466874">
  <ele>9.5</ele>
</wpt>
<wpt lat="-31.91057" lon="152.465831">
  <ele>11.0</ele>
</wpt>
<wpt lat="-31.911749" lon="152.4639">
  <ele>11.4</ele>
</wpt>
<wpt lat="-31.911922" lon="152.463575">
  <ele>11.2</ele>
</wpt>
<wpt lat="-31.912952" lon="152.461868">
  <ele>10.6</ele>
</wpt>
<wpt lat="-31.913068" lon="152.461661">
  <ele>10.0</ele>
</wpt>
<wpt lat="-31.913126" lon="152.461528">
  <ele>10.5</ele>
</wpt>
<wpt lat="-31.913441" lon="152.460999">
  <ele>11.1</ele>
</wpt>
<wpt lat="-31.913947" lon="152.460175">
  <ele>10.4</ele>
</wpt>
<wpt lat="-31.914037" lon="152.460077">
  <ele>9.7</ele>
</wpt>
<wpt lat="-31.914109" lon="152.459989">
  <ele>9.2</ele>
</wpt>
<wpt lat="-31.914125" lon="152.459969">
  <ele>9.1</ele>
</wpt>
<wpt lat="-31.914186" lon="152.45988">
  <ele>9.0</ele>
</wpt>
<wpt lat="-31.914244" lon="152.459792">
  <ele>8.8</ele>
</wpt>
<wpt lat="-31.914588" lon="152.459242">
  <ele>7.5</ele>
</wpt>
<wpt lat="-31.914685" lon="152.459082">
  <ele>7.1</ele>
</wpt>
<wpt lat="-31.914892" lon="152.458708">
  <ele>7.4</ele>
</wpt>
<wpt lat="-31.915017" lon="152.458504">
  <ele>8.0</ele>
</wpt>
<wpt lat="-31.91521" lon="152.458185">
  <ele>8.2</ele>
</wpt>
<wpt lat="-31.915525" lon="152.457676">
  <ele>6.7</ele>
</wpt>
<wpt lat="-31.915585" lon="152.457569">
  <ele>6.3</ele>
</wpt>
<wpt lat="-31.915817" lon="152.457756">
  <ele>7.8</ele>
</wpt>
<wpt lat="-31.915903" lon="152.457768">
  <ele>7.9</ele>
</wpt>
<wpt lat="-31.916259" lon="152.458059">
  <ele>4.9</ele>
</wpt>
<wpt lat="-31.916306" lon="152.458098">
  <ele>4.0</ele>
</wpt>
<wpt lat="-31.919786" lon="152.461">
  <ele>6.6</ele>
</wpt>
<wpt lat="-31.919957" lon="152.461139">
  <ele>9.7</ele>
</wpt>
<wpt lat="-31.920341" lon="152.461445">
  <ele>9.4</ele>
</wpt>
<wpt lat="-31.920578" lon="152.461629">
  <ele>7.9</ele>
</wpt>
<wpt lat="-31.920973" lon="152.461984">
  <ele>8.1</ele>
</wpt>
<wpt lat="-31.921068" lon="152.46206">
  <ele>8.4</ele>
</wpt>
<wpt lat="-31.921388" lon="152.462331">
  <ele>7.4</ele>
</wpt>
<wpt lat="-31.921824" lon="152.462684">
  <ele>6.9</ele>
</wpt>
<wpt lat="-31.922359" lon="152.463124">
  <ele>6.1</ele>
</wpt>
<wpt lat="-31.922821" lon="152.463506">
  <ele>4.2</ele>
</wpt>
<wpt lat="-31.92304" lon="152.463674">
  <ele>3.3</ele>
</wpt>
<wpt lat="-31.923193" lon="152.463776">
  <ele>4.1</ele>
</wpt>
<wpt lat="-31.923346" lon="152.463863">
  <ele>4.9</ele>
</wpt>
<wpt lat="-31.923578" lon="152.463965">
  <ele>6.5</ele>
</wpt>
<wpt lat="-31.923733" lon="152.464031">
  <ele>7.0</ele>
</wpt>
<wpt lat="-31.923867" lon="152.464083">
  <ele>7.4</ele>
</wpt>
<wpt lat="-31.924216" lon="152.464175">
  <ele>6.8</ele>
</wpt>
<wpt lat="-31.92513" lon="152.46441">
  <ele>2.5</ele>
</wpt>
<wpt lat="-31.925799" lon="152.464582">
  <ele>3.1</ele>
</wpt>
<wpt lat="-31.928104" lon="152.465166">
  <ele>1.5</ele>
</wpt>
<wpt lat="-31.928488" lon="152.465264">
  <ele>0.5</ele>
</wpt>
<wpt lat="-31.928842" lon="152.465373">
  <ele>0.8</ele>
</wpt>
<wpt lat="-31.929879" lon="152.465609">
  <ele>3.9</ele>
</wpt>
<wpt lat="-31.930155" lon="152.465687">
  <ele>4.0</ele>
</wpt>
<wpt lat="-31.93096" lon="152.46589">
  <ele>5.5</ele>
</wpt>
<wpt lat="-31.931832" lon="152.466109">
  <ele>8.0</ele>
</wpt>
<wpt lat="-31.931899" lon="152.466127">
  <ele>8.0</ele>
</wpt>
<wpt lat="-31.93234" lon="152.466234">
  <ele>9.0</ele>
</wpt>
<wpt lat="-31.933569" lon="152.466541">
  <ele>11.8</ele>
</wpt>
<wpt lat="-31.934133" lon="152.466685">
  <ele>11.1</ele>
</wpt>
<wpt lat="-31.934362" lon="152.466726">
  <ele>9.6</ele>
</wpt>
<wpt lat="-31.934465" lon="152.466777">
  <ele>9.0</ele>
</wpt>
<wpt lat="-31.934637" lon="152.466839">
  <ele>8.7</ele>
</wpt>
<wpt lat="-31.934749" lon="152.466881">
  <ele>8.7</ele>
</wpt>
<wpt lat="-31.934769" lon="152.466937">
  <ele>9.0</ele>
</wpt>
<wpt lat="-31.934804" lon="152.466981">
  <ele>9.1</ele>
</wpt>
<wpt lat="-31.934849" lon="152.46701">
  <ele>9.2</ele>
</wpt>
<wpt lat="-31.9349" lon="152.467018">
  <ele>9.3</ele>
</wpt>
<wpt lat="-31.93495" lon="152.467005">
  <ele>9.2</ele>
</wpt>
<wpt lat="-31.934994" lon="152.466973">
  <ele>9.1</ele>
</wpt>
<wpt lat="-31.935084" lon="152.466979">
  <ele>9.1</ele>
</wpt>
<wpt lat="-31.935174" lon="152.466989">
  <ele>9.2</ele>
</wpt>
<wpt lat="-31.935305" lon="152.467022">
  <ele>9.1</ele>
</wpt>
<wpt lat="-31.9356" lon="152.467126">
  <ele>8.0</ele>
</wpt>
<wpt lat="-31.936156" lon="152.467274">
  <ele>7.7</ele>
</wpt>
<wpt lat="-31.936535" lon="152.467379">
  <ele>10.2</ele>
</wpt>
<wpt lat="-31.937191" lon="152.467526">
  <ele>12.0</ele>
</wpt>
<wpt lat="-31.937525" lon="152.467606">
  <ele>12.0</ele>
</wpt>
<wpt lat="-31.938807" lon="152.467927">
  <ele>17.4</ele>
</wpt>
<wpt lat="-31.938895" lon="152.46795">
  <ele>18.0</ele>
</wpt>
<wpt lat="-31.93899" lon="152.467975">
  <ele>18.5</ele>
</wpt>
<wpt lat="-31.939133" lon="152.468034">
  <ele>18.9</ele>
</wpt>
<wpt lat="-31.939145" lon="152.468066">
  <ele>18.9</ele>
</wpt>
<wpt lat="-31.939161" lon="152.468095">
  <ele>18.8</ele>
</wpt>
<wpt lat="-31.939234" lon="152.468681">
  <ele>18.3</ele>
</wpt>
<wpt lat="-31.939282" lon="152.469052">
  <ele>20.8</ele>
</wpt>
<wpt lat="-31.939288" lon="152.469107">
  <ele>21.1</ele>
</wpt>
<wpt lat="-31.939626" lon="152.471393">
  <ele>20.9</ele>
</wpt>
<wpt lat="-31.939602" lon="152.471654">
  <ele>18.7</ele>
</wpt>
<wpt lat="-31.939572" lon="152.471719">
  <ele>18.3</ele>
</wpt>
<wpt lat="-31.939564" lon="152.471816">
  <ele>18.0</ele>
</wpt>
<wpt lat="-31.939584" lon="152.471886">
  <ele>17.7</ele>
</wpt>
<wpt lat="-31.939622" lon="152.471944">
  <ele>17.4</ele>
</wpt>
<wpt lat="-31.939675" lon="152.471983">
  <ele>17.1</ele>
</wpt>
<wpt lat="-31.939754" lon="152.47222">
  <ele>16.0</ele>
</wpt>
<wpt lat="-31.939831" lon="152.472557">
  <ele>14.3</ele>
</wpt>
<wpt lat="-31.939936" lon="152.473089">
  <ele>14.9</ele>
</wpt>
<wpt lat="-31.940035" lon="152.473463">
  <ele>16.7</ele>
</wpt>
<wpt lat="-31.940263" lon="152.474038">
  <ele>16.1</ele>
</wpt>
<wpt lat="-31.940673" lon="152.474799">
  <ele>15.3</ele>
</wpt>
<wpt lat="-31.940813" lon="152.475209">
  <ele>15.2</ele>
</wpt>
<wpt lat="-31.940815" lon="152.475395">
  <ele>16.0</ele>
</wpt>
<wpt lat="-31.940874" lon="152.475605">
  <ele>16.6</ele>
</wpt>
<wpt lat="-31.940939" lon="152.475756">
  <ele>16.1</ele>
</wpt>
<wpt lat="-31.941021" lon="152.475887">
  <ele>15.6</ele>
</wpt>
<wpt lat="-31.941113" lon="152.475996">
  <ele>15.0</ele>
</wpt>
<wpt lat="-31.941274" lon="152.476107">
  <ele>15.6</ele>
</wpt>
<wpt lat="-31.941439" lon="152.476175">
  <ele>16.6</ele>
</wpt>
<wpt lat="-31.941599" lon="152.476189">
  <ele>18.0</ele>
</wpt>
<wpt lat="-31.941732" lon="152.476182">
  <ele>19.5</ele>
</wpt>
<wpt lat="-31.942262" lon="152.476563">
  <ele>27.5</ele>
</wpt>
<wpt lat="-31.942749" lon="152.4774">
  <ele>20.1</ele>
</wpt>
<wpt lat="-31.943131" lon="152.478494">
  <ele>19.0</ele>
</wpt>
<wpt lat="-31.943297" lon="152.479592">
  <ele>15.9</ele>
</wpt>
<wpt lat="-31.943335" lon="152.479843">
  <ele>16.4</ele>
</wpt>
<wpt lat="-31.943403" lon="152.480305">
  <ele>20.6</ele>
</wpt>
<wpt lat="-31.943491" lon="152.48085">
  <ele>20.2</ele>
</wpt>
<wpt lat="-31.944068" lon="152.484554">
  <ele>8.7</ele>
</wpt>
<wpt lat="-31.94428" lon="152.485854">
  <ele>8.0</ele>
</wpt>
<wpt lat="-31.9444" lon="152.486543">
  <ele>9.9</ele>
</wpt>
<wpt lat="-31.944518" lon="152.487267">
  <ele>9.4</ele>
</wpt>
<wpt lat="-31.944603" lon="152.487787">
  <ele>9.6</ele>
</wpt>
<wpt lat="-31.944685" lon="152.488253">
  <ele>11.5</ele>
</wpt>
<wpt lat="-31.944824" lon="152.488936">
  <ele>11.4</ele>
</wpt>
<wpt lat="-31.945025" lon="152.489749">
  <ele>9.1</ele>
</wpt>
<wpt lat="-31.945223" lon="152.490508">
  <ele>9.8</ele>
</wpt>
<wpt lat="-31.945674" lon="152.492178">
  <ele>10.7</ele>
</wpt>
<wpt lat="-31.945826" lon="152.492733">
  <ele>12.0</ele>
</wpt>
<wpt lat="-31.946297" lon="152.494474">
  <ele>11.7</ele>
</wpt>
<wpt lat="-31.946478" lon="152.495134">
  <ele>14.6</ele>
</wpt>
<wpt lat="-31.946792" lon="152.496214">
  <ele>13.9</ele>
</wpt>
<wpt lat="-31.946962" lon="152.496859">
  <ele>11.9</ele>
</wpt>
<wpt lat="-31.947128" lon="152.497538">
  <ele>12.5</ele>
</wpt>
<wpt lat="-31.947201" lon="152.498799">
  <ele>12.9</ele>
</wpt>
<wpt lat="-31.947196" lon="152.499036">
  <ele>13.5</ele>
</wpt>
<wpt lat="-31.94719" lon="152.499751">
  <ele>16.6</ele>
</wpt>
<wpt lat="-31.947184" lon="152.50055">
  <ele>26.2</ele>
</wpt>
<wpt lat="-31.947202" lon="152.501507">
  <ele>21.4</ele>
</wpt>
<wpt lat="-31.947207" lon="152.501825">
  <ele>20.3</ele>
</wpt>
<wpt lat="-31.947212" lon="152.502028">
  <ele>20.8</ele>
</wpt>
<wpt lat="-31.947216" lon="152.502156">
  <ele>21.6</ele>
</wpt>
<wpt lat="-31.947235" lon="152.502475">
  <ele>23.8</ele>
</wpt>
<wpt lat="-31.947256" lon="152.502758">
  <ele>23.9</ele>
</wpt>
<wpt lat="-31.947308" lon="152.503345">
  <ele>20.0</ele>
</wpt>
<wpt lat="-31.947317" lon="152.503502">
  <ele>19.0</ele>
</wpt>
<wpt lat="-31.947408" lon="152.504496">
  <ele>11.9</ele>
</wpt>
<wpt lat="-31.947421" lon="152.504623">
  <ele>11.7</ele>
</wpt>
<wpt lat="-31.94745" lon="152.504789">
  <ele>11.3</ele>
</wpt>
<wpt lat="-31.94755" lon="152.505248">
  <ele>12.1</ele>
</wpt>
<wpt lat="-31.94777" lon="152.506089">
  <ele>19.8</ele>
</wpt>
<wpt lat="-31.947783" lon="152.50617">
  <ele>20.0</ele>
</wpt>
<wpt lat="-31.947799" lon="152.50629">
  <ele>20.1</ele>
</wpt>
<wpt lat="-31.947815" lon="152.506413">
  <ele>20.2</ele>
</wpt>
<wpt lat="-31.947836" lon="152.506658">
  <ele>19.7</ele>
</wpt>
<wpt lat="-31.947851" lon="152.506851">
  <ele>19.9</ele>
</wpt>
<wpt lat="-31.947908" lon="152.508211">
  <ele>17.5</ele>
</wpt>
<wpt lat="-31.947915" lon="152.50839">
  <ele>17.4</ele>
</wpt>
<wpt lat="-31.948009" lon="152.509016">
  <ele>18.7</ele>
</wpt>
<wpt lat="-31.948108" lon="152.509647">
  <ele>15.7</ele>
</wpt>
<wpt lat="-31.948258" lon="152.510454">
  <ele>12.5</ele>
</wpt>
<wpt lat="-31.948407" lon="152.511249">
  <ele>13.8</ele>
</wpt>
<wpt lat="-31.948586" lon="152.512237">
  <ele>10.5</ele>
</wpt>
<wpt lat="-31.948657" lon="152.51266">
  <ele>9.9</ele>
</wpt>
<wpt lat="-31.948846" lon="152.513981">
  <ele>8.6</ele>
</wpt>
<wpt lat="-31.949134" lon="152.515965">
  <ele>13.6</ele>
</wpt>
<wpt lat="-31.949332" lon="152.517279">
  <ele>21.2</ele>
</wpt>
<wpt lat="-31.949376" lon="152.517543">
  <ele>21.2</ele>
</wpt>
<wpt lat="-31.94951" lon="152.518269">
  <ele>14.7</ele>
</wpt>
<wpt lat="-31.949595" lon="152.518707">
  <ele>14.5</ele>
</wpt>
<wpt lat="-31.949649" lon="152.519054">
  <ele>14.1</ele>
</wpt>
<wpt lat="-31.949912" lon="152.520559">
  <ele>11.0</ele>
</wpt>
<wpt lat="-31.949965" lon="152.520856">
  <ele>13.6</ele>
</wpt>
<wpt lat="-31.950007" lon="152.521054">
  <ele>13.9</ele>
</wpt>
<wpt lat="-31.950021" lon="152.521111">
  <ele>13.8</ele>
</wpt>
<wpt lat="-31.950059" lon="152.521232">
  <ele>14.0</ele>
</wpt>
<wpt lat="-31.950112" lon="152.521384">
  <ele>14.2</ele>
</wpt>
<wpt lat="-31.95021" lon="152.521652">
  <ele>15.6</ele>
</wpt>
<wpt lat="-31.950279" lon="152.521794">
  <ele>15.6</ele>
</wpt>
<wpt lat="-31.950405" lon="152.522048">
  <ele>16.4</ele>
</wpt>
<wpt lat="-31.950479" lon="152.52217">
  <ele>16.0</ele>
</wpt>
<wpt lat="-31.950572" lon="152.522318">
  <ele>16.1</ele>
</wpt>
<wpt lat="-31.950692" lon="152.522489">
  <ele>18.0</ele>
</wpt>
<wpt lat="-31.950805" lon="152.522647">
  <ele>17.4</ele>
</wpt>
<wpt lat="-31.95118" lon="152.523128">
  <ele>15.8</ele>
</wpt>
<wpt lat="-31.951374" lon="152.523377">
  <ele>16.1</ele>
</wpt>
<wpt lat="-31.951564" lon="152.523614">
  <ele>16.7</ele>
</wpt>
<wpt lat="-31.951832" lon="152.52396">
  <ele>13.6</ele>
</wpt>
<wpt lat="-31.951901" lon="152.524055">
  <ele>12.8</ele>
</wpt>
<wpt lat="-31.952195" lon="152.524418">
  <ele>14.4</ele>
</wpt>
<wpt lat="-31.95222" lon="152.524453">
  <ele>14.8</ele>
</wpt>
<wpt lat="-31.952412" lon="152.5247">
  <ele>14.3</ele>
</wpt>
<wpt lat="-31.952629" lon="152.524971">
  <ele>13.6</ele>
</wpt>
<wpt lat="-31.95291" lon="152.52536">
  <ele>12.8</ele>
</wpt>
<wpt lat="-31.953127" lon="152.525644">
  <ele>13.0</ele>
</wpt>
<wpt lat="-31.953329" lon="152.52592">
  <ele>13.0</ele>
</wpt>
<wpt lat="-31.953651" lon="152.526384">
  <ele>9.0</ele>
</wpt>
<wpt lat="-31.953925" lon="152.526788">
  <ele>9.8</ele>
</wpt>
<wpt lat="-31.954165" lon="152.527195">
  <ele>14.8</ele>
</wpt>
<wpt lat="-31.954451" lon="152.527795">
  <ele>15.9</ele>
</wpt>
<wpt lat="-31.954564" lon="152.528082">
  <ele>14.8</ele>
</wpt>
<wpt lat="-31.954734" lon="152.528682">
  <ele>13.6</ele>
</wpt>
<wpt lat="-31.954847" lon="152.529156">
  <ele>9.5</ele>
</wpt>
<wpt lat="-31.954961" lon="152.52964">
  <ele>8.3</ele>
</wpt>
<wpt lat="-31.955049" lon="152.530068">
  <ele>5.6</ele>
</wpt>
<wpt lat="-31.955219" lon="152.530883">
  <ele>8.6</ele>
</wpt>
<wpt lat="-31.955333" lon="152.531331">
  <ele>11.6</ele>
</wpt>
<wpt lat="-31.955377" lon="152.531498">
  <ele>12.0</ele>
</wpt>
<wpt lat="-31.955414" lon="152.531613">
  <ele>12.2</ele>
</wpt>
<wpt lat="-31.955512" lon="152.531911">
  <ele>10.6</ele>
</wpt>
<wpt lat="-31.955643" lon="152.532282">
  <ele>8.5</ele>
</wpt>
<wpt lat="-31.955945" lon="152.533155">
  <ele>4.5</ele>
</wpt>
<wpt lat="-31.956206" lon="152.533884">
  <ele>7.3</ele>
</wpt>
<wpt lat="-31.956459" lon="152.53456">
  <ele>10.7</ele>
</wpt>
<wpt lat="-31.956565" lon="152.534816">
  <ele>14.5</ele>
</wpt>
<wpt lat="-31.956803" lon="152.534807">
  <ele>20.3</ele>
</wpt>
<wpt lat="-31.957133" lon="152.534804">
  <ele>23.4</ele>
</wpt>
<wpt lat="-31.957204" lon="152.534752">
  <ele>23.2</ele>
</wpt>
<wpt lat="-31.957271" lon="152.534712">
  <ele>22.8</ele>
</wpt>
<wpt lat="-31.95748" lon="152.534635">
  <ele>21.7</ele>
</wpt>
<wpt lat="-31.95803" lon="152.534526">
  <ele>21.8</ele>
</wpt>
<wpt lat="-31.958417" lon="152.534416">
  <ele>25.0</ele>
</wpt>
<wpt lat="-31.958647" lon="152.534366">
  <ele>28.0</ele>
</wpt>
<wpt lat="-31.959127" lon="152.53433">
  <ele>34.3</ele>
</wpt>
<wpt lat="-31.959324" lon="152.534307">
  <ele>37.4</ele>
</wpt>
<wpt lat="-31.959327" lon="152.534791">
  <ele>43.4</ele>
</wpt>
<wpt lat="-31.959527" lon="152.535156">
  <ele>46.2</ele>
</wpt>
<wpt lat="-31.959818" lon="152.535671">
  <ele>49.6</ele>
</wpt>
<wpt lat="-31.960164" lon="152.536358">
  <ele>51.5</ele>
</wpt>
<wpt lat="-31.960328" lon="152.536744">
  <ele>50.7</ele>
</wpt>
<wpt lat="-31.960455" lon="152.537023">
  <ele>51.5</ele>
</wpt>
<wpt lat="-31.960474" lon="152.537581">
  <ele>48.1</ele>
</wpt>
<wpt lat="-31.960619" lon="152.537817">
  <ele>47.9</ele>
</wpt>
<wpt lat="-31.960747" lon="152.538096">
  <ele>45.0</ele>
</wpt>
<wpt lat="-31.960947" lon="152.538225">
  <ele>46.0</ele>
</wpt>
<wpt lat="-31.961038" lon="152.538396">
  <ele>46.0</ele>
</wpt>
<wpt lat="-31.961329" lon="152.539019">
  <ele>44.4</ele>
</wpt>
<wpt lat="-31.961347" lon="152.539426">
  <ele>42.9</ele>
</wpt>
<wpt lat="-31.961475" lon="152.539791">
  <ele>42.0</ele>
</wpt>
<wpt lat="-31.961657" lon="152.540091">
  <ele>40.7</ele>
</wpt>
<wpt lat="-31.961802" lon="152.540435">
  <ele>40.5</ele>
</wpt>
<wpt lat="-31.962076" lon="152.540799">
  <ele>40.2</ele>
</wpt>
<wpt lat="-31.962458" lon="152.54125">
  <ele>37.5</ele>
</wpt>
<wpt lat="-31.962731" lon="152.541722">
  <ele>37.7</ele>
</wpt>
<wpt lat="-31.963022" lon="152.542001">
  <ele>38.5</ele>
</wpt>
<wpt lat="-31.963313" lon="152.542387">
  <ele>35.9</ele>
</wpt>
<wpt lat="-31.964479" lon="152.544147">
  <ele>29.7</ele>
</wpt>
<wpt lat="-31.964861" lon="152.544619">
  <ele>26.3</ele>
</wpt>
<wpt lat="-31.964933" lon="152.544697">
  <ele>26.7</ele>
</wpt>
<wpt lat="-31.965095" lon="152.544858">
  <ele>27.3</ele>
</wpt>
<wpt lat="-31.965188" lon="152.544962">
  <ele>27.7</ele>
</wpt>
<wpt lat="-31.96548" lon="152.545048">
  <ele>28.6</ele>
</wpt>
<wpt lat="-31.965771" lon="152.545198">
  <ele>29.3</ele>
</wpt>
<wpt lat="-31.965826" lon="152.545434">
  <ele>27.9</ele>
</wpt>
<wpt lat="-31.966008" lon="152.545606">
  <ele>27.4</ele>
</wpt>
<wpt lat="-31.966354" lon="152.545585">
  <ele>28.8</ele>
</wpt>
<wpt lat="-31.966554" lon="152.545971">
  <ele>26.9</ele>
</wpt>
<wpt lat="-31.966572" lon="152.546486">
  <ele>26.6</ele>
</wpt>
<wpt lat="-31.96679" lon="152.546657">
  <ele>27.5</ele>
</wpt>
<wpt lat="-31.966881" lon="152.546958">
  <ele>30.0</ele>
</wpt>
<wpt lat="-31.966881" lon="152.547258">
  <ele>30.8</ele>
</wpt>
<wpt lat="-31.967209" lon="152.547451">
  <ele>32.9</ele>
</wpt>
<wpt lat="-31.967136" lon="152.547709">
  <ele>33.9</ele>
</wpt>
<wpt lat="-31.967482" lon="152.547773">
  <ele>36.8</ele>
</wpt>
<wpt lat="-31.967664" lon="152.548116">
  <ele>38.7</ele>
</wpt>
<wpt lat="-31.967883" lon="152.548095">
  <ele>39.2</ele>
</wpt>
<wpt lat="-31.968192" lon="152.547881">
  <ele>37.3</ele>
</wpt>
<wpt lat="-31.968156" lon="152.547644">
  <ele>35.4</ele>
</wpt>
<wpt lat="-31.968237" lon="152.547586">
  <ele>34.7</ele>
</wpt>
<wpt lat="-31.969633" lon="152.547323">
  <ele>37.4</ele>
</wpt>
<wpt lat="-31.970668" lon="152.547022">
  <ele>38.8</ele>
</wpt>
<wpt lat="-31.971378" lon="152.546834">
  <ele>45.5</ele>
</wpt>
<wpt lat="-31.97161" lon="152.546791">
  <ele>47.1</ele>
</wpt>
<wpt lat="-31.971978" lon="152.546711">
  <ele>47.7</ele>
</wpt>
<wpt lat="-31.972534" lon="152.546529">
  <ele>47.3</ele>
</wpt>
<wpt lat="-31.972811" lon="152.546443">
  <ele>45.6</ele>
</wpt>
<wpt lat="-31.97302" lon="152.546383">
  <ele>44.3</ele>
</wpt>
<wpt lat="-31.973471" lon="152.546464">
  <ele>41.5</ele>
</wpt>
<wpt lat="-31.973762" lon="152.546271">
  <ele>42.4</ele>
</wpt>
<wpt lat="-31.973999" lon="152.546014">
  <ele>42.4</ele>
</wpt>
<wpt lat="-31.974654" lon="152.545649">
  <ele>44.4</ele>
</wpt>
<wpt lat="-31.974818" lon="152.545091">
  <ele>47.4</ele>
</wpt>
<wpt lat="-31.974945" lon="152.544984">
  <ele>47.1</ele>
</wpt>
<wpt lat="-31.975346" lon="152.544812">
  <ele>47.0</ele>
</wpt>
<wpt lat="-31.975819" lon="152.544919">
  <ele>46.1</ele>
</wpt>
<wpt lat="-31.97642" lon="152.54507">
  <ele>47.3</ele>
</wpt>
<wpt lat="-31.977403" lon="152.545198">
  <ele>43.6</ele>
</wpt>
<wpt lat="-31.978458" lon="152.546014">
  <ele>48.3</ele>
</wpt>
<wpt lat="-31.978877" lon="152.545992">
  <ele>50.0</ele>
</wpt>
<wpt lat="-31.979387" lon="152.545842">
  <ele>47.2</ele>
</wpt>
<wpt lat="-31.979805" lon="152.54582">
  <ele>48.6</ele>
</wpt>
<wpt lat="-31.980224" lon="152.54582">
  <ele>50.0</ele>
</wpt>
<wpt lat="-31.980697" lon="152.54567">
  <ele>49.2</ele>
</wpt>
<wpt lat="-31.981025" lon="152.545756">
  <ele>46.5</ele>
</wpt>
<wpt lat="-31.981425" lon="152.546078">
  <ele>45.8</ele>
</wpt>
<wpt lat="-31.981789" lon="152.546228">
  <ele>45.0</ele>
</wpt>
<wpt lat="-31.981898" lon="152.547044">
  <ele>46.5</ele>
</wpt>
<wpt lat="-31.982444" lon="152.547473">
  <ele>47.7</ele>
</wpt>
<wpt lat="-31.982512" lon="152.547605">
  <ele>47.6</ele>
</wpt>
<wpt lat="-31.982863" lon="152.548288">
  <ele>46.7</ele>
</wpt>
<wpt lat="-31.982936" lon="152.548739">
  <ele>46.6</ele>
</wpt>
<wpt lat="-31.983209" lon="152.549082">
  <ele>45.9</ele>
</wpt>
<wpt lat="-31.983919" lon="152.549501">
  <ele>42.7</ele>
</wpt>
<wpt lat="-31.983934" lon="152.549683">
  <ele>42.8</ele>
</wpt>
<wpt lat="-31.983973" lon="152.549868">
  <ele>43.4</ele>
</wpt>
<wpt lat="-31.984187" lon="152.550498">
  <ele>47.6</ele>
</wpt>
<wpt lat="-31.984338" lon="152.551109">
  <ele>51.0</ele>
</wpt>
<wpt lat="-31.984394" lon="152.551332">
  <ele>51.8</ele>
</wpt>
<wpt lat="-31.984587" lon="152.552054">
  <ele>52.5</ele>
</wpt>
<wpt lat="-31.98463" lon="152.552338">
  <ele>51.9</ele>
</wpt>
<wpt lat="-31.984639" lon="152.552697">
  <ele>50.4</ele>
</wpt>
<wpt lat="-31.984873" lon="152.553124">
  <ele>49.8</ele>
</wpt>
<wpt lat="-31.985072" lon="152.553727">
  <ele>49.8</ele>
</wpt>
<wpt lat="-31.985385" lon="152.554455">
  <ele>48.2</ele>
</wpt>
<wpt lat="-31.985668" lon="152.555145">
  <ele>47.0</ele>
</wpt>
<wpt lat="-31.985971" lon="152.555379">
  <ele>46.3</ele>
</wpt>
<wpt lat="-31.986211" lon="152.555662">
  <ele>45.6</ele>
</wpt>
<wpt lat="-31.986193" lon="152.555962">
  <ele>43.7</ele>
</wpt>
<wpt lat="-31.986029" lon="152.556349">
  <ele>41.4</ele>
</wpt>
<wpt lat="-31.985811" lon="152.557164">
  <ele>40.1</ele>
</wpt>
<wpt lat="-31.985957" lon="152.557851">
  <ele>39.7</ele>
</wpt>
<wpt lat="-31.986357" lon="152.558237">
  <ele>37.3</ele>
</wpt>
<wpt lat="-31.986757" lon="152.558623">
  <ele>36.0</ele>
</wpt>
<wpt lat="-31.987103" lon="152.559224">
  <ele>34.4</ele>
</wpt>
<wpt lat="-31.987303" lon="152.559911">
  <ele>33.0</ele>
</wpt>
<wpt lat="-31.987267" lon="152.560855">
  <ele>31.9</ele>
</wpt>
<wpt lat="-31.987226" lon="152.561176">
  <ele>30.5</ele>
</wpt>
<wpt lat="-31.987176" lon="152.561568">
  <ele>29.1</ele>
</wpt>
<wpt lat="-31.987681" lon="152.561697">
  <ele>27.1</ele>
</wpt>
<wpt lat="-31.988081" lon="152.561976">
  <ele>28.1</ele>
</wpt>
<wpt lat="-31.988353" lon="152.562277">
  <ele>27.0</ele>
</wpt>
<wpt lat="-31.988752" lon="152.562737">
  <ele>24.1</ele>
</wpt>
<wpt lat="-31.989268" lon="152.563426">
  <ele>18.1</ele>
</wpt>
<wpt lat="-31.989475" lon="152.563703">
  <ele>17.7</ele>
</wpt>
<wpt lat="-31.98946" lon="152.563723">
  <ele>17.4</ele>
</wpt>
<wpt lat="-31.989449" lon="152.563747">
  <ele>17.1</ele>
</wpt>
<wpt lat="-31.989443" lon="152.563774">
  <ele>16.8</ele>
</wpt>
<wpt lat="-31.989443" lon="152.563801">
  <ele>16.6</ele>
</wpt>
<wpt lat="-31.989448" lon="152.563828">
  <ele>16.5</ele>
</wpt>
<wpt lat="-31.989466" lon="152.563861">
  <ele>16.4</ele>
</wpt>
<wpt lat="-31.989475" lon="152.563876">
  <ele>16.4</ele>
</wpt>
<wpt lat="-31.989497" lon="152.563893">
  <ele>16.5</ele>
</wpt>
<wpt lat="-31.989522" lon="152.563903">
  <ele>16.8</ele>
</wpt>
<wpt lat="-31.989548" lon="152.563905">
  <ele>17.0</ele>
</wpt>
<wpt lat="-31.989574" lon="152.563899">
  <ele>17.3</ele>
</wpt>
<wpt lat="-31.989598" lon="152.563885">
  <ele>17.7</ele>
</wpt>
<wpt lat="-31.989885" lon="152.564341">
  <ele>18.1</ele>
</wpt>
<wpt lat="-31.990543" lon="152.565408">
  <ele>25.5</ele>
</wpt>
<wpt lat="-31.990807" lon="152.565848">
  <ele>22.2</ele>
</wpt>
<wpt lat="-31.990945" lon="152.566062">
  <ele>22.1</ele>
</wpt>
<wpt lat="-31.991076" lon="152.56625">
  <ele>22.7</ele>
</wpt>
<wpt lat="-31.99127" lon="152.566488">
  <ele>23.8</ele>
</wpt>
<wpt lat="-31.991434" lon="152.566636">
  <ele>24.0</ele>
</wpt>
<wpt lat="-31.991583" lon="152.56676">
  <ele>22.4</ele>
</wpt>
<wpt lat="-31.991835" lon="152.566969">
  <ele>20.9</ele>
</wpt>
<wpt lat="-31.991927" lon="152.56703">
  <ele>20.5</ele>
</wpt>
<wpt lat="-31.99219" lon="152.567233">
  <ele>18.4</ele>
</wpt>
<wpt lat="-31.992258" lon="152.567285">
  <ele>17.8</ele>
</wpt>
<wpt lat="-31.992835" lon="152.567728">
  <ele>12.6</ele>
</wpt>
<wpt lat="-31.992736" lon="152.567882">
  <ele>13.2</ele>
</wpt>
<wpt lat="-31.992595" lon="152.568147">
  <ele>13.4</ele>
</wpt>
<wpt lat="-31.992564" lon="152.568235">
  <ele>13.3</ele>
</wpt>
<wpt lat="-31.992547" lon="152.568327">
  <ele>13.0</ele>
</wpt>
<wpt lat="-31.992546" lon="152.568517">
  <ele>13.0</ele>
</wpt>
<wpt lat="-31.992612" lon="152.569058">
  <ele>13.0</ele>
</wpt>
<wpt lat="-31.992661" lon="152.569414">
  <ele>12.6</ele>
</wpt>
<wpt lat="-31.992898" lon="152.569381">
  <ele>13.3</ele>
</wpt>
<wpt lat="-31.993094" lon="152.569378">
  <ele>13.6</ele>
</wpt>
<wpt lat="-31.993235" lon="152.569397">
  <ele>13.2</ele>
</wpt>
<wpt lat="-31.993557" lon="152.569434">
  <ele>12.2</ele>
</wpt>
<wpt lat="-31.993556" lon="152.56944">
  <ele>12.2</ele>
</wpt>
</gpx>
