<?xml version="1.0" encoding="UTF-8"?>
<gpx creator="StravaGPX" xmlns:xsi="http://www.w3.org/2001/XMLSchema-instance" xsi:schemaLocation="http://www.topografix.com/GPX/1/1 http://www.topografix.com/GPX/1/1/gpx.xsd http://www.garmin.com/xmlschemas/GpxExtensions/v3 http://www.garmin.com/xmlschemas/GpxExtensionsv3.xsd http://www.garmin.com/xmlschemas/TrackPointExtension/v1 http://www.garmin.com/xmlschemas/TrackPointExtensionv1.xsd" version="1.1" xmlns="http://www.topografix.com/GPX/1/1" xmlns:gpxtpx="http://www.garmin.com/xmlschemas/TrackPointExtension/v1" xmlns:gpxx="http://www.garmin.com/xmlschemas/GpxExtensions/v3">
 <metadata>
  <time>2021-09-01T04:41:29Z</time>
 </metadata>
 <trk>
  <name>Maroota Secret Track</name>
  <type>18</type>
  <trkseg>
   <trkpt lat="-33.4657490" lon="151.0121360">
    <ele>3.6</ele>
    <time>2021-09-01T04:41:29Z</time>
    <extensions>
     <gpxtpx:TrackPointExtension>
      <gpxtpx:atemp>29</gpxtpx:atemp>
      <gpxtpx:hr>107</gpxtpx:hr>
     </gpxtpx:TrackPointExtension>
    </extensions>
   </trkpt>
   <trkpt lat="-33.4657490" lon="151.0121360">
    <ele>3.6</ele>
    <time>2021-09-01T04:41:36Z</time>
    <extensions>
     <gpxtpx:TrackPointExtension>
      <gpxtpx:atemp>29</gpxtpx:atemp>
      <gpxtpx:hr>104</gpxtpx:hr>
     </gpxtpx:TrackPointExtension>
    </extensions>
   </trkpt>
   <trkpt lat="-33.4657490" lon="151.0121360">
    <ele>3.2</ele>
    <time>2021-09-01T04:41:53Z</time>
    <extensions>
     <gpxtpx:TrackPointExtension>
      <gpxtpx:atemp>29</gpxtpx:atemp>
      <gpxtpx:hr>106</gpxtpx:hr>
     </gpxtpx:TrackPointExtension>
    </extensions>
   </trkpt>
   <trkpt lat="-33.4657480" lon="151.0121490">
    <ele>3.6</ele>
    <time>2021-09-01T04:42:05Z</time>
    <extensions>
     <gpxtpx:TrackPointExtension>
      <gpxtpx:atemp>30</gpxtpx:atemp>
      <gpxtpx:hr>108</gpxtpx:hr>
     </gpxtpx:TrackPointExtension>
    </extensions>
   </trkpt>
   <trkpt lat="-33.4657320" lon="151.0121960">
    <ele>3.8</ele>
    <time>2021-09-01T04:42:11Z</time>
    <extensions>
     <gpxtpx:TrackPointExtension>
      <gpxtpx:atemp>30</gpxtpx:atemp>
      <gpxtpx:hr>109</gpxtpx:hr>
     </gpxtpx:TrackPointExtension>
    </extensions>
   </trkpt>
   <trkpt lat="-33.4657090" lon="151.0122280">
    <ele>3.8</ele>
    <time>2021-09-01T04:42:13Z</time>
    <extensions>
     <gpxtpx:TrackPointExtension>
      <gpxtpx:atemp>30</gpxtpx:atemp>
      <gpxtpx:hr>109</gpxtpx:hr>
     </gpxtpx:TrackPointExtension>
    </extensions>
   </trkpt>
   <trkpt lat="-33.4656390" lon="151.0123280">
    <ele>3.8</ele>
    <time>2021-09-01T04:42:16Z</time>
    <extensions>
     <gpxtpx:TrackPointExtension>
      <gpxtpx:atemp>30</gpxtpx:atemp>
      <gpxtpx:hr>109</gpxtpx:hr>
     </gpxtpx:TrackPointExtension>
    </extensions>
   </trkpt>
   <trkpt lat="-33.4656160" lon="151.0124690">
    <ele>3.8</ele>
    <time>2021-09-01T04:42:19Z</time>
    <extensions>
     <gpxtpx:TrackPointExtension>
      <gpxtpx:atemp>30</gpxtpx:atemp>
      <gpxtpx:hr>112</gpxtpx:hr>
     </gpxtpx:TrackPointExtension>
    </extensions>
   </trkpt>
   <trkpt lat="-33.4656220" lon="151.0125220">
    <ele>3.6</ele>
    <time>2021-09-01T04:42:20Z</time>
    <extensions>
     <gpxtpx:TrackPointExtension>
      <gpxtpx:atemp>30</gpxtpx:atemp>
      <gpxtpx:hr>111</gpxtpx:hr>
     </gpxtpx:TrackPointExtension>
    </extensions>
   </trkpt>
   <trkpt lat="-33.4656260" lon="151.0126000">
    <ele>3.4</ele>
    <time>2021-09-01T04:42:22Z</time>
    <extensions>
     <gpxtpx:TrackPointExtension>
      <gpxtpx:atemp>30</gpxtpx:atemp>
      <gpxtpx:hr>112</gpxtpx:hr>
     </gpxtpx:TrackPointExtension>
    </extensions>
   </trkpt>
   <trkpt lat="-33.4656040" lon="151.0126410">
    <ele>3.4</ele>
    <time>2021-09-01T04:42:23Z</time>
    <extensions>
     <gpxtpx:TrackPointExtension>
      <gpxtpx:atemp>30</gpxtpx:atemp>
      <gpxtpx:hr>112</gpxtpx:hr>
     </gpxtpx:TrackPointExtension>
    </extensions>
   </trkpt>
   <trkpt lat="-33.4655360" lon="151.0127830">
    <ele>2.8</ele>
    <time>2021-09-01T04:42:27Z</time>
    <extensions>
     <gpxtpx:TrackPointExtension>
      <gpxtpx:atemp>30</gpxtpx:atemp>
      <gpxtpx:hr>113</gpxtpx:hr>
     </gpxtpx:TrackPointExtension>
    </extensions>
   </trkpt>
   <trkpt lat="-33.4655430" lon="151.0128310">
    <ele>2.6</ele>
    <time>2021-09-01T04:42:28Z</time>
    <extensions>
     <gpxtpx:TrackPointExtension>
      <gpxtpx:atemp>30</gpxtpx:atemp>
      <gpxtpx:hr>113</gpxtpx:hr>
     </gpxtpx:TrackPointExtension>
    </extensions>
   </trkpt>
   <trkpt lat="-33.4655640" lon="151.0129320">
    <ele>2.4</ele>
    <time>2021-09-01T04:42:30Z</time>
    <extensions>
     <gpxtpx:TrackPointExtension>
      <gpxtpx:atemp>30</gpxtpx:atemp>
      <gpxtpx:hr>113</gpxtpx:hr>
     </gpxtpx:TrackPointExtension>
    </extensions>
   </trkpt>
   <trkpt lat="-33.4656060" lon="151.0130100">
    <ele>1.8</ele>
    <time>2021-09-01T04:42:32Z</time>
    <extensions>
     <gpxtpx:TrackPointExtension>
      <gpxtpx:atemp>30</gpxtpx:atemp>
      <gpxtpx:hr>112</gpxtpx:hr>
     </gpxtpx:TrackPointExtension>
    </extensions>
   </trkpt>
   <trkpt lat="-33.4656220" lon="151.0130380">
    <ele>1.4</ele>
    <time>2021-09-01T04:42:33Z</time>
    <extensions>
     <gpxtpx:TrackPointExtension>
      <gpxtpx:atemp>30</gpxtpx:atemp>
      <gpxtpx:hr>111</gpxtpx:hr>
     </gpxtpx:TrackPointExtension>
    </extensions>
   </trkpt>
   <trkpt lat="-33.4656290" lon="151.0130590">
    <ele>2.8</ele>
    <time>2021-09-01T04:42:34Z</time>
    <extensions>
     <gpxtpx:TrackPointExtension>
      <gpxtpx:atemp>30</gpxtpx:atemp>
      <gpxtpx:hr>114</gpxtpx:hr>
     </gpxtpx:TrackPointExtension>
    </extensions>
   </trkpt>
   <trkpt lat="-33.4656250" lon="151.0130830">
    <ele>2.8</ele>
    <time>2021-09-01T04:42:35Z</time>
    <extensions>
     <gpxtpx:TrackPointExtension>
      <gpxtpx:atemp>30</gpxtpx:atemp>
      <gpxtpx:hr>117</gpxtpx:hr>
     </gpxtpx:TrackPointExtension>
    </extensions>
   </trkpt>
   <trkpt lat="-33.4656140" lon="151.0131180">
    <ele>2.8</ele>
    <time>2021-09-01T04:42:36Z</time>
    <extensions>
     <gpxtpx:TrackPointExtension>
      <gpxtpx:atemp>30</gpxtpx:atemp>
      <gpxtpx:hr>121</gpxtpx:hr>
     </gpxtpx:TrackPointExtension>
    </extensions>
   </trkpt>
   <trkpt lat="-33.4656040" lon="151.0131640">
    <ele>2.8</ele>
    <time>2021-09-01T04:42:37Z</time>
    <extensions>
     <gpxtpx:TrackPointExtension>
      <gpxtpx:atemp>30</gpxtpx:atemp>
      <gpxtpx:hr>125</gpxtpx:hr>
     </gpxtpx:TrackPointExtension>
    </extensions>
   </trkpt>
   <trkpt lat="-33.4656010" lon="151.0132540">
    <ele>2.8</ele>
    <time>2021-09-01T04:42:39Z</time>
    <extensions>
     <gpxtpx:TrackPointExtension>
      <gpxtpx:atemp>30</gpxtpx:atemp>
      <gpxtpx:hr>129</gpxtpx:hr>
     </gpxtpx:TrackPointExtension>
    </extensions>
   </trkpt>
   <trkpt lat="-33.4656030" lon="151.0132800">
    <ele>3.0</ele>
    <time>2021-09-01T04:42:40Z</time>
    <extensions>
     <gpxtpx:TrackPointExtension>
      <gpxtpx:atemp>30</gpxtpx:atemp>
      <gpxtpx:hr>133</gpxtpx:hr>
     </gpxtpx:TrackPointExtension>
    </extensions>
   </trkpt>
   <trkpt lat="-33.4656020" lon="151.0133020">
    <ele>3.2</ele>
    <time>2021-09-01T04:42:41Z</time>
    <extensions>
     <gpxtpx:TrackPointExtension>
      <gpxtpx:atemp>30</gpxtpx:atemp>
      <gpxtpx:hr>133</gpxtpx:hr>
     </gpxtpx:TrackPointExtension>
    </extensions>
   </trkpt>
   <trkpt lat="-33.4655980" lon="151.0133170">
    <ele>3.6</ele>
    <time>2021-09-01T04:42:42Z</time>
    <extensions>
     <gpxtpx:TrackPointExtension>
      <gpxtpx:atemp>30</gpxtpx:atemp>
      <gpxtpx:hr>136</gpxtpx:hr>
     </gpxtpx:TrackPointExtension>
    </extensions>
   </trkpt>
   <trkpt lat="-33.4655930" lon="151.0133300">
    <ele>3.8</ele>
    <time>2021-09-01T04:42:43Z</time>
    <extensions>
     <gpxtpx:TrackPointExtension>
      <gpxtpx:atemp>30</gpxtpx:atemp>
      <gpxtpx:hr>137</gpxtpx:hr>
     </gpxtpx:TrackPointExtension>
    </extensions>
   </trkpt>
   <trkpt lat="-33.4655920" lon="151.0133660">
    <ele>4.4</ele>
    <time>2021-09-01T04:42:46Z</time>
    <extensions>
     <gpxtpx:TrackPointExtension>
      <gpxtpx:atemp>30</gpxtpx:atemp>
      <gpxtpx:hr>138</gpxtpx:hr>
     </gpxtpx:TrackPointExtension>
    </extensions>
   </trkpt>
   <trkpt lat="-33.4656040" lon="151.0134200">
    <ele>5.0</ele>
    <time>2021-09-01T04:42:48Z</time>
    <extensions>
     <gpxtpx:TrackPointExtension>
      <gpxtpx:atemp>30</gpxtpx:atemp>
      <gpxtpx:hr>140</gpxtpx:hr>
     </gpxtpx:TrackPointExtension>
    </extensions>
   </trkpt>
   <trkpt lat="-33.4656140" lon="151.0134750">
    <ele>5.8</ele>
    <time>2021-09-01T04:42:50Z</time>
    <extensions>
     <gpxtpx:TrackPointExtension>
      <gpxtpx:atemp>30</gpxtpx:atemp>
      <gpxtpx:hr>143</gpxtpx:hr>
     </gpxtpx:TrackPointExtension>
    </extensions>
   </trkpt>
   <trkpt lat="-33.4656110" lon="151.0135020">
    <ele>6.2</ele>
    <time>2021-09-01T04:42:51Z</time>
    <extensions>
     <gpxtpx:TrackPointExtension>
      <gpxtpx:atemp>30</gpxtpx:atemp>
      <gpxtpx:hr>145</gpxtpx:hr>
     </gpxtpx:TrackPointExtension>
    </extensions>
   </trkpt>
   <trkpt lat="-33.4656060" lon="151.0135590">
    <ele>7.6</ele>
    <time>2021-09-01T04:42:53Z</time>
    <extensions>
     <gpxtpx:TrackPointExtension>
      <gpxtpx:atemp>30</gpxtpx:atemp>
      <gpxtpx:hr>145</gpxtpx:hr>
     </gpxtpx:TrackPointExtension>
    </extensions>
   </trkpt>
   <trkpt lat="-33.4655600" lon="151.0136980">
    <ele>7.8</ele>
    <time>2021-09-01T04:42:57Z</time>
    <extensions>
     <gpxtpx:TrackPointExtension>
      <gpxtpx:atemp>30</gpxtpx:atemp>
      <gpxtpx:hr>148</gpxtpx:hr>
     </gpxtpx:TrackPointExtension>
    </extensions>
   </trkpt>
   <trkpt lat="-33.4655140" lon="151.0137690">
    <ele>7.6</ele>
    <time>2021-09-01T04:42:59Z</time>
    <extensions>
     <gpxtpx:TrackPointExtension>
      <gpxtpx:atemp>30</gpxtpx:atemp>
      <gpxtpx:hr>149</gpxtpx:hr>
     </gpxtpx:TrackPointExtension>
    </extensions>
   </trkpt>
   <trkpt lat="-33.4654540" lon="151.0138360">
    <ele>7.2</ele>
    <time>2021-09-01T04:43:01Z</time>
    <extensions>
     <gpxtpx:TrackPointExtension>
      <gpxtpx:atemp>30</gpxtpx:atemp>
      <gpxtpx:hr>149</gpxtpx:hr>
     </gpxtpx:TrackPointExtension>
    </extensions>
   </trkpt>
   <trkpt lat="-33.4654340" lon="151.0139490">
    <ele>6.4</ele>
    <time>2021-09-01T04:43:04Z</time>
    <extensions>
     <gpxtpx:TrackPointExtension>
      <gpxtpx:atemp>30</gpxtpx:atemp>
      <gpxtpx:hr>148</gpxtpx:hr>
     </gpxtpx:TrackPointExtension>
    </extensions>
   </trkpt>
   <trkpt lat="-33.4654390" lon="151.0139830">
    <ele>5.8</ele>
    <time>2021-09-01T04:43:05Z</time>
    <extensions>
     <gpxtpx:TrackPointExtension>
      <gpxtpx:atemp>30</gpxtpx:atemp>
      <gpxtpx:hr>149</gpxtpx:hr>
     </gpxtpx:TrackPointExtension>
    </extensions>
   </trkpt>
   <trkpt lat="-33.4654490" lon="151.0140160">
    <ele>5.0</ele>
    <time>2021-09-01T04:43:06Z</time>
    <extensions>
     <gpxtpx:TrackPointExtension>
      <gpxtpx:atemp>30</gpxtpx:atemp>
      <gpxtpx:hr>150</gpxtpx:hr>
     </gpxtpx:TrackPointExtension>
    </extensions>
   </trkpt>
   <trkpt lat="-33.4654740" lon="151.0140920">
    <ele>3.8</ele>
    <time>2021-09-01T04:43:08Z</time>
    <extensions>
     <gpxtpx:TrackPointExtension>
      <gpxtpx:atemp>30</gpxtpx:atemp>
      <gpxtpx:hr>151</gpxtpx:hr>
     </gpxtpx:TrackPointExtension>
    </extensions>
   </trkpt>
   <trkpt lat="-33.4654860" lon="151.0141290">
    <ele>1.8</ele>
    <time>2021-09-01T04:43:09Z</time>
    <extensions>
     <gpxtpx:TrackPointExtension>
      <gpxtpx:atemp>30</gpxtpx:atemp>
      <gpxtpx:hr>151</gpxtpx:hr>
     </gpxtpx:TrackPointExtension>
    </extensions>
   </trkpt>
   <trkpt lat="-33.4654980" lon="151.0141690">
    <ele>0.8</ele>
    <time>2021-09-01T04:43:10Z</time>
    <extensions>
     <gpxtpx:TrackPointExtension>
      <gpxtpx:atemp>30</gpxtpx:atemp>
      <gpxtpx:hr>152</gpxtpx:hr>
     </gpxtpx:TrackPointExtension>
    </extensions>
   </trkpt>
   <trkpt lat="-33.4655300" lon="151.0142440">
    <ele>-0.6</ele>
    <time>2021-09-01T04:43:12Z</time>
    <extensions>
     <gpxtpx:TrackPointExtension>
      <gpxtpx:atemp>30</gpxtpx:atemp>
      <gpxtpx:hr>150</gpxtpx:hr>
     </gpxtpx:TrackPointExtension>
    </extensions>
   </trkpt>
   <trkpt lat="-33.4655400" lon="151.0142900">
    <ele>-1.8</ele>
    <time>2021-09-01T04:43:13Z</time>
    <extensions>
     <gpxtpx:TrackPointExtension>
      <gpxtpx:atemp>30</gpxtpx:atemp>
      <gpxtpx:hr>151</gpxtpx:hr>
     </gpxtpx:TrackPointExtension>
    </extensions>
   </trkpt>
   <trkpt lat="-33.4655420" lon="151.0143370">
    <ele>-2.8</ele>
    <time>2021-09-01T04:43:14Z</time>
    <extensions>
     <gpxtpx:TrackPointExtension>
      <gpxtpx:atemp>30</gpxtpx:atemp>
      <gpxtpx:hr>153</gpxtpx:hr>
     </gpxtpx:TrackPointExtension>
    </extensions>
   </trkpt>
   <trkpt lat="-33.4655240" lon="151.0144140">
    <ele>-4.2</ele>
    <time>2021-09-01T04:43:16Z</time>
    <extensions>
     <gpxtpx:TrackPointExtension>
      <gpxtpx:atemp>30</gpxtpx:atemp>
      <gpxtpx:hr>151</gpxtpx:hr>
     </gpxtpx:TrackPointExtension>
    </extensions>
   </trkpt>
   <trkpt lat="-33.4655010" lon="151.0144770">
    <ele>-5.0</ele>
    <time>2021-09-01T04:43:18Z</time>
    <extensions>
     <gpxtpx:TrackPointExtension>
      <gpxtpx:atemp>30</gpxtpx:atemp>
      <gpxtpx:hr>152</gpxtpx:hr>
     </gpxtpx:TrackPointExtension>
    </extensions>
   </trkpt>
   <trkpt lat="-33.4654960" lon="151.0145480">
    <ele>-5.2</ele>
    <time>2021-09-01T04:43:20Z</time>
    <extensions>
     <gpxtpx:TrackPointExtension>
      <gpxtpx:atemp>30</gpxtpx:atemp>
      <gpxtpx:hr>151</gpxtpx:hr>
     </gpxtpx:TrackPointExtension>
    </extensions>
   </trkpt>
   <trkpt lat="-33.4654970" lon="151.0146150">
    <ele>-6.0</ele>
    <time>2021-09-01T04:43:22Z</time>
    <extensions>
     <gpxtpx:TrackPointExtension>
      <gpxtpx:atemp>30</gpxtpx:atemp>
      <gpxtpx:hr>151</gpxtpx:hr>
     </gpxtpx:TrackPointExtension>
    </extensions>
   </trkpt>
   <trkpt lat="-33.4654940" lon="151.0146390">
    <ele>-6.6</ele>
    <time>2021-09-01T04:43:23Z</time>
    <extensions>
     <gpxtpx:TrackPointExtension>
      <gpxtpx:atemp>30</gpxtpx:atemp>
      <gpxtpx:hr>150</gpxtpx:hr>
     </gpxtpx:TrackPointExtension>
    </extensions>
   </trkpt>
   <trkpt lat="-33.4654820" lon="151.0146980">
    <ele>-7.6</ele>
    <time>2021-09-01T04:43:25Z</time>
    <extensions>
     <gpxtpx:TrackPointExtension>
      <gpxtpx:atemp>30</gpxtpx:atemp>
      <gpxtpx:hr>152</gpxtpx:hr>
     </gpxtpx:TrackPointExtension>
    </extensions>
   </trkpt>
   <trkpt lat="-33.4654480" lon="151.0147450">
    <ele>-8.0</ele>
    <time>2021-09-01T04:43:27Z</time>
    <extensions>
     <gpxtpx:TrackPointExtension>
      <gpxtpx:atemp>30</gpxtpx:atemp>
      <gpxtpx:hr>152</gpxtpx:hr>
     </gpxtpx:TrackPointExtension>
    </extensions>
   </trkpt>
   <trkpt lat="-33.4654000" lon="151.0147980">
    <ele>-6.4</ele>
    <time>2021-09-01T04:43:31Z</time>
    <extensions>
     <gpxtpx:TrackPointExtension>
      <gpxtpx:atemp>30</gpxtpx:atemp>
      <gpxtpx:hr>150</gpxtpx:hr>
     </gpxtpx:TrackPointExtension>
    </extensions>
   </trkpt>
   <trkpt lat="-33.4653930" lon="151.0148330">
    <ele>-5.6</ele>
    <time>2021-09-01T04:43:33Z</time>
    <extensions>
     <gpxtpx:TrackPointExtension>
      <gpxtpx:atemp>30</gpxtpx:atemp>
      <gpxtpx:hr>148</gpxtpx:hr>
     </gpxtpx:TrackPointExtension>
    </extensions>
   </trkpt>
   <trkpt lat="-33.4653870" lon="151.0148610">
    <ele>-5.0</ele>
    <time>2021-09-01T04:43:34Z</time>
    <extensions>
     <gpxtpx:TrackPointExtension>
      <gpxtpx:atemp>30</gpxtpx:atemp>
      <gpxtpx:hr>148</gpxtpx:hr>
     </gpxtpx:TrackPointExtension>
    </extensions>
   </trkpt>
   <trkpt lat="-33.4653950" lon="151.0148820">
    <ele>-4.8</ele>
    <time>2021-09-01T04:43:35Z</time>
    <extensions>
     <gpxtpx:TrackPointExtension>
      <gpxtpx:atemp>30</gpxtpx:atemp>
      <gpxtpx:hr>148</gpxtpx:hr>
     </gpxtpx:TrackPointExtension>
    </extensions>
   </trkpt>
   <trkpt lat="-33.4654190" lon="151.0149440">
    <ele>-4.2</ele>
    <time>2021-09-01T04:43:38Z</time>
    <extensions>
     <gpxtpx:TrackPointExtension>
      <gpxtpx:atemp>30</gpxtpx:atemp>
      <gpxtpx:hr>145</gpxtpx:hr>
     </gpxtpx:TrackPointExtension>
    </extensions>
   </trkpt>
   <trkpt lat="-33.4654280" lon="151.0149810">
    <ele>-4.0</ele>
    <time>2021-09-01T04:43:39Z</time>
    <extensions>
     <gpxtpx:TrackPointExtension>
      <gpxtpx:atemp>30</gpxtpx:atemp>
      <gpxtpx:hr>146</gpxtpx:hr>
     </gpxtpx:TrackPointExtension>
    </extensions>
   </trkpt>
   <trkpt lat="-33.4654510" lon="151.0150050">
    <ele>-3.8</ele>
    <time>2021-09-01T04:43:40Z</time>
    <extensions>
     <gpxtpx:TrackPointExtension>
      <gpxtpx:atemp>30</gpxtpx:atemp>
      <gpxtpx:hr>145</gpxtpx:hr>
     </gpxtpx:TrackPointExtension>
    </extensions>
   </trkpt>
   <trkpt lat="-33.4654800" lon="151.0151420">
    <ele>-3.4</ele>
    <time>2021-09-01T04:43:44Z</time>
    <extensions>
     <gpxtpx:TrackPointExtension>
      <gpxtpx:atemp>29</gpxtpx:atemp>
      <gpxtpx:hr>144</gpxtpx:hr>
     </gpxtpx:TrackPointExtension>
    </extensions>
   </trkpt>
   <trkpt lat="-33.4654930" lon="151.0152420">
    <ele>-2.6</ele>
    <time>2021-09-01T04:43:47Z</time>
    <extensions>
     <gpxtpx:TrackPointExtension>
      <gpxtpx:atemp>29</gpxtpx:atemp>
      <gpxtpx:hr>142</gpxtpx:hr>
     </gpxtpx:TrackPointExtension>
    </extensions>
   </trkpt>
   <trkpt lat="-33.4654870" lon="151.0152830">
    <ele>-2.2</ele>
    <time>2021-09-01T04:43:48Z</time>
    <extensions>
     <gpxtpx:TrackPointExtension>
      <gpxtpx:atemp>29</gpxtpx:atemp>
      <gpxtpx:hr>142</gpxtpx:hr>
     </gpxtpx:TrackPointExtension>
    </extensions>
   </trkpt>
   <trkpt lat="-33.4654360" lon="151.0154140">
    <ele>-1.6</ele>
    <time>2021-09-01T04:43:51Z</time>
    <extensions>
     <gpxtpx:TrackPointExtension>
      <gpxtpx:atemp>29</gpxtpx:atemp>
      <gpxtpx:hr>141</gpxtpx:hr>
     </gpxtpx:TrackPointExtension>
    </extensions>
   </trkpt>
   <trkpt lat="-33.4654330" lon="151.0154630">
    <ele>-1.4</ele>
    <time>2021-09-01T04:43:52Z</time>
    <extensions>
     <gpxtpx:TrackPointExtension>
      <gpxtpx:atemp>29</gpxtpx:atemp>
      <gpxtpx:hr>140</gpxtpx:hr>
     </gpxtpx:TrackPointExtension>
    </extensions>
   </trkpt>
   <trkpt lat="-33.4654240" lon="151.0156040">
    <ele>-1.2</ele>
    <time>2021-09-01T04:43:55Z</time>
    <extensions>
     <gpxtpx:TrackPointExtension>
      <gpxtpx:atemp>29</gpxtpx:atemp>
      <gpxtpx:hr>140</gpxtpx:hr>
     </gpxtpx:TrackPointExtension>
    </extensions>
   </trkpt>
   <trkpt lat="-33.4654260" lon="151.0156560">
    <ele>-1.0</ele>
    <time>2021-09-01T04:43:56Z</time>
    <extensions>
     <gpxtpx:TrackPointExtension>
      <gpxtpx:atemp>29</gpxtpx:atemp>
      <gpxtpx:hr>140</gpxtpx:hr>
     </gpxtpx:TrackPointExtension>
    </extensions>
   </trkpt>
   <trkpt lat="-33.4654460" lon="151.0157520">
    <ele>-1.0</ele>
    <time>2021-09-01T04:43:58Z</time>
    <extensions>
     <gpxtpx:TrackPointExtension>
      <gpxtpx:atemp>29</gpxtpx:atemp>
      <gpxtpx:hr>136</gpxtpx:hr>
     </gpxtpx:TrackPointExtension>
    </extensions>
   </trkpt>
   <trkpt lat="-33.4654450" lon="151.0157980">
    <ele>-1.0</ele>
    <time>2021-09-01T04:43:59Z</time>
    <extensions>
     <gpxtpx:TrackPointExtension>
      <gpxtpx:atemp>29</gpxtpx:atemp>
      <gpxtpx:hr>137</gpxtpx:hr>
     </gpxtpx:TrackPointExtension>
    </extensions>
   </trkpt>
   <trkpt lat="-33.4653950" lon="151.0159840">
    <ele>-0.6</ele>
    <time>2021-09-01T04:44:03Z</time>
    <extensions>
     <gpxtpx:TrackPointExtension>
      <gpxtpx:atemp>29</gpxtpx:atemp>
      <gpxtpx:hr>136</gpxtpx:hr>
     </gpxtpx:TrackPointExtension>
    </extensions>
   </trkpt>
   <trkpt lat="-33.4653800" lon="151.0160320">
    <ele>-0.2</ele>
    <time>2021-09-01T04:44:04Z</time>
    <extensions>
     <gpxtpx:TrackPointExtension>
      <gpxtpx:atemp>29</gpxtpx:atemp>
      <gpxtpx:hr>135</gpxtpx:hr>
     </gpxtpx:TrackPointExtension>
    </extensions>
   </trkpt>
   <trkpt lat="-33.4653000" lon="151.0161610">
    <ele>0.2</ele>
    <time>2021-09-01T04:44:07Z</time>
    <extensions>
     <gpxtpx:TrackPointExtension>
      <gpxtpx:atemp>29</gpxtpx:atemp>
      <gpxtpx:hr>135</gpxtpx:hr>
     </gpxtpx:TrackPointExtension>
    </extensions>
   </trkpt>
   <trkpt lat="-33.4652290" lon="151.0162170">
    <ele>0.4</ele>
    <time>2021-09-01T04:44:09Z</time>
    <extensions>
     <gpxtpx:TrackPointExtension>
      <gpxtpx:atemp>29</gpxtpx:atemp>
      <gpxtpx:hr>132</gpxtpx:hr>
     </gpxtpx:TrackPointExtension>
    </extensions>
   </trkpt>
   <trkpt lat="-33.4651400" lon="151.0163270">
    <ele>0.6</ele>
    <time>2021-09-01T04:44:12Z</time>
    <extensions>
     <gpxtpx:TrackPointExtension>
      <gpxtpx:atemp>29</gpxtpx:atemp>
      <gpxtpx:hr>128</gpxtpx:hr>
     </gpxtpx:TrackPointExtension>
    </extensions>
   </trkpt>
   <trkpt lat="-33.4650650" lon="151.0164300">
    <ele>0.2</ele>
    <time>2021-09-01T04:44:15Z</time>
    <extensions>
     <gpxtpx:TrackPointExtension>
      <gpxtpx:atemp>29</gpxtpx:atemp>
      <gpxtpx:hr>125</gpxtpx:hr>
     </gpxtpx:TrackPointExtension>
    </extensions>
   </trkpt>
   <trkpt lat="-33.4650520" lon="151.0164470">
    <ele>-0.2</ele>
    <time>2021-09-01T04:44:16Z</time>
    <extensions>
     <gpxtpx:TrackPointExtension>
      <gpxtpx:atemp>29</gpxtpx:atemp>
      <gpxtpx:hr>125</gpxtpx:hr>
     </gpxtpx:TrackPointExtension>
    </extensions>
   </trkpt>
   <trkpt lat="-33.4650270" lon="151.0164800">
    <ele>-1.6</ele>
    <time>2021-09-01T04:44:19Z</time>
    <extensions>
     <gpxtpx:TrackPointExtension>
      <gpxtpx:atemp>29</gpxtpx:atemp>
      <gpxtpx:hr>124</gpxtpx:hr>
     </gpxtpx:TrackPointExtension>
    </extensions>
   </trkpt>
   <trkpt lat="-33.4650070" lon="151.0164980">
    <ele>-1.8</ele>
    <time>2021-09-01T04:44:20Z</time>
    <extensions>
     <gpxtpx:TrackPointExtension>
      <gpxtpx:atemp>29</gpxtpx:atemp>
      <gpxtpx:hr>123</gpxtpx:hr>
     </gpxtpx:TrackPointExtension>
    </extensions>
   </trkpt>
   <trkpt lat="-33.4649470" lon="151.0165340">
    <ele>-1.4</ele>
    <time>2021-09-01T04:44:24Z</time>
    <extensions>
     <gpxtpx:TrackPointExtension>
      <gpxtpx:atemp>29</gpxtpx:atemp>
      <gpxtpx:hr>121</gpxtpx:hr>
     </gpxtpx:TrackPointExtension>
    </extensions>
   </trkpt>
   <trkpt lat="-33.4649220" lon="151.0165400">
    <ele>-1.4</ele>
    <time>2021-09-01T04:44:25Z</time>
    <extensions>
     <gpxtpx:TrackPointExtension>
      <gpxtpx:atemp>29</gpxtpx:atemp>
      <gpxtpx:hr>120</gpxtpx:hr>
     </gpxtpx:TrackPointExtension>
    </extensions>
   </trkpt>
   <trkpt lat="-33.4648500" lon="151.0165610">
    <ele>-0.4</ele>
    <time>2021-09-01T04:44:29Z</time>
    <extensions>
     <gpxtpx:TrackPointExtension>
      <gpxtpx:atemp>29</gpxtpx:atemp>
      <gpxtpx:hr>120</gpxtpx:hr>
     </gpxtpx:TrackPointExtension>
    </extensions>
   </trkpt>
   <trkpt lat="-33.4648270" lon="151.0165900">
    <ele>-0.4</ele>
    <time>2021-09-01T04:44:37Z</time>
    <extensions>
     <gpxtpx:TrackPointExtension>
      <gpxtpx:atemp>29</gpxtpx:atemp>
      <gpxtpx:hr>117</gpxtpx:hr>
     </gpxtpx:TrackPointExtension>
    </extensions>
   </trkpt>
   <trkpt lat="-33.4648170" lon="151.0166090">
    <ele>-1.0</ele>
    <time>2021-09-01T04:44:43Z</time>
    <extensions>
     <gpxtpx:TrackPointExtension>
      <gpxtpx:atemp>29</gpxtpx:atemp>
      <gpxtpx:hr>114</gpxtpx:hr>
     </gpxtpx:TrackPointExtension>
    </extensions>
   </trkpt>
   <trkpt lat="-33.4648170" lon="151.0166090">
    <ele>-1.0</ele>
    <time>2021-09-01T04:44:45Z</time>
    <extensions>
     <gpxtpx:TrackPointExtension>
      <gpxtpx:atemp>29</gpxtpx:atemp>
      <gpxtpx:hr>117</gpxtpx:hr>
     </gpxtpx:TrackPointExtension>
    </extensions>
   </trkpt>
   <trkpt lat="-33.4648180" lon="151.0166100">
    <ele>-0.8</ele>
    <time>2021-09-01T04:44:47Z</time>
    <extensions>
     <gpxtpx:TrackPointExtension>
      <gpxtpx:atemp>29</gpxtpx:atemp>
      <gpxtpx:hr>117</gpxtpx:hr>
     </gpxtpx:TrackPointExtension>
    </extensions>
   </trkpt>
   <trkpt lat="-33.4648180" lon="151.0166100">
    <ele>-1.0</ele>
    <time>2021-09-01T04:44:48Z</time>
    <extensions>
     <gpxtpx:TrackPointExtension>
      <gpxtpx:atemp>29</gpxtpx:atemp>
      <gpxtpx:hr>112</gpxtpx:hr>
     </gpxtpx:TrackPointExtension>
    </extensions>
   </trkpt>
   <trkpt lat="-33.4648180" lon="151.0166100">
    <ele>-0.8</ele>
    <time>2021-09-01T04:44:49Z</time>
    <extensions>
     <gpxtpx:TrackPointExtension>
      <gpxtpx:atemp>29</gpxtpx:atemp>
      <gpxtpx:hr>113</gpxtpx:hr>
     </gpxtpx:TrackPointExtension>
    </extensions>
   </trkpt>
   <trkpt lat="-33.4648170" lon="151.0166100">
    <ele>-0.6</ele>
    <time>2021-09-01T04:44:53Z</time>
    <extensions>
     <gpxtpx:TrackPointExtension>
      <gpxtpx:atemp>29</gpxtpx:atemp>
      <gpxtpx:hr>110</gpxtpx:hr>
     </gpxtpx:TrackPointExtension>
    </extensions>
   </trkpt>
   <trkpt lat="-33.4648180" lon="151.0166100">
    <ele>-0.6</ele>
    <time>2021-09-01T04:44:55Z</time>
    <extensions>
     <gpxtpx:TrackPointExtension>
      <gpxtpx:atemp>29</gpxtpx:atemp>
      <gpxtpx:hr>107</gpxtpx:hr>
     </gpxtpx:TrackPointExtension>
    </extensions>
   </trkpt>
   <trkpt lat="-33.4648180" lon="151.0166100">
    <ele>-0.8</ele>
    <time>2021-09-01T04:45:00Z</time>
    <extensions>
     <gpxtpx:TrackPointExtension>
      <gpxtpx:atemp>29</gpxtpx:atemp>
      <gpxtpx:hr>106</gpxtpx:hr>
     </gpxtpx:TrackPointExtension>
    </extensions>
   </trkpt>
   <trkpt lat="-33.4648160" lon="151.0166190">
    <ele>-0.8</ele>
    <time>2021-09-01T04:45:10Z</time>
    <extensions>
     <gpxtpx:TrackPointExtension>
      <gpxtpx:atemp>29</gpxtpx:atemp>
      <gpxtpx:hr>107</gpxtpx:hr>
     </gpxtpx:TrackPointExtension>
    </extensions>
   </trkpt>
   <trkpt lat="-33.4647950" lon="151.0166100">
    <ele>-1.0</ele>
    <time>2021-09-01T04:45:14Z</time>
    <extensions>
     <gpxtpx:TrackPointExtension>
      <gpxtpx:atemp>29</gpxtpx:atemp>
      <gpxtpx:hr>109</gpxtpx:hr>
     </gpxtpx:TrackPointExtension>
    </extensions>
   </trkpt>
   <trkpt lat="-33.4647720" lon="151.0166080">
    <ele>-1.0</ele>
    <time>2021-09-01T04:45:15Z</time>
    <extensions>
     <gpxtpx:TrackPointExtension>
      <gpxtpx:atemp>29</gpxtpx:atemp>
      <gpxtpx:hr>109</gpxtpx:hr>
     </gpxtpx:TrackPointExtension>
    </extensions>
   </trkpt>
   <trkpt lat="-33.4647170" lon="151.0166160">
    <ele>-1.6</ele>
    <time>2021-09-01T04:45:17Z</time>
    <extensions>
     <gpxtpx:TrackPointExtension>
      <gpxtpx:atemp>29</gpxtpx:atemp>
      <gpxtpx:hr>108</gpxtpx:hr>
     </gpxtpx:TrackPointExtension>
    </extensions>
   </trkpt>
   <trkpt lat="-33.4646640" lon="151.0166250">
    <ele>-3.2</ele>
    <time>2021-09-01T04:45:19Z</time>
    <extensions>
     <gpxtpx:TrackPointExtension>
      <gpxtpx:atemp>29</gpxtpx:atemp>
      <gpxtpx:hr>108</gpxtpx:hr>
     </gpxtpx:TrackPointExtension>
    </extensions>
   </trkpt>
   <trkpt lat="-33.4646420" lon="151.0166360">
    <ele>-3.8</ele>
    <time>2021-09-01T04:45:20Z</time>
    <extensions>
     <gpxtpx:TrackPointExtension>
      <gpxtpx:atemp>29</gpxtpx:atemp>
      <gpxtpx:hr>108</gpxtpx:hr>
     </gpxtpx:TrackPointExtension>
    </extensions>
   </trkpt>
   <trkpt lat="-33.4646000" lon="151.0166450">
    <ele>-4.4</ele>
    <time>2021-09-01T04:45:22Z</time>
    <extensions>
     <gpxtpx:TrackPointExtension>
      <gpxtpx:atemp>29</gpxtpx:atemp>
      <gpxtpx:hr>108</gpxtpx:hr>
     </gpxtpx:TrackPointExtension>
    </extensions>
   </trkpt>
   <trkpt lat="-33.4645850" lon="151.0166370">
    <ele>-4.4</ele>
    <time>2021-09-01T04:45:23Z</time>
    <extensions>
     <gpxtpx:TrackPointExtension>
      <gpxtpx:atemp>29</gpxtpx:atemp>
      <gpxtpx:hr>108</gpxtpx:hr>
     </gpxtpx:TrackPointExtension>
    </extensions>
   </trkpt>
   <trkpt lat="-33.4645720" lon="151.0166210">
    <ele>-4.6</ele>
    <time>2021-09-01T04:45:24Z</time>
    <extensions>
     <gpxtpx:TrackPointExtension>
      <gpxtpx:atemp>29</gpxtpx:atemp>
      <gpxtpx:hr>108</gpxtpx:hr>
     </gpxtpx:TrackPointExtension>
    </extensions>
   </trkpt>
   <trkpt lat="-33.4645530" lon="151.0165880">
    <ele>-4.4</ele>
    <time>2021-09-01T04:45:26Z</time>
    <extensions>
     <gpxtpx:TrackPointExtension>
      <gpxtpx:atemp>29</gpxtpx:atemp>
      <gpxtpx:hr>110</gpxtpx:hr>
     </gpxtpx:TrackPointExtension>
    </extensions>
   </trkpt>
   <trkpt lat="-33.4645500" lon="151.0165740">
    <ele>-4.2</ele>
    <time>2021-09-01T04:45:27Z</time>
    <extensions>
     <gpxtpx:TrackPointExtension>
      <gpxtpx:atemp>29</gpxtpx:atemp>
      <gpxtpx:hr>115</gpxtpx:hr>
     </gpxtpx:TrackPointExtension>
    </extensions>
   </trkpt>
   <trkpt lat="-33.4645460" lon="151.0165670">
    <ele>-3.6</ele>
    <time>2021-09-01T04:45:28Z</time>
    <extensions>
     <gpxtpx:TrackPointExtension>
      <gpxtpx:atemp>29</gpxtpx:atemp>
      <gpxtpx:hr>119</gpxtpx:hr>
     </gpxtpx:TrackPointExtension>
    </extensions>
   </trkpt>
   <trkpt lat="-33.4645460" lon="151.0165660">
    <ele>-3.2</ele>
    <time>2021-09-01T04:45:29Z</time>
    <extensions>
     <gpxtpx:TrackPointExtension>
      <gpxtpx:atemp>29</gpxtpx:atemp>
      <gpxtpx:hr>122</gpxtpx:hr>
     </gpxtpx:TrackPointExtension>
    </extensions>
   </trkpt>
   <trkpt lat="-33.4645460" lon="151.0165670">
    <ele>-3.0</ele>
    <time>2021-09-01T04:45:30Z</time>
    <extensions>
     <gpxtpx:TrackPointExtension>
      <gpxtpx:atemp>29</gpxtpx:atemp>
      <gpxtpx:hr>125</gpxtpx:hr>
     </gpxtpx:TrackPointExtension>
    </extensions>
   </trkpt>
   <trkpt lat="-33.4645420" lon="151.0166090">
    <ele>-2.6</ele>
    <time>2021-09-01T04:45:32Z</time>
    <extensions>
     <gpxtpx:TrackPointExtension>
      <gpxtpx:atemp>29</gpxtpx:atemp>
      <gpxtpx:hr>131</gpxtpx:hr>
     </gpxtpx:TrackPointExtension>
    </extensions>
   </trkpt>
   <trkpt lat="-33.4645840" lon="151.0165670">
    <ele>-2.6</ele>
    <time>2021-09-01T04:45:35Z</time>
    <extensions>
     <gpxtpx:TrackPointExtension>
      <gpxtpx:atemp>30</gpxtpx:atemp>
      <gpxtpx:hr>134</gpxtpx:hr>
     </gpxtpx:TrackPointExtension>
    </extensions>
   </trkpt>
   <trkpt lat="-33.4645950" lon="151.0165230">
    <ele>-2.6</ele>
    <time>2021-09-01T04:45:40Z</time>
    <extensions>
     <gpxtpx:TrackPointExtension>
      <gpxtpx:atemp>30</gpxtpx:atemp>
      <gpxtpx:hr>131</gpxtpx:hr>
     </gpxtpx:TrackPointExtension>
    </extensions>
   </trkpt>
   <trkpt lat="-33.4645850" lon="151.0165310">
    <ele>-2.6</ele>
    <time>2021-09-01T04:45:41Z</time>
    <extensions>
     <gpxtpx:TrackPointExtension>
      <gpxtpx:atemp>30</gpxtpx:atemp>
      <gpxtpx:hr>131</gpxtpx:hr>
     </gpxtpx:TrackPointExtension>
    </extensions>
   </trkpt>
   <trkpt lat="-33.4645710" lon="151.0165370">
    <ele>-2.8</ele>
    <time>2021-09-01T04:45:42Z</time>
    <extensions>
     <gpxtpx:TrackPointExtension>
      <gpxtpx:atemp>30</gpxtpx:atemp>
      <gpxtpx:hr>131</gpxtpx:hr>
     </gpxtpx:TrackPointExtension>
    </extensions>
   </trkpt>
   <trkpt lat="-33.4645540" lon="151.0165430">
    <ele>-4.8</ele>
    <time>2021-09-01T04:45:43Z</time>
    <extensions>
     <gpxtpx:TrackPointExtension>
      <gpxtpx:atemp>30</gpxtpx:atemp>
      <gpxtpx:hr>130</gpxtpx:hr>
     </gpxtpx:TrackPointExtension>
    </extensions>
   </trkpt>
   <trkpt lat="-33.4645100" lon="151.0165510">
    <ele>-4.8</ele>
    <time>2021-09-01T04:45:48Z</time>
    <extensions>
     <gpxtpx:TrackPointExtension>
      <gpxtpx:atemp>30</gpxtpx:atemp>
      <gpxtpx:hr>129</gpxtpx:hr>
     </gpxtpx:TrackPointExtension>
    </extensions>
   </trkpt>
   <trkpt lat="-33.4644920" lon="151.0165510">
    <ele>-4.8</ele>
    <time>2021-09-01T04:45:51Z</time>
    <extensions>
     <gpxtpx:TrackPointExtension>
      <gpxtpx:atemp>30</gpxtpx:atemp>
      <gpxtpx:hr>124</gpxtpx:hr>
     </gpxtpx:TrackPointExtension>
    </extensions>
   </trkpt>
   <trkpt lat="-33.4644840" lon="151.0165660">
    <ele>-4.8</ele>
    <time>2021-09-01T04:45:54Z</time>
    <extensions>
     <gpxtpx:TrackPointExtension>
      <gpxtpx:atemp>30</gpxtpx:atemp>
      <gpxtpx:hr>121</gpxtpx:hr>
     </gpxtpx:TrackPointExtension>
    </extensions>
   </trkpt>
   <trkpt lat="-33.4644730" lon="151.0165720">
    <ele>-4.8</ele>
    <time>2021-09-01T04:45:57Z</time>
    <extensions>
     <gpxtpx:TrackPointExtension>
      <gpxtpx:atemp>30</gpxtpx:atemp>
      <gpxtpx:hr>119</gpxtpx:hr>
     </gpxtpx:TrackPointExtension>
    </extensions>
   </trkpt>
   <trkpt lat="-33.4644640" lon="151.0165510">
    <ele>-4.6</ele>
    <time>2021-09-01T04:46:01Z</time>
    <extensions>
     <gpxtpx:TrackPointExtension>
      <gpxtpx:atemp>30</gpxtpx:atemp>
      <gpxtpx:hr>117</gpxtpx:hr>
     </gpxtpx:TrackPointExtension>
    </extensions>
   </trkpt>
   <trkpt lat="-33.4644550" lon="151.0165420">
    <ele>-4.4</ele>
    <time>2021-09-01T04:46:02Z</time>
    <extensions>
     <gpxtpx:TrackPointExtension>
      <gpxtpx:atemp>30</gpxtpx:atemp>
      <gpxtpx:hr>120</gpxtpx:hr>
     </gpxtpx:TrackPointExtension>
    </extensions>
   </trkpt>
   <trkpt lat="-33.4644130" lon="151.0165190">
    <ele>-4.2</ele>
    <time>2021-09-01T04:46:05Z</time>
    <extensions>
     <gpxtpx:TrackPointExtension>
      <gpxtpx:atemp>30</gpxtpx:atemp>
      <gpxtpx:hr>119</gpxtpx:hr>
     </gpxtpx:TrackPointExtension>
    </extensions>
   </trkpt>
   <trkpt lat="-33.4643750" lon="151.0164820">
    <ele>-4.0</ele>
    <time>2021-09-01T04:46:08Z</time>
    <extensions>
     <gpxtpx:TrackPointExtension>
      <gpxtpx:atemp>30</gpxtpx:atemp>
      <gpxtpx:hr>116</gpxtpx:hr>
     </gpxtpx:TrackPointExtension>
    </extensions>
   </trkpt>
   <trkpt lat="-33.4643650" lon="151.0164690">
    <ele>-3.6</ele>
    <time>2021-09-01T04:46:09Z</time>
    <extensions>
     <gpxtpx:TrackPointExtension>
      <gpxtpx:atemp>30</gpxtpx:atemp>
      <gpxtpx:hr>115</gpxtpx:hr>
     </gpxtpx:TrackPointExtension>
    </extensions>
   </trkpt>
   <trkpt lat="-33.4643570" lon="151.0164660">
    <ele>-3.6</ele>
    <time>2021-09-01T04:46:10Z</time>
    <extensions>
     <gpxtpx:TrackPointExtension>
      <gpxtpx:atemp>30</gpxtpx:atemp>
      <gpxtpx:hr>116</gpxtpx:hr>
     </gpxtpx:TrackPointExtension>
    </extensions>
   </trkpt>
   <trkpt lat="-33.4643510" lon="151.0164660">
    <ele>-2.6</ele>
    <time>2021-09-01T04:46:13Z</time>
    <extensions>
     <gpxtpx:TrackPointExtension>
      <gpxtpx:atemp>30</gpxtpx:atemp>
      <gpxtpx:hr>114</gpxtpx:hr>
     </gpxtpx:TrackPointExtension>
    </extensions>
   </trkpt>
   <trkpt lat="-33.4643250" lon="151.0164590">
    <ele>-2.4</ele>
    <time>2021-09-01T04:46:15Z</time>
    <extensions>
     <gpxtpx:TrackPointExtension>
      <gpxtpx:atemp>30</gpxtpx:atemp>
      <gpxtpx:hr>115</gpxtpx:hr>
     </gpxtpx:TrackPointExtension>
    </extensions>
   </trkpt>
   <trkpt lat="-33.4642420" lon="151.0163890">
    <ele>-1.4</ele>
    <time>2021-09-01T04:46:20Z</time>
    <extensions>
     <gpxtpx:TrackPointExtension>
      <gpxtpx:atemp>30</gpxtpx:atemp>
      <gpxtpx:hr>116</gpxtpx:hr>
     </gpxtpx:TrackPointExtension>
    </extensions>
   </trkpt>
   <trkpt lat="-33.4642210" lon="151.0163730">
    <ele>-1.0</ele>
    <time>2021-09-01T04:46:21Z</time>
    <extensions>
     <gpxtpx:TrackPointExtension>
      <gpxtpx:atemp>30</gpxtpx:atemp>
      <gpxtpx:hr>116</gpxtpx:hr>
     </gpxtpx:TrackPointExtension>
    </extensions>
   </trkpt>
   <trkpt lat="-33.4642040" lon="151.0163610">
    <ele>-0.4</ele>
    <time>2021-09-01T04:46:22Z</time>
    <extensions>
     <gpxtpx:TrackPointExtension>
      <gpxtpx:atemp>30</gpxtpx:atemp>
      <gpxtpx:hr>113</gpxtpx:hr>
     </gpxtpx:TrackPointExtension>
    </extensions>
   </trkpt>
   <trkpt lat="-33.4641890" lon="151.0163440">
    <ele>0.0</ele>
    <time>2021-09-01T04:46:23Z</time>
    <extensions>
     <gpxtpx:TrackPointExtension>
      <gpxtpx:atemp>30</gpxtpx:atemp>
      <gpxtpx:hr>112</gpxtpx:hr>
     </gpxtpx:TrackPointExtension>
    </extensions>
   </trkpt>
   <trkpt lat="-33.4641530" lon="151.0163160">
    <ele>1.4</ele>
    <time>2021-09-01T04:46:25Z</time>
    <extensions>
     <gpxtpx:TrackPointExtension>
      <gpxtpx:atemp>30</gpxtpx:atemp>
      <gpxtpx:hr>110</gpxtpx:hr>
     </gpxtpx:TrackPointExtension>
    </extensions>
   </trkpt>
   <trkpt lat="-33.4640990" lon="151.0163140">
    <ele>2.2</ele>
    <time>2021-09-01T04:46:27Z</time>
    <extensions>
     <gpxtpx:TrackPointExtension>
      <gpxtpx:atemp>30</gpxtpx:atemp>
      <gpxtpx:hr>111</gpxtpx:hr>
     </gpxtpx:TrackPointExtension>
    </extensions>
   </trkpt>
   <trkpt lat="-33.4640690" lon="151.0163270">
    <ele>2.4</ele>
    <time>2021-09-01T04:46:28Z</time>
    <extensions>
     <gpxtpx:TrackPointExtension>
      <gpxtpx:atemp>30</gpxtpx:atemp>
      <gpxtpx:hr>110</gpxtpx:hr>
     </gpxtpx:TrackPointExtension>
    </extensions>
   </trkpt>
   <trkpt lat="-33.4639970" lon="151.0163950">
    <ele>2.6</ele>
    <time>2021-09-01T04:46:31Z</time>
    <extensions>
     <gpxtpx:TrackPointExtension>
      <gpxtpx:atemp>30</gpxtpx:atemp>
      <gpxtpx:hr>108</gpxtpx:hr>
     </gpxtpx:TrackPointExtension>
    </extensions>
   </trkpt>
   <trkpt lat="-33.4639470" lon="151.0165160">
    <ele>2.6</ele>
    <time>2021-09-01T04:46:35Z</time>
    <extensions>
     <gpxtpx:TrackPointExtension>
      <gpxtpx:atemp>30</gpxtpx:atemp>
      <gpxtpx:hr>107</gpxtpx:hr>
     </gpxtpx:TrackPointExtension>
    </extensions>
   </trkpt>
   <trkpt lat="-33.4639390" lon="151.0165450">
    <ele>2.6</ele>
    <time>2021-09-01T04:46:36Z</time>
    <extensions>
     <gpxtpx:TrackPointExtension>
      <gpxtpx:atemp>30</gpxtpx:atemp>
      <gpxtpx:hr>108</gpxtpx:hr>
     </gpxtpx:TrackPointExtension>
    </extensions>
   </trkpt>
   <trkpt lat="-33.4639500" lon="151.0166000">
    <ele>2.8</ele>
    <time>2021-09-01T04:46:38Z</time>
    <extensions>
     <gpxtpx:TrackPointExtension>
      <gpxtpx:atemp>30</gpxtpx:atemp>
      <gpxtpx:hr>108</gpxtpx:hr>
     </gpxtpx:TrackPointExtension>
    </extensions>
   </trkpt>
   <trkpt lat="-33.4639680" lon="151.0166200">
    <ele>3.0</ele>
    <time>2021-09-01T04:46:39Z</time>
    <extensions>
     <gpxtpx:TrackPointExtension>
      <gpxtpx:atemp>30</gpxtpx:atemp>
      <gpxtpx:hr>109</gpxtpx:hr>
     </gpxtpx:TrackPointExtension>
    </extensions>
   </trkpt>
   <trkpt lat="-33.4640810" lon="151.0167000">
    <ele>3.4</ele>
    <time>2021-09-01T04:46:43Z</time>
    <extensions>
     <gpxtpx:TrackPointExtension>
      <gpxtpx:atemp>30</gpxtpx:atemp>
      <gpxtpx:hr>108</gpxtpx:hr>
     </gpxtpx:TrackPointExtension>
    </extensions>
   </trkpt>
   <trkpt lat="-33.4641590" lon="151.0168300">
    <ele>4.2</ele>
    <time>2021-09-01T04:46:47Z</time>
    <extensions>
     <gpxtpx:TrackPointExtension>
      <gpxtpx:atemp>30</gpxtpx:atemp>
      <gpxtpx:hr>106</gpxtpx:hr>
     </gpxtpx:TrackPointExtension>
    </extensions>
   </trkpt>
   <trkpt lat="-33.4641870" lon="151.0169210">
    <ele>4.4</ele>
    <time>2021-09-01T04:46:50Z</time>
    <extensions>
     <gpxtpx:TrackPointExtension>
      <gpxtpx:atemp>30</gpxtpx:atemp>
      <gpxtpx:hr>107</gpxtpx:hr>
     </gpxtpx:TrackPointExtension>
    </extensions>
   </trkpt>
   <trkpt lat="-33.4642730" lon="151.0170050">
    <ele>4.2</ele>
    <time>2021-09-01T04:46:54Z</time>
    <extensions>
     <gpxtpx:TrackPointExtension>
      <gpxtpx:atemp>30</gpxtpx:atemp>
      <gpxtpx:hr>110</gpxtpx:hr>
     </gpxtpx:TrackPointExtension>
    </extensions>
   </trkpt>
   <trkpt lat="-33.4643450" lon="151.0170580">
    <ele>4.6</ele>
    <time>2021-09-01T04:46:57Z</time>
    <extensions>
     <gpxtpx:TrackPointExtension>
      <gpxtpx:atemp>30</gpxtpx:atemp>
      <gpxtpx:hr>112</gpxtpx:hr>
     </gpxtpx:TrackPointExtension>
    </extensions>
   </trkpt>
   <trkpt lat="-33.4643500" lon="151.0170870">
    <ele>5.0</ele>
    <time>2021-09-01T04:46:58Z</time>
    <extensions>
     <gpxtpx:TrackPointExtension>
      <gpxtpx:atemp>30</gpxtpx:atemp>
      <gpxtpx:hr>113</gpxtpx:hr>
     </gpxtpx:TrackPointExtension>
    </extensions>
   </trkpt>
   <trkpt lat="-33.4643530" lon="151.0171190">
    <ele>5.2</ele>
    <time>2021-09-01T04:46:59Z</time>
    <extensions>
     <gpxtpx:TrackPointExtension>
      <gpxtpx:atemp>30</gpxtpx:atemp>
      <gpxtpx:hr>113</gpxtpx:hr>
     </gpxtpx:TrackPointExtension>
    </extensions>
   </trkpt>
   <trkpt lat="-33.4643890" lon="151.0172060">
    <ele>6.2</ele>
    <time>2021-09-01T04:47:01Z</time>
    <extensions>
     <gpxtpx:TrackPointExtension>
      <gpxtpx:atemp>30</gpxtpx:atemp>
      <gpxtpx:hr>110</gpxtpx:hr>
     </gpxtpx:TrackPointExtension>
    </extensions>
   </trkpt>
   <trkpt lat="-33.4643890" lon="151.0172060">
    <ele>6.2</ele>
    <time>2021-09-01T04:47:02Z</time>
    <extensions>
     <gpxtpx:TrackPointExtension>
      <gpxtpx:atemp>30</gpxtpx:atemp>
      <gpxtpx:hr>110</gpxtpx:hr>
     </gpxtpx:TrackPointExtension>
    </extensions>
   </trkpt>
   <trkpt lat="-33.4644590" lon="151.0172450">
    <ele>7.4</ele>
    <time>2021-09-01T04:47:05Z</time>
    <extensions>
     <gpxtpx:TrackPointExtension>
      <gpxtpx:atemp>30</gpxtpx:atemp>
      <gpxtpx:hr>109</gpxtpx:hr>
     </gpxtpx:TrackPointExtension>
    </extensions>
   </trkpt>
   <trkpt lat="-33.4644930" lon="151.0172850">
    <ele>8.6</ele>
    <time>2021-09-01T04:47:07Z</time>
    <extensions>
     <gpxtpx:TrackPointExtension>
      <gpxtpx:atemp>30</gpxtpx:atemp>
      <gpxtpx:hr>109</gpxtpx:hr>
     </gpxtpx:TrackPointExtension>
    </extensions>
   </trkpt>
   <trkpt lat="-33.4645300" lon="151.0173030">
    <ele>9.4</ele>
    <time>2021-09-01T04:47:09Z</time>
    <extensions>
     <gpxtpx:TrackPointExtension>
      <gpxtpx:atemp>30</gpxtpx:atemp>
      <gpxtpx:hr>109</gpxtpx:hr>
     </gpxtpx:TrackPointExtension>
    </extensions>
   </trkpt>
   <trkpt lat="-33.4645320" lon="151.0173230">
    <ele>9.8</ele>
    <time>2021-09-01T04:47:10Z</time>
    <extensions>
     <gpxtpx:TrackPointExtension>
      <gpxtpx:atemp>30</gpxtpx:atemp>
      <gpxtpx:hr>109</gpxtpx:hr>
     </gpxtpx:TrackPointExtension>
    </extensions>
   </trkpt>
   <trkpt lat="-33.4645290" lon="151.0173530">
    <ele>10.2</ele>
    <time>2021-09-01T04:47:11Z</time>
    <extensions>
     <gpxtpx:TrackPointExtension>
      <gpxtpx:atemp>30</gpxtpx:atemp>
      <gpxtpx:hr>109</gpxtpx:hr>
     </gpxtpx:TrackPointExtension>
    </extensions>
   </trkpt>
   <trkpt lat="-33.4644900" lon="151.0174520">
    <ele>11.2</ele>
    <time>2021-09-01T04:47:15Z</time>
    <extensions>
     <gpxtpx:TrackPointExtension>
      <gpxtpx:atemp>30</gpxtpx:atemp>
      <gpxtpx:hr>111</gpxtpx:hr>
     </gpxtpx:TrackPointExtension>
    </extensions>
   </trkpt>
   <trkpt lat="-33.4644860" lon="151.0174700">
    <ele>11.8</ele>
    <time>2021-09-01T04:47:16Z</time>
    <extensions>
     <gpxtpx:TrackPointExtension>
      <gpxtpx:atemp>30</gpxtpx:atemp>
      <gpxtpx:hr>111</gpxtpx:hr>
     </gpxtpx:TrackPointExtension>
    </extensions>
   </trkpt>
   <trkpt lat="-33.4644880" lon="151.0174920">
    <ele>12.2</ele>
    <time>2021-09-01T04:47:17Z</time>
    <extensions>
     <gpxtpx:TrackPointExtension>
      <gpxtpx:atemp>30</gpxtpx:atemp>
      <gpxtpx:hr>111</gpxtpx:hr>
     </gpxtpx:TrackPointExtension>
    </extensions>
   </trkpt>
   <trkpt lat="-33.4644940" lon="151.0175720">
    <ele>13.2</ele>
    <time>2021-09-01T04:47:20Z</time>
    <extensions>
     <gpxtpx:TrackPointExtension>
      <gpxtpx:atemp>30</gpxtpx:atemp>
      <gpxtpx:hr>112</gpxtpx:hr>
     </gpxtpx:TrackPointExtension>
    </extensions>
   </trkpt>
   <trkpt lat="-33.4644970" lon="151.0176230">
    <ele>14.6</ele>
    <time>2021-09-01T04:47:22Z</time>
    <extensions>
     <gpxtpx:TrackPointExtension>
      <gpxtpx:atemp>30</gpxtpx:atemp>
      <gpxtpx:hr>112</gpxtpx:hr>
     </gpxtpx:TrackPointExtension>
    </extensions>
   </trkpt>
   <trkpt lat="-33.4645200" lon="151.0176750">
    <ele>16.0</ele>
    <time>2021-09-01T04:47:24Z</time>
    <extensions>
     <gpxtpx:TrackPointExtension>
      <gpxtpx:atemp>30</gpxtpx:atemp>
      <gpxtpx:hr>111</gpxtpx:hr>
     </gpxtpx:TrackPointExtension>
    </extensions>
   </trkpt>
   <trkpt lat="-33.4645390" lon="151.0177040">
    <ele>16.2</ele>
    <time>2021-09-01T04:47:25Z</time>
    <extensions>
     <gpxtpx:TrackPointExtension>
      <gpxtpx:atemp>30</gpxtpx:atemp>
      <gpxtpx:hr>114</gpxtpx:hr>
     </gpxtpx:TrackPointExtension>
    </extensions>
   </trkpt>
   <trkpt lat="-33.4645750" lon="151.0177640">
    <ele>16.4</ele>
    <time>2021-09-01T04:47:27Z</time>
    <extensions>
     <gpxtpx:TrackPointExtension>
      <gpxtpx:atemp>30</gpxtpx:atemp>
      <gpxtpx:hr>112</gpxtpx:hr>
     </gpxtpx:TrackPointExtension>
    </extensions>
   </trkpt>
   <trkpt lat="-33.4645740" lon="151.0178200">
    <ele>16.4</ele>
    <time>2021-09-01T04:47:28Z</time>
    <extensions>
     <gpxtpx:TrackPointExtension>
      <gpxtpx:atemp>30</gpxtpx:atemp>
      <gpxtpx:hr>112</gpxtpx:hr>
     </gpxtpx:TrackPointExtension>
    </extensions>
   </trkpt>
   <trkpt lat="-33.4645570" lon="151.0178610">
    <ele>16.8</ele>
    <time>2021-09-01T04:47:30Z</time>
    <extensions>
     <gpxtpx:TrackPointExtension>
      <gpxtpx:atemp>30</gpxtpx:atemp>
      <gpxtpx:hr>110</gpxtpx:hr>
     </gpxtpx:TrackPointExtension>
    </extensions>
   </trkpt>
   <trkpt lat="-33.4645390" lon="151.0178760">
    <ele>16.8</ele>
    <time>2021-09-01T04:47:31Z</time>
    <extensions>
     <gpxtpx:TrackPointExtension>
      <gpxtpx:atemp>30</gpxtpx:atemp>
      <gpxtpx:hr>111</gpxtpx:hr>
     </gpxtpx:TrackPointExtension>
    </extensions>
   </trkpt>
   <trkpt lat="-33.4645220" lon="151.0178820">
    <ele>17.2</ele>
    <time>2021-09-01T04:47:32Z</time>
    <extensions>
     <gpxtpx:TrackPointExtension>
      <gpxtpx:atemp>30</gpxtpx:atemp>
      <gpxtpx:hr>111</gpxtpx:hr>
     </gpxtpx:TrackPointExtension>
    </extensions>
   </trkpt>
   <trkpt lat="-33.4644760" lon="151.0179050">
    <ele>18.2</ele>
    <time>2021-09-01T04:47:35Z</time>
    <extensions>
     <gpxtpx:TrackPointExtension>
      <gpxtpx:atemp>30</gpxtpx:atemp>
      <gpxtpx:hr>112</gpxtpx:hr>
     </gpxtpx:TrackPointExtension>
    </extensions>
   </trkpt>
   <trkpt lat="-33.4644680" lon="151.0179120">
    <ele>18.4</ele>
    <time>2021-09-01T04:47:36Z</time>
    <extensions>
     <gpxtpx:TrackPointExtension>
      <gpxtpx:atemp>30</gpxtpx:atemp>
      <gpxtpx:hr>113</gpxtpx:hr>
     </gpxtpx:TrackPointExtension>
    </extensions>
   </trkpt>
   <trkpt lat="-33.4644600" lon="151.0179140">
    <ele>18.6</ele>
    <time>2021-09-01T04:47:37Z</time>
    <extensions>
     <gpxtpx:TrackPointExtension>
      <gpxtpx:atemp>30</gpxtpx:atemp>
      <gpxtpx:hr>113</gpxtpx:hr>
     </gpxtpx:TrackPointExtension>
    </extensions>
   </trkpt>
   <trkpt lat="-33.4644320" lon="151.0178760">
    <ele>18.6</ele>
    <time>2021-09-01T04:47:39Z</time>
    <extensions>
     <gpxtpx:TrackPointExtension>
      <gpxtpx:atemp>30</gpxtpx:atemp>
      <gpxtpx:hr>114</gpxtpx:hr>
     </gpxtpx:TrackPointExtension>
    </extensions>
   </trkpt>
   <trkpt lat="-33.4643490" lon="151.0177190">
    <ele>18.2</ele>
    <time>2021-09-01T04:47:44Z</time>
    <extensions>
     <gpxtpx:TrackPointExtension>
      <gpxtpx:atemp>30</gpxtpx:atemp>
      <gpxtpx:hr>115</gpxtpx:hr>
     </gpxtpx:TrackPointExtension>
    </extensions>
   </trkpt>
   <trkpt lat="-33.4642220" lon="151.0176420">
    <ele>17.6</ele>
    <time>2021-09-01T04:47:49Z</time>
    <extensions>
     <gpxtpx:TrackPointExtension>
      <gpxtpx:atemp>30</gpxtpx:atemp>
      <gpxtpx:hr>114</gpxtpx:hr>
     </gpxtpx:TrackPointExtension>
    </extensions>
   </trkpt>
   <trkpt lat="-33.4641850" lon="151.0176710">
    <ele>17.6</ele>
    <time>2021-09-01T04:47:51Z</time>
    <extensions>
     <gpxtpx:TrackPointExtension>
      <gpxtpx:atemp>30</gpxtpx:atemp>
      <gpxtpx:hr>113</gpxtpx:hr>
     </gpxtpx:TrackPointExtension>
    </extensions>
   </trkpt>
   <trkpt lat="-33.4641770" lon="151.0176900">
    <ele>17.6</ele>
    <time>2021-09-01T04:47:52Z</time>
    <extensions>
     <gpxtpx:TrackPointExtension>
      <gpxtpx:atemp>30</gpxtpx:atemp>
      <gpxtpx:hr>114</gpxtpx:hr>
     </gpxtpx:TrackPointExtension>
    </extensions>
   </trkpt>
   <trkpt lat="-33.4641650" lon="151.0177040">
    <ele>17.8</ele>
    <time>2021-09-01T04:47:53Z</time>
    <extensions>
     <gpxtpx:TrackPointExtension>
      <gpxtpx:atemp>30</gpxtpx:atemp>
      <gpxtpx:hr>114</gpxtpx:hr>
     </gpxtpx:TrackPointExtension>
    </extensions>
   </trkpt>
   <trkpt lat="-33.4641360" lon="151.0177160">
    <ele>18.6</ele>
    <time>2021-09-01T04:47:55Z</time>
    <extensions>
     <gpxtpx:TrackPointExtension>
      <gpxtpx:atemp>30</gpxtpx:atemp>
      <gpxtpx:hr>115</gpxtpx:hr>
     </gpxtpx:TrackPointExtension>
    </extensions>
   </trkpt>
   <trkpt lat="-33.4641200" lon="151.0177100">
    <ele>18.8</ele>
    <time>2021-09-01T04:47:56Z</time>
    <extensions>
     <gpxtpx:TrackPointExtension>
      <gpxtpx:atemp>30</gpxtpx:atemp>
      <gpxtpx:hr>115</gpxtpx:hr>
     </gpxtpx:TrackPointExtension>
    </extensions>
   </trkpt>
   <trkpt lat="-33.4640330" lon="151.0176490">
    <ele>19.2</ele>
    <time>2021-09-01T04:48:00Z</time>
    <extensions>
     <gpxtpx:TrackPointExtension>
      <gpxtpx:atemp>30</gpxtpx:atemp>
      <gpxtpx:hr>119</gpxtpx:hr>
     </gpxtpx:TrackPointExtension>
    </extensions>
   </trkpt>
   <trkpt lat="-33.4640130" lon="151.0176390">
    <ele>19.2</ele>
    <time>2021-09-01T04:48:01Z</time>
    <extensions>
     <gpxtpx:TrackPointExtension>
      <gpxtpx:atemp>30</gpxtpx:atemp>
      <gpxtpx:hr>120</gpxtpx:hr>
     </gpxtpx:TrackPointExtension>
    </extensions>
   </trkpt>
   <trkpt lat="-33.4639890" lon="151.0176360">
    <ele>19.2</ele>
    <time>2021-09-01T04:48:02Z</time>
    <extensions>
     <gpxtpx:TrackPointExtension>
      <gpxtpx:atemp>30</gpxtpx:atemp>
      <gpxtpx:hr>119</gpxtpx:hr>
     </gpxtpx:TrackPointExtension>
    </extensions>
   </trkpt>
   <trkpt lat="-33.4639680" lon="151.0176420">
    <ele>19.4</ele>
    <time>2021-09-01T04:48:03Z</time>
    <extensions>
     <gpxtpx:TrackPointExtension>
      <gpxtpx:atemp>30</gpxtpx:atemp>
      <gpxtpx:hr>122</gpxtpx:hr>
     </gpxtpx:TrackPointExtension>
    </extensions>
   </trkpt>
   <trkpt lat="-33.4639560" lon="151.0176540">
    <ele>19.4</ele>
    <time>2021-09-01T04:48:04Z</time>
    <extensions>
     <gpxtpx:TrackPointExtension>
      <gpxtpx:atemp>30</gpxtpx:atemp>
      <gpxtpx:hr>124</gpxtpx:hr>
     </gpxtpx:TrackPointExtension>
    </extensions>
   </trkpt>
   <trkpt lat="-33.4639310" lon="151.0177660">
    <ele>20.4</ele>
    <time>2021-09-01T04:48:09Z</time>
    <extensions>
     <gpxtpx:TrackPointExtension>
      <gpxtpx:atemp>30</gpxtpx:atemp>
      <gpxtpx:hr>120</gpxtpx:hr>
     </gpxtpx:TrackPointExtension>
    </extensions>
   </trkpt>
   <trkpt lat="-33.4639240" lon="151.0177900">
    <ele>20.8</ele>
    <time>2021-09-01T04:48:10Z</time>
    <extensions>
     <gpxtpx:TrackPointExtension>
      <gpxtpx:atemp>30</gpxtpx:atemp>
      <gpxtpx:hr>119</gpxtpx:hr>
     </gpxtpx:TrackPointExtension>
    </extensions>
   </trkpt>
   <trkpt lat="-33.4638930" lon="151.0178510">
    <ele>22.0</ele>
    <time>2021-09-01T04:48:12Z</time>
    <extensions>
     <gpxtpx:TrackPointExtension>
      <gpxtpx:atemp>30</gpxtpx:atemp>
      <gpxtpx:hr>115</gpxtpx:hr>
     </gpxtpx:TrackPointExtension>
    </extensions>
   </trkpt>
   <trkpt lat="-33.4638690" lon="151.0178780">
    <ele>22.6</ele>
    <time>2021-09-01T04:48:13Z</time>
    <extensions>
     <gpxtpx:TrackPointExtension>
      <gpxtpx:atemp>30</gpxtpx:atemp>
      <gpxtpx:hr>118</gpxtpx:hr>
     </gpxtpx:TrackPointExtension>
    </extensions>
   </trkpt>
   <trkpt lat="-33.4638440" lon="151.0179050">
    <ele>23.2</ele>
    <time>2021-09-01T04:48:14Z</time>
    <extensions>
     <gpxtpx:TrackPointExtension>
      <gpxtpx:atemp>30</gpxtpx:atemp>
      <gpxtpx:hr>118</gpxtpx:hr>
     </gpxtpx:TrackPointExtension>
    </extensions>
   </trkpt>
   <trkpt lat="-33.4638110" lon="151.0180060">
    <ele>25.0</ele>
    <time>2021-09-01T04:48:17Z</time>
    <extensions>
     <gpxtpx:TrackPointExtension>
      <gpxtpx:atemp>30</gpxtpx:atemp>
      <gpxtpx:hr>120</gpxtpx:hr>
     </gpxtpx:TrackPointExtension>
    </extensions>
   </trkpt>
   <trkpt lat="-33.4637990" lon="151.0180290">
    <ele>26.0</ele>
    <time>2021-09-01T04:48:18Z</time>
    <extensions>
     <gpxtpx:TrackPointExtension>
      <gpxtpx:atemp>30</gpxtpx:atemp>
      <gpxtpx:hr>118</gpxtpx:hr>
     </gpxtpx:TrackPointExtension>
    </extensions>
   </trkpt>
   <trkpt lat="-33.4637530" lon="151.0180310">
    <ele>27.0</ele>
    <time>2021-09-01T04:48:20Z</time>
    <extensions>
     <gpxtpx:TrackPointExtension>
      <gpxtpx:atemp>30</gpxtpx:atemp>
      <gpxtpx:hr>120</gpxtpx:hr>
     </gpxtpx:TrackPointExtension>
    </extensions>
   </trkpt>
   <trkpt lat="-33.4637170" lon="151.0180060">
    <ele>27.4</ele>
    <time>2021-09-01T04:48:21Z</time>
    <extensions>
     <gpxtpx:TrackPointExtension>
      <gpxtpx:atemp>30</gpxtpx:atemp>
      <gpxtpx:hr>121</gpxtpx:hr>
     </gpxtpx:TrackPointExtension>
    </extensions>
   </trkpt>
   <trkpt lat="-33.4635890" lon="151.0179460">
    <ele>28.2</ele>
    <time>2021-09-01T04:48:24Z</time>
    <extensions>
     <gpxtpx:TrackPointExtension>
      <gpxtpx:atemp>29</gpxtpx:atemp>
      <gpxtpx:hr>122</gpxtpx:hr>
     </gpxtpx:TrackPointExtension>
    </extensions>
   </trkpt>
   <trkpt lat="-33.4635440" lon="151.0179150">
    <ele>28.4</ele>
    <time>2021-09-01T04:48:25Z</time>
    <extensions>
     <gpxtpx:TrackPointExtension>
      <gpxtpx:atemp>30</gpxtpx:atemp>
      <gpxtpx:hr>124</gpxtpx:hr>
     </gpxtpx:TrackPointExtension>
    </extensions>
   </trkpt>
   <trkpt lat="-33.4634140" lon="151.0177930">
    <ele>28.2</ele>
    <time>2021-09-01T04:48:29Z</time>
    <extensions>
     <gpxtpx:TrackPointExtension>
      <gpxtpx:atemp>30</gpxtpx:atemp>
      <gpxtpx:hr>122</gpxtpx:hr>
     </gpxtpx:TrackPointExtension>
    </extensions>
   </trkpt>
   <trkpt lat="-33.4633800" lon="151.0177710">
    <ele>28.0</ele>
    <time>2021-09-01T04:48:30Z</time>
    <extensions>
     <gpxtpx:TrackPointExtension>
      <gpxtpx:atemp>29</gpxtpx:atemp>
      <gpxtpx:hr>120</gpxtpx:hr>
     </gpxtpx:TrackPointExtension>
    </extensions>
   </trkpt>
   <trkpt lat="-33.4632850" lon="151.0177710">
    <ele>27.6</ele>
    <time>2021-09-01T04:48:32Z</time>
    <extensions>
     <gpxtpx:TrackPointExtension>
      <gpxtpx:atemp>29</gpxtpx:atemp>
      <gpxtpx:hr>121</gpxtpx:hr>
     </gpxtpx:TrackPointExtension>
    </extensions>
   </trkpt>
   <trkpt lat="-33.4632280" lon="151.0177830">
    <ele>27.6</ele>
    <time>2021-09-01T04:48:33Z</time>
    <extensions>
     <gpxtpx:TrackPointExtension>
      <gpxtpx:atemp>29</gpxtpx:atemp>
      <gpxtpx:hr>120</gpxtpx:hr>
     </gpxtpx:TrackPointExtension>
    </extensions>
   </trkpt>
   <trkpt lat="-33.4631320" lon="151.0178340">
    <ele>28.2</ele>
    <time>2021-09-01T04:48:35Z</time>
    <extensions>
     <gpxtpx:TrackPointExtension>
      <gpxtpx:atemp>29</gpxtpx:atemp>
      <gpxtpx:hr>119</gpxtpx:hr>
     </gpxtpx:TrackPointExtension>
    </extensions>
   </trkpt>
   <trkpt lat="-33.4630920" lon="151.0178680">
    <ele>28.4</ele>
    <time>2021-09-01T04:48:36Z</time>
    <extensions>
     <gpxtpx:TrackPointExtension>
      <gpxtpx:atemp>29</gpxtpx:atemp>
      <gpxtpx:hr>121</gpxtpx:hr>
     </gpxtpx:TrackPointExtension>
    </extensions>
   </trkpt>
   <trkpt lat="-33.4630500" lon="151.0178850">
    <ele>28.8</ele>
    <time>2021-09-01T04:48:37Z</time>
    <extensions>
     <gpxtpx:TrackPointExtension>
      <gpxtpx:atemp>29</gpxtpx:atemp>
      <gpxtpx:hr>119</gpxtpx:hr>
     </gpxtpx:TrackPointExtension>
    </extensions>
   </trkpt>
   <trkpt lat="-33.4629600" lon="151.0178910">
    <ele>29.2</ele>
    <time>2021-09-01T04:48:39Z</time>
    <extensions>
     <gpxtpx:TrackPointExtension>
      <gpxtpx:atemp>29</gpxtpx:atemp>
      <gpxtpx:hr>119</gpxtpx:hr>
     </gpxtpx:TrackPointExtension>
    </extensions>
   </trkpt>
   <trkpt lat="-33.4629230" lon="151.0179030">
    <ele>29.6</ele>
    <time>2021-09-01T04:48:40Z</time>
    <extensions>
     <gpxtpx:TrackPointExtension>
      <gpxtpx:atemp>29</gpxtpx:atemp>
      <gpxtpx:hr>118</gpxtpx:hr>
     </gpxtpx:TrackPointExtension>
    </extensions>
   </trkpt>
   <trkpt lat="-33.4628680" lon="151.0179770">
    <ele>30.6</ele>
    <time>2021-09-01T04:48:42Z</time>
    <extensions>
     <gpxtpx:TrackPointExtension>
      <gpxtpx:atemp>29</gpxtpx:atemp>
      <gpxtpx:hr>117</gpxtpx:hr>
     </gpxtpx:TrackPointExtension>
    </extensions>
   </trkpt>
   <trkpt lat="-33.4628470" lon="151.0180270">
    <ele>30.8</ele>
    <time>2021-09-01T04:48:43Z</time>
    <extensions>
     <gpxtpx:TrackPointExtension>
      <gpxtpx:atemp>29</gpxtpx:atemp>
      <gpxtpx:hr>116</gpxtpx:hr>
     </gpxtpx:TrackPointExtension>
    </extensions>
   </trkpt>
   <trkpt lat="-33.4628330" lon="151.0180780">
    <ele>31.0</ele>
    <time>2021-09-01T04:48:44Z</time>
    <extensions>
     <gpxtpx:TrackPointExtension>
      <gpxtpx:atemp>29</gpxtpx:atemp>
      <gpxtpx:hr>117</gpxtpx:hr>
     </gpxtpx:TrackPointExtension>
    </extensions>
   </trkpt>
   <trkpt lat="-33.4628230" lon="151.0181760">
    <ele>31.6</ele>
    <time>2021-09-01T04:48:46Z</time>
    <extensions>
     <gpxtpx:TrackPointExtension>
      <gpxtpx:atemp>29</gpxtpx:atemp>
      <gpxtpx:hr>117</gpxtpx:hr>
     </gpxtpx:TrackPointExtension>
    </extensions>
   </trkpt>
   <trkpt lat="-33.4628140" lon="151.0182110">
    <ele>32.0</ele>
    <time>2021-09-01T04:48:47Z</time>
    <extensions>
     <gpxtpx:TrackPointExtension>
      <gpxtpx:atemp>29</gpxtpx:atemp>
      <gpxtpx:hr>117</gpxtpx:hr>
     </gpxtpx:TrackPointExtension>
    </extensions>
   </trkpt>
   <trkpt lat="-33.4627930" lon="151.0182260">
    <ele>32.6</ele>
    <time>2021-09-01T04:48:48Z</time>
    <extensions>
     <gpxtpx:TrackPointExtension>
      <gpxtpx:atemp>29</gpxtpx:atemp>
      <gpxtpx:hr>117</gpxtpx:hr>
     </gpxtpx:TrackPointExtension>
    </extensions>
   </trkpt>
   <trkpt lat="-33.4627620" lon="151.0182400">
    <ele>33.2</ele>
    <time>2021-09-01T04:48:49Z</time>
    <extensions>
     <gpxtpx:TrackPointExtension>
      <gpxtpx:atemp>29</gpxtpx:atemp>
      <gpxtpx:hr>115</gpxtpx:hr>
     </gpxtpx:TrackPointExtension>
    </extensions>
   </trkpt>
   <trkpt lat="-33.4627340" lon="151.0182490">
    <ele>33.4</ele>
    <time>2021-09-01T04:48:50Z</time>
    <extensions>
     <gpxtpx:TrackPointExtension>
      <gpxtpx:atemp>29</gpxtpx:atemp>
      <gpxtpx:hr>119</gpxtpx:hr>
     </gpxtpx:TrackPointExtension>
    </extensions>
   </trkpt>
   <trkpt lat="-33.4627130" lon="151.0182620">
    <ele>34.0</ele>
    <time>2021-09-01T04:48:51Z</time>
    <extensions>
     <gpxtpx:TrackPointExtension>
      <gpxtpx:atemp>29</gpxtpx:atemp>
      <gpxtpx:hr>114</gpxtpx:hr>
     </gpxtpx:TrackPointExtension>
    </extensions>
   </trkpt>
   <trkpt lat="-33.4626900" lon="151.0182710">
    <ele>34.4</ele>
    <time>2021-09-01T04:48:52Z</time>
    <extensions>
     <gpxtpx:TrackPointExtension>
      <gpxtpx:atemp>29</gpxtpx:atemp>
      <gpxtpx:hr>115</gpxtpx:hr>
     </gpxtpx:TrackPointExtension>
    </extensions>
   </trkpt>
   <trkpt lat="-33.4626330" lon="151.0182920">
    <ele>34.8</ele>
    <time>2021-09-01T04:48:54Z</time>
    <extensions>
     <gpxtpx:TrackPointExtension>
      <gpxtpx:atemp>29</gpxtpx:atemp>
      <gpxtpx:hr>113</gpxtpx:hr>
     </gpxtpx:TrackPointExtension>
    </extensions>
   </trkpt>
   <trkpt lat="-33.4626070" lon="151.0183150">
    <ele>34.8</ele>
    <time>2021-09-01T04:48:55Z</time>
    <extensions>
     <gpxtpx:TrackPointExtension>
      <gpxtpx:atemp>29</gpxtpx:atemp>
      <gpxtpx:hr>110</gpxtpx:hr>
     </gpxtpx:TrackPointExtension>
    </extensions>
   </trkpt>
   <trkpt lat="-33.4625510" lon="151.0183540">
    <ele>35.0</ele>
    <time>2021-09-01T04:48:57Z</time>
    <extensions>
     <gpxtpx:TrackPointExtension>
      <gpxtpx:atemp>29</gpxtpx:atemp>
      <gpxtpx:hr>108</gpxtpx:hr>
     </gpxtpx:TrackPointExtension>
    </extensions>
   </trkpt>
   <trkpt lat="-33.4625080" lon="151.0183530">
    <ele>35.2</ele>
    <time>2021-09-01T04:48:58Z</time>
    <extensions>
     <gpxtpx:TrackPointExtension>
      <gpxtpx:atemp>29</gpxtpx:atemp>
      <gpxtpx:hr>107</gpxtpx:hr>
     </gpxtpx:TrackPointExtension>
    </extensions>
   </trkpt>
   <trkpt lat="-33.4624720" lon="151.0183490">
    <ele>35.6</ele>
    <time>2021-09-01T04:48:59Z</time>
    <extensions>
     <gpxtpx:TrackPointExtension>
      <gpxtpx:atemp>29</gpxtpx:atemp>
      <gpxtpx:hr>107</gpxtpx:hr>
     </gpxtpx:TrackPointExtension>
    </extensions>
   </trkpt>
   <trkpt lat="-33.4623800" lon="151.0183620">
    <ele>36.6</ele>
    <time>2021-09-01T04:49:02Z</time>
    <extensions>
     <gpxtpx:TrackPointExtension>
      <gpxtpx:atemp>29</gpxtpx:atemp>
      <gpxtpx:hr>106</gpxtpx:hr>
     </gpxtpx:TrackPointExtension>
    </extensions>
   </trkpt>
   <trkpt lat="-33.4623590" lon="151.0183690">
    <ele>36.6</ele>
    <time>2021-09-01T04:49:03Z</time>
    <extensions>
     <gpxtpx:TrackPointExtension>
      <gpxtpx:atemp>29</gpxtpx:atemp>
      <gpxtpx:hr>105</gpxtpx:hr>
     </gpxtpx:TrackPointExtension>
    </extensions>
   </trkpt>
   <trkpt lat="-33.4623510" lon="151.0183760">
    <ele>36.8</ele>
    <time>2021-09-01T04:49:04Z</time>
    <extensions>
     <gpxtpx:TrackPointExtension>
      <gpxtpx:atemp>29</gpxtpx:atemp>
      <gpxtpx:hr>105</gpxtpx:hr>
     </gpxtpx:TrackPointExtension>
    </extensions>
   </trkpt>
   <trkpt lat="-33.4623540" lon="151.0183980">
    <ele>36.8</ele>
    <time>2021-09-01T04:49:06Z</time>
    <extensions>
     <gpxtpx:TrackPointExtension>
      <gpxtpx:atemp>29</gpxtpx:atemp>
      <gpxtpx:hr>105</gpxtpx:hr>
     </gpxtpx:TrackPointExtension>
    </extensions>
   </trkpt>
   <trkpt lat="-33.4623520" lon="151.0184260">
    <ele>37.4</ele>
    <time>2021-09-01T04:49:08Z</time>
    <extensions>
     <gpxtpx:TrackPointExtension>
      <gpxtpx:atemp>29</gpxtpx:atemp>
      <gpxtpx:hr>109</gpxtpx:hr>
     </gpxtpx:TrackPointExtension>
    </extensions>
   </trkpt>
   <trkpt lat="-33.4623430" lon="151.0184490">
    <ele>38.2</ele>
    <time>2021-09-01T04:49:09Z</time>
    <extensions>
     <gpxtpx:TrackPointExtension>
      <gpxtpx:atemp>29</gpxtpx:atemp>
      <gpxtpx:hr>110</gpxtpx:hr>
     </gpxtpx:TrackPointExtension>
    </extensions>
   </trkpt>
   <trkpt lat="-33.4623260" lon="151.0184670">
    <ele>38.8</ele>
    <time>2021-09-01T04:49:10Z</time>
    <extensions>
     <gpxtpx:TrackPointExtension>
      <gpxtpx:atemp>29</gpxtpx:atemp>
      <gpxtpx:hr>109</gpxtpx:hr>
     </gpxtpx:TrackPointExtension>
    </extensions>
   </trkpt>
   <trkpt lat="-33.4623070" lon="151.0184790">
    <ele>39.2</ele>
    <time>2021-09-01T04:49:11Z</time>
    <extensions>
     <gpxtpx:TrackPointExtension>
      <gpxtpx:atemp>29</gpxtpx:atemp>
      <gpxtpx:hr>109</gpxtpx:hr>
     </gpxtpx:TrackPointExtension>
    </extensions>
   </trkpt>
   <trkpt lat="-33.4621950" lon="151.0185380">
    <ele>40.4</ele>
    <time>2021-09-01T04:49:15Z</time>
    <extensions>
     <gpxtpx:TrackPointExtension>
      <gpxtpx:atemp>29</gpxtpx:atemp>
      <gpxtpx:hr>107</gpxtpx:hr>
     </gpxtpx:TrackPointExtension>
    </extensions>
   </trkpt>
   <trkpt lat="-33.4621720" lon="151.0185580">
    <ele>40.6</ele>
    <time>2021-09-01T04:49:16Z</time>
    <extensions>
     <gpxtpx:TrackPointExtension>
      <gpxtpx:atemp>29</gpxtpx:atemp>
      <gpxtpx:hr>105</gpxtpx:hr>
     </gpxtpx:TrackPointExtension>
    </extensions>
   </trkpt>
   <trkpt lat="-33.4621120" lon="151.0185910">
    <ele>41.4</ele>
    <time>2021-09-01T04:49:19Z</time>
    <extensions>
     <gpxtpx:TrackPointExtension>
      <gpxtpx:atemp>29</gpxtpx:atemp>
      <gpxtpx:hr>106</gpxtpx:hr>
     </gpxtpx:TrackPointExtension>
    </extensions>
   </trkpt>
   <trkpt lat="-33.4620630" lon="151.0186160">
    <ele>41.8</ele>
    <time>2021-09-01T04:49:21Z</time>
    <extensions>
     <gpxtpx:TrackPointExtension>
      <gpxtpx:atemp>29</gpxtpx:atemp>
      <gpxtpx:hr>107</gpxtpx:hr>
     </gpxtpx:TrackPointExtension>
    </extensions>
   </trkpt>
   <trkpt lat="-33.4619730" lon="151.0186540">
    <ele>42.4</ele>
    <time>2021-09-01T04:49:24Z</time>
    <extensions>
     <gpxtpx:TrackPointExtension>
      <gpxtpx:atemp>29</gpxtpx:atemp>
      <gpxtpx:hr>106</gpxtpx:hr>
     </gpxtpx:TrackPointExtension>
    </extensions>
   </trkpt>
   <trkpt lat="-33.4619500" lon="151.0186580">
    <ele>42.6</ele>
    <time>2021-09-01T04:49:25Z</time>
    <extensions>
     <gpxtpx:TrackPointExtension>
      <gpxtpx:atemp>29</gpxtpx:atemp>
      <gpxtpx:hr>105</gpxtpx:hr>
     </gpxtpx:TrackPointExtension>
    </extensions>
   </trkpt>
   <trkpt lat="-33.4619360" lon="151.0186670">
    <ele>42.6</ele>
    <time>2021-09-01T04:49:26Z</time>
    <extensions>
     <gpxtpx:TrackPointExtension>
      <gpxtpx:atemp>29</gpxtpx:atemp>
      <gpxtpx:hr>105</gpxtpx:hr>
     </gpxtpx:TrackPointExtension>
    </extensions>
   </trkpt>
   <trkpt lat="-33.4619210" lon="151.0186860">
    <ele>42.6</ele>
    <time>2021-09-01T04:49:28Z</time>
    <extensions>
     <gpxtpx:TrackPointExtension>
      <gpxtpx:atemp>29</gpxtpx:atemp>
      <gpxtpx:hr>105</gpxtpx:hr>
     </gpxtpx:TrackPointExtension>
    </extensions>
   </trkpt>
   <trkpt lat="-33.4618810" lon="151.0187100">
    <ele>42.6</ele>
    <time>2021-09-01T04:49:30Z</time>
    <extensions>
     <gpxtpx:TrackPointExtension>
      <gpxtpx:atemp>29</gpxtpx:atemp>
      <gpxtpx:hr>108</gpxtpx:hr>
     </gpxtpx:TrackPointExtension>
    </extensions>
   </trkpt>
   <trkpt lat="-33.4618530" lon="151.0187250">
    <ele>42.6</ele>
    <time>2021-09-01T04:49:31Z</time>
    <extensions>
     <gpxtpx:TrackPointExtension>
      <gpxtpx:atemp>29</gpxtpx:atemp>
      <gpxtpx:hr>107</gpxtpx:hr>
     </gpxtpx:TrackPointExtension>
    </extensions>
   </trkpt>
   <trkpt lat="-33.4617950" lon="151.0187730">
    <ele>43.8</ele>
    <time>2021-09-01T04:49:33Z</time>
    <extensions>
     <gpxtpx:TrackPointExtension>
      <gpxtpx:atemp>29</gpxtpx:atemp>
      <gpxtpx:hr>105</gpxtpx:hr>
     </gpxtpx:TrackPointExtension>
    </extensions>
   </trkpt>
   <trkpt lat="-33.4617640" lon="151.0187970">
    <ele>44.2</ele>
    <time>2021-09-01T04:49:34Z</time>
    <extensions>
     <gpxtpx:TrackPointExtension>
      <gpxtpx:atemp>29</gpxtpx:atemp>
      <gpxtpx:hr>108</gpxtpx:hr>
     </gpxtpx:TrackPointExtension>
    </extensions>
   </trkpt>
   <trkpt lat="-33.4617180" lon="151.0188210">
    <ele>45.2</ele>
    <time>2021-09-01T04:49:36Z</time>
    <extensions>
     <gpxtpx:TrackPointExtension>
      <gpxtpx:atemp>29</gpxtpx:atemp>
      <gpxtpx:hr>108</gpxtpx:hr>
     </gpxtpx:TrackPointExtension>
    </extensions>
   </trkpt>
   <trkpt lat="-33.4616470" lon="151.0187820">
    <ele>46.0</ele>
    <time>2021-09-01T04:49:39Z</time>
    <extensions>
     <gpxtpx:TrackPointExtension>
      <gpxtpx:atemp>29</gpxtpx:atemp>
      <gpxtpx:hr>110</gpxtpx:hr>
     </gpxtpx:TrackPointExtension>
    </extensions>
   </trkpt>
   <trkpt lat="-33.4615130" lon="151.0187180">
    <ele>45.6</ele>
    <time>2021-09-01T04:49:43Z</time>
    <extensions>
     <gpxtpx:TrackPointExtension>
      <gpxtpx:atemp>29</gpxtpx:atemp>
      <gpxtpx:hr>113</gpxtpx:hr>
     </gpxtpx:TrackPointExtension>
    </extensions>
   </trkpt>
   <trkpt lat="-33.4613950" lon="151.0186540">
    <ele>44.8</ele>
    <time>2021-09-01T04:49:46Z</time>
    <extensions>
     <gpxtpx:TrackPointExtension>
      <gpxtpx:atemp>29</gpxtpx:atemp>
      <gpxtpx:hr>112</gpxtpx:hr>
     </gpxtpx:TrackPointExtension>
    </extensions>
   </trkpt>
   <trkpt lat="-33.4613260" lon="151.0185860">
    <ele>44.4</ele>
    <time>2021-09-01T04:49:48Z</time>
    <extensions>
     <gpxtpx:TrackPointExtension>
      <gpxtpx:atemp>29</gpxtpx:atemp>
      <gpxtpx:hr>111</gpxtpx:hr>
     </gpxtpx:TrackPointExtension>
    </extensions>
   </trkpt>
   <trkpt lat="-33.4612970" lon="151.0185470">
    <ele>44.2</ele>
    <time>2021-09-01T04:49:49Z</time>
    <extensions>
     <gpxtpx:TrackPointExtension>
      <gpxtpx:atemp>29</gpxtpx:atemp>
      <gpxtpx:hr>111</gpxtpx:hr>
     </gpxtpx:TrackPointExtension>
    </extensions>
   </trkpt>
   <trkpt lat="-33.4612820" lon="151.0185080">
    <ele>44.0</ele>
    <time>2021-09-01T04:49:50Z</time>
    <extensions>
     <gpxtpx:TrackPointExtension>
      <gpxtpx:atemp>29</gpxtpx:atemp>
      <gpxtpx:hr>111</gpxtpx:hr>
     </gpxtpx:TrackPointExtension>
    </extensions>
   </trkpt>
   <trkpt lat="-33.4612760" lon="151.0184660">
    <ele>43.8</ele>
    <time>2021-09-01T04:49:51Z</time>
    <extensions>
     <gpxtpx:TrackPointExtension>
      <gpxtpx:atemp>29</gpxtpx:atemp>
      <gpxtpx:hr>111</gpxtpx:hr>
     </gpxtpx:TrackPointExtension>
    </extensions>
   </trkpt>
   <trkpt lat="-33.4612290" lon="151.0183440">
    <ele>43.0</ele>
    <time>2021-09-01T04:49:54Z</time>
    <extensions>
     <gpxtpx:TrackPointExtension>
      <gpxtpx:atemp>29</gpxtpx:atemp>
      <gpxtpx:hr>111</gpxtpx:hr>
     </gpxtpx:TrackPointExtension>
    </extensions>
   </trkpt>
   <trkpt lat="-33.4612250" lon="151.0183070">
    <ele>42.8</ele>
    <time>2021-09-01T04:49:55Z</time>
    <extensions>
     <gpxtpx:TrackPointExtension>
      <gpxtpx:atemp>29</gpxtpx:atemp>
      <gpxtpx:hr>110</gpxtpx:hr>
     </gpxtpx:TrackPointExtension>
    </extensions>
   </trkpt>
   <trkpt lat="-33.4612070" lon="151.0182210">
    <ele>42.4</ele>
    <time>2021-09-01T04:49:57Z</time>
    <extensions>
     <gpxtpx:TrackPointExtension>
      <gpxtpx:atemp>29</gpxtpx:atemp>
      <gpxtpx:hr>111</gpxtpx:hr>
     </gpxtpx:TrackPointExtension>
    </extensions>
   </trkpt>
   <trkpt lat="-33.4611780" lon="151.0181790">
    <ele>42.2</ele>
    <time>2021-09-01T04:49:58Z</time>
    <extensions>
     <gpxtpx:TrackPointExtension>
      <gpxtpx:atemp>29</gpxtpx:atemp>
      <gpxtpx:hr>111</gpxtpx:hr>
     </gpxtpx:TrackPointExtension>
    </extensions>
   </trkpt>
   <trkpt lat="-33.4611410" lon="151.0181500">
    <ele>42.2</ele>
    <time>2021-09-01T04:49:59Z</time>
    <extensions>
     <gpxtpx:TrackPointExtension>
      <gpxtpx:atemp>29</gpxtpx:atemp>
      <gpxtpx:hr>110</gpxtpx:hr>
     </gpxtpx:TrackPointExtension>
    </extensions>
   </trkpt>
   <trkpt lat="-33.4610970" lon="151.0181380">
    <ele>41.8</ele>
    <time>2021-09-01T04:50:00Z</time>
    <extensions>
     <gpxtpx:TrackPointExtension>
      <gpxtpx:atemp>29</gpxtpx:atemp>
      <gpxtpx:hr>109</gpxtpx:hr>
     </gpxtpx:TrackPointExtension>
    </extensions>
   </trkpt>
   <trkpt lat="-33.4610470" lon="151.0181300">
    <ele>41.6</ele>
    <time>2021-09-01T04:50:01Z</time>
    <extensions>
     <gpxtpx:TrackPointExtension>
      <gpxtpx:atemp>29</gpxtpx:atemp>
      <gpxtpx:hr>108</gpxtpx:hr>
     </gpxtpx:TrackPointExtension>
    </extensions>
   </trkpt>
   <trkpt lat="-33.4609450" lon="151.0181300">
    <ele>41.2</ele>
    <time>2021-09-01T04:50:04Z</time>
    <extensions>
     <gpxtpx:TrackPointExtension>
      <gpxtpx:atemp>29</gpxtpx:atemp>
      <gpxtpx:hr>108</gpxtpx:hr>
     </gpxtpx:TrackPointExtension>
    </extensions>
   </trkpt>
   <trkpt lat="-33.4608450" lon="151.0181800">
    <ele>41.0</ele>
    <time>2021-09-01T04:50:08Z</time>
    <extensions>
     <gpxtpx:TrackPointExtension>
      <gpxtpx:atemp>29</gpxtpx:atemp>
      <gpxtpx:hr>108</gpxtpx:hr>
     </gpxtpx:TrackPointExtension>
    </extensions>
   </trkpt>
   <trkpt lat="-33.4608140" lon="151.0181650">
    <ele>41.0</ele>
    <time>2021-09-01T04:50:09Z</time>
    <extensions>
     <gpxtpx:TrackPointExtension>
      <gpxtpx:atemp>29</gpxtpx:atemp>
      <gpxtpx:hr>108</gpxtpx:hr>
     </gpxtpx:TrackPointExtension>
    </extensions>
   </trkpt>
   <trkpt lat="-33.4607830" lon="151.0181380">
    <ele>41.0</ele>
    <time>2021-09-01T04:50:10Z</time>
    <extensions>
     <gpxtpx:TrackPointExtension>
      <gpxtpx:atemp>29</gpxtpx:atemp>
      <gpxtpx:hr>106</gpxtpx:hr>
     </gpxtpx:TrackPointExtension>
    </extensions>
   </trkpt>
   <trkpt lat="-33.4606890" lon="151.0180500">
    <ele>40.8</ele>
    <time>2021-09-01T04:50:13Z</time>
    <extensions>
     <gpxtpx:TrackPointExtension>
      <gpxtpx:atemp>29</gpxtpx:atemp>
      <gpxtpx:hr>106</gpxtpx:hr>
     </gpxtpx:TrackPointExtension>
    </extensions>
   </trkpt>
   <trkpt lat="-33.4606830" lon="151.0180220">
    <ele>40.6</ele>
    <time>2021-09-01T04:50:14Z</time>
    <extensions>
     <gpxtpx:TrackPointExtension>
      <gpxtpx:atemp>29</gpxtpx:atemp>
      <gpxtpx:hr>108</gpxtpx:hr>
     </gpxtpx:TrackPointExtension>
    </extensions>
   </trkpt>
   <trkpt lat="-33.4606610" lon="151.0179550">
    <ele>39.8</ele>
    <time>2021-09-01T04:50:16Z</time>
    <extensions>
     <gpxtpx:TrackPointExtension>
      <gpxtpx:atemp>29</gpxtpx:atemp>
      <gpxtpx:hr>109</gpxtpx:hr>
     </gpxtpx:TrackPointExtension>
    </extensions>
   </trkpt>
   <trkpt lat="-33.4606380" lon="151.0179340">
    <ele>39.2</ele>
    <time>2021-09-01T04:50:17Z</time>
    <extensions>
     <gpxtpx:TrackPointExtension>
      <gpxtpx:atemp>29</gpxtpx:atemp>
      <gpxtpx:hr>109</gpxtpx:hr>
     </gpxtpx:TrackPointExtension>
    </extensions>
   </trkpt>
   <trkpt lat="-33.4605890" lon="151.0178220">
    <ele>38.6</ele>
    <time>2021-09-01T04:50:20Z</time>
    <extensions>
     <gpxtpx:TrackPointExtension>
      <gpxtpx:atemp>29</gpxtpx:atemp>
      <gpxtpx:hr>108</gpxtpx:hr>
     </gpxtpx:TrackPointExtension>
    </extensions>
   </trkpt>
   <trkpt lat="-33.4605730" lon="151.0177700">
    <ele>38.4</ele>
    <time>2021-09-01T04:50:21Z</time>
    <extensions>
     <gpxtpx:TrackPointExtension>
      <gpxtpx:atemp>29</gpxtpx:atemp>
      <gpxtpx:hr>108</gpxtpx:hr>
     </gpxtpx:TrackPointExtension>
    </extensions>
   </trkpt>
   <trkpt lat="-33.4605550" lon="151.0177180">
    <ele>38.4</ele>
    <time>2021-09-01T04:50:22Z</time>
    <extensions>
     <gpxtpx:TrackPointExtension>
      <gpxtpx:atemp>29</gpxtpx:atemp>
      <gpxtpx:hr>106</gpxtpx:hr>
     </gpxtpx:TrackPointExtension>
    </extensions>
   </trkpt>
   <trkpt lat="-33.4605400" lon="151.0176710">
    <ele>37.8</ele>
    <time>2021-09-01T04:50:23Z</time>
    <extensions>
     <gpxtpx:TrackPointExtension>
      <gpxtpx:atemp>29</gpxtpx:atemp>
      <gpxtpx:hr>106</gpxtpx:hr>
     </gpxtpx:TrackPointExtension>
    </extensions>
   </trkpt>
   <trkpt lat="-33.4605420" lon="151.0175760">
    <ele>36.6</ele>
    <time>2021-09-01T04:50:25Z</time>
    <extensions>
     <gpxtpx:TrackPointExtension>
      <gpxtpx:atemp>29</gpxtpx:atemp>
      <gpxtpx:hr>106</gpxtpx:hr>
     </gpxtpx:TrackPointExtension>
    </extensions>
   </trkpt>
   <trkpt lat="-33.4605800" lon="151.0174900">
    <ele>36.0</ele>
    <time>2021-09-01T04:50:27Z</time>
    <extensions>
     <gpxtpx:TrackPointExtension>
      <gpxtpx:atemp>29</gpxtpx:atemp>
      <gpxtpx:hr>103</gpxtpx:hr>
     </gpxtpx:TrackPointExtension>
    </extensions>
   </trkpt>
   <trkpt lat="-33.4606050" lon="151.0174490">
    <ele>35.2</ele>
    <time>2021-09-01T04:50:28Z</time>
    <extensions>
     <gpxtpx:TrackPointExtension>
      <gpxtpx:atemp>29</gpxtpx:atemp>
      <gpxtpx:hr>103</gpxtpx:hr>
     </gpxtpx:TrackPointExtension>
    </extensions>
   </trkpt>
   <trkpt lat="-33.4606240" lon="151.0174080">
    <ele>34.6</ele>
    <time>2021-09-01T04:50:29Z</time>
    <extensions>
     <gpxtpx:TrackPointExtension>
      <gpxtpx:atemp>29</gpxtpx:atemp>
      <gpxtpx:hr>103</gpxtpx:hr>
     </gpxtpx:TrackPointExtension>
    </extensions>
   </trkpt>
   <trkpt lat="-33.4606380" lon="151.0173620">
    <ele>33.8</ele>
    <time>2021-09-01T04:50:30Z</time>
    <extensions>
     <gpxtpx:TrackPointExtension>
      <gpxtpx:atemp>29</gpxtpx:atemp>
      <gpxtpx:hr>105</gpxtpx:hr>
     </gpxtpx:TrackPointExtension>
    </extensions>
   </trkpt>
   <trkpt lat="-33.4606540" lon="151.0173530">
    <ele>33.4</ele>
    <time>2021-09-01T04:50:31Z</time>
    <extensions>
     <gpxtpx:TrackPointExtension>
      <gpxtpx:atemp>29</gpxtpx:atemp>
      <gpxtpx:hr>105</gpxtpx:hr>
     </gpxtpx:TrackPointExtension>
    </extensions>
   </trkpt>
   <trkpt lat="-33.4606810" lon="151.0173490">
    <ele>33.2</ele>
    <time>2021-09-01T04:50:32Z</time>
    <extensions>
     <gpxtpx:TrackPointExtension>
      <gpxtpx:atemp>29</gpxtpx:atemp>
      <gpxtpx:hr>105</gpxtpx:hr>
     </gpxtpx:TrackPointExtension>
    </extensions>
   </trkpt>
   <trkpt lat="-33.4607240" lon="151.0173580">
    <ele>33.0</ele>
    <time>2021-09-01T04:50:33Z</time>
    <extensions>
     <gpxtpx:TrackPointExtension>
      <gpxtpx:atemp>29</gpxtpx:atemp>
      <gpxtpx:hr>105</gpxtpx:hr>
     </gpxtpx:TrackPointExtension>
    </extensions>
   </trkpt>
   <trkpt lat="-33.4608350" lon="151.0173880">
    <ele>33.4</ele>
    <time>2021-09-01T04:50:35Z</time>
    <extensions>
     <gpxtpx:TrackPointExtension>
      <gpxtpx:atemp>29</gpxtpx:atemp>
      <gpxtpx:hr>105</gpxtpx:hr>
     </gpxtpx:TrackPointExtension>
    </extensions>
   </trkpt>
   <trkpt lat="-33.4608870" lon="151.0174030">
    <ele>33.8</ele>
    <time>2021-09-01T04:50:36Z</time>
    <extensions>
     <gpxtpx:TrackPointExtension>
      <gpxtpx:atemp>29</gpxtpx:atemp>
      <gpxtpx:hr>106</gpxtpx:hr>
     </gpxtpx:TrackPointExtension>
    </extensions>
   </trkpt>
   <trkpt lat="-33.4610680" lon="151.0174230">
    <ele>34.4</ele>
    <time>2021-09-01T04:50:39Z</time>
    <extensions>
     <gpxtpx:TrackPointExtension>
      <gpxtpx:atemp>29</gpxtpx:atemp>
      <gpxtpx:hr>106</gpxtpx:hr>
     </gpxtpx:TrackPointExtension>
    </extensions>
   </trkpt>
   <trkpt lat="-33.4611940" lon="151.0174660">
    <ele>34.8</ele>
    <time>2021-09-01T04:50:41Z</time>
    <extensions>
     <gpxtpx:TrackPointExtension>
      <gpxtpx:atemp>29</gpxtpx:atemp>
      <gpxtpx:hr>108</gpxtpx:hr>
     </gpxtpx:TrackPointExtension>
    </extensions>
   </trkpt>
   <trkpt lat="-33.4613310" lon="151.0175350">
    <ele>35.2</ele>
    <time>2021-09-01T04:50:44Z</time>
    <extensions>
     <gpxtpx:TrackPointExtension>
      <gpxtpx:atemp>29</gpxtpx:atemp>
      <gpxtpx:hr>108</gpxtpx:hr>
     </gpxtpx:TrackPointExtension>
    </extensions>
   </trkpt>
   <trkpt lat="-33.4613940" lon="151.0175510">
    <ele>35.4</ele>
    <time>2021-09-01T04:50:46Z</time>
    <extensions>
     <gpxtpx:TrackPointExtension>
      <gpxtpx:atemp>29</gpxtpx:atemp>
      <gpxtpx:hr>111</gpxtpx:hr>
     </gpxtpx:TrackPointExtension>
    </extensions>
   </trkpt>
   <trkpt lat="-33.4614160" lon="151.0175370">
    <ele>35.2</ele>
    <time>2021-09-01T04:50:47Z</time>
    <extensions>
     <gpxtpx:TrackPointExtension>
      <gpxtpx:atemp>29</gpxtpx:atemp>
      <gpxtpx:hr>109</gpxtpx:hr>
     </gpxtpx:TrackPointExtension>
    </extensions>
   </trkpt>
   <trkpt lat="-33.4614870" lon="151.0174420">
    <ele>34.6</ele>
    <time>2021-09-01T04:50:50Z</time>
    <extensions>
     <gpxtpx:TrackPointExtension>
      <gpxtpx:atemp>29</gpxtpx:atemp>
      <gpxtpx:hr>109</gpxtpx:hr>
     </gpxtpx:TrackPointExtension>
    </extensions>
   </trkpt>
   <trkpt lat="-33.4614810" lon="151.0174080">
    <ele>34.2</ele>
    <time>2021-09-01T04:50:51Z</time>
    <extensions>
     <gpxtpx:TrackPointExtension>
      <gpxtpx:atemp>29</gpxtpx:atemp>
      <gpxtpx:hr>108</gpxtpx:hr>
     </gpxtpx:TrackPointExtension>
    </extensions>
   </trkpt>
   <trkpt lat="-33.4614650" lon="151.0173800">
    <ele>34.0</ele>
    <time>2021-09-01T04:50:52Z</time>
    <extensions>
     <gpxtpx:TrackPointExtension>
      <gpxtpx:atemp>29</gpxtpx:atemp>
      <gpxtpx:hr>106</gpxtpx:hr>
     </gpxtpx:TrackPointExtension>
    </extensions>
   </trkpt>
   <trkpt lat="-33.4613590" lon="151.0173200">
    <ele>33.8</ele>
    <time>2021-09-01T04:50:55Z</time>
    <extensions>
     <gpxtpx:TrackPointExtension>
      <gpxtpx:atemp>29</gpxtpx:atemp>
      <gpxtpx:hr>106</gpxtpx:hr>
     </gpxtpx:TrackPointExtension>
    </extensions>
   </trkpt>
   <trkpt lat="-33.4612670" lon="151.0172740">
    <ele>34.0</ele>
    <time>2021-09-01T04:50:57Z</time>
    <extensions>
     <gpxtpx:TrackPointExtension>
      <gpxtpx:atemp>29</gpxtpx:atemp>
      <gpxtpx:hr>106</gpxtpx:hr>
     </gpxtpx:TrackPointExtension>
    </extensions>
   </trkpt>
   <trkpt lat="-33.4611710" lon="151.0171860">
    <ele>33.4</ele>
    <time>2021-09-01T04:51:00Z</time>
    <extensions>
     <gpxtpx:TrackPointExtension>
      <gpxtpx:atemp>29</gpxtpx:atemp>
      <gpxtpx:hr>105</gpxtpx:hr>
     </gpxtpx:TrackPointExtension>
    </extensions>
   </trkpt>
   <trkpt lat="-33.4611090" lon="151.0171540">
    <ele>32.8</ele>
    <time>2021-09-01T04:51:02Z</time>
    <extensions>
     <gpxtpx:TrackPointExtension>
      <gpxtpx:atemp>29</gpxtpx:atemp>
      <gpxtpx:hr>105</gpxtpx:hr>
     </gpxtpx:TrackPointExtension>
    </extensions>
   </trkpt>
   <trkpt lat="-33.4610750" lon="151.0171560">
    <ele>32.2</ele>
    <time>2021-09-01T04:51:04Z</time>
    <extensions>
     <gpxtpx:TrackPointExtension>
      <gpxtpx:atemp>29</gpxtpx:atemp>
      <gpxtpx:hr>107</gpxtpx:hr>
     </gpxtpx:TrackPointExtension>
    </extensions>
   </trkpt>
   <trkpt lat="-33.4610550" lon="151.0171510">
    <ele>31.8</ele>
    <time>2021-09-01T04:51:06Z</time>
    <extensions>
     <gpxtpx:TrackPointExtension>
      <gpxtpx:atemp>29</gpxtpx:atemp>
      <gpxtpx:hr>106</gpxtpx:hr>
     </gpxtpx:TrackPointExtension>
    </extensions>
   </trkpt>
   <trkpt lat="-33.4610500" lon="151.0171440">
    <ele>31.6</ele>
    <time>2021-09-01T04:51:08Z</time>
    <extensions>
     <gpxtpx:TrackPointExtension>
      <gpxtpx:atemp>29</gpxtpx:atemp>
      <gpxtpx:hr>104</gpxtpx:hr>
     </gpxtpx:TrackPointExtension>
    </extensions>
   </trkpt>
   <trkpt lat="-33.4610310" lon="151.0171240">
    <ele>31.2</ele>
    <time>2021-09-01T04:51:11Z</time>
    <extensions>
     <gpxtpx:TrackPointExtension>
      <gpxtpx:atemp>29</gpxtpx:atemp>
      <gpxtpx:hr>105</gpxtpx:hr>
     </gpxtpx:TrackPointExtension>
    </extensions>
   </trkpt>
   <trkpt lat="-33.4609930" lon="151.0170570">
    <ele>31.0</ele>
    <time>2021-09-01T04:51:13Z</time>
    <extensions>
     <gpxtpx:TrackPointExtension>
      <gpxtpx:atemp>29</gpxtpx:atemp>
      <gpxtpx:hr>104</gpxtpx:hr>
     </gpxtpx:TrackPointExtension>
    </extensions>
   </trkpt>
   <trkpt lat="-33.4609290" lon="151.0169390">
    <ele>30.6</ele>
    <time>2021-09-01T04:51:16Z</time>
    <extensions>
     <gpxtpx:TrackPointExtension>
      <gpxtpx:atemp>29</gpxtpx:atemp>
      <gpxtpx:hr>107</gpxtpx:hr>
     </gpxtpx:TrackPointExtension>
    </extensions>
   </trkpt>
   <trkpt lat="-33.4609070" lon="151.0168550">
    <ele>29.2</ele>
    <time>2021-09-01T04:51:19Z</time>
    <extensions>
     <gpxtpx:TrackPointExtension>
      <gpxtpx:atemp>29</gpxtpx:atemp>
      <gpxtpx:hr>108</gpxtpx:hr>
     </gpxtpx:TrackPointExtension>
    </extensions>
   </trkpt>
   <trkpt lat="-33.4609020" lon="151.0167580">
    <ele>28.2</ele>
    <time>2021-09-01T04:51:21Z</time>
    <extensions>
     <gpxtpx:TrackPointExtension>
      <gpxtpx:atemp>29</gpxtpx:atemp>
      <gpxtpx:hr>108</gpxtpx:hr>
     </gpxtpx:TrackPointExtension>
    </extensions>
   </trkpt>
   <trkpt lat="-33.4609070" lon="151.0167020">
    <ele>27.4</ele>
    <time>2021-09-01T04:51:22Z</time>
    <extensions>
     <gpxtpx:TrackPointExtension>
      <gpxtpx:atemp>29</gpxtpx:atemp>
      <gpxtpx:hr>108</gpxtpx:hr>
     </gpxtpx:TrackPointExtension>
    </extensions>
   </trkpt>
   <trkpt lat="-33.4609160" lon="151.0166510">
    <ele>26.8</ele>
    <time>2021-09-01T04:51:23Z</time>
    <extensions>
     <gpxtpx:TrackPointExtension>
      <gpxtpx:atemp>29</gpxtpx:atemp>
      <gpxtpx:hr>109</gpxtpx:hr>
     </gpxtpx:TrackPointExtension>
    </extensions>
   </trkpt>
   <trkpt lat="-33.4609310" lon="151.0166090">
    <ele>26.2</ele>
    <time>2021-09-01T04:51:24Z</time>
    <extensions>
     <gpxtpx:TrackPointExtension>
      <gpxtpx:atemp>29</gpxtpx:atemp>
      <gpxtpx:hr>108</gpxtpx:hr>
     </gpxtpx:TrackPointExtension>
    </extensions>
   </trkpt>
   <trkpt lat="-33.4609430" lon="151.0165330">
    <ele>25.2</ele>
    <time>2021-09-01T04:51:26Z</time>
    <extensions>
     <gpxtpx:TrackPointExtension>
      <gpxtpx:atemp>29</gpxtpx:atemp>
      <gpxtpx:hr>107</gpxtpx:hr>
     </gpxtpx:TrackPointExtension>
    </extensions>
   </trkpt>
   <trkpt lat="-33.4609400" lon="151.0165030">
    <ele>25.0</ele>
    <time>2021-09-01T04:51:27Z</time>
    <extensions>
     <gpxtpx:TrackPointExtension>
      <gpxtpx:atemp>29</gpxtpx:atemp>
      <gpxtpx:hr>108</gpxtpx:hr>
     </gpxtpx:TrackPointExtension>
    </extensions>
   </trkpt>
   <trkpt lat="-33.4609390" lon="151.0163920">
    <ele>25.2</ele>
    <time>2021-09-01T04:51:32Z</time>
    <extensions>
     <gpxtpx:TrackPointExtension>
      <gpxtpx:atemp>29</gpxtpx:atemp>
      <gpxtpx:hr>108</gpxtpx:hr>
     </gpxtpx:TrackPointExtension>
    </extensions>
   </trkpt>
   <trkpt lat="-33.4610110" lon="151.0163100">
    <ele>25.0</ele>
    <time>2021-09-01T04:51:38Z</time>
    <extensions>
     <gpxtpx:TrackPointExtension>
      <gpxtpx:atemp>29</gpxtpx:atemp>
      <gpxtpx:hr>108</gpxtpx:hr>
     </gpxtpx:TrackPointExtension>
    </extensions>
   </trkpt>
   <trkpt lat="-33.4610090" lon="151.0162890">
    <ele>24.8</ele>
    <time>2021-09-01T04:51:41Z</time>
    <extensions>
     <gpxtpx:TrackPointExtension>
      <gpxtpx:atemp>29</gpxtpx:atemp>
      <gpxtpx:hr>107</gpxtpx:hr>
     </gpxtpx:TrackPointExtension>
    </extensions>
   </trkpt>
   <trkpt lat="-33.4609960" lon="151.0162800">
    <ele>24.8</ele>
    <time>2021-09-01T04:51:42Z</time>
    <extensions>
     <gpxtpx:TrackPointExtension>
      <gpxtpx:atemp>29</gpxtpx:atemp>
      <gpxtpx:hr>107</gpxtpx:hr>
     </gpxtpx:TrackPointExtension>
    </extensions>
   </trkpt>
   <trkpt lat="-33.4609880" lon="151.0162850">
    <ele>24.8</ele>
    <time>2021-09-01T04:51:43Z</time>
    <extensions>
     <gpxtpx:TrackPointExtension>
      <gpxtpx:atemp>29</gpxtpx:atemp>
      <gpxtpx:hr>107</gpxtpx:hr>
     </gpxtpx:TrackPointExtension>
    </extensions>
   </trkpt>
   <trkpt lat="-33.4609820" lon="151.0163040">
    <ele>24.8</ele>
    <time>2021-09-01T04:51:45Z</time>
    <extensions>
     <gpxtpx:TrackPointExtension>
      <gpxtpx:atemp>29</gpxtpx:atemp>
      <gpxtpx:hr>107</gpxtpx:hr>
     </gpxtpx:TrackPointExtension>
    </extensions>
   </trkpt>
   <trkpt lat="-33.4609690" lon="151.0163100">
    <ele>24.8</ele>
    <time>2021-09-01T04:51:46Z</time>
    <extensions>
     <gpxtpx:TrackPointExtension>
      <gpxtpx:atemp>29</gpxtpx:atemp>
      <gpxtpx:hr>107</gpxtpx:hr>
     </gpxtpx:TrackPointExtension>
    </extensions>
   </trkpt>
   <trkpt lat="-33.4609110" lon="151.0163500">
    <ele>25.4</ele>
    <time>2021-09-01T04:51:50Z</time>
    <extensions>
     <gpxtpx:TrackPointExtension>
      <gpxtpx:atemp>29</gpxtpx:atemp>
      <gpxtpx:hr>104</gpxtpx:hr>
     </gpxtpx:TrackPointExtension>
    </extensions>
   </trkpt>
   <trkpt lat="-33.4608920" lon="151.0163470">
    <ele>25.4</ele>
    <time>2021-09-01T04:51:51Z</time>
    <extensions>
     <gpxtpx:TrackPointExtension>
      <gpxtpx:atemp>29</gpxtpx:atemp>
      <gpxtpx:hr>104</gpxtpx:hr>
     </gpxtpx:TrackPointExtension>
    </extensions>
   </trkpt>
   <trkpt lat="-33.4607860" lon="151.0162850">
    <ele>26.6</ele>
    <time>2021-09-01T04:51:55Z</time>
    <extensions>
     <gpxtpx:TrackPointExtension>
      <gpxtpx:atemp>29</gpxtpx:atemp>
      <gpxtpx:hr>104</gpxtpx:hr>
     </gpxtpx:TrackPointExtension>
    </extensions>
   </trkpt>
   <trkpt lat="-33.4607560" lon="151.0162790">
    <ele>26.8</ele>
    <time>2021-09-01T04:51:56Z</time>
    <extensions>
     <gpxtpx:TrackPointExtension>
      <gpxtpx:atemp>29</gpxtpx:atemp>
      <gpxtpx:hr>104</gpxtpx:hr>
     </gpxtpx:TrackPointExtension>
    </extensions>
   </trkpt>
   <trkpt lat="-33.4606470" lon="151.0163170">
    <ele>27.0</ele>
    <time>2021-09-01T04:52:01Z</time>
    <extensions>
     <gpxtpx:TrackPointExtension>
      <gpxtpx:atemp>29</gpxtpx:atemp>
      <gpxtpx:hr>106</gpxtpx:hr>
     </gpxtpx:TrackPointExtension>
    </extensions>
   </trkpt>
   <trkpt lat="-33.4606240" lon="151.0163670">
    <ele>27.6</ele>
    <time>2021-09-01T04:52:05Z</time>
    <extensions>
     <gpxtpx:TrackPointExtension>
      <gpxtpx:atemp>29</gpxtpx:atemp>
      <gpxtpx:hr>104</gpxtpx:hr>
     </gpxtpx:TrackPointExtension>
    </extensions>
   </trkpt>
   <trkpt lat="-33.4606270" lon="151.0163680">
    <ele>27.6</ele>
    <time>2021-09-01T04:52:06Z</time>
    <extensions>
     <gpxtpx:TrackPointExtension>
      <gpxtpx:atemp>29</gpxtpx:atemp>
      <gpxtpx:hr>103</gpxtpx:hr>
     </gpxtpx:TrackPointExtension>
    </extensions>
   </trkpt>
   <trkpt lat="-33.4606290" lon="151.0163660">
    <ele>27.8</ele>
    <time>2021-09-01T04:52:13Z</time>
    <extensions>
     <gpxtpx:TrackPointExtension>
      <gpxtpx:atemp>29</gpxtpx:atemp>
      <gpxtpx:hr>103</gpxtpx:hr>
     </gpxtpx:TrackPointExtension>
    </extensions>
   </trkpt>
   <trkpt lat="-33.4606230" lon="151.0163730">
    <ele>27.6</ele>
    <time>2021-09-01T04:52:23Z</time>
    <extensions>
     <gpxtpx:TrackPointExtension>
      <gpxtpx:atemp>29</gpxtpx:atemp>
      <gpxtpx:hr>101</gpxtpx:hr>
     </gpxtpx:TrackPointExtension>
    </extensions>
   </trkpt>
   <trkpt lat="-33.4606220" lon="151.0163700">
    <ele>27.6</ele>
    <time>2021-09-01T04:52:32Z</time>
    <extensions>
     <gpxtpx:TrackPointExtension>
      <gpxtpx:atemp>29</gpxtpx:atemp>
      <gpxtpx:hr>96</gpxtpx:hr>
     </gpxtpx:TrackPointExtension>
    </extensions>
   </trkpt>
   <trkpt lat="-33.4606230" lon="151.0163720">
    <ele>27.4</ele>
    <time>2021-09-01T04:52:33Z</time>
    <extensions>
     <gpxtpx:TrackPointExtension>
      <gpxtpx:atemp>29</gpxtpx:atemp>
      <gpxtpx:hr>99</gpxtpx:hr>
     </gpxtpx:TrackPointExtension>
    </extensions>
   </trkpt>
   <trkpt lat="-33.4606230" lon="151.0163740">
    <ele>27.4</ele>
    <time>2021-09-01T04:52:34Z</time>
    <extensions>
     <gpxtpx:TrackPointExtension>
      <gpxtpx:atemp>29</gpxtpx:atemp>
      <gpxtpx:hr>99</gpxtpx:hr>
     </gpxtpx:TrackPointExtension>
    </extensions>
   </trkpt>
   <trkpt lat="-33.4606050" lon="151.0164070">
    <ele>27.4</ele>
    <time>2021-09-01T04:52:41Z</time>
    <extensions>
     <gpxtpx:TrackPointExtension>
      <gpxtpx:atemp>29</gpxtpx:atemp>
      <gpxtpx:hr>98</gpxtpx:hr>
     </gpxtpx:TrackPointExtension>
    </extensions>
   </trkpt>
   <trkpt lat="-33.4605070" lon="151.0165890">
    <ele>28.6</ele>
    <time>2021-09-01T04:52:45Z</time>
    <extensions>
     <gpxtpx:TrackPointExtension>
      <gpxtpx:atemp>29</gpxtpx:atemp>
      <gpxtpx:hr>99</gpxtpx:hr>
     </gpxtpx:TrackPointExtension>
    </extensions>
   </trkpt>
   <trkpt lat="-33.4604900" lon="151.0166450">
    <ele>28.8</ele>
    <time>2021-09-01T04:52:46Z</time>
    <extensions>
     <gpxtpx:TrackPointExtension>
      <gpxtpx:atemp>29</gpxtpx:atemp>
      <gpxtpx:hr>99</gpxtpx:hr>
     </gpxtpx:TrackPointExtension>
    </extensions>
   </trkpt>
   <trkpt lat="-33.4605000" lon="151.0167740">
    <ele>29.0</ele>
    <time>2021-09-01T04:52:48Z</time>
    <extensions>
     <gpxtpx:TrackPointExtension>
      <gpxtpx:atemp>29</gpxtpx:atemp>
      <gpxtpx:hr>98</gpxtpx:hr>
     </gpxtpx:TrackPointExtension>
    </extensions>
   </trkpt>
   <trkpt lat="-33.4605890" lon="151.0169960">
    <ele>29.8</ele>
    <time>2021-09-01T04:52:51Z</time>
    <extensions>
     <gpxtpx:TrackPointExtension>
      <gpxtpx:atemp>29</gpxtpx:atemp>
      <gpxtpx:hr>100</gpxtpx:hr>
     </gpxtpx:TrackPointExtension>
    </extensions>
   </trkpt>
   <trkpt lat="-33.4605910" lon="151.0170480">
    <ele>30.2</ele>
    <time>2021-09-01T04:52:52Z</time>
    <extensions>
     <gpxtpx:TrackPointExtension>
      <gpxtpx:atemp>29</gpxtpx:atemp>
      <gpxtpx:hr>100</gpxtpx:hr>
     </gpxtpx:TrackPointExtension>
    </extensions>
   </trkpt>
   <trkpt lat="-33.4605810" lon="151.0170880">
    <ele>31.0</ele>
    <time>2021-09-01T04:52:53Z</time>
    <extensions>
     <gpxtpx:TrackPointExtension>
      <gpxtpx:atemp>29</gpxtpx:atemp>
      <gpxtpx:hr>100</gpxtpx:hr>
     </gpxtpx:TrackPointExtension>
    </extensions>
   </trkpt>
   <trkpt lat="-33.4605630" lon="151.0171050">
    <ele>31.2</ele>
    <time>2021-09-01T04:52:54Z</time>
    <extensions>
     <gpxtpx:TrackPointExtension>
      <gpxtpx:atemp>29</gpxtpx:atemp>
      <gpxtpx:hr>100</gpxtpx:hr>
     </gpxtpx:TrackPointExtension>
    </extensions>
   </trkpt>
   <trkpt lat="-33.4605360" lon="151.0171140">
    <ele>31.4</ele>
    <time>2021-09-01T04:52:55Z</time>
    <extensions>
     <gpxtpx:TrackPointExtension>
      <gpxtpx:atemp>29</gpxtpx:atemp>
      <gpxtpx:hr>103</gpxtpx:hr>
     </gpxtpx:TrackPointExtension>
    </extensions>
   </trkpt>
   <trkpt lat="-33.4605040" lon="151.0171030">
    <ele>31.6</ele>
    <time>2021-09-01T04:52:56Z</time>
    <extensions>
     <gpxtpx:TrackPointExtension>
      <gpxtpx:atemp>29</gpxtpx:atemp>
      <gpxtpx:hr>100</gpxtpx:hr>
     </gpxtpx:TrackPointExtension>
    </extensions>
   </trkpt>
   <trkpt lat="-33.4604740" lon="151.0170950">
    <ele>31.6</ele>
    <time>2021-09-01T04:52:57Z</time>
    <extensions>
     <gpxtpx:TrackPointExtension>
      <gpxtpx:atemp>29</gpxtpx:atemp>
      <gpxtpx:hr>102</gpxtpx:hr>
     </gpxtpx:TrackPointExtension>
    </extensions>
   </trkpt>
   <trkpt lat="-33.4604080" lon="151.0171320">
    <ele>31.6</ele>
    <time>2021-09-01T04:52:59Z</time>
    <extensions>
     <gpxtpx:TrackPointExtension>
      <gpxtpx:atemp>29</gpxtpx:atemp>
      <gpxtpx:hr>104</gpxtpx:hr>
     </gpxtpx:TrackPointExtension>
    </extensions>
   </trkpt>
   <trkpt lat="-33.4602950" lon="151.0172030">
    <ele>31.8</ele>
    <time>2021-09-01T04:53:01Z</time>
    <extensions>
     <gpxtpx:TrackPointExtension>
      <gpxtpx:atemp>29</gpxtpx:atemp>
      <gpxtpx:hr>108</gpxtpx:hr>
     </gpxtpx:TrackPointExtension>
    </extensions>
   </trkpt>
   <trkpt lat="-33.4602290" lon="151.0172230">
    <ele>32.0</ele>
    <time>2021-09-01T04:53:02Z</time>
    <extensions>
     <gpxtpx:TrackPointExtension>
      <gpxtpx:atemp>29</gpxtpx:atemp>
      <gpxtpx:hr>109</gpxtpx:hr>
     </gpxtpx:TrackPointExtension>
    </extensions>
   </trkpt>
   <trkpt lat="-33.4601620" lon="151.0172440">
    <ele>32.4</ele>
    <time>2021-09-01T04:53:03Z</time>
    <extensions>
     <gpxtpx:TrackPointExtension>
      <gpxtpx:atemp>29</gpxtpx:atemp>
      <gpxtpx:hr>110</gpxtpx:hr>
     </gpxtpx:TrackPointExtension>
    </extensions>
   </trkpt>
   <trkpt lat="-33.4600540" lon="151.0173080">
    <ele>33.0</ele>
    <time>2021-09-01T04:53:05Z</time>
    <extensions>
     <gpxtpx:TrackPointExtension>
      <gpxtpx:atemp>29</gpxtpx:atemp>
      <gpxtpx:hr>110</gpxtpx:hr>
     </gpxtpx:TrackPointExtension>
    </extensions>
   </trkpt>
   <trkpt lat="-33.4600030" lon="151.0173470">
    <ele>33.0</ele>
    <time>2021-09-01T04:53:06Z</time>
    <extensions>
     <gpxtpx:TrackPointExtension>
      <gpxtpx:atemp>29</gpxtpx:atemp>
      <gpxtpx:hr>110</gpxtpx:hr>
     </gpxtpx:TrackPointExtension>
    </extensions>
   </trkpt>
   <trkpt lat="-33.4599530" lon="151.0173920">
    <ele>33.4</ele>
    <time>2021-09-01T04:53:07Z</time>
    <extensions>
     <gpxtpx:TrackPointExtension>
      <gpxtpx:atemp>29</gpxtpx:atemp>
      <gpxtpx:hr>110</gpxtpx:hr>
     </gpxtpx:TrackPointExtension>
    </extensions>
   </trkpt>
   <trkpt lat="-33.4599000" lon="151.0174220">
    <ele>33.6</ele>
    <time>2021-09-01T04:53:08Z</time>
    <extensions>
     <gpxtpx:TrackPointExtension>
      <gpxtpx:atemp>29</gpxtpx:atemp>
      <gpxtpx:hr>110</gpxtpx:hr>
     </gpxtpx:TrackPointExtension>
    </extensions>
   </trkpt>
   <trkpt lat="-33.4598090" lon="151.0174780">
    <ele>33.8</ele>
    <time>2021-09-01T04:53:10Z</time>
    <extensions>
     <gpxtpx:TrackPointExtension>
      <gpxtpx:atemp>29</gpxtpx:atemp>
      <gpxtpx:hr>110</gpxtpx:hr>
     </gpxtpx:TrackPointExtension>
    </extensions>
   </trkpt>
   <trkpt lat="-33.4597960" lon="151.0175620">
    <ele>33.8</ele>
    <time>2021-09-01T04:53:12Z</time>
    <extensions>
     <gpxtpx:TrackPointExtension>
      <gpxtpx:atemp>29</gpxtpx:atemp>
      <gpxtpx:hr>111</gpxtpx:hr>
     </gpxtpx:TrackPointExtension>
    </extensions>
   </trkpt>
   <trkpt lat="-33.4598040" lon="151.0176170">
    <ele>34.0</ele>
    <time>2021-09-01T04:53:13Z</time>
    <extensions>
     <gpxtpx:TrackPointExtension>
      <gpxtpx:atemp>29</gpxtpx:atemp>
      <gpxtpx:hr>116</gpxtpx:hr>
     </gpxtpx:TrackPointExtension>
    </extensions>
   </trkpt>
   <trkpt lat="-33.4598090" lon="151.0176820">
    <ele>34.0</ele>
    <time>2021-09-01T04:53:14Z</time>
    <extensions>
     <gpxtpx:TrackPointExtension>
      <gpxtpx:atemp>29</gpxtpx:atemp>
      <gpxtpx:hr>120</gpxtpx:hr>
     </gpxtpx:TrackPointExtension>
    </extensions>
   </trkpt>
   <trkpt lat="-33.4598250" lon="151.0177350">
    <ele>34.2</ele>
    <time>2021-09-01T04:53:15Z</time>
    <extensions>
     <gpxtpx:TrackPointExtension>
      <gpxtpx:atemp>29</gpxtpx:atemp>
      <gpxtpx:hr>120</gpxtpx:hr>
     </gpxtpx:TrackPointExtension>
    </extensions>
   </trkpt>
   <trkpt lat="-33.4598540" lon="151.0177760">
    <ele>34.2</ele>
    <time>2021-09-01T04:53:16Z</time>
    <extensions>
     <gpxtpx:TrackPointExtension>
      <gpxtpx:atemp>29</gpxtpx:atemp>
      <gpxtpx:hr>125</gpxtpx:hr>
     </gpxtpx:TrackPointExtension>
    </extensions>
   </trkpt>
   <trkpt lat="-33.4598830" lon="151.0178150">
    <ele>34.4</ele>
    <time>2021-09-01T04:53:17Z</time>
    <extensions>
     <gpxtpx:TrackPointExtension>
      <gpxtpx:atemp>29</gpxtpx:atemp>
      <gpxtpx:hr>126</gpxtpx:hr>
     </gpxtpx:TrackPointExtension>
    </extensions>
   </trkpt>
   <trkpt lat="-33.4599110" lon="151.0178490">
    <ele>34.8</ele>
    <time>2021-09-01T04:53:18Z</time>
    <extensions>
     <gpxtpx:TrackPointExtension>
      <gpxtpx:atemp>29</gpxtpx:atemp>
      <gpxtpx:hr>128</gpxtpx:hr>
     </gpxtpx:TrackPointExtension>
    </extensions>
   </trkpt>
   <trkpt lat="-33.4599780" lon="151.0179010">
    <ele>36.0</ele>
    <time>2021-09-01T04:53:20Z</time>
    <extensions>
     <gpxtpx:TrackPointExtension>
      <gpxtpx:atemp>29</gpxtpx:atemp>
      <gpxtpx:hr>131</gpxtpx:hr>
     </gpxtpx:TrackPointExtension>
    </extensions>
   </trkpt>
   <trkpt lat="-33.4600130" lon="151.0179360">
    <ele>36.2</ele>
    <time>2021-09-01T04:53:21Z</time>
    <extensions>
     <gpxtpx:TrackPointExtension>
      <gpxtpx:atemp>29</gpxtpx:atemp>
      <gpxtpx:hr>133</gpxtpx:hr>
     </gpxtpx:TrackPointExtension>
    </extensions>
   </trkpt>
   <trkpt lat="-33.4600430" lon="151.0179820">
    <ele>36.6</ele>
    <time>2021-09-01T04:53:22Z</time>
    <extensions>
     <gpxtpx:TrackPointExtension>
      <gpxtpx:atemp>29</gpxtpx:atemp>
      <gpxtpx:hr>134</gpxtpx:hr>
     </gpxtpx:TrackPointExtension>
    </extensions>
   </trkpt>
   <trkpt lat="-33.4600910" lon="151.0180610">
    <ele>37.4</ele>
    <time>2021-09-01T04:53:24Z</time>
    <extensions>
     <gpxtpx:TrackPointExtension>
      <gpxtpx:atemp>29</gpxtpx:atemp>
      <gpxtpx:hr>134</gpxtpx:hr>
     </gpxtpx:TrackPointExtension>
    </extensions>
   </trkpt>
   <trkpt lat="-33.4601040" lon="151.0181000">
    <ele>37.6</ele>
    <time>2021-09-01T04:53:25Z</time>
    <extensions>
     <gpxtpx:TrackPointExtension>
      <gpxtpx:atemp>29</gpxtpx:atemp>
      <gpxtpx:hr>134</gpxtpx:hr>
     </gpxtpx:TrackPointExtension>
    </extensions>
   </trkpt>
   <trkpt lat="-33.4600280" lon="151.0182240">
    <ele>38.4</ele>
    <time>2021-09-01T04:53:28Z</time>
    <extensions>
     <gpxtpx:TrackPointExtension>
      <gpxtpx:atemp>29</gpxtpx:atemp>
      <gpxtpx:hr>135</gpxtpx:hr>
     </gpxtpx:TrackPointExtension>
    </extensions>
   </trkpt>
   <trkpt lat="-33.4599870" lon="151.0182580">
    <ele>38.6</ele>
    <time>2021-09-01T04:53:29Z</time>
    <extensions>
     <gpxtpx:TrackPointExtension>
      <gpxtpx:atemp>29</gpxtpx:atemp>
      <gpxtpx:hr>132</gpxtpx:hr>
     </gpxtpx:TrackPointExtension>
    </extensions>
   </trkpt>
   <trkpt lat="-33.4599500" lon="151.0182890">
    <ele>38.8</ele>
    <time>2021-09-01T04:53:30Z</time>
    <extensions>
     <gpxtpx:TrackPointExtension>
      <gpxtpx:atemp>29</gpxtpx:atemp>
      <gpxtpx:hr>128</gpxtpx:hr>
     </gpxtpx:TrackPointExtension>
    </extensions>
   </trkpt>
   <trkpt lat="-33.4599180" lon="151.0183280">
    <ele>38.8</ele>
    <time>2021-09-01T04:53:31Z</time>
    <extensions>
     <gpxtpx:TrackPointExtension>
      <gpxtpx:atemp>29</gpxtpx:atemp>
      <gpxtpx:hr>127</gpxtpx:hr>
     </gpxtpx:TrackPointExtension>
    </extensions>
   </trkpt>
   <trkpt lat="-33.4598980" lon="151.0183770">
    <ele>39.0</ele>
    <time>2021-09-01T04:53:32Z</time>
    <extensions>
     <gpxtpx:TrackPointExtension>
      <gpxtpx:atemp>29</gpxtpx:atemp>
      <gpxtpx:hr>125</gpxtpx:hr>
     </gpxtpx:TrackPointExtension>
    </extensions>
   </trkpt>
   <trkpt lat="-33.4599000" lon="151.0184400">
    <ele>39.2</ele>
    <time>2021-09-01T04:53:33Z</time>
    <extensions>
     <gpxtpx:TrackPointExtension>
      <gpxtpx:atemp>29</gpxtpx:atemp>
      <gpxtpx:hr>123</gpxtpx:hr>
     </gpxtpx:TrackPointExtension>
    </extensions>
   </trkpt>
   <trkpt lat="-33.4598980" lon="151.0185850">
    <ele>39.6</ele>
    <time>2021-09-01T04:53:35Z</time>
    <extensions>
     <gpxtpx:TrackPointExtension>
      <gpxtpx:atemp>29</gpxtpx:atemp>
      <gpxtpx:hr>119</gpxtpx:hr>
     </gpxtpx:TrackPointExtension>
    </extensions>
   </trkpt>
   <trkpt lat="-33.4598940" lon="151.0187280">
    <ele>40.2</ele>
    <time>2021-09-01T04:53:37Z</time>
    <extensions>
     <gpxtpx:TrackPointExtension>
      <gpxtpx:atemp>29</gpxtpx:atemp>
      <gpxtpx:hr>116</gpxtpx:hr>
     </gpxtpx:TrackPointExtension>
    </extensions>
   </trkpt>
   <trkpt lat="-33.4598940" lon="151.0187930">
    <ele>40.2</ele>
    <time>2021-09-01T04:53:38Z</time>
    <extensions>
     <gpxtpx:TrackPointExtension>
      <gpxtpx:atemp>29</gpxtpx:atemp>
      <gpxtpx:hr>109</gpxtpx:hr>
     </gpxtpx:TrackPointExtension>
    </extensions>
   </trkpt>
   <trkpt lat="-33.4599000" lon="151.0188500">
    <ele>40.4</ele>
    <time>2021-09-01T04:53:39Z</time>
    <extensions>
     <gpxtpx:TrackPointExtension>
      <gpxtpx:atemp>29</gpxtpx:atemp>
      <gpxtpx:hr>105</gpxtpx:hr>
     </gpxtpx:TrackPointExtension>
    </extensions>
   </trkpt>
   <trkpt lat="-33.4599140" lon="151.0189000">
    <ele>40.2</ele>
    <time>2021-09-01T04:53:40Z</time>
    <extensions>
     <gpxtpx:TrackPointExtension>
      <gpxtpx:atemp>29</gpxtpx:atemp>
      <gpxtpx:hr>104</gpxtpx:hr>
     </gpxtpx:TrackPointExtension>
    </extensions>
   </trkpt>
   <trkpt lat="-33.4599370" lon="151.0189420">
    <ele>40.2</ele>
    <time>2021-09-01T04:53:41Z</time>
    <extensions>
     <gpxtpx:TrackPointExtension>
      <gpxtpx:atemp>29</gpxtpx:atemp>
      <gpxtpx:hr>103</gpxtpx:hr>
     </gpxtpx:TrackPointExtension>
    </extensions>
   </trkpt>
   <trkpt lat="-33.4599790" lon="151.0190120">
    <ele>39.8</ele>
    <time>2021-09-01T04:53:43Z</time>
    <extensions>
     <gpxtpx:TrackPointExtension>
      <gpxtpx:atemp>29</gpxtpx:atemp>
      <gpxtpx:hr>104</gpxtpx:hr>
     </gpxtpx:TrackPointExtension>
    </extensions>
   </trkpt>
   <trkpt lat="-33.4599660" lon="151.0191080">
    <ele>39.6</ele>
    <time>2021-09-01T04:53:44Z</time>
    <extensions>
     <gpxtpx:TrackPointExtension>
      <gpxtpx:atemp>29</gpxtpx:atemp>
      <gpxtpx:hr>104</gpxtpx:hr>
     </gpxtpx:TrackPointExtension>
    </extensions>
   </trkpt>
   <trkpt lat="-33.4599530" lon="151.0191270">
    <ele>39.6</ele>
    <time>2021-09-01T04:53:45Z</time>
    <extensions>
     <gpxtpx:TrackPointExtension>
      <gpxtpx:atemp>29</gpxtpx:atemp>
      <gpxtpx:hr>104</gpxtpx:hr>
     </gpxtpx:TrackPointExtension>
    </extensions>
   </trkpt>
   <trkpt lat="-33.4598800" lon="151.0191710">
    <ele>39.6</ele>
    <time>2021-09-01T04:53:46Z</time>
    <extensions>
     <gpxtpx:TrackPointExtension>
      <gpxtpx:atemp>29</gpxtpx:atemp>
      <gpxtpx:hr>104</gpxtpx:hr>
     </gpxtpx:TrackPointExtension>
    </extensions>
   </trkpt>
   <trkpt lat="-33.4598300" lon="151.0191580">
    <ele>39.6</ele>
    <time>2021-09-01T04:53:47Z</time>
    <extensions>
     <gpxtpx:TrackPointExtension>
      <gpxtpx:atemp>29</gpxtpx:atemp>
      <gpxtpx:hr>105</gpxtpx:hr>
     </gpxtpx:TrackPointExtension>
    </extensions>
   </trkpt>
   <trkpt lat="-33.4596970" lon="151.0191000">
    <ele>39.2</ele>
    <time>2021-09-01T04:53:50Z</time>
    <extensions>
     <gpxtpx:TrackPointExtension>
      <gpxtpx:atemp>29</gpxtpx:atemp>
      <gpxtpx:hr>106</gpxtpx:hr>
     </gpxtpx:TrackPointExtension>
    </extensions>
   </trkpt>
   <trkpt lat="-33.4595940" lon="151.0190640">
    <ele>38.4</ele>
    <time>2021-09-01T04:53:53Z</time>
    <extensions>
     <gpxtpx:TrackPointExtension>
      <gpxtpx:atemp>29</gpxtpx:atemp>
      <gpxtpx:hr>109</gpxtpx:hr>
     </gpxtpx:TrackPointExtension>
    </extensions>
   </trkpt>
   <trkpt lat="-33.4595190" lon="151.0190810">
    <ele>37.8</ele>
    <time>2021-09-01T04:53:55Z</time>
    <extensions>
     <gpxtpx:TrackPointExtension>
      <gpxtpx:atemp>29</gpxtpx:atemp>
      <gpxtpx:hr>109</gpxtpx:hr>
     </gpxtpx:TrackPointExtension>
    </extensions>
   </trkpt>
   <trkpt lat="-33.4594150" lon="151.0190830">
    <ele>36.8</ele>
    <time>2021-09-01T04:53:57Z</time>
    <extensions>
     <gpxtpx:TrackPointExtension>
      <gpxtpx:atemp>29</gpxtpx:atemp>
      <gpxtpx:hr>108</gpxtpx:hr>
     </gpxtpx:TrackPointExtension>
    </extensions>
   </trkpt>
   <trkpt lat="-33.4593640" lon="151.0191040">
    <ele>35.6</ele>
    <time>2021-09-01T04:53:58Z</time>
    <extensions>
     <gpxtpx:TrackPointExtension>
      <gpxtpx:atemp>29</gpxtpx:atemp>
      <gpxtpx:hr>107</gpxtpx:hr>
     </gpxtpx:TrackPointExtension>
    </extensions>
   </trkpt>
   <trkpt lat="-33.4593140" lon="151.0191290">
    <ele>34.6</ele>
    <time>2021-09-01T04:53:59Z</time>
    <extensions>
     <gpxtpx:TrackPointExtension>
      <gpxtpx:atemp>29</gpxtpx:atemp>
      <gpxtpx:hr>106</gpxtpx:hr>
     </gpxtpx:TrackPointExtension>
    </extensions>
   </trkpt>
   <trkpt lat="-33.4592250" lon="151.0192100">
    <ele>32.4</ele>
    <time>2021-09-01T04:54:01Z</time>
    <extensions>
     <gpxtpx:TrackPointExtension>
      <gpxtpx:atemp>29</gpxtpx:atemp>
      <gpxtpx:hr>104</gpxtpx:hr>
     </gpxtpx:TrackPointExtension>
    </extensions>
   </trkpt>
   <trkpt lat="-33.4591640" lon="151.0192900">
    <ele>30.8</ele>
    <time>2021-09-01T04:54:03Z</time>
    <extensions>
     <gpxtpx:TrackPointExtension>
      <gpxtpx:atemp>29</gpxtpx:atemp>
      <gpxtpx:hr>103</gpxtpx:hr>
     </gpxtpx:TrackPointExtension>
    </extensions>
   </trkpt>
   <trkpt lat="-33.4591390" lon="151.0193220">
    <ele>29.6</ele>
    <time>2021-09-01T04:54:04Z</time>
    <extensions>
     <gpxtpx:TrackPointExtension>
      <gpxtpx:atemp>29</gpxtpx:atemp>
      <gpxtpx:hr>103</gpxtpx:hr>
     </gpxtpx:TrackPointExtension>
    </extensions>
   </trkpt>
   <trkpt lat="-33.4590820" lon="151.0193710">
    <ele>27.8</ele>
    <time>2021-09-01T04:54:06Z</time>
    <extensions>
     <gpxtpx:TrackPointExtension>
      <gpxtpx:atemp>29</gpxtpx:atemp>
      <gpxtpx:hr>103</gpxtpx:hr>
     </gpxtpx:TrackPointExtension>
    </extensions>
   </trkpt>
   <trkpt lat="-33.4590450" lon="151.0193790">
    <ele>27.2</ele>
    <time>2021-09-01T04:54:07Z</time>
    <extensions>
     <gpxtpx:TrackPointExtension>
      <gpxtpx:atemp>29</gpxtpx:atemp>
      <gpxtpx:hr>103</gpxtpx:hr>
     </gpxtpx:TrackPointExtension>
    </extensions>
   </trkpt>
   <trkpt lat="-33.4590000" lon="151.0193980">
    <ele>26.8</ele>
    <time>2021-09-01T04:54:08Z</time>
    <extensions>
     <gpxtpx:TrackPointExtension>
      <gpxtpx:atemp>29</gpxtpx:atemp>
      <gpxtpx:hr>105</gpxtpx:hr>
     </gpxtpx:TrackPointExtension>
    </extensions>
   </trkpt>
   <trkpt lat="-33.4589280" lon="151.0194290">
    <ele>25.4</ele>
    <time>2021-09-01T04:54:10Z</time>
    <extensions>
     <gpxtpx:TrackPointExtension>
      <gpxtpx:atemp>29</gpxtpx:atemp>
      <gpxtpx:hr>105</gpxtpx:hr>
     </gpxtpx:TrackPointExtension>
    </extensions>
   </trkpt>
   <trkpt lat="-33.4588940" lon="151.0194570">
    <ele>24.6</ele>
    <time>2021-09-01T04:54:11Z</time>
    <extensions>
     <gpxtpx:TrackPointExtension>
      <gpxtpx:atemp>29</gpxtpx:atemp>
      <gpxtpx:hr>108</gpxtpx:hr>
     </gpxtpx:TrackPointExtension>
    </extensions>
   </trkpt>
   <trkpt lat="-33.4588850" lon="151.0194840">
    <ele>23.8</ele>
    <time>2021-09-01T04:54:12Z</time>
    <extensions>
     <gpxtpx:TrackPointExtension>
      <gpxtpx:atemp>29</gpxtpx:atemp>
      <gpxtpx:hr>108</gpxtpx:hr>
     </gpxtpx:TrackPointExtension>
    </extensions>
   </trkpt>
   <trkpt lat="-33.4588990" lon="151.0195270">
    <ele>22.4</ele>
    <time>2021-09-01T04:54:14Z</time>
    <extensions>
     <gpxtpx:TrackPointExtension>
      <gpxtpx:atemp>29</gpxtpx:atemp>
      <gpxtpx:hr>107</gpxtpx:hr>
     </gpxtpx:TrackPointExtension>
    </extensions>
   </trkpt>
   <trkpt lat="-33.4589210" lon="151.0195480">
    <ele>22.2</ele>
    <time>2021-09-01T04:54:15Z</time>
    <extensions>
     <gpxtpx:TrackPointExtension>
      <gpxtpx:atemp>29</gpxtpx:atemp>
      <gpxtpx:hr>110</gpxtpx:hr>
     </gpxtpx:TrackPointExtension>
    </extensions>
   </trkpt>
   <trkpt lat="-33.4590290" lon="151.0196690">
    <ele>21.6</ele>
    <time>2021-09-01T04:54:19Z</time>
    <extensions>
     <gpxtpx:TrackPointExtension>
      <gpxtpx:atemp>29</gpxtpx:atemp>
      <gpxtpx:hr>108</gpxtpx:hr>
     </gpxtpx:TrackPointExtension>
    </extensions>
   </trkpt>
   <trkpt lat="-33.4591210" lon="151.0198650">
    <ele>22.4</ele>
    <time>2021-09-01T04:54:23Z</time>
    <extensions>
     <gpxtpx:TrackPointExtension>
      <gpxtpx:atemp>29</gpxtpx:atemp>
      <gpxtpx:hr>108</gpxtpx:hr>
     </gpxtpx:TrackPointExtension>
    </extensions>
   </trkpt>
   <trkpt lat="-33.4591500" lon="151.0199010">
    <ele>22.6</ele>
    <time>2021-09-01T04:54:24Z</time>
    <extensions>
     <gpxtpx:TrackPointExtension>
      <gpxtpx:atemp>29</gpxtpx:atemp>
      <gpxtpx:hr>109</gpxtpx:hr>
     </gpxtpx:TrackPointExtension>
    </extensions>
   </trkpt>
   <trkpt lat="-33.4592030" lon="151.0199320">
    <ele>23.2</ele>
    <time>2021-09-01T04:54:26Z</time>
    <extensions>
     <gpxtpx:TrackPointExtension>
      <gpxtpx:atemp>29</gpxtpx:atemp>
      <gpxtpx:hr>110</gpxtpx:hr>
     </gpxtpx:TrackPointExtension>
    </extensions>
   </trkpt>
   <trkpt lat="-33.4592190" lon="151.0199610">
    <ele>23.6</ele>
    <time>2021-09-01T04:54:27Z</time>
    <extensions>
     <gpxtpx:TrackPointExtension>
      <gpxtpx:atemp>29</gpxtpx:atemp>
      <gpxtpx:hr>111</gpxtpx:hr>
     </gpxtpx:TrackPointExtension>
    </extensions>
   </trkpt>
   <trkpt lat="-33.4593050" lon="151.0201460">
    <ele>23.2</ele>
    <time>2021-09-01T04:54:32Z</time>
    <extensions>
     <gpxtpx:TrackPointExtension>
      <gpxtpx:atemp>29</gpxtpx:atemp>
      <gpxtpx:hr>111</gpxtpx:hr>
     </gpxtpx:TrackPointExtension>
    </extensions>
   </trkpt>
   <trkpt lat="-33.4593680" lon="151.0202590">
    <ele>22.4</ele>
    <time>2021-09-01T04:54:36Z</time>
    <extensions>
     <gpxtpx:TrackPointExtension>
      <gpxtpx:atemp>29</gpxtpx:atemp>
      <gpxtpx:hr>112</gpxtpx:hr>
     </gpxtpx:TrackPointExtension>
    </extensions>
   </trkpt>
   <trkpt lat="-33.4593670" lon="151.0203190">
    <ele>21.4</ele>
    <time>2021-09-01T04:54:38Z</time>
    <extensions>
     <gpxtpx:TrackPointExtension>
      <gpxtpx:atemp>29</gpxtpx:atemp>
      <gpxtpx:hr>109</gpxtpx:hr>
     </gpxtpx:TrackPointExtension>
    </extensions>
   </trkpt>
   <trkpt lat="-33.4593680" lon="151.0203490">
    <ele>21.0</ele>
    <time>2021-09-01T04:54:39Z</time>
    <extensions>
     <gpxtpx:TrackPointExtension>
      <gpxtpx:atemp>29</gpxtpx:atemp>
      <gpxtpx:hr>112</gpxtpx:hr>
     </gpxtpx:TrackPointExtension>
    </extensions>
   </trkpt>
   <trkpt lat="-33.4593750" lon="151.0203770">
    <ele>20.6</ele>
    <time>2021-09-01T04:54:40Z</time>
    <extensions>
     <gpxtpx:TrackPointExtension>
      <gpxtpx:atemp>29</gpxtpx:atemp>
      <gpxtpx:hr>111</gpxtpx:hr>
     </gpxtpx:TrackPointExtension>
    </extensions>
   </trkpt>
   <trkpt lat="-33.4593830" lon="151.0204110">
    <ele>19.4</ele>
    <time>2021-09-01T04:54:41Z</time>
    <extensions>
     <gpxtpx:TrackPointExtension>
      <gpxtpx:atemp>29</gpxtpx:atemp>
      <gpxtpx:hr>113</gpxtpx:hr>
     </gpxtpx:TrackPointExtension>
    </extensions>
   </trkpt>
   <trkpt lat="-33.4594010" lon="151.0205060">
    <ele>18.0</ele>
    <time>2021-09-01T04:54:43Z</time>
    <extensions>
     <gpxtpx:TrackPointExtension>
      <gpxtpx:atemp>29</gpxtpx:atemp>
      <gpxtpx:hr>112</gpxtpx:hr>
     </gpxtpx:TrackPointExtension>
    </extensions>
   </trkpt>
   <trkpt lat="-33.4594170" lon="151.0205580">
    <ele>17.4</ele>
    <time>2021-09-01T04:54:44Z</time>
    <extensions>
     <gpxtpx:TrackPointExtension>
      <gpxtpx:atemp>29</gpxtpx:atemp>
      <gpxtpx:hr>115</gpxtpx:hr>
     </gpxtpx:TrackPointExtension>
    </extensions>
   </trkpt>
   <trkpt lat="-33.4594350" lon="151.0206090">
    <ele>16.0</ele>
    <time>2021-09-01T04:54:45Z</time>
    <extensions>
     <gpxtpx:TrackPointExtension>
      <gpxtpx:atemp>29</gpxtpx:atemp>
      <gpxtpx:hr>113</gpxtpx:hr>
     </gpxtpx:TrackPointExtension>
    </extensions>
   </trkpt>
   <trkpt lat="-33.4594650" lon="151.0207110">
    <ele>14.2</ele>
    <time>2021-09-01T04:54:47Z</time>
    <extensions>
     <gpxtpx:TrackPointExtension>
      <gpxtpx:atemp>29</gpxtpx:atemp>
      <gpxtpx:hr>114</gpxtpx:hr>
     </gpxtpx:TrackPointExtension>
    </extensions>
   </trkpt>
   <trkpt lat="-33.4594650" lon="151.0207560">
    <ele>13.2</ele>
    <time>2021-09-01T04:54:48Z</time>
    <extensions>
     <gpxtpx:TrackPointExtension>
      <gpxtpx:atemp>29</gpxtpx:atemp>
      <gpxtpx:hr>113</gpxtpx:hr>
     </gpxtpx:TrackPointExtension>
    </extensions>
   </trkpt>
   <trkpt lat="-33.4594470" lon="151.0208160">
    <ele>12.2</ele>
    <time>2021-09-01T04:54:49Z</time>
    <extensions>
     <gpxtpx:TrackPointExtension>
      <gpxtpx:atemp>29</gpxtpx:atemp>
      <gpxtpx:hr>113</gpxtpx:hr>
     </gpxtpx:TrackPointExtension>
    </extensions>
   </trkpt>
   <trkpt lat="-33.4594230" lon="151.0208590">
    <ele>11.2</ele>
    <time>2021-09-01T04:54:50Z</time>
    <extensions>
     <gpxtpx:TrackPointExtension>
      <gpxtpx:atemp>29</gpxtpx:atemp>
      <gpxtpx:hr>114</gpxtpx:hr>
     </gpxtpx:TrackPointExtension>
    </extensions>
   </trkpt>
   <trkpt lat="-33.4593930" lon="151.0208830">
    <ele>10.6</ele>
    <time>2021-09-01T04:54:51Z</time>
    <extensions>
     <gpxtpx:TrackPointExtension>
      <gpxtpx:atemp>29</gpxtpx:atemp>
      <gpxtpx:hr>113</gpxtpx:hr>
     </gpxtpx:TrackPointExtension>
    </extensions>
   </trkpt>
   <trkpt lat="-33.4593550" lon="151.0209020">
    <ele>10.2</ele>
    <time>2021-09-01T04:54:52Z</time>
    <extensions>
     <gpxtpx:TrackPointExtension>
      <gpxtpx:atemp>29</gpxtpx:atemp>
      <gpxtpx:hr>112</gpxtpx:hr>
     </gpxtpx:TrackPointExtension>
    </extensions>
   </trkpt>
   <trkpt lat="-33.4593290" lon="151.0208860">
    <ele>9.8</ele>
    <time>2021-09-01T04:54:53Z</time>
    <extensions>
     <gpxtpx:TrackPointExtension>
      <gpxtpx:atemp>29</gpxtpx:atemp>
      <gpxtpx:hr>111</gpxtpx:hr>
     </gpxtpx:TrackPointExtension>
    </extensions>
   </trkpt>
   <trkpt lat="-33.4592700" lon="151.0208460">
    <ele>9.6</ele>
    <time>2021-09-01T04:54:55Z</time>
    <extensions>
     <gpxtpx:TrackPointExtension>
      <gpxtpx:atemp>29</gpxtpx:atemp>
      <gpxtpx:hr>110</gpxtpx:hr>
     </gpxtpx:TrackPointExtension>
    </extensions>
   </trkpt>
   <trkpt lat="-33.4591040" lon="151.0207850">
    <ele>9.8</ele>
    <time>2021-09-01T04:55:00Z</time>
    <extensions>
     <gpxtpx:TrackPointExtension>
      <gpxtpx:atemp>29</gpxtpx:atemp>
      <gpxtpx:hr>110</gpxtpx:hr>
     </gpxtpx:TrackPointExtension>
    </extensions>
   </trkpt>
   <trkpt lat="-33.4589950" lon="151.0206900">
    <ele>9.8</ele>
    <time>2021-09-01T04:55:03Z</time>
    <extensions>
     <gpxtpx:TrackPointExtension>
      <gpxtpx:atemp>29</gpxtpx:atemp>
      <gpxtpx:hr>113</gpxtpx:hr>
     </gpxtpx:TrackPointExtension>
    </extensions>
   </trkpt>
   <trkpt lat="-33.4589520" lon="151.0206610">
    <ele>10.0</ele>
    <time>2021-09-01T04:55:04Z</time>
    <extensions>
     <gpxtpx:TrackPointExtension>
      <gpxtpx:atemp>29</gpxtpx:atemp>
      <gpxtpx:hr>112</gpxtpx:hr>
     </gpxtpx:TrackPointExtension>
    </extensions>
   </trkpt>
   <trkpt lat="-33.4588220" lon="151.0205810">
    <ele>10.0</ele>
    <time>2021-09-01T04:55:07Z</time>
    <extensions>
     <gpxtpx:TrackPointExtension>
      <gpxtpx:atemp>29</gpxtpx:atemp>
      <gpxtpx:hr>109</gpxtpx:hr>
     </gpxtpx:TrackPointExtension>
    </extensions>
   </trkpt>
   <trkpt lat="-33.4587350" lon="151.0205130">
    <ele>9.6</ele>
    <time>2021-09-01T04:55:09Z</time>
    <extensions>
     <gpxtpx:TrackPointExtension>
      <gpxtpx:atemp>29</gpxtpx:atemp>
      <gpxtpx:hr>111</gpxtpx:hr>
     </gpxtpx:TrackPointExtension>
    </extensions>
   </trkpt>
   <trkpt lat="-33.4586520" lon="151.0204450">
    <ele>9.6</ele>
    <time>2021-09-01T04:55:11Z</time>
    <extensions>
     <gpxtpx:TrackPointExtension>
      <gpxtpx:atemp>29</gpxtpx:atemp>
      <gpxtpx:hr>112</gpxtpx:hr>
     </gpxtpx:TrackPointExtension>
    </extensions>
   </trkpt>
   <trkpt lat="-33.4585980" lon="151.0203750">
    <ele>9.4</ele>
    <time>2021-09-01T04:55:13Z</time>
    <extensions>
     <gpxtpx:TrackPointExtension>
      <gpxtpx:atemp>29</gpxtpx:atemp>
      <gpxtpx:hr>112</gpxtpx:hr>
     </gpxtpx:TrackPointExtension>
    </extensions>
   </trkpt>
   <trkpt lat="-33.4585340" lon="151.0202220">
    <ele>8.8</ele>
    <time>2021-09-01T04:55:17Z</time>
    <extensions>
     <gpxtpx:TrackPointExtension>
      <gpxtpx:atemp>29</gpxtpx:atemp>
      <gpxtpx:hr>112</gpxtpx:hr>
     </gpxtpx:TrackPointExtension>
    </extensions>
   </trkpt>
   <trkpt lat="-33.4585670" lon="151.0200850">
    <ele>8.8</ele>
    <time>2021-09-01T04:55:21Z</time>
    <extensions>
     <gpxtpx:TrackPointExtension>
      <gpxtpx:atemp>29</gpxtpx:atemp>
      <gpxtpx:hr>115</gpxtpx:hr>
     </gpxtpx:TrackPointExtension>
    </extensions>
   </trkpt>
   <trkpt lat="-33.4585740" lon="151.0200010">
    <ele>9.8</ele>
    <time>2021-09-01T04:55:23Z</time>
    <extensions>
     <gpxtpx:TrackPointExtension>
      <gpxtpx:atemp>29</gpxtpx:atemp>
      <gpxtpx:hr>114</gpxtpx:hr>
     </gpxtpx:TrackPointExtension>
    </extensions>
   </trkpt>
   <trkpt lat="-33.4585500" lon="151.0199800">
    <ele>10.0</ele>
    <time>2021-09-01T04:55:24Z</time>
    <extensions>
     <gpxtpx:TrackPointExtension>
      <gpxtpx:atemp>29</gpxtpx:atemp>
      <gpxtpx:hr>114</gpxtpx:hr>
     </gpxtpx:TrackPointExtension>
    </extensions>
   </trkpt>
   <trkpt lat="-33.4584860" lon="151.0199410">
    <ele>10.6</ele>
    <time>2021-09-01T04:55:26Z</time>
    <extensions>
     <gpxtpx:TrackPointExtension>
      <gpxtpx:atemp>29</gpxtpx:atemp>
      <gpxtpx:hr>117</gpxtpx:hr>
     </gpxtpx:TrackPointExtension>
    </extensions>
   </trkpt>
   <trkpt lat="-33.4583960" lon="151.0199080">
    <ele>11.8</ele>
    <time>2021-09-01T04:55:29Z</time>
    <extensions>
     <gpxtpx:TrackPointExtension>
      <gpxtpx:atemp>29</gpxtpx:atemp>
      <gpxtpx:hr>119</gpxtpx:hr>
     </gpxtpx:TrackPointExtension>
    </extensions>
   </trkpt>
   <trkpt lat="-33.4582670" lon="151.0198570">
    <ele>10.8</ele>
    <time>2021-09-01T04:55:35Z</time>
    <extensions>
     <gpxtpx:TrackPointExtension>
      <gpxtpx:atemp>29</gpxtpx:atemp>
      <gpxtpx:hr>121</gpxtpx:hr>
     </gpxtpx:TrackPointExtension>
    </extensions>
   </trkpt>
   <trkpt lat="-33.4582450" lon="151.0198270">
    <ele>10.8</ele>
    <time>2021-09-01T04:55:36Z</time>
    <extensions>
     <gpxtpx:TrackPointExtension>
      <gpxtpx:atemp>29</gpxtpx:atemp>
      <gpxtpx:hr>120</gpxtpx:hr>
     </gpxtpx:TrackPointExtension>
    </extensions>
   </trkpt>
   <trkpt lat="-33.4581760" lon="151.0197200">
    <ele>10.8</ele>
    <time>2021-09-01T04:55:40Z</time>
    <extensions>
     <gpxtpx:TrackPointExtension>
      <gpxtpx:atemp>29</gpxtpx:atemp>
      <gpxtpx:hr>118</gpxtpx:hr>
     </gpxtpx:TrackPointExtension>
    </extensions>
   </trkpt>
   <trkpt lat="-33.4580700" lon="151.0195430">
    <ele>12.2</ele>
    <time>2021-09-01T04:55:46Z</time>
    <extensions>
     <gpxtpx:TrackPointExtension>
      <gpxtpx:atemp>29</gpxtpx:atemp>
      <gpxtpx:hr>117</gpxtpx:hr>
     </gpxtpx:TrackPointExtension>
    </extensions>
   </trkpt>
   <trkpt lat="-33.4580330" lon="151.0195330">
    <ele>13.2</ele>
    <time>2021-09-01T04:55:47Z</time>
    <extensions>
     <gpxtpx:TrackPointExtension>
      <gpxtpx:atemp>29</gpxtpx:atemp>
      <gpxtpx:hr>118</gpxtpx:hr>
     </gpxtpx:TrackPointExtension>
    </extensions>
   </trkpt>
   <trkpt lat="-33.4579460" lon="151.0195540">
    <ele>14.6</ele>
    <time>2021-09-01T04:55:49Z</time>
    <extensions>
     <gpxtpx:TrackPointExtension>
      <gpxtpx:atemp>29</gpxtpx:atemp>
      <gpxtpx:hr>119</gpxtpx:hr>
     </gpxtpx:TrackPointExtension>
    </extensions>
   </trkpt>
   <trkpt lat="-33.4579100" lon="151.0195710">
    <ele>15.6</ele>
    <time>2021-09-01T04:55:50Z</time>
    <extensions>
     <gpxtpx:TrackPointExtension>
      <gpxtpx:atemp>29</gpxtpx:atemp>
      <gpxtpx:hr>118</gpxtpx:hr>
     </gpxtpx:TrackPointExtension>
    </extensions>
   </trkpt>
   <trkpt lat="-33.4578690" lon="151.0195700">
    <ele>17.2</ele>
    <time>2021-09-01T04:55:51Z</time>
    <extensions>
     <gpxtpx:TrackPointExtension>
      <gpxtpx:atemp>29</gpxtpx:atemp>
      <gpxtpx:hr>118</gpxtpx:hr>
     </gpxtpx:TrackPointExtension>
    </extensions>
   </trkpt>
   <trkpt lat="-33.4577900" lon="151.0195850">
    <ele>19.2</ele>
    <time>2021-09-01T04:55:53Z</time>
    <extensions>
     <gpxtpx:TrackPointExtension>
      <gpxtpx:atemp>29</gpxtpx:atemp>
      <gpxtpx:hr>117</gpxtpx:hr>
     </gpxtpx:TrackPointExtension>
    </extensions>
   </trkpt>
   <trkpt lat="-33.4577200" lon="151.0196030">
    <ele>20.4</ele>
    <time>2021-09-01T04:55:55Z</time>
    <extensions>
     <gpxtpx:TrackPointExtension>
      <gpxtpx:atemp>29</gpxtpx:atemp>
      <gpxtpx:hr>117</gpxtpx:hr>
     </gpxtpx:TrackPointExtension>
    </extensions>
   </trkpt>
   <trkpt lat="-33.4576890" lon="151.0196010">
    <ele>21.0</ele>
    <time>2021-09-01T04:55:56Z</time>
    <extensions>
     <gpxtpx:TrackPointExtension>
      <gpxtpx:atemp>29</gpxtpx:atemp>
      <gpxtpx:hr>118</gpxtpx:hr>
     </gpxtpx:TrackPointExtension>
    </extensions>
   </trkpt>
   <trkpt lat="-33.4576610" lon="151.0195860">
    <ele>21.4</ele>
    <time>2021-09-01T04:55:57Z</time>
    <extensions>
     <gpxtpx:TrackPointExtension>
      <gpxtpx:atemp>29</gpxtpx:atemp>
      <gpxtpx:hr>118</gpxtpx:hr>
     </gpxtpx:TrackPointExtension>
    </extensions>
   </trkpt>
   <trkpt lat="-33.4576110" lon="151.0195420">
    <ele>22.4</ele>
    <time>2021-09-01T04:55:59Z</time>
    <extensions>
     <gpxtpx:TrackPointExtension>
      <gpxtpx:atemp>29</gpxtpx:atemp>
      <gpxtpx:hr>118</gpxtpx:hr>
     </gpxtpx:TrackPointExtension>
    </extensions>
   </trkpt>
   <trkpt lat="-33.4575940" lon="151.0195150">
    <ele>23.0</ele>
    <time>2021-09-01T04:56:00Z</time>
    <extensions>
     <gpxtpx:TrackPointExtension>
      <gpxtpx:atemp>29</gpxtpx:atemp>
      <gpxtpx:hr>119</gpxtpx:hr>
     </gpxtpx:TrackPointExtension>
    </extensions>
   </trkpt>
   <trkpt lat="-33.4574840" lon="151.0193540">
    <ele>23.4</ele>
    <time>2021-09-01T04:56:06Z</time>
    <extensions>
     <gpxtpx:TrackPointExtension>
      <gpxtpx:atemp>29</gpxtpx:atemp>
      <gpxtpx:hr>118</gpxtpx:hr>
     </gpxtpx:TrackPointExtension>
    </extensions>
   </trkpt>
   <trkpt lat="-33.4574530" lon="151.0193250">
    <ele>23.6</ele>
    <time>2021-09-01T04:56:07Z</time>
    <extensions>
     <gpxtpx:TrackPointExtension>
      <gpxtpx:atemp>29</gpxtpx:atemp>
      <gpxtpx:hr>120</gpxtpx:hr>
     </gpxtpx:TrackPointExtension>
    </extensions>
   </trkpt>
   <trkpt lat="-33.4573770" lon="151.0193100">
    <ele>24.8</ele>
    <time>2021-09-01T04:56:09Z</time>
    <extensions>
     <gpxtpx:TrackPointExtension>
      <gpxtpx:atemp>29</gpxtpx:atemp>
      <gpxtpx:hr>120</gpxtpx:hr>
     </gpxtpx:TrackPointExtension>
    </extensions>
   </trkpt>
   <trkpt lat="-33.4573460" lon="151.0193150">
    <ele>25.4</ele>
    <time>2021-09-01T04:56:10Z</time>
    <extensions>
     <gpxtpx:TrackPointExtension>
      <gpxtpx:atemp>29</gpxtpx:atemp>
      <gpxtpx:hr>120</gpxtpx:hr>
     </gpxtpx:TrackPointExtension>
    </extensions>
   </trkpt>
   <trkpt lat="-33.4573040" lon="151.0193200">
    <ele>25.8</ele>
    <time>2021-09-01T04:56:11Z</time>
    <extensions>
     <gpxtpx:TrackPointExtension>
      <gpxtpx:atemp>29</gpxtpx:atemp>
      <gpxtpx:hr>120</gpxtpx:hr>
     </gpxtpx:TrackPointExtension>
    </extensions>
   </trkpt>
   <trkpt lat="-33.4572160" lon="151.0193210">
    <ele>26.2</ele>
    <time>2021-09-01T04:56:13Z</time>
    <extensions>
     <gpxtpx:TrackPointExtension>
      <gpxtpx:atemp>29</gpxtpx:atemp>
      <gpxtpx:hr>120</gpxtpx:hr>
     </gpxtpx:TrackPointExtension>
    </extensions>
   </trkpt>
   <trkpt lat="-33.4571610" lon="151.0193110">
    <ele>26.2</ele>
    <time>2021-09-01T04:56:14Z</time>
    <extensions>
     <gpxtpx:TrackPointExtension>
      <gpxtpx:atemp>29</gpxtpx:atemp>
      <gpxtpx:hr>121</gpxtpx:hr>
     </gpxtpx:TrackPointExtension>
    </extensions>
   </trkpt>
   <trkpt lat="-33.4569960" lon="151.0192640">
    <ele>26.4</ele>
    <time>2021-09-01T04:56:17Z</time>
    <extensions>
     <gpxtpx:TrackPointExtension>
      <gpxtpx:atemp>29</gpxtpx:atemp>
      <gpxtpx:hr>120</gpxtpx:hr>
     </gpxtpx:TrackPointExtension>
    </extensions>
   </trkpt>
   <trkpt lat="-33.4569100" lon="151.0192750">
    <ele>25.8</ele>
    <time>2021-09-01T04:56:19Z</time>
    <extensions>
     <gpxtpx:TrackPointExtension>
      <gpxtpx:atemp>29</gpxtpx:atemp>
      <gpxtpx:hr>119</gpxtpx:hr>
     </gpxtpx:TrackPointExtension>
    </extensions>
   </trkpt>
   <trkpt lat="-33.4568240" lon="151.0192770">
    <ele>24.4</ele>
    <time>2021-09-01T04:56:21Z</time>
    <extensions>
     <gpxtpx:TrackPointExtension>
      <gpxtpx:atemp>28</gpxtpx:atemp>
      <gpxtpx:hr>121</gpxtpx:hr>
     </gpxtpx:TrackPointExtension>
    </extensions>
   </trkpt>
   <trkpt lat="-33.4567300" lon="151.0192480">
    <ele>23.2</ele>
    <time>2021-09-01T04:56:23Z</time>
    <extensions>
     <gpxtpx:TrackPointExtension>
      <gpxtpx:atemp>28</gpxtpx:atemp>
      <gpxtpx:hr>121</gpxtpx:hr>
     </gpxtpx:TrackPointExtension>
    </extensions>
   </trkpt>
   <trkpt lat="-33.4566120" lon="151.0190450">
    <ele>23.4</ele>
    <time>2021-09-01T04:56:27Z</time>
    <extensions>
     <gpxtpx:TrackPointExtension>
      <gpxtpx:atemp>28</gpxtpx:atemp>
      <gpxtpx:hr>120</gpxtpx:hr>
     </gpxtpx:TrackPointExtension>
    </extensions>
   </trkpt>
   <trkpt lat="-33.4565380" lon="151.0188950">
    <ele>24.8</ele>
    <time>2021-09-01T04:56:30Z</time>
    <extensions>
     <gpxtpx:TrackPointExtension>
      <gpxtpx:atemp>28</gpxtpx:atemp>
      <gpxtpx:hr>121</gpxtpx:hr>
     </gpxtpx:TrackPointExtension>
    </extensions>
   </trkpt>
   <trkpt lat="-33.4565110" lon="151.0188540">
    <ele>25.2</ele>
    <time>2021-09-01T04:56:31Z</time>
    <extensions>
     <gpxtpx:TrackPointExtension>
      <gpxtpx:atemp>28</gpxtpx:atemp>
      <gpxtpx:hr>122</gpxtpx:hr>
     </gpxtpx:TrackPointExtension>
    </extensions>
   </trkpt>
   <trkpt lat="-33.4564880" lon="151.0188580">
    <ele>25.6</ele>
    <time>2021-09-01T04:56:33Z</time>
    <extensions>
     <gpxtpx:TrackPointExtension>
      <gpxtpx:atemp>28</gpxtpx:atemp>
      <gpxtpx:hr>122</gpxtpx:hr>
     </gpxtpx:TrackPointExtension>
    </extensions>
   </trkpt>
   <trkpt lat="-33.4564850" lon="151.0188750">
    <ele>25.4</ele>
    <time>2021-09-01T04:56:34Z</time>
    <extensions>
     <gpxtpx:TrackPointExtension>
      <gpxtpx:atemp>28</gpxtpx:atemp>
      <gpxtpx:hr>122</gpxtpx:hr>
     </gpxtpx:TrackPointExtension>
    </extensions>
   </trkpt>
   <trkpt lat="-33.4565010" lon="151.0189360">
    <ele>25.2</ele>
    <time>2021-09-01T04:56:37Z</time>
    <extensions>
     <gpxtpx:TrackPointExtension>
      <gpxtpx:atemp>28</gpxtpx:atemp>
      <gpxtpx:hr>119</gpxtpx:hr>
     </gpxtpx:TrackPointExtension>
    </extensions>
   </trkpt>
   <trkpt lat="-33.4565020" lon="151.0189550">
    <ele>24.6</ele>
    <time>2021-09-01T04:56:38Z</time>
    <extensions>
     <gpxtpx:TrackPointExtension>
      <gpxtpx:atemp>28</gpxtpx:atemp>
      <gpxtpx:hr>120</gpxtpx:hr>
     </gpxtpx:TrackPointExtension>
    </extensions>
   </trkpt>
   <trkpt lat="-33.4564910" lon="151.0189820">
    <ele>24.2</ele>
    <time>2021-09-01T04:56:39Z</time>
    <extensions>
     <gpxtpx:TrackPointExtension>
      <gpxtpx:atemp>28</gpxtpx:atemp>
      <gpxtpx:hr>120</gpxtpx:hr>
     </gpxtpx:TrackPointExtension>
    </extensions>
   </trkpt>
   <trkpt lat="-33.4564850" lon="151.0190130">
    <ele>23.6</ele>
    <time>2021-09-01T04:56:40Z</time>
    <extensions>
     <gpxtpx:TrackPointExtension>
      <gpxtpx:atemp>28</gpxtpx:atemp>
      <gpxtpx:hr>122</gpxtpx:hr>
     </gpxtpx:TrackPointExtension>
    </extensions>
   </trkpt>
   <trkpt lat="-33.4564840" lon="151.0190460">
    <ele>23.0</ele>
    <time>2021-09-01T04:56:41Z</time>
    <extensions>
     <gpxtpx:TrackPointExtension>
      <gpxtpx:atemp>28</gpxtpx:atemp>
      <gpxtpx:hr>119</gpxtpx:hr>
     </gpxtpx:TrackPointExtension>
    </extensions>
   </trkpt>
   <trkpt lat="-33.4564840" lon="151.0190860">
    <ele>22.4</ele>
    <time>2021-09-01T04:56:42Z</time>
    <extensions>
     <gpxtpx:TrackPointExtension>
      <gpxtpx:atemp>28</gpxtpx:atemp>
      <gpxtpx:hr>119</gpxtpx:hr>
     </gpxtpx:TrackPointExtension>
    </extensions>
   </trkpt>
   <trkpt lat="-33.4564980" lon="151.0191150">
    <ele>22.0</ele>
    <time>2021-09-01T04:56:43Z</time>
    <extensions>
     <gpxtpx:TrackPointExtension>
      <gpxtpx:atemp>28</gpxtpx:atemp>
      <gpxtpx:hr>120</gpxtpx:hr>
     </gpxtpx:TrackPointExtension>
    </extensions>
   </trkpt>
   <trkpt lat="-33.4565160" lon="151.0191420">
    <ele>21.0</ele>
    <time>2021-09-01T04:56:44Z</time>
    <extensions>
     <gpxtpx:TrackPointExtension>
      <gpxtpx:atemp>28</gpxtpx:atemp>
      <gpxtpx:hr>120</gpxtpx:hr>
     </gpxtpx:TrackPointExtension>
    </extensions>
   </trkpt>
   <trkpt lat="-33.4565640" lon="151.0192470">
    <ele>20.0</ele>
    <time>2021-09-01T04:56:47Z</time>
    <extensions>
     <gpxtpx:TrackPointExtension>
      <gpxtpx:atemp>28</gpxtpx:atemp>
      <gpxtpx:hr>121</gpxtpx:hr>
     </gpxtpx:TrackPointExtension>
    </extensions>
   </trkpt>
   <trkpt lat="-33.4565690" lon="151.0193240">
    <ele>18.8</ele>
    <time>2021-09-01T04:56:49Z</time>
    <extensions>
     <gpxtpx:TrackPointExtension>
      <gpxtpx:atemp>28</gpxtpx:atemp>
      <gpxtpx:hr>118</gpxtpx:hr>
     </gpxtpx:TrackPointExtension>
    </extensions>
   </trkpt>
   <trkpt lat="-33.4565760" lon="151.0194340">
    <ele>18.0</ele>
    <time>2021-09-01T04:56:51Z</time>
    <extensions>
     <gpxtpx:TrackPointExtension>
      <gpxtpx:atemp>28</gpxtpx:atemp>
      <gpxtpx:hr>115</gpxtpx:hr>
     </gpxtpx:TrackPointExtension>
    </extensions>
   </trkpt>
   <trkpt lat="-33.4565800" lon="151.0194840">
    <ele>17.8</ele>
    <time>2021-09-01T04:56:52Z</time>
    <extensions>
     <gpxtpx:TrackPointExtension>
      <gpxtpx:atemp>28</gpxtpx:atemp>
      <gpxtpx:hr>115</gpxtpx:hr>
     </gpxtpx:TrackPointExtension>
    </extensions>
   </trkpt>
   <trkpt lat="-33.4565890" lon="151.0195390">
    <ele>17.4</ele>
    <time>2021-09-01T04:56:53Z</time>
    <extensions>
     <gpxtpx:TrackPointExtension>
      <gpxtpx:atemp>28</gpxtpx:atemp>
      <gpxtpx:hr>115</gpxtpx:hr>
     </gpxtpx:TrackPointExtension>
    </extensions>
   </trkpt>
   <trkpt lat="-33.4566050" lon="151.0197270">
    <ele>16.2</ele>
    <time>2021-09-01T04:56:57Z</time>
    <extensions>
     <gpxtpx:TrackPointExtension>
      <gpxtpx:atemp>28</gpxtpx:atemp>
      <gpxtpx:hr>113</gpxtpx:hr>
     </gpxtpx:TrackPointExtension>
    </extensions>
   </trkpt>
   <trkpt lat="-33.4566270" lon="151.0198710">
    <ele>14.8</ele>
    <time>2021-09-01T04:57:00Z</time>
    <extensions>
     <gpxtpx:TrackPointExtension>
      <gpxtpx:atemp>28</gpxtpx:atemp>
      <gpxtpx:hr>112</gpxtpx:hr>
     </gpxtpx:TrackPointExtension>
    </extensions>
   </trkpt>
   <trkpt lat="-33.4566510" lon="151.0199550">
    <ele>14.0</ele>
    <time>2021-09-01T04:57:02Z</time>
    <extensions>
     <gpxtpx:TrackPointExtension>
      <gpxtpx:atemp>28</gpxtpx:atemp>
      <gpxtpx:hr>111</gpxtpx:hr>
     </gpxtpx:TrackPointExtension>
    </extensions>
   </trkpt>
   <trkpt lat="-33.4566290" lon="151.0200230">
    <ele>13.6</ele>
    <time>2021-09-01T04:57:03Z</time>
    <extensions>
     <gpxtpx:TrackPointExtension>
      <gpxtpx:atemp>28</gpxtpx:atemp>
      <gpxtpx:hr>111</gpxtpx:hr>
     </gpxtpx:TrackPointExtension>
    </extensions>
   </trkpt>
   <trkpt lat="-33.4565490" lon="151.0200940">
    <ele>12.4</ele>
    <time>2021-09-01T04:57:05Z</time>
    <extensions>
     <gpxtpx:TrackPointExtension>
      <gpxtpx:atemp>28</gpxtpx:atemp>
      <gpxtpx:hr>111</gpxtpx:hr>
     </gpxtpx:TrackPointExtension>
    </extensions>
   </trkpt>
   <trkpt lat="-33.4564750" lon="151.0201680">
    <ele>11.8</ele>
    <time>2021-09-01T04:57:07Z</time>
    <extensions>
     <gpxtpx:TrackPointExtension>
      <gpxtpx:atemp>28</gpxtpx:atemp>
      <gpxtpx:hr>111</gpxtpx:hr>
     </gpxtpx:TrackPointExtension>
    </extensions>
   </trkpt>
   <trkpt lat="-33.4564280" lon="151.0202070">
    <ele>11.4</ele>
    <time>2021-09-01T04:57:08Z</time>
    <extensions>
     <gpxtpx:TrackPointExtension>
      <gpxtpx:atemp>28</gpxtpx:atemp>
      <gpxtpx:hr>111</gpxtpx:hr>
     </gpxtpx:TrackPointExtension>
    </extensions>
   </trkpt>
   <trkpt lat="-33.4563690" lon="151.0202860">
    <ele>10.8</ele>
    <time>2021-09-01T04:57:10Z</time>
    <extensions>
     <gpxtpx:TrackPointExtension>
      <gpxtpx:atemp>28</gpxtpx:atemp>
      <gpxtpx:hr>111</gpxtpx:hr>
     </gpxtpx:TrackPointExtension>
    </extensions>
   </trkpt>
   <trkpt lat="-33.4563780" lon="151.0203890">
    <ele>10.2</ele>
    <time>2021-09-01T04:57:12Z</time>
    <extensions>
     <gpxtpx:TrackPointExtension>
      <gpxtpx:atemp>28</gpxtpx:atemp>
      <gpxtpx:hr>111</gpxtpx:hr>
     </gpxtpx:TrackPointExtension>
    </extensions>
   </trkpt>
   <trkpt lat="-33.4563890" lon="151.0204450">
    <ele>9.8</ele>
    <time>2021-09-01T04:57:13Z</time>
    <extensions>
     <gpxtpx:TrackPointExtension>
      <gpxtpx:atemp>28</gpxtpx:atemp>
      <gpxtpx:hr>111</gpxtpx:hr>
     </gpxtpx:TrackPointExtension>
    </extensions>
   </trkpt>
   <trkpt lat="-33.4564820" lon="151.0205810">
    <ele>9.2</ele>
    <time>2021-09-01T04:57:17Z</time>
    <extensions>
     <gpxtpx:TrackPointExtension>
      <gpxtpx:atemp>28</gpxtpx:atemp>
      <gpxtpx:hr>109</gpxtpx:hr>
     </gpxtpx:TrackPointExtension>
    </extensions>
   </trkpt>
   <trkpt lat="-33.4564860" lon="151.0206350">
    <ele>8.8</ele>
    <time>2021-09-01T04:57:18Z</time>
    <extensions>
     <gpxtpx:TrackPointExtension>
      <gpxtpx:atemp>28</gpxtpx:atemp>
      <gpxtpx:hr>109</gpxtpx:hr>
     </gpxtpx:TrackPointExtension>
    </extensions>
   </trkpt>
   <trkpt lat="-33.4565130" lon="151.0207950">
    <ele>8.0</ele>
    <time>2021-09-01T04:57:21Z</time>
    <extensions>
     <gpxtpx:TrackPointExtension>
      <gpxtpx:atemp>28</gpxtpx:atemp>
      <gpxtpx:hr>108</gpxtpx:hr>
     </gpxtpx:TrackPointExtension>
    </extensions>
   </trkpt>
   <trkpt lat="-33.4565390" lon="151.0209050">
    <ele>7.8</ele>
    <time>2021-09-01T04:57:23Z</time>
    <extensions>
     <gpxtpx:TrackPointExtension>
      <gpxtpx:atemp>28</gpxtpx:atemp>
      <gpxtpx:hr>108</gpxtpx:hr>
     </gpxtpx:TrackPointExtension>
    </extensions>
   </trkpt>
   <trkpt lat="-33.4565350" lon="151.0209550">
    <ele>7.4</ele>
    <time>2021-09-01T04:57:24Z</time>
    <extensions>
     <gpxtpx:TrackPointExtension>
      <gpxtpx:atemp>28</gpxtpx:atemp>
      <gpxtpx:hr>108</gpxtpx:hr>
     </gpxtpx:TrackPointExtension>
    </extensions>
   </trkpt>
   <trkpt lat="-33.4565060" lon="151.0210060">
    <ele>7.0</ele>
    <time>2021-09-01T04:57:25Z</time>
    <extensions>
     <gpxtpx:TrackPointExtension>
      <gpxtpx:atemp>28</gpxtpx:atemp>
      <gpxtpx:hr>109</gpxtpx:hr>
     </gpxtpx:TrackPointExtension>
    </extensions>
   </trkpt>
   <trkpt lat="-33.4564440" lon="151.0210420">
    <ele>6.8</ele>
    <time>2021-09-01T04:57:27Z</time>
    <extensions>
     <gpxtpx:TrackPointExtension>
      <gpxtpx:atemp>28</gpxtpx:atemp>
      <gpxtpx:hr>109</gpxtpx:hr>
     </gpxtpx:TrackPointExtension>
    </extensions>
   </trkpt>
   <trkpt lat="-33.4564040" lon="151.0211410">
    <ele>7.2</ele>
    <time>2021-09-01T04:57:29Z</time>
    <extensions>
     <gpxtpx:TrackPointExtension>
      <gpxtpx:atemp>28</gpxtpx:atemp>
      <gpxtpx:hr>108</gpxtpx:hr>
     </gpxtpx:TrackPointExtension>
    </extensions>
   </trkpt>
   <trkpt lat="-33.4563320" lon="151.0212910">
    <ele>7.6</ele>
    <time>2021-09-01T04:57:32Z</time>
    <extensions>
     <gpxtpx:TrackPointExtension>
      <gpxtpx:atemp>28</gpxtpx:atemp>
      <gpxtpx:hr>107</gpxtpx:hr>
     </gpxtpx:TrackPointExtension>
    </extensions>
   </trkpt>
   <trkpt lat="-33.4562630" lon="151.0213090">
    <ele>7.8</ele>
    <time>2021-09-01T04:57:34Z</time>
    <extensions>
     <gpxtpx:TrackPointExtension>
      <gpxtpx:atemp>28</gpxtpx:atemp>
      <gpxtpx:hr>105</gpxtpx:hr>
     </gpxtpx:TrackPointExtension>
    </extensions>
   </trkpt>
   <trkpt lat="-33.4562370" lon="151.0213680">
    <ele>8.0</ele>
    <time>2021-09-01T04:57:36Z</time>
    <extensions>
     <gpxtpx:TrackPointExtension>
      <gpxtpx:atemp>28</gpxtpx:atemp>
      <gpxtpx:hr>107</gpxtpx:hr>
     </gpxtpx:TrackPointExtension>
    </extensions>
   </trkpt>
   <trkpt lat="-33.4562370" lon="151.0214650">
    <ele>8.2</ele>
    <time>2021-09-01T04:57:38Z</time>
    <extensions>
     <gpxtpx:TrackPointExtension>
      <gpxtpx:atemp>28</gpxtpx:atemp>
      <gpxtpx:hr>106</gpxtpx:hr>
     </gpxtpx:TrackPointExtension>
    </extensions>
   </trkpt>
   <trkpt lat="-33.4562200" lon="151.0215770">
    <ele>8.0</ele>
    <time>2021-09-01T04:57:40Z</time>
    <extensions>
     <gpxtpx:TrackPointExtension>
      <gpxtpx:atemp>28</gpxtpx:atemp>
      <gpxtpx:hr>108</gpxtpx:hr>
     </gpxtpx:TrackPointExtension>
    </extensions>
   </trkpt>
   <trkpt lat="-33.4562280" lon="151.0216870">
    <ele>7.6</ele>
    <time>2021-09-01T04:57:42Z</time>
    <extensions>
     <gpxtpx:TrackPointExtension>
      <gpxtpx:atemp>28</gpxtpx:atemp>
      <gpxtpx:hr>111</gpxtpx:hr>
     </gpxtpx:TrackPointExtension>
    </extensions>
   </trkpt>
   <trkpt lat="-33.4562590" lon="151.0218550">
    <ele>6.6</ele>
    <time>2021-09-01T04:57:45Z</time>
    <extensions>
     <gpxtpx:TrackPointExtension>
      <gpxtpx:atemp>28</gpxtpx:atemp>
      <gpxtpx:hr>113</gpxtpx:hr>
     </gpxtpx:TrackPointExtension>
    </extensions>
   </trkpt>
   <trkpt lat="-33.4562860" lon="151.0218920">
    <ele>6.2</ele>
    <time>2021-09-01T04:57:46Z</time>
    <extensions>
     <gpxtpx:TrackPointExtension>
      <gpxtpx:atemp>28</gpxtpx:atemp>
      <gpxtpx:hr>113</gpxtpx:hr>
     </gpxtpx:TrackPointExtension>
    </extensions>
   </trkpt>
   <trkpt lat="-33.4563800" lon="151.0219750">
    <ele>5.0</ele>
    <time>2021-09-01T04:57:49Z</time>
    <extensions>
     <gpxtpx:TrackPointExtension>
      <gpxtpx:atemp>28</gpxtpx:atemp>
      <gpxtpx:hr>112</gpxtpx:hr>
     </gpxtpx:TrackPointExtension>
    </extensions>
   </trkpt>
   <trkpt lat="-33.4563980" lon="151.0220080">
    <ele>4.8</ele>
    <time>2021-09-01T04:57:50Z</time>
    <extensions>
     <gpxtpx:TrackPointExtension>
      <gpxtpx:atemp>28</gpxtpx:atemp>
      <gpxtpx:hr>112</gpxtpx:hr>
     </gpxtpx:TrackPointExtension>
    </extensions>
   </trkpt>
   <trkpt lat="-33.4564190" lon="151.0220860">
    <ele>4.6</ele>
    <time>2021-09-01T04:57:52Z</time>
    <extensions>
     <gpxtpx:TrackPointExtension>
      <gpxtpx:atemp>28</gpxtpx:atemp>
      <gpxtpx:hr>111</gpxtpx:hr>
     </gpxtpx:TrackPointExtension>
    </extensions>
   </trkpt>
   <trkpt lat="-33.4564510" lon="151.0222090">
    <ele>4.2</ele>
    <time>2021-09-01T04:57:56Z</time>
    <extensions>
     <gpxtpx:TrackPointExtension>
      <gpxtpx:atemp>28</gpxtpx:atemp>
      <gpxtpx:hr>110</gpxtpx:hr>
     </gpxtpx:TrackPointExtension>
    </extensions>
   </trkpt>
   <trkpt lat="-33.4564600" lon="151.0222450">
    <ele>3.8</ele>
    <time>2021-09-01T04:57:57Z</time>
    <extensions>
     <gpxtpx:TrackPointExtension>
      <gpxtpx:atemp>28</gpxtpx:atemp>
      <gpxtpx:hr>111</gpxtpx:hr>
     </gpxtpx:TrackPointExtension>
    </extensions>
   </trkpt>
   <trkpt lat="-33.4565070" lon="151.0223080">
    <ele>3.4</ele>
    <time>2021-09-01T04:57:59Z</time>
    <extensions>
     <gpxtpx:TrackPointExtension>
      <gpxtpx:atemp>28</gpxtpx:atemp>
      <gpxtpx:hr>111</gpxtpx:hr>
     </gpxtpx:TrackPointExtension>
    </extensions>
   </trkpt>
   <trkpt lat="-33.4565240" lon="151.0224040">
    <ele>2.6</ele>
    <time>2021-09-01T04:58:01Z</time>
    <extensions>
     <gpxtpx:TrackPointExtension>
      <gpxtpx:atemp>28</gpxtpx:atemp>
      <gpxtpx:hr>111</gpxtpx:hr>
     </gpxtpx:TrackPointExtension>
    </extensions>
   </trkpt>
   <trkpt lat="-33.4565070" lon="151.0224560">
    <ele>2.2</ele>
    <time>2021-09-01T04:58:02Z</time>
    <extensions>
     <gpxtpx:TrackPointExtension>
      <gpxtpx:atemp>28</gpxtpx:atemp>
      <gpxtpx:hr>110</gpxtpx:hr>
     </gpxtpx:TrackPointExtension>
    </extensions>
   </trkpt>
   <trkpt lat="-33.4564540" lon="151.0225280">
    <ele>1.6</ele>
    <time>2021-09-01T04:58:04Z</time>
    <extensions>
     <gpxtpx:TrackPointExtension>
      <gpxtpx:atemp>28</gpxtpx:atemp>
      <gpxtpx:hr>110</gpxtpx:hr>
     </gpxtpx:TrackPointExtension>
    </extensions>
   </trkpt>
   <trkpt lat="-33.4564290" lon="151.0225870">
    <ele>1.4</ele>
    <time>2021-09-01T04:58:06Z</time>
    <extensions>
     <gpxtpx:TrackPointExtension>
      <gpxtpx:atemp>28</gpxtpx:atemp>
      <gpxtpx:hr>110</gpxtpx:hr>
     </gpxtpx:TrackPointExtension>
    </extensions>
   </trkpt>
   <trkpt lat="-33.4564040" lon="151.0227470">
    <ele>1.2</ele>
    <time>2021-09-01T04:58:10Z</time>
    <extensions>
     <gpxtpx:TrackPointExtension>
      <gpxtpx:atemp>28</gpxtpx:atemp>
      <gpxtpx:hr>109</gpxtpx:hr>
     </gpxtpx:TrackPointExtension>
    </extensions>
   </trkpt>
   <trkpt lat="-33.4564330" lon="151.0228460">
    <ele>0.4</ele>
    <time>2021-09-01T04:58:13Z</time>
    <extensions>
     <gpxtpx:TrackPointExtension>
      <gpxtpx:atemp>28</gpxtpx:atemp>
      <gpxtpx:hr>108</gpxtpx:hr>
     </gpxtpx:TrackPointExtension>
    </extensions>
   </trkpt>
   <trkpt lat="-33.4564330" lon="151.0228790">
    <ele>0.4</ele>
    <time>2021-09-01T04:58:14Z</time>
    <extensions>
     <gpxtpx:TrackPointExtension>
      <gpxtpx:atemp>28</gpxtpx:atemp>
      <gpxtpx:hr>109</gpxtpx:hr>
     </gpxtpx:TrackPointExtension>
    </extensions>
   </trkpt>
   <trkpt lat="-33.4564060" lon="151.0231060">
    <ele>0.6</ele>
    <time>2021-09-01T04:58:18Z</time>
    <extensions>
     <gpxtpx:TrackPointExtension>
      <gpxtpx:atemp>28</gpxtpx:atemp>
      <gpxtpx:hr>108</gpxtpx:hr>
     </gpxtpx:TrackPointExtension>
    </extensions>
   </trkpt>
   <trkpt lat="-33.4564570" lon="151.0232370">
    <ele>0.8</ele>
    <time>2021-09-01T04:58:21Z</time>
    <extensions>
     <gpxtpx:TrackPointExtension>
      <gpxtpx:atemp>28</gpxtpx:atemp>
      <gpxtpx:hr>107</gpxtpx:hr>
     </gpxtpx:TrackPointExtension>
    </extensions>
   </trkpt>
   <trkpt lat="-33.4565020" lon="151.0233400">
    <ele>0.6</ele>
    <time>2021-09-01T04:58:23Z</time>
    <extensions>
     <gpxtpx:TrackPointExtension>
      <gpxtpx:atemp>28</gpxtpx:atemp>
      <gpxtpx:hr>104</gpxtpx:hr>
     </gpxtpx:TrackPointExtension>
    </extensions>
   </trkpt>
   <trkpt lat="-33.4564990" lon="151.0233980">
    <ele>0.4</ele>
    <time>2021-09-01T04:58:24Z</time>
    <extensions>
     <gpxtpx:TrackPointExtension>
      <gpxtpx:atemp>28</gpxtpx:atemp>
      <gpxtpx:hr>106</gpxtpx:hr>
     </gpxtpx:TrackPointExtension>
    </extensions>
   </trkpt>
   <trkpt lat="-33.4564820" lon="151.0234730">
    <ele>0.2</ele>
    <time>2021-09-01T04:58:25Z</time>
    <extensions>
     <gpxtpx:TrackPointExtension>
      <gpxtpx:atemp>28</gpxtpx:atemp>
      <gpxtpx:hr>106</gpxtpx:hr>
     </gpxtpx:TrackPointExtension>
    </extensions>
   </trkpt>
   <trkpt lat="-33.4564340" lon="151.0235630">
    <ele>0.0</ele>
    <time>2021-09-01T04:58:27Z</time>
    <extensions>
     <gpxtpx:TrackPointExtension>
      <gpxtpx:atemp>28</gpxtpx:atemp>
      <gpxtpx:hr>108</gpxtpx:hr>
     </gpxtpx:TrackPointExtension>
    </extensions>
   </trkpt>
   <trkpt lat="-33.4563630" lon="151.0236640">
    <ele>1.0</ele>
    <time>2021-09-01T04:58:29Z</time>
    <extensions>
     <gpxtpx:TrackPointExtension>
      <gpxtpx:atemp>28</gpxtpx:atemp>
      <gpxtpx:hr>108</gpxtpx:hr>
     </gpxtpx:TrackPointExtension>
    </extensions>
   </trkpt>
   <trkpt lat="-33.4563240" lon="151.0237200">
    <ele>1.6</ele>
    <time>2021-09-01T04:58:30Z</time>
    <extensions>
     <gpxtpx:TrackPointExtension>
      <gpxtpx:atemp>28</gpxtpx:atemp>
      <gpxtpx:hr>108</gpxtpx:hr>
     </gpxtpx:TrackPointExtension>
    </extensions>
   </trkpt>
   <trkpt lat="-33.4562770" lon="151.0237610">
    <ele>2.0</ele>
    <time>2021-09-01T04:58:31Z</time>
    <extensions>
     <gpxtpx:TrackPointExtension>
      <gpxtpx:atemp>28</gpxtpx:atemp>
      <gpxtpx:hr>109</gpxtpx:hr>
     </gpxtpx:TrackPointExtension>
    </extensions>
   </trkpt>
   <trkpt lat="-33.4561850" lon="151.0238310">
    <ele>3.0</ele>
    <time>2021-09-01T04:58:33Z</time>
    <extensions>
     <gpxtpx:TrackPointExtension>
      <gpxtpx:atemp>28</gpxtpx:atemp>
      <gpxtpx:hr>109</gpxtpx:hr>
     </gpxtpx:TrackPointExtension>
    </extensions>
   </trkpt>
   <trkpt lat="-33.4561410" lon="151.0238820">
    <ele>4.2</ele>
    <time>2021-09-01T04:58:35Z</time>
    <extensions>
     <gpxtpx:TrackPointExtension>
      <gpxtpx:atemp>28</gpxtpx:atemp>
      <gpxtpx:hr>109</gpxtpx:hr>
     </gpxtpx:TrackPointExtension>
    </extensions>
   </trkpt>
   <trkpt lat="-33.4561240" lon="151.0239110">
    <ele>5.4</ele>
    <time>2021-09-01T04:58:38Z</time>
    <extensions>
     <gpxtpx:TrackPointExtension>
      <gpxtpx:atemp>28</gpxtpx:atemp>
      <gpxtpx:hr>109</gpxtpx:hr>
     </gpxtpx:TrackPointExtension>
    </extensions>
   </trkpt>
   <trkpt lat="-33.4561290" lon="151.0239220">
    <ele>5.4</ele>
    <time>2021-09-01T04:58:39Z</time>
    <extensions>
     <gpxtpx:TrackPointExtension>
      <gpxtpx:atemp>28</gpxtpx:atemp>
      <gpxtpx:hr>109</gpxtpx:hr>
     </gpxtpx:TrackPointExtension>
    </extensions>
   </trkpt>
   <trkpt lat="-33.4561350" lon="151.0239310">
    <ele>5.4</ele>
    <time>2021-09-01T04:58:40Z</time>
    <extensions>
     <gpxtpx:TrackPointExtension>
      <gpxtpx:atemp>28</gpxtpx:atemp>
      <gpxtpx:hr>111</gpxtpx:hr>
     </gpxtpx:TrackPointExtension>
    </extensions>
   </trkpt>
   <trkpt lat="-33.4561770" lon="151.0239980">
    <ele>5.4</ele>
    <time>2021-09-01T04:58:43Z</time>
    <extensions>
     <gpxtpx:TrackPointExtension>
      <gpxtpx:atemp>28</gpxtpx:atemp>
      <gpxtpx:hr>109</gpxtpx:hr>
     </gpxtpx:TrackPointExtension>
    </extensions>
   </trkpt>
   <trkpt lat="-33.4562710" lon="151.0240890">
    <ele>4.8</ele>
    <time>2021-09-01T04:58:46Z</time>
    <extensions>
     <gpxtpx:TrackPointExtension>
      <gpxtpx:atemp>28</gpxtpx:atemp>
      <gpxtpx:hr>110</gpxtpx:hr>
     </gpxtpx:TrackPointExtension>
    </extensions>
   </trkpt>
   <trkpt lat="-33.4563040" lon="151.0241330">
    <ele>4.6</ele>
    <time>2021-09-01T04:58:47Z</time>
    <extensions>
     <gpxtpx:TrackPointExtension>
      <gpxtpx:atemp>28</gpxtpx:atemp>
      <gpxtpx:hr>110</gpxtpx:hr>
     </gpxtpx:TrackPointExtension>
    </extensions>
   </trkpt>
   <trkpt lat="-33.4563220" lon="151.0241780">
    <ele>4.6</ele>
    <time>2021-09-01T04:58:48Z</time>
    <extensions>
     <gpxtpx:TrackPointExtension>
      <gpxtpx:atemp>28</gpxtpx:atemp>
      <gpxtpx:hr>109</gpxtpx:hr>
     </gpxtpx:TrackPointExtension>
    </extensions>
   </trkpt>
   <trkpt lat="-33.4563440" lon="151.0243290">
    <ele>4.4</ele>
    <time>2021-09-01T04:58:51Z</time>
    <extensions>
     <gpxtpx:TrackPointExtension>
      <gpxtpx:atemp>28</gpxtpx:atemp>
      <gpxtpx:hr>109</gpxtpx:hr>
     </gpxtpx:TrackPointExtension>
    </extensions>
   </trkpt>
   <trkpt lat="-33.4563290" lon="151.0244290">
    <ele>4.8</ele>
    <time>2021-09-01T04:58:53Z</time>
    <extensions>
     <gpxtpx:TrackPointExtension>
      <gpxtpx:atemp>28</gpxtpx:atemp>
      <gpxtpx:hr>112</gpxtpx:hr>
     </gpxtpx:TrackPointExtension>
    </extensions>
   </trkpt>
   <trkpt lat="-33.4562990" lon="151.0245250">
    <ele>7.0</ele>
    <time>2021-09-01T04:58:55Z</time>
    <extensions>
     <gpxtpx:TrackPointExtension>
      <gpxtpx:atemp>28</gpxtpx:atemp>
      <gpxtpx:hr>114</gpxtpx:hr>
     </gpxtpx:TrackPointExtension>
    </extensions>
   </trkpt>
   <trkpt lat="-33.4562920" lon="151.0245600">
    <ele>8.2</ele>
    <time>2021-09-01T04:58:56Z</time>
    <extensions>
     <gpxtpx:TrackPointExtension>
      <gpxtpx:atemp>28</gpxtpx:atemp>
      <gpxtpx:hr>115</gpxtpx:hr>
     </gpxtpx:TrackPointExtension>
    </extensions>
   </trkpt>
   <trkpt lat="-33.4562890" lon="151.0246240">
    <ele>9.8</ele>
    <time>2021-09-01T04:58:58Z</time>
    <extensions>
     <gpxtpx:TrackPointExtension>
      <gpxtpx:atemp>28</gpxtpx:atemp>
      <gpxtpx:hr>116</gpxtpx:hr>
     </gpxtpx:TrackPointExtension>
    </extensions>
   </trkpt>
   <trkpt lat="-33.4562920" lon="151.0246540">
    <ele>10.8</ele>
    <time>2021-09-01T04:58:59Z</time>
    <extensions>
     <gpxtpx:TrackPointExtension>
      <gpxtpx:atemp>28</gpxtpx:atemp>
      <gpxtpx:hr>115</gpxtpx:hr>
     </gpxtpx:TrackPointExtension>
    </extensions>
   </trkpt>
   <trkpt lat="-33.4562960" lon="151.0246860">
    <ele>11.2</ele>
    <time>2021-09-01T04:59:00Z</time>
    <extensions>
     <gpxtpx:TrackPointExtension>
      <gpxtpx:atemp>28</gpxtpx:atemp>
      <gpxtpx:hr>114</gpxtpx:hr>
     </gpxtpx:TrackPointExtension>
    </extensions>
   </trkpt>
   <trkpt lat="-33.4563100" lon="151.0246990">
    <ele>11.6</ele>
    <time>2021-09-01T04:59:01Z</time>
    <extensions>
     <gpxtpx:TrackPointExtension>
      <gpxtpx:atemp>28</gpxtpx:atemp>
      <gpxtpx:hr>113</gpxtpx:hr>
     </gpxtpx:TrackPointExtension>
    </extensions>
   </trkpt>
   <trkpt lat="-33.4563260" lon="151.0246970">
    <ele>11.8</ele>
    <time>2021-09-01T04:59:02Z</time>
    <extensions>
     <gpxtpx:TrackPointExtension>
      <gpxtpx:atemp>28</gpxtpx:atemp>
      <gpxtpx:hr>114</gpxtpx:hr>
     </gpxtpx:TrackPointExtension>
    </extensions>
   </trkpt>
   <trkpt lat="-33.4563680" lon="151.0246710">
    <ele>12.0</ele>
    <time>2021-09-01T04:59:04Z</time>
    <extensions>
     <gpxtpx:TrackPointExtension>
      <gpxtpx:atemp>28</gpxtpx:atemp>
      <gpxtpx:hr>118</gpxtpx:hr>
     </gpxtpx:TrackPointExtension>
    </extensions>
   </trkpt>
   <trkpt lat="-33.4563980" lon="151.0246580">
    <ele>12.0</ele>
    <time>2021-09-01T04:59:05Z</time>
    <extensions>
     <gpxtpx:TrackPointExtension>
      <gpxtpx:atemp>28</gpxtpx:atemp>
      <gpxtpx:hr>119</gpxtpx:hr>
     </gpxtpx:TrackPointExtension>
    </extensions>
   </trkpt>
   <trkpt lat="-33.4564890" lon="151.0246250">
    <ele>12.2</ele>
    <time>2021-09-01T04:59:09Z</time>
    <extensions>
     <gpxtpx:TrackPointExtension>
      <gpxtpx:atemp>28</gpxtpx:atemp>
      <gpxtpx:hr>116</gpxtpx:hr>
     </gpxtpx:TrackPointExtension>
    </extensions>
   </trkpt>
   <trkpt lat="-33.4565000" lon="151.0246150">
    <ele>12.2</ele>
    <time>2021-09-01T04:59:10Z</time>
    <extensions>
     <gpxtpx:TrackPointExtension>
      <gpxtpx:atemp>28</gpxtpx:atemp>
      <gpxtpx:hr>116</gpxtpx:hr>
     </gpxtpx:TrackPointExtension>
    </extensions>
   </trkpt>
   <trkpt lat="-33.4565800" lon="151.0245820">
    <ele>11.8</ele>
    <time>2021-09-01T04:59:14Z</time>
    <extensions>
     <gpxtpx:TrackPointExtension>
      <gpxtpx:atemp>28</gpxtpx:atemp>
      <gpxtpx:hr>116</gpxtpx:hr>
     </gpxtpx:TrackPointExtension>
    </extensions>
   </trkpt>
   <trkpt lat="-33.4566310" lon="151.0245440">
    <ele>12.0</ele>
    <time>2021-09-01T04:59:18Z</time>
    <extensions>
     <gpxtpx:TrackPointExtension>
      <gpxtpx:atemp>28</gpxtpx:atemp>
      <gpxtpx:hr>113</gpxtpx:hr>
     </gpxtpx:TrackPointExtension>
    </extensions>
   </trkpt>
   <trkpt lat="-33.4566520" lon="151.0245310">
    <ele>12.0</ele>
    <time>2021-09-01T04:59:19Z</time>
    <extensions>
     <gpxtpx:TrackPointExtension>
      <gpxtpx:atemp>28</gpxtpx:atemp>
      <gpxtpx:hr>114</gpxtpx:hr>
     </gpxtpx:TrackPointExtension>
    </extensions>
   </trkpt>
   <trkpt lat="-33.4566920" lon="151.0245160">
    <ele>12.0</ele>
    <time>2021-09-01T04:59:21Z</time>
    <extensions>
     <gpxtpx:TrackPointExtension>
      <gpxtpx:atemp>28</gpxtpx:atemp>
      <gpxtpx:hr>115</gpxtpx:hr>
     </gpxtpx:TrackPointExtension>
    </extensions>
   </trkpt>
   <trkpt lat="-33.4567540" lon="151.0245220">
    <ele>11.8</ele>
    <time>2021-09-01T04:59:23Z</time>
    <extensions>
     <gpxtpx:TrackPointExtension>
      <gpxtpx:atemp>28</gpxtpx:atemp>
      <gpxtpx:hr>116</gpxtpx:hr>
     </gpxtpx:TrackPointExtension>
    </extensions>
   </trkpt>
   <trkpt lat="-33.4567690" lon="151.0245340">
    <ele>12.0</ele>
    <time>2021-09-01T04:59:24Z</time>
    <extensions>
     <gpxtpx:TrackPointExtension>
      <gpxtpx:atemp>28</gpxtpx:atemp>
      <gpxtpx:hr>116</gpxtpx:hr>
     </gpxtpx:TrackPointExtension>
    </extensions>
   </trkpt>
   <trkpt lat="-33.4568130" lon="151.0245620">
    <ele>12.2</ele>
    <time>2021-09-01T04:59:26Z</time>
    <extensions>
     <gpxtpx:TrackPointExtension>
      <gpxtpx:atemp>28</gpxtpx:atemp>
      <gpxtpx:hr>116</gpxtpx:hr>
     </gpxtpx:TrackPointExtension>
    </extensions>
   </trkpt>
   <trkpt lat="-33.4568730" lon="151.0246390">
    <ele>13.0</ele>
    <time>2021-09-01T04:59:30Z</time>
    <extensions>
     <gpxtpx:TrackPointExtension>
      <gpxtpx:atemp>28</gpxtpx:atemp>
      <gpxtpx:hr>115</gpxtpx:hr>
     </gpxtpx:TrackPointExtension>
    </extensions>
   </trkpt>
   <trkpt lat="-33.4568920" lon="151.0246600">
    <ele>13.2</ele>
    <time>2021-09-01T04:59:33Z</time>
    <extensions>
     <gpxtpx:TrackPointExtension>
      <gpxtpx:atemp>28</gpxtpx:atemp>
      <gpxtpx:hr>116</gpxtpx:hr>
     </gpxtpx:TrackPointExtension>
    </extensions>
   </trkpt>
   <trkpt lat="-33.4569190" lon="151.0246880">
    <ele>13.2</ele>
    <time>2021-09-01T04:59:35Z</time>
    <extensions>
     <gpxtpx:TrackPointExtension>
      <gpxtpx:atemp>28</gpxtpx:atemp>
      <gpxtpx:hr>116</gpxtpx:hr>
     </gpxtpx:TrackPointExtension>
    </extensions>
   </trkpt>
   <trkpt lat="-33.4569850" lon="151.0247830">
    <ele>11.4</ele>
    <time>2021-09-01T04:59:39Z</time>
    <extensions>
     <gpxtpx:TrackPointExtension>
      <gpxtpx:atemp>28</gpxtpx:atemp>
      <gpxtpx:hr>116</gpxtpx:hr>
     </gpxtpx:TrackPointExtension>
    </extensions>
   </trkpt>
   <trkpt lat="-33.4569920" lon="151.0248150">
    <ele>11.0</ele>
    <time>2021-09-01T04:59:40Z</time>
    <extensions>
     <gpxtpx:TrackPointExtension>
      <gpxtpx:atemp>28</gpxtpx:atemp>
      <gpxtpx:hr>116</gpxtpx:hr>
     </gpxtpx:TrackPointExtension>
    </extensions>
   </trkpt>
   <trkpt lat="-33.4570110" lon="151.0249040">
    <ele>11.0</ele>
    <time>2021-09-01T04:59:44Z</time>
    <extensions>
     <gpxtpx:TrackPointExtension>
      <gpxtpx:atemp>28</gpxtpx:atemp>
      <gpxtpx:hr>113</gpxtpx:hr>
     </gpxtpx:TrackPointExtension>
    </extensions>
   </trkpt>
   <trkpt lat="-33.4570160" lon="151.0249250">
    <ele>11.2</ele>
    <time>2021-09-01T04:59:45Z</time>
    <extensions>
     <gpxtpx:TrackPointExtension>
      <gpxtpx:atemp>28</gpxtpx:atemp>
      <gpxtpx:hr>117</gpxtpx:hr>
     </gpxtpx:TrackPointExtension>
    </extensions>
   </trkpt>
   <trkpt lat="-33.4570430" lon="151.0250100">
    <ele>11.4</ele>
    <time>2021-09-01T04:59:49Z</time>
    <extensions>
     <gpxtpx:TrackPointExtension>
      <gpxtpx:atemp>28</gpxtpx:atemp>
      <gpxtpx:hr>118</gpxtpx:hr>
     </gpxtpx:TrackPointExtension>
    </extensions>
   </trkpt>
   <trkpt lat="-33.4570510" lon="151.0250930">
    <ele>11.6</ele>
    <time>2021-09-01T04:59:53Z</time>
    <extensions>
     <gpxtpx:TrackPointExtension>
      <gpxtpx:atemp>28</gpxtpx:atemp>
      <gpxtpx:hr>120</gpxtpx:hr>
     </gpxtpx:TrackPointExtension>
    </extensions>
   </trkpt>
   <trkpt lat="-33.4570550" lon="151.0251100">
    <ele>11.6</ele>
    <time>2021-09-01T04:59:54Z</time>
    <extensions>
     <gpxtpx:TrackPointExtension>
      <gpxtpx:atemp>28</gpxtpx:atemp>
      <gpxtpx:hr>120</gpxtpx:hr>
     </gpxtpx:TrackPointExtension>
    </extensions>
   </trkpt>
   <trkpt lat="-33.4570680" lon="151.0251630">
    <ele>11.6</ele>
    <time>2021-09-01T04:59:57Z</time>
    <extensions>
     <gpxtpx:TrackPointExtension>
      <gpxtpx:atemp>28</gpxtpx:atemp>
      <gpxtpx:hr>117</gpxtpx:hr>
     </gpxtpx:TrackPointExtension>
    </extensions>
   </trkpt>
   <trkpt lat="-33.4570600" lon="151.0251750">
    <ele>11.6</ele>
    <time>2021-09-01T04:59:59Z</time>
    <extensions>
     <gpxtpx:TrackPointExtension>
      <gpxtpx:atemp>28</gpxtpx:atemp>
      <gpxtpx:hr>116</gpxtpx:hr>
     </gpxtpx:TrackPointExtension>
    </extensions>
   </trkpt>
   <trkpt lat="-33.4570620" lon="151.0251810">
    <ele>11.8</ele>
    <time>2021-09-01T05:00:05Z</time>
    <extensions>
     <gpxtpx:TrackPointExtension>
      <gpxtpx:atemp>29</gpxtpx:atemp>
      <gpxtpx:hr>116</gpxtpx:hr>
     </gpxtpx:TrackPointExtension>
    </extensions>
   </trkpt>
   <trkpt lat="-33.4570750" lon="151.0252090">
    <ele>11.4</ele>
    <time>2021-09-01T05:00:14Z</time>
    <extensions>
     <gpxtpx:TrackPointExtension>
      <gpxtpx:atemp>29</gpxtpx:atemp>
      <gpxtpx:hr>114</gpxtpx:hr>
     </gpxtpx:TrackPointExtension>
    </extensions>
   </trkpt>
   <trkpt lat="-33.4570820" lon="151.0252160">
    <ele>11.2</ele>
    <time>2021-09-01T05:00:25Z</time>
    <extensions>
     <gpxtpx:TrackPointExtension>
      <gpxtpx:atemp>29</gpxtpx:atemp>
      <gpxtpx:hr>113</gpxtpx:hr>
     </gpxtpx:TrackPointExtension>
    </extensions>
   </trkpt>
   <trkpt lat="-33.4570860" lon="151.0252220">
    <ele>11.0</ele>
    <time>2021-09-01T05:00:28Z</time>
    <extensions>
     <gpxtpx:TrackPointExtension>
      <gpxtpx:atemp>29</gpxtpx:atemp>
      <gpxtpx:hr>110</gpxtpx:hr>
     </gpxtpx:TrackPointExtension>
    </extensions>
   </trkpt>
   <trkpt lat="-33.4570880" lon="151.0252240">
    <ele>11.2</ele>
    <time>2021-09-01T05:00:30Z</time>
    <extensions>
     <gpxtpx:TrackPointExtension>
      <gpxtpx:atemp>29</gpxtpx:atemp>
      <gpxtpx:hr>107</gpxtpx:hr>
     </gpxtpx:TrackPointExtension>
    </extensions>
   </trkpt>
   <trkpt lat="-33.4570960" lon="151.0252490">
    <ele>11.2</ele>
    <time>2021-09-01T05:00:33Z</time>
    <extensions>
     <gpxtpx:TrackPointExtension>
      <gpxtpx:atemp>29</gpxtpx:atemp>
      <gpxtpx:hr>110</gpxtpx:hr>
     </gpxtpx:TrackPointExtension>
    </extensions>
   </trkpt>
   <trkpt lat="-33.4571150" lon="151.0253140">
    <ele>11.2</ele>
    <time>2021-09-01T05:00:35Z</time>
    <extensions>
     <gpxtpx:TrackPointExtension>
      <gpxtpx:atemp>29</gpxtpx:atemp>
      <gpxtpx:hr>107</gpxtpx:hr>
     </gpxtpx:TrackPointExtension>
    </extensions>
   </trkpt>
   <trkpt lat="-33.4571440" lon="151.0253420">
    <ele>10.8</ele>
    <time>2021-09-01T05:00:38Z</time>
    <extensions>
     <gpxtpx:TrackPointExtension>
      <gpxtpx:atemp>29</gpxtpx:atemp>
      <gpxtpx:hr>106</gpxtpx:hr>
     </gpxtpx:TrackPointExtension>
    </extensions>
   </trkpt>
   <trkpt lat="-33.4571590" lon="151.0253610">
    <ele>9.8</ele>
    <time>2021-09-01T05:00:40Z</time>
    <extensions>
     <gpxtpx:TrackPointExtension>
      <gpxtpx:atemp>29</gpxtpx:atemp>
      <gpxtpx:hr>105</gpxtpx:hr>
     </gpxtpx:TrackPointExtension>
    </extensions>
   </trkpt>
   <trkpt lat="-33.4571800" lon="151.0254320">
    <ele>9.8</ele>
    <time>2021-09-01T05:00:43Z</time>
    <extensions>
     <gpxtpx:TrackPointExtension>
      <gpxtpx:atemp>29</gpxtpx:atemp>
      <gpxtpx:hr>106</gpxtpx:hr>
     </gpxtpx:TrackPointExtension>
    </extensions>
   </trkpt>
   <trkpt lat="-33.4572170" lon="151.0255040">
    <ele>10.4</ele>
    <time>2021-09-01T05:00:47Z</time>
    <extensions>
     <gpxtpx:TrackPointExtension>
      <gpxtpx:atemp>29</gpxtpx:atemp>
      <gpxtpx:hr>109</gpxtpx:hr>
     </gpxtpx:TrackPointExtension>
    </extensions>
   </trkpt>
   <trkpt lat="-33.4572200" lon="151.0255270">
    <ele>10.4</ele>
    <time>2021-09-01T05:00:48Z</time>
    <extensions>
     <gpxtpx:TrackPointExtension>
      <gpxtpx:atemp>29</gpxtpx:atemp>
      <gpxtpx:hr>106</gpxtpx:hr>
     </gpxtpx:TrackPointExtension>
    </extensions>
   </trkpt>
   <trkpt lat="-33.4572220" lon="151.0255500">
    <ele>10.4</ele>
    <time>2021-09-01T05:00:49Z</time>
    <extensions>
     <gpxtpx:TrackPointExtension>
      <gpxtpx:atemp>29</gpxtpx:atemp>
      <gpxtpx:hr>105</gpxtpx:hr>
     </gpxtpx:TrackPointExtension>
    </extensions>
   </trkpt>
   <trkpt lat="-33.4572330" lon="151.0255910">
    <ele>10.6</ele>
    <time>2021-09-01T05:00:51Z</time>
    <extensions>
     <gpxtpx:TrackPointExtension>
      <gpxtpx:atemp>29</gpxtpx:atemp>
      <gpxtpx:hr>105</gpxtpx:hr>
     </gpxtpx:TrackPointExtension>
    </extensions>
   </trkpt>
   <trkpt lat="-33.4572340" lon="151.0256290">
    <ele>11.0</ele>
    <time>2021-09-01T05:00:53Z</time>
    <extensions>
     <gpxtpx:TrackPointExtension>
      <gpxtpx:atemp>29</gpxtpx:atemp>
      <gpxtpx:hr>104</gpxtpx:hr>
     </gpxtpx:TrackPointExtension>
    </extensions>
   </trkpt>
   <trkpt lat="-33.4572380" lon="151.0256730">
    <ele>11.4</ele>
    <time>2021-09-01T05:00:55Z</time>
    <extensions>
     <gpxtpx:TrackPointExtension>
      <gpxtpx:atemp>29</gpxtpx:atemp>
      <gpxtpx:hr>102</gpxtpx:hr>
     </gpxtpx:TrackPointExtension>
    </extensions>
   </trkpt>
   <trkpt lat="-33.4572360" lon="151.0257600">
    <ele>11.4</ele>
    <time>2021-09-01T05:00:59Z</time>
    <extensions>
     <gpxtpx:TrackPointExtension>
      <gpxtpx:atemp>29</gpxtpx:atemp>
      <gpxtpx:hr>105</gpxtpx:hr>
     </gpxtpx:TrackPointExtension>
    </extensions>
   </trkpt>
   <trkpt lat="-33.4572370" lon="151.0257970">
    <ele>11.0</ele>
    <time>2021-09-01T05:01:01Z</time>
    <extensions>
     <gpxtpx:TrackPointExtension>
      <gpxtpx:atemp>29</gpxtpx:atemp>
      <gpxtpx:hr>106</gpxtpx:hr>
     </gpxtpx:TrackPointExtension>
    </extensions>
   </trkpt>
   <trkpt lat="-33.4571880" lon="151.0259040">
    <ele>10.4</ele>
    <time>2021-09-01T05:01:06Z</time>
    <extensions>
     <gpxtpx:TrackPointExtension>
      <gpxtpx:atemp>29</gpxtpx:atemp>
      <gpxtpx:hr>103</gpxtpx:hr>
     </gpxtpx:TrackPointExtension>
    </extensions>
   </trkpt>
   <trkpt lat="-33.4570620" lon="151.0260550">
    <ele>10.2</ele>
    <time>2021-09-01T05:01:10Z</time>
    <extensions>
     <gpxtpx:TrackPointExtension>
      <gpxtpx:atemp>29</gpxtpx:atemp>
      <gpxtpx:hr>107</gpxtpx:hr>
     </gpxtpx:TrackPointExtension>
    </extensions>
   </trkpt>
   <trkpt lat="-33.4570310" lon="151.0260780">
    <ele>10.6</ele>
    <time>2021-09-01T05:01:11Z</time>
    <extensions>
     <gpxtpx:TrackPointExtension>
      <gpxtpx:atemp>29</gpxtpx:atemp>
      <gpxtpx:hr>110</gpxtpx:hr>
     </gpxtpx:TrackPointExtension>
    </extensions>
   </trkpt>
   <trkpt lat="-33.4569660" lon="151.0261310">
    <ele>11.8</ele>
    <time>2021-09-01T05:01:14Z</time>
    <extensions>
     <gpxtpx:TrackPointExtension>
      <gpxtpx:atemp>29</gpxtpx:atemp>
      <gpxtpx:hr>111</gpxtpx:hr>
     </gpxtpx:TrackPointExtension>
    </extensions>
   </trkpt>
   <trkpt lat="-33.4569580" lon="151.0261550">
    <ele>12.0</ele>
    <time>2021-09-01T05:01:15Z</time>
    <extensions>
     <gpxtpx:TrackPointExtension>
      <gpxtpx:atemp>29</gpxtpx:atemp>
      <gpxtpx:hr>111</gpxtpx:hr>
     </gpxtpx:TrackPointExtension>
    </extensions>
   </trkpt>
   <trkpt lat="-33.4569370" lon="151.0262370">
    <ele>11.0</ele>
    <time>2021-09-01T05:01:19Z</time>
    <extensions>
     <gpxtpx:TrackPointExtension>
      <gpxtpx:atemp>29</gpxtpx:atemp>
      <gpxtpx:hr>110</gpxtpx:hr>
     </gpxtpx:TrackPointExtension>
    </extensions>
   </trkpt>
   <trkpt lat="-33.4569200" lon="151.0262570">
    <ele>10.6</ele>
    <time>2021-09-01T05:01:20Z</time>
    <extensions>
     <gpxtpx:TrackPointExtension>
      <gpxtpx:atemp>29</gpxtpx:atemp>
      <gpxtpx:hr>109</gpxtpx:hr>
     </gpxtpx:TrackPointExtension>
    </extensions>
   </trkpt>
   <trkpt lat="-33.4568910" lon="151.0262900">
    <ele>10.2</ele>
    <time>2021-09-01T05:01:22Z</time>
    <extensions>
     <gpxtpx:TrackPointExtension>
      <gpxtpx:atemp>29</gpxtpx:atemp>
      <gpxtpx:hr>106</gpxtpx:hr>
     </gpxtpx:TrackPointExtension>
    </extensions>
   </trkpt>
   <trkpt lat="-33.4568890" lon="151.0263040">
    <ele>10.2</ele>
    <time>2021-09-01T05:01:23Z</time>
    <extensions>
     <gpxtpx:TrackPointExtension>
      <gpxtpx:atemp>29</gpxtpx:atemp>
      <gpxtpx:hr>104</gpxtpx:hr>
     </gpxtpx:TrackPointExtension>
    </extensions>
   </trkpt>
   <trkpt lat="-33.4568920" lon="151.0263150">
    <ele>10.0</ele>
    <time>2021-09-01T05:01:24Z</time>
    <extensions>
     <gpxtpx:TrackPointExtension>
      <gpxtpx:atemp>29</gpxtpx:atemp>
      <gpxtpx:hr>103</gpxtpx:hr>
     </gpxtpx:TrackPointExtension>
    </extensions>
   </trkpt>
   <trkpt lat="-33.4568990" lon="151.0263300">
    <ele>9.8</ele>
    <time>2021-09-01T05:01:25Z</time>
    <extensions>
     <gpxtpx:TrackPointExtension>
      <gpxtpx:atemp>29</gpxtpx:atemp>
      <gpxtpx:hr>102</gpxtpx:hr>
     </gpxtpx:TrackPointExtension>
    </extensions>
   </trkpt>
   <trkpt lat="-33.4569190" lon="151.0263710">
    <ele>8.2</ele>
    <time>2021-09-01T05:01:27Z</time>
    <extensions>
     <gpxtpx:TrackPointExtension>
      <gpxtpx:atemp>29</gpxtpx:atemp>
      <gpxtpx:hr>102</gpxtpx:hr>
     </gpxtpx:TrackPointExtension>
    </extensions>
   </trkpt>
   <trkpt lat="-33.4569330" lon="151.0264170">
    <ele>6.6</ele>
    <time>2021-09-01T05:01:29Z</time>
    <extensions>
     <gpxtpx:TrackPointExtension>
      <gpxtpx:atemp>29</gpxtpx:atemp>
      <gpxtpx:hr>102</gpxtpx:hr>
     </gpxtpx:TrackPointExtension>
    </extensions>
   </trkpt>
   <trkpt lat="-33.4569370" lon="151.0264650">
    <ele>5.0</ele>
    <time>2021-09-01T05:01:31Z</time>
    <extensions>
     <gpxtpx:TrackPointExtension>
      <gpxtpx:atemp>29</gpxtpx:atemp>
      <gpxtpx:hr>104</gpxtpx:hr>
     </gpxtpx:TrackPointExtension>
    </extensions>
   </trkpt>
   <trkpt lat="-33.4569310" lon="151.0265090">
    <ele>4.2</ele>
    <time>2021-09-01T05:01:32Z</time>
    <extensions>
     <gpxtpx:TrackPointExtension>
      <gpxtpx:atemp>29</gpxtpx:atemp>
      <gpxtpx:hr>105</gpxtpx:hr>
     </gpxtpx:TrackPointExtension>
    </extensions>
   </trkpt>
   <trkpt lat="-33.4569350" lon="151.0265570">
    <ele>3.8</ele>
    <time>2021-09-01T05:01:33Z</time>
    <extensions>
     <gpxtpx:TrackPointExtension>
      <gpxtpx:atemp>29</gpxtpx:atemp>
      <gpxtpx:hr>107</gpxtpx:hr>
     </gpxtpx:TrackPointExtension>
    </extensions>
   </trkpt>
   <trkpt lat="-33.4569520" lon="151.0266230">
    <ele>3.0</ele>
    <time>2021-09-01T05:01:35Z</time>
    <extensions>
     <gpxtpx:TrackPointExtension>
      <gpxtpx:atemp>29</gpxtpx:atemp>
      <gpxtpx:hr>107</gpxtpx:hr>
     </gpxtpx:TrackPointExtension>
    </extensions>
   </trkpt>
   <trkpt lat="-33.4569660" lon="151.0266410">
    <ele>2.8</ele>
    <time>2021-09-01T05:01:36Z</time>
    <extensions>
     <gpxtpx:TrackPointExtension>
      <gpxtpx:atemp>29</gpxtpx:atemp>
      <gpxtpx:hr>111</gpxtpx:hr>
     </gpxtpx:TrackPointExtension>
    </extensions>
   </trkpt>
   <trkpt lat="-33.4569850" lon="151.0266890">
    <ele>3.0</ele>
    <time>2021-09-01T05:01:38Z</time>
    <extensions>
     <gpxtpx:TrackPointExtension>
      <gpxtpx:atemp>29</gpxtpx:atemp>
      <gpxtpx:hr>115</gpxtpx:hr>
     </gpxtpx:TrackPointExtension>
    </extensions>
   </trkpt>
   <trkpt lat="-33.4569950" lon="151.0267660">
    <ele>3.0</ele>
    <time>2021-09-01T05:01:40Z</time>
    <extensions>
     <gpxtpx:TrackPointExtension>
      <gpxtpx:atemp>29</gpxtpx:atemp>
      <gpxtpx:hr>116</gpxtpx:hr>
     </gpxtpx:TrackPointExtension>
    </extensions>
   </trkpt>
   <trkpt lat="-33.4570140" lon="151.0268500">
    <ele>5.0</ele>
    <time>2021-09-01T05:01:44Z</time>
    <extensions>
     <gpxtpx:TrackPointExtension>
      <gpxtpx:atemp>29</gpxtpx:atemp>
      <gpxtpx:hr>117</gpxtpx:hr>
     </gpxtpx:TrackPointExtension>
    </extensions>
   </trkpt>
   <trkpt lat="-33.4571130" lon="151.0269300">
    <ele>5.6</ele>
    <time>2021-09-01T05:01:48Z</time>
    <extensions>
     <gpxtpx:TrackPointExtension>
      <gpxtpx:atemp>29</gpxtpx:atemp>
      <gpxtpx:hr>117</gpxtpx:hr>
     </gpxtpx:TrackPointExtension>
    </extensions>
   </trkpt>
   <trkpt lat="-33.4572700" lon="151.0271140">
    <ele>4.8</ele>
    <time>2021-09-01T05:01:54Z</time>
    <extensions>
     <gpxtpx:TrackPointExtension>
      <gpxtpx:atemp>29</gpxtpx:atemp>
      <gpxtpx:hr>119</gpxtpx:hr>
     </gpxtpx:TrackPointExtension>
    </extensions>
   </trkpt>
   <trkpt lat="-33.4573080" lon="151.0272380">
    <ele>4.8</ele>
    <time>2021-09-01T05:01:56Z</time>
    <extensions>
     <gpxtpx:TrackPointExtension>
      <gpxtpx:atemp>29</gpxtpx:atemp>
      <gpxtpx:hr>120</gpxtpx:hr>
     </gpxtpx:TrackPointExtension>
    </extensions>
   </trkpt>
   <trkpt lat="-33.4573420" lon="151.0273710">
    <ele>5.0</ele>
    <time>2021-09-01T05:01:58Z</time>
    <extensions>
     <gpxtpx:TrackPointExtension>
      <gpxtpx:atemp>29</gpxtpx:atemp>
      <gpxtpx:hr>120</gpxtpx:hr>
     </gpxtpx:TrackPointExtension>
    </extensions>
   </trkpt>
   <trkpt lat="-33.4573550" lon="151.0274990">
    <ele>5.2</ele>
    <time>2021-09-01T05:02:00Z</time>
    <extensions>
     <gpxtpx:TrackPointExtension>
      <gpxtpx:atemp>29</gpxtpx:atemp>
      <gpxtpx:hr>119</gpxtpx:hr>
     </gpxtpx:TrackPointExtension>
    </extensions>
   </trkpt>
   <trkpt lat="-33.4573430" lon="151.0276470">
    <ele>5.4</ele>
    <time>2021-09-01T05:02:02Z</time>
    <extensions>
     <gpxtpx:TrackPointExtension>
      <gpxtpx:atemp>29</gpxtpx:atemp>
      <gpxtpx:hr>118</gpxtpx:hr>
     </gpxtpx:TrackPointExtension>
    </extensions>
   </trkpt>
   <trkpt lat="-33.4572760" lon="151.0278010">
    <ele>5.4</ele>
    <time>2021-09-01T05:02:05Z</time>
    <extensions>
     <gpxtpx:TrackPointExtension>
      <gpxtpx:atemp>29</gpxtpx:atemp>
      <gpxtpx:hr>115</gpxtpx:hr>
     </gpxtpx:TrackPointExtension>
    </extensions>
   </trkpt>
   <trkpt lat="-33.4572490" lon="151.0278410">
    <ele>5.4</ele>
    <time>2021-09-01T05:02:06Z</time>
    <extensions>
     <gpxtpx:TrackPointExtension>
      <gpxtpx:atemp>29</gpxtpx:atemp>
      <gpxtpx:hr>115</gpxtpx:hr>
     </gpxtpx:TrackPointExtension>
    </extensions>
   </trkpt>
   <trkpt lat="-33.4570040" lon="151.0281150">
    <ele>5.0</ele>
    <time>2021-09-01T05:02:13Z</time>
    <extensions>
     <gpxtpx:TrackPointExtension>
      <gpxtpx:atemp>29</gpxtpx:atemp>
      <gpxtpx:hr>116</gpxtpx:hr>
     </gpxtpx:TrackPointExtension>
    </extensions>
   </trkpt>
   <trkpt lat="-33.4568280" lon="151.0281600">
    <ele>4.0</ele>
    <time>2021-09-01T05:02:18Z</time>
    <extensions>
     <gpxtpx:TrackPointExtension>
      <gpxtpx:atemp>29</gpxtpx:atemp>
      <gpxtpx:hr>117</gpxtpx:hr>
     </gpxtpx:TrackPointExtension>
    </extensions>
   </trkpt>
   <trkpt lat="-33.4567850" lon="151.0281500">
    <ele>3.6</ele>
    <time>2021-09-01T05:02:20Z</time>
    <extensions>
     <gpxtpx:TrackPointExtension>
      <gpxtpx:atemp>29</gpxtpx:atemp>
      <gpxtpx:hr>116</gpxtpx:hr>
     </gpxtpx:TrackPointExtension>
    </extensions>
   </trkpt>
   <trkpt lat="-33.4567660" lon="151.0281840">
    <ele>3.6</ele>
    <time>2021-09-01T05:02:22Z</time>
    <extensions>
     <gpxtpx:TrackPointExtension>
      <gpxtpx:atemp>29</gpxtpx:atemp>
      <gpxtpx:hr>114</gpxtpx:hr>
     </gpxtpx:TrackPointExtension>
    </extensions>
   </trkpt>
   <trkpt lat="-33.4567610" lon="151.0281830">
    <ele>3.4</ele>
    <time>2021-09-01T05:02:29Z</time>
    <extensions>
     <gpxtpx:TrackPointExtension>
      <gpxtpx:atemp>29</gpxtpx:atemp>
      <gpxtpx:hr>117</gpxtpx:hr>
     </gpxtpx:TrackPointExtension>
    </extensions>
   </trkpt>
   <trkpt lat="-33.4567570" lon="151.0281830">
    <ele>3.4</ele>
    <time>2021-09-01T05:02:31Z</time>
    <extensions>
     <gpxtpx:TrackPointExtension>
      <gpxtpx:atemp>29</gpxtpx:atemp>
      <gpxtpx:hr>118</gpxtpx:hr>
     </gpxtpx:TrackPointExtension>
    </extensions>
   </trkpt>
   <trkpt lat="-33.4567250" lon="151.0281230">
    <ele>3.2</ele>
    <time>2021-09-01T05:02:39Z</time>
    <extensions>
     <gpxtpx:TrackPointExtension>
      <gpxtpx:atemp>29</gpxtpx:atemp>
      <gpxtpx:hr>118</gpxtpx:hr>
     </gpxtpx:TrackPointExtension>
    </extensions>
   </trkpt>
   <trkpt lat="-33.4567160" lon="151.0281110">
    <ele>3.2</ele>
    <time>2021-09-01T05:02:42Z</time>
    <extensions>
     <gpxtpx:TrackPointExtension>
      <gpxtpx:atemp>29</gpxtpx:atemp>
      <gpxtpx:hr>114</gpxtpx:hr>
     </gpxtpx:TrackPointExtension>
    </extensions>
   </trkpt>
   <trkpt lat="-33.4567080" lon="151.0280930">
    <ele>3.0</ele>
    <time>2021-09-01T05:02:49Z</time>
    <extensions>
     <gpxtpx:TrackPointExtension>
      <gpxtpx:atemp>29</gpxtpx:atemp>
      <gpxtpx:hr>111</gpxtpx:hr>
     </gpxtpx:TrackPointExtension>
    </extensions>
   </trkpt>
   <trkpt lat="-33.4566940" lon="151.0280990">
    <ele>3.0</ele>
    <time>2021-09-01T05:02:53Z</time>
    <extensions>
     <gpxtpx:TrackPointExtension>
      <gpxtpx:atemp>29</gpxtpx:atemp>
      <gpxtpx:hr>108</gpxtpx:hr>
     </gpxtpx:TrackPointExtension>
    </extensions>
   </trkpt>
   <trkpt lat="-33.4566850" lon="151.0280880">
    <ele>3.0</ele>
    <time>2021-09-01T05:02:55Z</time>
    <extensions>
     <gpxtpx:TrackPointExtension>
      <gpxtpx:atemp>29</gpxtpx:atemp>
      <gpxtpx:hr>104</gpxtpx:hr>
     </gpxtpx:TrackPointExtension>
    </extensions>
   </trkpt>
   <trkpt lat="-33.4566880" lon="151.0281020">
    <ele>3.0</ele>
    <time>2021-09-01T05:02:58Z</time>
    <extensions>
     <gpxtpx:TrackPointExtension>
      <gpxtpx:atemp>29</gpxtpx:atemp>
      <gpxtpx:hr>103</gpxtpx:hr>
     </gpxtpx:TrackPointExtension>
    </extensions>
   </trkpt>
   <trkpt lat="-33.4566950" lon="151.0281080">
    <ele>2.6</ele>
    <time>2021-09-01T05:03:02Z</time>
    <extensions>
     <gpxtpx:TrackPointExtension>
      <gpxtpx:atemp>29</gpxtpx:atemp>
      <gpxtpx:hr>99</gpxtpx:hr>
     </gpxtpx:TrackPointExtension>
    </extensions>
   </trkpt>
   <trkpt lat="-33.4566970" lon="151.0281060">
    <ele>2.8</ele>
    <time>2021-09-01T05:03:03Z</time>
    <extensions>
     <gpxtpx:TrackPointExtension>
      <gpxtpx:atemp>29</gpxtpx:atemp>
      <gpxtpx:hr>102</gpxtpx:hr>
     </gpxtpx:TrackPointExtension>
    </extensions>
   </trkpt>
   <trkpt lat="-33.4567000" lon="151.0280980">
    <ele>3.0</ele>
    <time>2021-09-01T05:03:07Z</time>
    <extensions>
     <gpxtpx:TrackPointExtension>
      <gpxtpx:atemp>29</gpxtpx:atemp>
      <gpxtpx:hr>100</gpxtpx:hr>
     </gpxtpx:TrackPointExtension>
    </extensions>
   </trkpt>
   <trkpt lat="-33.4566930" lon="151.0281070">
    <ele>3.0</ele>
    <time>2021-09-01T05:03:13Z</time>
    <extensions>
     <gpxtpx:TrackPointExtension>
      <gpxtpx:atemp>29</gpxtpx:atemp>
      <gpxtpx:hr>96</gpxtpx:hr>
     </gpxtpx:TrackPointExtension>
    </extensions>
   </trkpt>
   <trkpt lat="-33.4566880" lon="151.0281100">
    <ele>2.8</ele>
    <time>2021-09-01T05:03:16Z</time>
    <extensions>
     <gpxtpx:TrackPointExtension>
      <gpxtpx:atemp>29</gpxtpx:atemp>
      <gpxtpx:hr>96</gpxtpx:hr>
     </gpxtpx:TrackPointExtension>
    </extensions>
   </trkpt>
   <trkpt lat="-33.4566880" lon="151.0281080">
    <ele>2.6</ele>
    <time>2021-09-01T05:03:17Z</time>
    <extensions>
     <gpxtpx:TrackPointExtension>
      <gpxtpx:atemp>29</gpxtpx:atemp>
      <gpxtpx:hr>97</gpxtpx:hr>
     </gpxtpx:TrackPointExtension>
    </extensions>
   </trkpt>
   <trkpt lat="-33.4566840" lon="151.0281030">
    <ele>2.6</ele>
    <time>2021-09-01T05:03:21Z</time>
    <extensions>
     <gpxtpx:TrackPointExtension>
      <gpxtpx:atemp>29</gpxtpx:atemp>
      <gpxtpx:hr>94</gpxtpx:hr>
     </gpxtpx:TrackPointExtension>
    </extensions>
   </trkpt>
   <trkpt lat="-33.4566800" lon="151.0281120">
    <ele>2.8</ele>
    <time>2021-09-01T05:03:26Z</time>
    <extensions>
     <gpxtpx:TrackPointExtension>
      <gpxtpx:atemp>29</gpxtpx:atemp>
      <gpxtpx:hr>92</gpxtpx:hr>
     </gpxtpx:TrackPointExtension>
    </extensions>
   </trkpt>
   <trkpt lat="-33.4566840" lon="151.0281130">
    <ele>2.4</ele>
    <time>2021-09-01T05:03:35Z</time>
    <extensions>
     <gpxtpx:TrackPointExtension>
      <gpxtpx:atemp>29</gpxtpx:atemp>
      <gpxtpx:hr>89</gpxtpx:hr>
     </gpxtpx:TrackPointExtension>
    </extensions>
   </trkpt>
   <trkpt lat="-33.4566860" lon="151.0281120">
    <ele>2.2</ele>
    <time>2021-09-01T05:03:38Z</time>
    <extensions>
     <gpxtpx:TrackPointExtension>
      <gpxtpx:atemp>29</gpxtpx:atemp>
      <gpxtpx:hr>89</gpxtpx:hr>
     </gpxtpx:TrackPointExtension>
    </extensions>
   </trkpt>
   <trkpt lat="-33.4566840" lon="151.0281170">
    <ele>2.4</ele>
    <time>2021-09-01T05:03:44Z</time>
    <extensions>
     <gpxtpx:TrackPointExtension>
      <gpxtpx:atemp>29</gpxtpx:atemp>
      <gpxtpx:hr>85</gpxtpx:hr>
     </gpxtpx:TrackPointExtension>
    </extensions>
   </trkpt>
   <trkpt lat="-33.4566850" lon="151.0281310">
    <ele>2.6</ele>
    <time>2021-09-01T05:03:51Z</time>
    <extensions>
     <gpxtpx:TrackPointExtension>
      <gpxtpx:atemp>29</gpxtpx:atemp>
      <gpxtpx:hr>84</gpxtpx:hr>
     </gpxtpx:TrackPointExtension>
    </extensions>
   </trkpt>
   <trkpt lat="-33.4566910" lon="151.0281380">
    <ele>2.8</ele>
    <time>2021-09-01T05:04:02Z</time>
    <extensions>
     <gpxtpx:TrackPointExtension>
      <gpxtpx:atemp>29</gpxtpx:atemp>
      <gpxtpx:hr>85</gpxtpx:hr>
     </gpxtpx:TrackPointExtension>
    </extensions>
   </trkpt>
   <trkpt lat="-33.4566900" lon="151.0281420">
    <ele>2.8</ele>
    <time>2021-09-01T05:04:04Z</time>
    <extensions>
     <gpxtpx:TrackPointExtension>
      <gpxtpx:atemp>29</gpxtpx:atemp>
      <gpxtpx:hr>81</gpxtpx:hr>
     </gpxtpx:TrackPointExtension>
    </extensions>
   </trkpt>
   <trkpt lat="-33.4566910" lon="151.0281360">
    <ele>2.8</ele>
    <time>2021-09-01T05:04:11Z</time>
    <extensions>
     <gpxtpx:TrackPointExtension>
      <gpxtpx:atemp>29</gpxtpx:atemp>
      <gpxtpx:hr>80</gpxtpx:hr>
     </gpxtpx:TrackPointExtension>
    </extensions>
   </trkpt>
   <trkpt lat="-33.4567030" lon="151.0281560">
    <ele>3.0</ele>
    <time>2021-09-01T05:04:15Z</time>
    <extensions>
     <gpxtpx:TrackPointExtension>
      <gpxtpx:atemp>29</gpxtpx:atemp>
      <gpxtpx:hr>83</gpxtpx:hr>
     </gpxtpx:TrackPointExtension>
    </extensions>
   </trkpt>
   <trkpt lat="-33.4567030" lon="151.0281520">
    <ele>3.2</ele>
    <time>2021-09-01T05:04:17Z</time>
    <extensions>
     <gpxtpx:TrackPointExtension>
      <gpxtpx:atemp>29</gpxtpx:atemp>
      <gpxtpx:hr>87</gpxtpx:hr>
     </gpxtpx:TrackPointExtension>
    </extensions>
   </trkpt>
   <trkpt lat="-33.4567020" lon="151.0281700">
    <ele>3.2</ele>
    <time>2021-09-01T05:04:19Z</time>
    <extensions>
     <gpxtpx:TrackPointExtension>
      <gpxtpx:atemp>29</gpxtpx:atemp>
      <gpxtpx:hr>89</gpxtpx:hr>
     </gpxtpx:TrackPointExtension>
    </extensions>
   </trkpt>
   <trkpt lat="-33.4567110" lon="151.0282030">
    <ele>3.0</ele>
    <time>2021-09-01T05:04:21Z</time>
    <extensions>
     <gpxtpx:TrackPointExtension>
      <gpxtpx:atemp>29</gpxtpx:atemp>
      <gpxtpx:hr>90</gpxtpx:hr>
     </gpxtpx:TrackPointExtension>
    </extensions>
   </trkpt>
   <trkpt lat="-33.4567180" lon="151.0282610">
    <ele>2.0</ele>
    <time>2021-09-01T05:04:23Z</time>
    <extensions>
     <gpxtpx:TrackPointExtension>
      <gpxtpx:atemp>29</gpxtpx:atemp>
      <gpxtpx:hr>93</gpxtpx:hr>
     </gpxtpx:TrackPointExtension>
    </extensions>
   </trkpt>
   <trkpt lat="-33.4567120" lon="151.0282750">
    <ele>1.6</ele>
    <time>2021-09-01T05:04:24Z</time>
    <extensions>
     <gpxtpx:TrackPointExtension>
      <gpxtpx:atemp>29</gpxtpx:atemp>
      <gpxtpx:hr>94</gpxtpx:hr>
     </gpxtpx:TrackPointExtension>
    </extensions>
   </trkpt>
   <trkpt lat="-33.4566960" lon="151.0282890">
    <ele>0.8</ele>
    <time>2021-09-01T05:04:25Z</time>
    <extensions>
     <gpxtpx:TrackPointExtension>
      <gpxtpx:atemp>29</gpxtpx:atemp>
      <gpxtpx:hr>97</gpxtpx:hr>
     </gpxtpx:TrackPointExtension>
    </extensions>
   </trkpt>
   <trkpt lat="-33.4566800" lon="151.0283090">
    <ele>0.2</ele>
    <time>2021-09-01T05:04:26Z</time>
    <extensions>
     <gpxtpx:TrackPointExtension>
      <gpxtpx:atemp>29</gpxtpx:atemp>
      <gpxtpx:hr>96</gpxtpx:hr>
     </gpxtpx:TrackPointExtension>
    </extensions>
   </trkpt>
   <trkpt lat="-33.4566610" lon="151.0283260">
    <ele>-0.2</ele>
    <time>2021-09-01T05:04:27Z</time>
    <extensions>
     <gpxtpx:TrackPointExtension>
      <gpxtpx:atemp>29</gpxtpx:atemp>
      <gpxtpx:hr>95</gpxtpx:hr>
     </gpxtpx:TrackPointExtension>
    </extensions>
   </trkpt>
   <trkpt lat="-33.4566290" lon="151.0283770">
    <ele>-1.2</ele>
    <time>2021-09-01T05:04:29Z</time>
    <extensions>
     <gpxtpx:TrackPointExtension>
      <gpxtpx:atemp>29</gpxtpx:atemp>
      <gpxtpx:hr>97</gpxtpx:hr>
     </gpxtpx:TrackPointExtension>
    </extensions>
   </trkpt>
   <trkpt lat="-33.4566160" lon="151.0284550">
    <ele>-2.6</ele>
    <time>2021-09-01T05:04:31Z</time>
    <extensions>
     <gpxtpx:TrackPointExtension>
      <gpxtpx:atemp>29</gpxtpx:atemp>
      <gpxtpx:hr>96</gpxtpx:hr>
     </gpxtpx:TrackPointExtension>
    </extensions>
   </trkpt>
   <trkpt lat="-33.4565820" lon="151.0285320">
    <ele>-4.0</ele>
    <time>2021-09-01T05:04:33Z</time>
    <extensions>
     <gpxtpx:TrackPointExtension>
      <gpxtpx:atemp>29</gpxtpx:atemp>
      <gpxtpx:hr>98</gpxtpx:hr>
     </gpxtpx:TrackPointExtension>
    </extensions>
   </trkpt>
   <trkpt lat="-33.4565650" lon="151.0285910">
    <ele>-5.8</ele>
    <time>2021-09-01T05:04:35Z</time>
    <extensions>
     <gpxtpx:TrackPointExtension>
      <gpxtpx:atemp>29</gpxtpx:atemp>
      <gpxtpx:hr>102</gpxtpx:hr>
     </gpxtpx:TrackPointExtension>
    </extensions>
   </trkpt>
   <trkpt lat="-33.4565260" lon="151.0286680">
    <ele>-6.2</ele>
    <time>2021-09-01T05:04:37Z</time>
    <extensions>
     <gpxtpx:TrackPointExtension>
      <gpxtpx:atemp>29</gpxtpx:atemp>
      <gpxtpx:hr>105</gpxtpx:hr>
     </gpxtpx:TrackPointExtension>
    </extensions>
   </trkpt>
   <trkpt lat="-33.4564820" lon="151.0287570">
    <ele>-6.4</ele>
    <time>2021-09-01T05:04:39Z</time>
    <extensions>
     <gpxtpx:TrackPointExtension>
      <gpxtpx:atemp>29</gpxtpx:atemp>
      <gpxtpx:hr>106</gpxtpx:hr>
     </gpxtpx:TrackPointExtension>
    </extensions>
   </trkpt>
   <trkpt lat="-33.4564400" lon="151.0289370">
    <ele>-4.4</ele>
    <time>2021-09-01T05:04:42Z</time>
    <extensions>
     <gpxtpx:TrackPointExtension>
      <gpxtpx:atemp>29</gpxtpx:atemp>
      <gpxtpx:hr>105</gpxtpx:hr>
     </gpxtpx:TrackPointExtension>
    </extensions>
   </trkpt>
   <trkpt lat="-33.4564360" lon="151.0289470">
    <ele>-3.6</ele>
    <time>2021-09-01T05:04:43Z</time>
    <extensions>
     <gpxtpx:TrackPointExtension>
      <gpxtpx:atemp>29</gpxtpx:atemp>
      <gpxtpx:hr>105</gpxtpx:hr>
     </gpxtpx:TrackPointExtension>
    </extensions>
   </trkpt>
   <trkpt lat="-33.4564390" lon="151.0289650">
    <ele>-2.4</ele>
    <time>2021-09-01T05:04:44Z</time>
    <extensions>
     <gpxtpx:TrackPointExtension>
      <gpxtpx:atemp>29</gpxtpx:atemp>
      <gpxtpx:hr>105</gpxtpx:hr>
     </gpxtpx:TrackPointExtension>
    </extensions>
   </trkpt>
   <trkpt lat="-33.4564500" lon="151.0289920">
    <ele>-1.4</ele>
    <time>2021-09-01T05:04:45Z</time>
    <extensions>
     <gpxtpx:TrackPointExtension>
      <gpxtpx:atemp>29</gpxtpx:atemp>
      <gpxtpx:hr>105</gpxtpx:hr>
     </gpxtpx:TrackPointExtension>
    </extensions>
   </trkpt>
   <trkpt lat="-33.4564690" lon="151.0290260">
    <ele>-0.6</ele>
    <time>2021-09-01T05:04:46Z</time>
    <extensions>
     <gpxtpx:TrackPointExtension>
      <gpxtpx:atemp>29</gpxtpx:atemp>
      <gpxtpx:hr>107</gpxtpx:hr>
     </gpxtpx:TrackPointExtension>
    </extensions>
   </trkpt>
   <trkpt lat="-33.4564920" lon="151.0290590">
    <ele>0.0</ele>
    <time>2021-09-01T05:04:47Z</time>
    <extensions>
     <gpxtpx:TrackPointExtension>
      <gpxtpx:atemp>29</gpxtpx:atemp>
      <gpxtpx:hr>106</gpxtpx:hr>
     </gpxtpx:TrackPointExtension>
    </extensions>
   </trkpt>
   <trkpt lat="-33.4565180" lon="151.0290860">
    <ele>1.0</ele>
    <time>2021-09-01T05:04:48Z</time>
    <extensions>
     <gpxtpx:TrackPointExtension>
      <gpxtpx:atemp>29</gpxtpx:atemp>
      <gpxtpx:hr>107</gpxtpx:hr>
     </gpxtpx:TrackPointExtension>
    </extensions>
   </trkpt>
   <trkpt lat="-33.4565310" lon="151.0291150">
    <ele>1.8</ele>
    <time>2021-09-01T05:04:49Z</time>
    <extensions>
     <gpxtpx:TrackPointExtension>
      <gpxtpx:atemp>29</gpxtpx:atemp>
      <gpxtpx:hr>111</gpxtpx:hr>
     </gpxtpx:TrackPointExtension>
    </extensions>
   </trkpt>
   <trkpt lat="-33.4565330" lon="151.0291480">
    <ele>2.2</ele>
    <time>2021-09-01T05:04:50Z</time>
    <extensions>
     <gpxtpx:TrackPointExtension>
      <gpxtpx:atemp>29</gpxtpx:atemp>
      <gpxtpx:hr>113</gpxtpx:hr>
     </gpxtpx:TrackPointExtension>
    </extensions>
   </trkpt>
   <trkpt lat="-33.4565230" lon="151.0292160">
    <ele>3.4</ele>
    <time>2021-09-01T05:04:52Z</time>
    <extensions>
     <gpxtpx:TrackPointExtension>
      <gpxtpx:atemp>29</gpxtpx:atemp>
      <gpxtpx:hr>113</gpxtpx:hr>
     </gpxtpx:TrackPointExtension>
    </extensions>
   </trkpt>
   <trkpt lat="-33.4565120" lon="151.0292740">
    <ele>4.6</ele>
    <time>2021-09-01T05:04:55Z</time>
    <extensions>
     <gpxtpx:TrackPointExtension>
      <gpxtpx:atemp>29</gpxtpx:atemp>
      <gpxtpx:hr>113</gpxtpx:hr>
     </gpxtpx:TrackPointExtension>
    </extensions>
   </trkpt>
   <trkpt lat="-33.4564690" lon="151.0293660">
    <ele>5.8</ele>
    <time>2021-09-01T05:04:57Z</time>
    <extensions>
     <gpxtpx:TrackPointExtension>
      <gpxtpx:atemp>29</gpxtpx:atemp>
      <gpxtpx:hr>113</gpxtpx:hr>
     </gpxtpx:TrackPointExtension>
    </extensions>
   </trkpt>
   <trkpt lat="-33.4564210" lon="151.0294010">
    <ele>7.4</ele>
    <time>2021-09-01T05:04:59Z</time>
    <extensions>
     <gpxtpx:TrackPointExtension>
      <gpxtpx:atemp>29</gpxtpx:atemp>
      <gpxtpx:hr>111</gpxtpx:hr>
     </gpxtpx:TrackPointExtension>
    </extensions>
   </trkpt>
   <trkpt lat="-33.4563650" lon="151.0295000">
    <ele>8.4</ele>
    <time>2021-09-01T05:05:02Z</time>
    <extensions>
     <gpxtpx:TrackPointExtension>
      <gpxtpx:atemp>29</gpxtpx:atemp>
      <gpxtpx:hr>110</gpxtpx:hr>
     </gpxtpx:TrackPointExtension>
    </extensions>
   </trkpt>
   <trkpt lat="-33.4563390" lon="151.0295300">
    <ele>8.6</ele>
    <time>2021-09-01T05:05:03Z</time>
    <extensions>
     <gpxtpx:TrackPointExtension>
      <gpxtpx:atemp>29</gpxtpx:atemp>
      <gpxtpx:hr>110</gpxtpx:hr>
     </gpxtpx:TrackPointExtension>
    </extensions>
   </trkpt>
   <trkpt lat="-33.4562230" lon="151.0296530">
    <ele>9.8</ele>
    <time>2021-09-01T05:05:07Z</time>
    <extensions>
     <gpxtpx:TrackPointExtension>
      <gpxtpx:atemp>29</gpxtpx:atemp>
      <gpxtpx:hr>110</gpxtpx:hr>
     </gpxtpx:TrackPointExtension>
    </extensions>
   </trkpt>
   <trkpt lat="-33.4561930" lon="151.0296940">
    <ele>10.2</ele>
    <time>2021-09-01T05:05:08Z</time>
    <extensions>
     <gpxtpx:TrackPointExtension>
      <gpxtpx:atemp>29</gpxtpx:atemp>
      <gpxtpx:hr>111</gpxtpx:hr>
     </gpxtpx:TrackPointExtension>
    </extensions>
   </trkpt>
   <trkpt lat="-33.4561160" lon="151.0298140">
    <ele>10.4</ele>
    <time>2021-09-01T05:05:11Z</time>
    <extensions>
     <gpxtpx:TrackPointExtension>
      <gpxtpx:atemp>29</gpxtpx:atemp>
      <gpxtpx:hr>113</gpxtpx:hr>
     </gpxtpx:TrackPointExtension>
    </extensions>
   </trkpt>
   <trkpt lat="-33.4561100" lon="151.0298870">
    <ele>10.2</ele>
    <time>2021-09-01T05:05:12Z</time>
    <extensions>
     <gpxtpx:TrackPointExtension>
      <gpxtpx:atemp>29</gpxtpx:atemp>
      <gpxtpx:hr>113</gpxtpx:hr>
     </gpxtpx:TrackPointExtension>
    </extensions>
   </trkpt>
   <trkpt lat="-33.4561640" lon="151.0299890">
    <ele>9.0</ele>
    <time>2021-09-01T05:05:15Z</time>
    <extensions>
     <gpxtpx:TrackPointExtension>
      <gpxtpx:atemp>29</gpxtpx:atemp>
      <gpxtpx:hr>113</gpxtpx:hr>
     </gpxtpx:TrackPointExtension>
    </extensions>
   </trkpt>
   <trkpt lat="-33.4561760" lon="151.0300240">
    <ele>8.2</ele>
    <time>2021-09-01T05:05:16Z</time>
    <extensions>
     <gpxtpx:TrackPointExtension>
      <gpxtpx:atemp>29</gpxtpx:atemp>
      <gpxtpx:hr>113</gpxtpx:hr>
     </gpxtpx:TrackPointExtension>
    </extensions>
   </trkpt>
   <trkpt lat="-33.4561870" lon="151.0300910">
    <ele>7.4</ele>
    <time>2021-09-01T05:05:18Z</time>
    <extensions>
     <gpxtpx:TrackPointExtension>
      <gpxtpx:atemp>29</gpxtpx:atemp>
      <gpxtpx:hr>110</gpxtpx:hr>
     </gpxtpx:TrackPointExtension>
    </extensions>
   </trkpt>
   <trkpt lat="-33.4561910" lon="151.0301220">
    <ele>7.0</ele>
    <time>2021-09-01T05:05:19Z</time>
    <extensions>
     <gpxtpx:TrackPointExtension>
      <gpxtpx:atemp>29</gpxtpx:atemp>
      <gpxtpx:hr>109</gpxtpx:hr>
     </gpxtpx:TrackPointExtension>
    </extensions>
   </trkpt>
   <trkpt lat="-33.4562090" lon="151.0301600">
    <ele>6.4</ele>
    <time>2021-09-01T05:05:20Z</time>
    <extensions>
     <gpxtpx:TrackPointExtension>
      <gpxtpx:atemp>29</gpxtpx:atemp>
      <gpxtpx:hr>108</gpxtpx:hr>
     </gpxtpx:TrackPointExtension>
    </extensions>
   </trkpt>
   <trkpt lat="-33.4562290" lon="151.0301840">
    <ele>5.8</ele>
    <time>2021-09-01T05:05:21Z</time>
    <extensions>
     <gpxtpx:TrackPointExtension>
      <gpxtpx:atemp>29</gpxtpx:atemp>
      <gpxtpx:hr>108</gpxtpx:hr>
     </gpxtpx:TrackPointExtension>
    </extensions>
   </trkpt>
   <trkpt lat="-33.4562800" lon="151.0302230">
    <ele>5.6</ele>
    <time>2021-09-01T05:05:23Z</time>
    <extensions>
     <gpxtpx:TrackPointExtension>
      <gpxtpx:atemp>29</gpxtpx:atemp>
      <gpxtpx:hr>109</gpxtpx:hr>
     </gpxtpx:TrackPointExtension>
    </extensions>
   </trkpt>
   <trkpt lat="-33.4563170" lon="151.0302700">
    <ele>5.8</ele>
    <time>2021-09-01T05:05:26Z</time>
    <extensions>
     <gpxtpx:TrackPointExtension>
      <gpxtpx:atemp>29</gpxtpx:atemp>
      <gpxtpx:hr>110</gpxtpx:hr>
     </gpxtpx:TrackPointExtension>
    </extensions>
   </trkpt>
   <trkpt lat="-33.4563130" lon="151.0302840">
    <ele>6.0</ele>
    <time>2021-09-01T05:05:27Z</time>
    <extensions>
     <gpxtpx:TrackPointExtension>
      <gpxtpx:atemp>29</gpxtpx:atemp>
      <gpxtpx:hr>110</gpxtpx:hr>
     </gpxtpx:TrackPointExtension>
    </extensions>
   </trkpt>
   <trkpt lat="-33.4562600" lon="151.0304190">
    <ele>6.8</ele>
    <time>2021-09-01T05:05:33Z</time>
    <extensions>
     <gpxtpx:TrackPointExtension>
      <gpxtpx:atemp>29</gpxtpx:atemp>
      <gpxtpx:hr>113</gpxtpx:hr>
     </gpxtpx:TrackPointExtension>
    </extensions>
   </trkpt>
   <trkpt lat="-33.4562550" lon="151.0304160">
    <ele>6.8</ele>
    <time>2021-09-01T05:05:35Z</time>
    <extensions>
     <gpxtpx:TrackPointExtension>
      <gpxtpx:atemp>29</gpxtpx:atemp>
      <gpxtpx:hr>114</gpxtpx:hr>
     </gpxtpx:TrackPointExtension>
    </extensions>
   </trkpt>
   <trkpt lat="-33.4562590" lon="151.0304190">
    <ele>6.6</ele>
    <time>2021-09-01T05:05:44Z</time>
    <extensions>
     <gpxtpx:TrackPointExtension>
      <gpxtpx:atemp>29</gpxtpx:atemp>
      <gpxtpx:hr>114</gpxtpx:hr>
     </gpxtpx:TrackPointExtension>
    </extensions>
   </trkpt>
   <trkpt lat="-33.4562410" lon="151.0303960">
    <ele>6.6</ele>
    <time>2021-09-01T05:05:48Z</time>
    <extensions>
     <gpxtpx:TrackPointExtension>
      <gpxtpx:atemp>29</gpxtpx:atemp>
      <gpxtpx:hr>111</gpxtpx:hr>
     </gpxtpx:TrackPointExtension>
    </extensions>
   </trkpt>
   <trkpt lat="-33.4562160" lon="151.0303660">
    <ele>6.4</ele>
    <time>2021-09-01T05:05:54Z</time>
    <extensions>
     <gpxtpx:TrackPointExtension>
      <gpxtpx:atemp>29</gpxtpx:atemp>
      <gpxtpx:hr>107</gpxtpx:hr>
     </gpxtpx:TrackPointExtension>
    </extensions>
   </trkpt>
   <trkpt lat="-33.4562200" lon="151.0303500">
    <ele>6.4</ele>
    <time>2021-09-01T05:06:04Z</time>
    <extensions>
     <gpxtpx:TrackPointExtension>
      <gpxtpx:atemp>29</gpxtpx:atemp>
      <gpxtpx:hr>105</gpxtpx:hr>
     </gpxtpx:TrackPointExtension>
    </extensions>
   </trkpt>
   <trkpt lat="-33.4562170" lon="151.0303370">
    <ele>6.4</ele>
    <time>2021-09-01T05:06:07Z</time>
    <extensions>
     <gpxtpx:TrackPointExtension>
      <gpxtpx:atemp>29</gpxtpx:atemp>
      <gpxtpx:hr>102</gpxtpx:hr>
     </gpxtpx:TrackPointExtension>
    </extensions>
   </trkpt>
   <trkpt lat="-33.4561810" lon="151.0302770">
    <ele>6.4</ele>
    <time>2021-09-01T05:06:15Z</time>
    <extensions>
     <gpxtpx:TrackPointExtension>
      <gpxtpx:atemp>29</gpxtpx:atemp>
      <gpxtpx:hr>102</gpxtpx:hr>
     </gpxtpx:TrackPointExtension>
    </extensions>
   </trkpt>
   <trkpt lat="-33.4561890" lon="151.0303040">
    <ele>6.4</ele>
    <time>2021-09-01T05:06:18Z</time>
    <extensions>
     <gpxtpx:TrackPointExtension>
      <gpxtpx:atemp>29</gpxtpx:atemp>
      <gpxtpx:hr>99</gpxtpx:hr>
     </gpxtpx:TrackPointExtension>
    </extensions>
   </trkpt>
   <trkpt lat="-33.4561730" lon="151.0303170">
    <ele>6.4</ele>
    <time>2021-09-01T05:06:21Z</time>
    <extensions>
     <gpxtpx:TrackPointExtension>
      <gpxtpx:atemp>29</gpxtpx:atemp>
      <gpxtpx:hr>99</gpxtpx:hr>
     </gpxtpx:TrackPointExtension>
    </extensions>
   </trkpt>
   <trkpt lat="-33.4561550" lon="151.0303250">
    <ele>6.6</ele>
    <time>2021-09-01T05:06:22Z</time>
    <extensions>
     <gpxtpx:TrackPointExtension>
      <gpxtpx:atemp>29</gpxtpx:atemp>
      <gpxtpx:hr>99</gpxtpx:hr>
     </gpxtpx:TrackPointExtension>
    </extensions>
   </trkpt>
   <trkpt lat="-33.4560750" lon="151.0303800">
    <ele>7.6</ele>
    <time>2021-09-01T05:06:26Z</time>
    <extensions>
     <gpxtpx:TrackPointExtension>
      <gpxtpx:atemp>29</gpxtpx:atemp>
      <gpxtpx:hr>104</gpxtpx:hr>
     </gpxtpx:TrackPointExtension>
    </extensions>
   </trkpt>
   <trkpt lat="-33.4560560" lon="151.0303910">
    <ele>8.2</ele>
    <time>2021-09-01T05:06:27Z</time>
    <extensions>
     <gpxtpx:TrackPointExtension>
      <gpxtpx:atemp>29</gpxtpx:atemp>
      <gpxtpx:hr>103</gpxtpx:hr>
     </gpxtpx:TrackPointExtension>
    </extensions>
   </trkpt>
   <trkpt lat="-33.4560360" lon="151.0304250">
    <ele>9.6</ele>
    <time>2021-09-01T05:06:29Z</time>
    <extensions>
     <gpxtpx:TrackPointExtension>
      <gpxtpx:atemp>29</gpxtpx:atemp>
      <gpxtpx:hr>103</gpxtpx:hr>
     </gpxtpx:TrackPointExtension>
    </extensions>
   </trkpt>
   <trkpt lat="-33.4560150" lon="151.0304530">
    <ele>11.4</ele>
    <time>2021-09-01T05:06:31Z</time>
    <extensions>
     <gpxtpx:TrackPointExtension>
      <gpxtpx:atemp>29</gpxtpx:atemp>
      <gpxtpx:hr>104</gpxtpx:hr>
     </gpxtpx:TrackPointExtension>
    </extensions>
   </trkpt>
   <trkpt lat="-33.4560050" lon="151.0304680">
    <ele>11.6</ele>
    <time>2021-09-01T05:06:32Z</time>
    <extensions>
     <gpxtpx:TrackPointExtension>
      <gpxtpx:atemp>29</gpxtpx:atemp>
      <gpxtpx:hr>105</gpxtpx:hr>
     </gpxtpx:TrackPointExtension>
    </extensions>
   </trkpt>
   <trkpt lat="-33.4559840" lon="151.0304700">
    <ele>13.0</ele>
    <time>2021-09-01T05:06:34Z</time>
    <extensions>
     <gpxtpx:TrackPointExtension>
      <gpxtpx:atemp>29</gpxtpx:atemp>
      <gpxtpx:hr>107</gpxtpx:hr>
     </gpxtpx:TrackPointExtension>
    </extensions>
   </trkpt>
   <trkpt lat="-33.4559540" lon="151.0304720">
    <ele>14.8</ele>
    <time>2021-09-01T05:06:36Z</time>
    <extensions>
     <gpxtpx:TrackPointExtension>
      <gpxtpx:atemp>29</gpxtpx:atemp>
      <gpxtpx:hr>108</gpxtpx:hr>
     </gpxtpx:TrackPointExtension>
    </extensions>
   </trkpt>
   <trkpt lat="-33.4559390" lon="151.0304730">
    <ele>15.6</ele>
    <time>2021-09-01T05:06:37Z</time>
    <extensions>
     <gpxtpx:TrackPointExtension>
      <gpxtpx:atemp>29</gpxtpx:atemp>
      <gpxtpx:hr>110</gpxtpx:hr>
     </gpxtpx:TrackPointExtension>
    </extensions>
   </trkpt>
   <trkpt lat="-33.4559280" lon="151.0304710">
    <ele>16.2</ele>
    <time>2021-09-01T05:06:38Z</time>
    <extensions>
     <gpxtpx:TrackPointExtension>
      <gpxtpx:atemp>29</gpxtpx:atemp>
      <gpxtpx:hr>111</gpxtpx:hr>
     </gpxtpx:TrackPointExtension>
    </extensions>
   </trkpt>
   <trkpt lat="-33.4559130" lon="151.0304650">
    <ele>16.6</ele>
    <time>2021-09-01T05:06:39Z</time>
    <extensions>
     <gpxtpx:TrackPointExtension>
      <gpxtpx:atemp>29</gpxtpx:atemp>
      <gpxtpx:hr>114</gpxtpx:hr>
     </gpxtpx:TrackPointExtension>
    </extensions>
   </trkpt>
   <trkpt lat="-33.4558740" lon="151.0304430">
    <ele>16.8</ele>
    <time>2021-09-01T05:06:41Z</time>
    <extensions>
     <gpxtpx:TrackPointExtension>
      <gpxtpx:atemp>29</gpxtpx:atemp>
      <gpxtpx:hr>118</gpxtpx:hr>
     </gpxtpx:TrackPointExtension>
    </extensions>
   </trkpt>
   <trkpt lat="-33.4558600" lon="151.0304440">
    <ele>17.0</ele>
    <time>2021-09-01T05:06:42Z</time>
    <extensions>
     <gpxtpx:TrackPointExtension>
      <gpxtpx:atemp>29</gpxtpx:atemp>
      <gpxtpx:hr>118</gpxtpx:hr>
     </gpxtpx:TrackPointExtension>
    </extensions>
   </trkpt>
   <trkpt lat="-33.4558410" lon="151.0304380">
    <ele>17.4</ele>
    <time>2021-09-01T05:06:43Z</time>
    <extensions>
     <gpxtpx:TrackPointExtension>
      <gpxtpx:atemp>29</gpxtpx:atemp>
      <gpxtpx:hr>119</gpxtpx:hr>
     </gpxtpx:TrackPointExtension>
    </extensions>
   </trkpt>
   <trkpt lat="-33.4557850" lon="151.0304260">
    <ele>19.0</ele>
    <time>2021-09-01T05:06:46Z</time>
    <extensions>
     <gpxtpx:TrackPointExtension>
      <gpxtpx:atemp>29</gpxtpx:atemp>
      <gpxtpx:hr>122</gpxtpx:hr>
     </gpxtpx:TrackPointExtension>
    </extensions>
   </trkpt>
   <trkpt lat="-33.4557460" lon="151.0304410">
    <ele>20.2</ele>
    <time>2021-09-01T05:06:48Z</time>
    <extensions>
     <gpxtpx:TrackPointExtension>
      <gpxtpx:atemp>29</gpxtpx:atemp>
      <gpxtpx:hr>121</gpxtpx:hr>
     </gpxtpx:TrackPointExtension>
    </extensions>
   </trkpt>
   <trkpt lat="-33.4557110" lon="151.0304930">
    <ele>21.4</ele>
    <time>2021-09-01T05:06:50Z</time>
    <extensions>
     <gpxtpx:TrackPointExtension>
      <gpxtpx:atemp>29</gpxtpx:atemp>
      <gpxtpx:hr>121</gpxtpx:hr>
     </gpxtpx:TrackPointExtension>
    </extensions>
   </trkpt>
   <trkpt lat="-33.4557030" lon="151.0305290">
    <ele>22.4</ele>
    <time>2021-09-01T05:06:51Z</time>
    <extensions>
     <gpxtpx:TrackPointExtension>
      <gpxtpx:atemp>29</gpxtpx:atemp>
      <gpxtpx:hr>120</gpxtpx:hr>
     </gpxtpx:TrackPointExtension>
    </extensions>
   </trkpt>
   <trkpt lat="-33.4556960" lon="151.0305650">
    <ele>23.0</ele>
    <time>2021-09-01T05:06:52Z</time>
    <extensions>
     <gpxtpx:TrackPointExtension>
      <gpxtpx:atemp>29</gpxtpx:atemp>
      <gpxtpx:hr>120</gpxtpx:hr>
     </gpxtpx:TrackPointExtension>
    </extensions>
   </trkpt>
   <trkpt lat="-33.4556920" lon="151.0306030">
    <ele>23.4</ele>
    <time>2021-09-01T05:06:53Z</time>
    <extensions>
     <gpxtpx:TrackPointExtension>
      <gpxtpx:atemp>29</gpxtpx:atemp>
      <gpxtpx:hr>120</gpxtpx:hr>
     </gpxtpx:TrackPointExtension>
    </extensions>
   </trkpt>
   <trkpt lat="-33.4556850" lon="151.0306380">
    <ele>23.8</ele>
    <time>2021-09-01T05:06:54Z</time>
    <extensions>
     <gpxtpx:TrackPointExtension>
      <gpxtpx:atemp>29</gpxtpx:atemp>
      <gpxtpx:hr>120</gpxtpx:hr>
     </gpxtpx:TrackPointExtension>
    </extensions>
   </trkpt>
   <trkpt lat="-33.4556390" lon="151.0307170">
    <ele>24.2</ele>
    <time>2021-09-01T05:06:56Z</time>
    <extensions>
     <gpxtpx:TrackPointExtension>
      <gpxtpx:atemp>29</gpxtpx:atemp>
      <gpxtpx:hr>119</gpxtpx:hr>
     </gpxtpx:TrackPointExtension>
    </extensions>
   </trkpt>
   <trkpt lat="-33.4556050" lon="151.0307390">
    <ele>24.8</ele>
    <time>2021-09-01T05:06:57Z</time>
    <extensions>
     <gpxtpx:TrackPointExtension>
      <gpxtpx:atemp>29</gpxtpx:atemp>
      <gpxtpx:hr>119</gpxtpx:hr>
     </gpxtpx:TrackPointExtension>
    </extensions>
   </trkpt>
   <trkpt lat="-33.4555390" lon="151.0307660">
    <ele>27.0</ele>
    <time>2021-09-01T05:06:59Z</time>
    <extensions>
     <gpxtpx:TrackPointExtension>
      <gpxtpx:atemp>29</gpxtpx:atemp>
      <gpxtpx:hr>119</gpxtpx:hr>
     </gpxtpx:TrackPointExtension>
    </extensions>
   </trkpt>
   <trkpt lat="-33.4555110" lon="151.0307730">
    <ele>28.4</ele>
    <time>2021-09-01T05:07:00Z</time>
    <extensions>
     <gpxtpx:TrackPointExtension>
      <gpxtpx:atemp>29</gpxtpx:atemp>
      <gpxtpx:hr>118</gpxtpx:hr>
     </gpxtpx:TrackPointExtension>
    </extensions>
   </trkpt>
   <trkpt lat="-33.4554890" lon="151.0307840">
    <ele>29.4</ele>
    <time>2021-09-01T05:07:01Z</time>
    <extensions>
     <gpxtpx:TrackPointExtension>
      <gpxtpx:atemp>29</gpxtpx:atemp>
      <gpxtpx:hr>118</gpxtpx:hr>
     </gpxtpx:TrackPointExtension>
    </extensions>
   </trkpt>
   <trkpt lat="-33.4554690" lon="151.0308030">
    <ele>30.8</ele>
    <time>2021-09-01T05:07:02Z</time>
    <extensions>
     <gpxtpx:TrackPointExtension>
      <gpxtpx:atemp>29</gpxtpx:atemp>
      <gpxtpx:hr>118</gpxtpx:hr>
     </gpxtpx:TrackPointExtension>
    </extensions>
   </trkpt>
   <trkpt lat="-33.4554350" lon="151.0308300">
    <ele>32.2</ele>
    <time>2021-09-01T05:07:04Z</time>
    <extensions>
     <gpxtpx:TrackPointExtension>
      <gpxtpx:atemp>29</gpxtpx:atemp>
      <gpxtpx:hr>117</gpxtpx:hr>
     </gpxtpx:TrackPointExtension>
    </extensions>
   </trkpt>
   <trkpt lat="-33.4553970" lon="151.0308360">
    <ele>33.4</ele>
    <time>2021-09-01T05:07:06Z</time>
    <extensions>
     <gpxtpx:TrackPointExtension>
      <gpxtpx:atemp>29</gpxtpx:atemp>
      <gpxtpx:hr>118</gpxtpx:hr>
     </gpxtpx:TrackPointExtension>
    </extensions>
   </trkpt>
   <trkpt lat="-33.4553750" lon="151.0308400">
    <ele>33.8</ele>
    <time>2021-09-01T05:07:07Z</time>
    <extensions>
     <gpxtpx:TrackPointExtension>
      <gpxtpx:atemp>29</gpxtpx:atemp>
      <gpxtpx:hr>118</gpxtpx:hr>
     </gpxtpx:TrackPointExtension>
    </extensions>
   </trkpt>
   <trkpt lat="-33.4553540" lon="151.0308500">
    <ele>34.4</ele>
    <time>2021-09-01T05:07:08Z</time>
    <extensions>
     <gpxtpx:TrackPointExtension>
      <gpxtpx:atemp>29</gpxtpx:atemp>
      <gpxtpx:hr>118</gpxtpx:hr>
     </gpxtpx:TrackPointExtension>
    </extensions>
   </trkpt>
   <trkpt lat="-33.4553050" lon="151.0308720">
    <ele>35.4</ele>
    <time>2021-09-01T05:07:10Z</time>
    <extensions>
     <gpxtpx:TrackPointExtension>
      <gpxtpx:atemp>29</gpxtpx:atemp>
      <gpxtpx:hr>118</gpxtpx:hr>
     </gpxtpx:TrackPointExtension>
    </extensions>
   </trkpt>
   <trkpt lat="-33.4552430" lon="151.0308670">
    <ele>36.6</ele>
    <time>2021-09-01T05:07:12Z</time>
    <extensions>
     <gpxtpx:TrackPointExtension>
      <gpxtpx:atemp>29</gpxtpx:atemp>
      <gpxtpx:hr>117</gpxtpx:hr>
     </gpxtpx:TrackPointExtension>
    </extensions>
   </trkpt>
   <trkpt lat="-33.4551770" lon="151.0308520">
    <ele>38.4</ele>
    <time>2021-09-01T05:07:14Z</time>
    <extensions>
     <gpxtpx:TrackPointExtension>
      <gpxtpx:atemp>29</gpxtpx:atemp>
      <gpxtpx:hr>116</gpxtpx:hr>
     </gpxtpx:TrackPointExtension>
    </extensions>
   </trkpt>
   <trkpt lat="-33.4551080" lon="151.0308150">
    <ele>39.8</ele>
    <time>2021-09-01T05:07:16Z</time>
    <extensions>
     <gpxtpx:TrackPointExtension>
      <gpxtpx:atemp>29</gpxtpx:atemp>
      <gpxtpx:hr>117</gpxtpx:hr>
     </gpxtpx:TrackPointExtension>
    </extensions>
   </trkpt>
   <trkpt lat="-33.4550650" lon="151.0307960">
    <ele>40.6</ele>
    <time>2021-09-01T05:07:17Z</time>
    <extensions>
     <gpxtpx:TrackPointExtension>
      <gpxtpx:atemp>29</gpxtpx:atemp>
      <gpxtpx:hr>117</gpxtpx:hr>
     </gpxtpx:TrackPointExtension>
    </extensions>
   </trkpt>
   <trkpt lat="-33.4550190" lon="151.0307870">
    <ele>41.4</ele>
    <time>2021-09-01T05:07:18Z</time>
    <extensions>
     <gpxtpx:TrackPointExtension>
      <gpxtpx:atemp>29</gpxtpx:atemp>
      <gpxtpx:hr>116</gpxtpx:hr>
     </gpxtpx:TrackPointExtension>
    </extensions>
   </trkpt>
   <trkpt lat="-33.4549780" lon="151.0307820">
    <ele>42.0</ele>
    <time>2021-09-01T05:07:19Z</time>
    <extensions>
     <gpxtpx:TrackPointExtension>
      <gpxtpx:atemp>29</gpxtpx:atemp>
      <gpxtpx:hr>117</gpxtpx:hr>
     </gpxtpx:TrackPointExtension>
    </extensions>
   </trkpt>
   <trkpt lat="-33.4549350" lon="151.0307830">
    <ele>42.6</ele>
    <time>2021-09-01T05:07:20Z</time>
    <extensions>
     <gpxtpx:TrackPointExtension>
      <gpxtpx:atemp>29</gpxtpx:atemp>
      <gpxtpx:hr>118</gpxtpx:hr>
     </gpxtpx:TrackPointExtension>
    </extensions>
   </trkpt>
   <trkpt lat="-33.4548890" lon="151.0307930">
    <ele>43.2</ele>
    <time>2021-09-01T05:07:21Z</time>
    <extensions>
     <gpxtpx:TrackPointExtension>
      <gpxtpx:atemp>29</gpxtpx:atemp>
      <gpxtpx:hr>116</gpxtpx:hr>
     </gpxtpx:TrackPointExtension>
    </extensions>
   </trkpt>
   <trkpt lat="-33.4548470" lon="151.0308060">
    <ele>43.6</ele>
    <time>2021-09-01T05:07:22Z</time>
    <extensions>
     <gpxtpx:TrackPointExtension>
      <gpxtpx:atemp>29</gpxtpx:atemp>
      <gpxtpx:hr>116</gpxtpx:hr>
     </gpxtpx:TrackPointExtension>
    </extensions>
   </trkpt>
   <trkpt lat="-33.4547560" lon="151.0308220">
    <ele>45.0</ele>
    <time>2021-09-01T05:07:24Z</time>
    <extensions>
     <gpxtpx:TrackPointExtension>
      <gpxtpx:atemp>29</gpxtpx:atemp>
      <gpxtpx:hr>118</gpxtpx:hr>
     </gpxtpx:TrackPointExtension>
    </extensions>
   </trkpt>
   <trkpt lat="-33.4547130" lon="151.0308380">
    <ele>46.0</ele>
    <time>2021-09-01T05:07:25Z</time>
    <extensions>
     <gpxtpx:TrackPointExtension>
      <gpxtpx:atemp>29</gpxtpx:atemp>
      <gpxtpx:hr>119</gpxtpx:hr>
     </gpxtpx:TrackPointExtension>
    </extensions>
   </trkpt>
   <trkpt lat="-33.4546690" lon="151.0308480">
    <ele>47.6</ele>
    <time>2021-09-01T05:07:26Z</time>
    <extensions>
     <gpxtpx:TrackPointExtension>
      <gpxtpx:atemp>29</gpxtpx:atemp>
      <gpxtpx:hr>121</gpxtpx:hr>
     </gpxtpx:TrackPointExtension>
    </extensions>
   </trkpt>
   <trkpt lat="-33.4546300" lon="151.0308550">
    <ele>48.6</ele>
    <time>2021-09-01T05:07:27Z</time>
    <extensions>
     <gpxtpx:TrackPointExtension>
      <gpxtpx:atemp>29</gpxtpx:atemp>
      <gpxtpx:hr>121</gpxtpx:hr>
     </gpxtpx:TrackPointExtension>
    </extensions>
   </trkpt>
   <trkpt lat="-33.4545970" lon="151.0308310">
    <ele>49.8</ele>
    <time>2021-09-01T05:07:28Z</time>
    <extensions>
     <gpxtpx:TrackPointExtension>
      <gpxtpx:atemp>29</gpxtpx:atemp>
      <gpxtpx:hr>122</gpxtpx:hr>
     </gpxtpx:TrackPointExtension>
    </extensions>
   </trkpt>
   <trkpt lat="-33.4545710" lon="151.0307930">
    <ele>51.0</ele>
    <time>2021-09-01T05:07:29Z</time>
    <extensions>
     <gpxtpx:TrackPointExtension>
      <gpxtpx:atemp>29</gpxtpx:atemp>
      <gpxtpx:hr>122</gpxtpx:hr>
     </gpxtpx:TrackPointExtension>
    </extensions>
   </trkpt>
   <trkpt lat="-33.4545210" lon="151.0306990">
    <ele>52.6</ele>
    <time>2021-09-01T05:07:31Z</time>
    <extensions>
     <gpxtpx:TrackPointExtension>
      <gpxtpx:atemp>29</gpxtpx:atemp>
      <gpxtpx:hr>123</gpxtpx:hr>
     </gpxtpx:TrackPointExtension>
    </extensions>
   </trkpt>
   <trkpt lat="-33.4544570" lon="151.0305820">
    <ele>53.6</ele>
    <time>2021-09-01T05:07:33Z</time>
    <extensions>
     <gpxtpx:TrackPointExtension>
      <gpxtpx:atemp>29</gpxtpx:atemp>
      <gpxtpx:hr>123</gpxtpx:hr>
     </gpxtpx:TrackPointExtension>
    </extensions>
   </trkpt>
   <trkpt lat="-33.4544160" lon="151.0305010">
    <ele>54.6</ele>
    <time>2021-09-01T05:07:35Z</time>
    <extensions>
     <gpxtpx:TrackPointExtension>
      <gpxtpx:atemp>29</gpxtpx:atemp>
      <gpxtpx:hr>123</gpxtpx:hr>
     </gpxtpx:TrackPointExtension>
    </extensions>
   </trkpt>
   <trkpt lat="-33.4544010" lon="151.0304580">
    <ele>55.2</ele>
    <time>2021-09-01T05:07:36Z</time>
    <extensions>
     <gpxtpx:TrackPointExtension>
      <gpxtpx:atemp>29</gpxtpx:atemp>
      <gpxtpx:hr>123</gpxtpx:hr>
     </gpxtpx:TrackPointExtension>
    </extensions>
   </trkpt>
   <trkpt lat="-33.4543310" lon="151.0303660">
    <ele>56.0</ele>
    <time>2021-09-01T05:07:39Z</time>
    <extensions>
     <gpxtpx:TrackPointExtension>
      <gpxtpx:atemp>29</gpxtpx:atemp>
      <gpxtpx:hr>123</gpxtpx:hr>
     </gpxtpx:TrackPointExtension>
    </extensions>
   </trkpt>
   <trkpt lat="-33.4543090" lon="151.0303490">
    <ele>56.6</ele>
    <time>2021-09-01T05:07:40Z</time>
    <extensions>
     <gpxtpx:TrackPointExtension>
      <gpxtpx:atemp>29</gpxtpx:atemp>
      <gpxtpx:hr>123</gpxtpx:hr>
     </gpxtpx:TrackPointExtension>
    </extensions>
   </trkpt>
   <trkpt lat="-33.4542610" lon="151.0303250">
    <ele>58.4</ele>
    <time>2021-09-01T05:07:42Z</time>
    <extensions>
     <gpxtpx:TrackPointExtension>
      <gpxtpx:atemp>29</gpxtpx:atemp>
      <gpxtpx:hr>122</gpxtpx:hr>
     </gpxtpx:TrackPointExtension>
    </extensions>
   </trkpt>
   <trkpt lat="-33.4542040" lon="151.0303070">
    <ele>60.0</ele>
    <time>2021-09-01T05:07:44Z</time>
    <extensions>
     <gpxtpx:TrackPointExtension>
      <gpxtpx:atemp>29</gpxtpx:atemp>
      <gpxtpx:hr>122</gpxtpx:hr>
     </gpxtpx:TrackPointExtension>
    </extensions>
   </trkpt>
   <trkpt lat="-33.4541710" lon="151.0303100">
    <ele>61.2</ele>
    <time>2021-09-01T05:07:45Z</time>
    <extensions>
     <gpxtpx:TrackPointExtension>
      <gpxtpx:atemp>29</gpxtpx:atemp>
      <gpxtpx:hr>121</gpxtpx:hr>
     </gpxtpx:TrackPointExtension>
    </extensions>
   </trkpt>
   <trkpt lat="-33.4541050" lon="151.0303050">
    <ele>63.2</ele>
    <time>2021-09-01T05:07:47Z</time>
    <extensions>
     <gpxtpx:TrackPointExtension>
      <gpxtpx:atemp>29</gpxtpx:atemp>
      <gpxtpx:hr>120</gpxtpx:hr>
     </gpxtpx:TrackPointExtension>
    </extensions>
   </trkpt>
   <trkpt lat="-33.4540720" lon="151.0303040">
    <ele>64.4</ele>
    <time>2021-09-01T05:07:48Z</time>
    <extensions>
     <gpxtpx:TrackPointExtension>
      <gpxtpx:atemp>29</gpxtpx:atemp>
      <gpxtpx:hr>121</gpxtpx:hr>
     </gpxtpx:TrackPointExtension>
    </extensions>
   </trkpt>
   <trkpt lat="-33.4540370" lon="151.0302940">
    <ele>65.6</ele>
    <time>2021-09-01T05:07:49Z</time>
    <extensions>
     <gpxtpx:TrackPointExtension>
      <gpxtpx:atemp>29</gpxtpx:atemp>
      <gpxtpx:hr>121</gpxtpx:hr>
     </gpxtpx:TrackPointExtension>
    </extensions>
   </trkpt>
   <trkpt lat="-33.4539980" lon="151.0302870">
    <ele>67.2</ele>
    <time>2021-09-01T05:07:50Z</time>
    <extensions>
     <gpxtpx:TrackPointExtension>
      <gpxtpx:atemp>29</gpxtpx:atemp>
      <gpxtpx:hr>121</gpxtpx:hr>
     </gpxtpx:TrackPointExtension>
    </extensions>
   </trkpt>
   <trkpt lat="-33.4539520" lon="151.0302750">
    <ele>68.6</ele>
    <time>2021-09-01T05:07:51Z</time>
    <extensions>
     <gpxtpx:TrackPointExtension>
      <gpxtpx:atemp>29</gpxtpx:atemp>
      <gpxtpx:hr>122</gpxtpx:hr>
     </gpxtpx:TrackPointExtension>
    </extensions>
   </trkpt>
   <trkpt lat="-33.4539000" lon="151.0302650">
    <ele>70.0</ele>
    <time>2021-09-01T05:07:52Z</time>
    <extensions>
     <gpxtpx:TrackPointExtension>
      <gpxtpx:atemp>29</gpxtpx:atemp>
      <gpxtpx:hr>123</gpxtpx:hr>
     </gpxtpx:TrackPointExtension>
    </extensions>
   </trkpt>
   <trkpt lat="-33.4538530" lon="151.0302620">
    <ele>70.8</ele>
    <time>2021-09-01T05:07:53Z</time>
    <extensions>
     <gpxtpx:TrackPointExtension>
      <gpxtpx:atemp>29</gpxtpx:atemp>
      <gpxtpx:hr>123</gpxtpx:hr>
     </gpxtpx:TrackPointExtension>
    </extensions>
   </trkpt>
   <trkpt lat="-33.4538030" lon="151.0302530">
    <ele>71.6</ele>
    <time>2021-09-01T05:07:54Z</time>
    <extensions>
     <gpxtpx:TrackPointExtension>
      <gpxtpx:atemp>29</gpxtpx:atemp>
      <gpxtpx:hr>123</gpxtpx:hr>
     </gpxtpx:TrackPointExtension>
    </extensions>
   </trkpt>
   <trkpt lat="-33.4537620" lon="151.0302420">
    <ele>72.8</ele>
    <time>2021-09-01T05:07:55Z</time>
    <extensions>
     <gpxtpx:TrackPointExtension>
      <gpxtpx:atemp>29</gpxtpx:atemp>
      <gpxtpx:hr>121</gpxtpx:hr>
     </gpxtpx:TrackPointExtension>
    </extensions>
   </trkpt>
   <trkpt lat="-33.4536730" lon="151.0302180">
    <ele>73.8</ele>
    <time>2021-09-01T05:07:57Z</time>
    <extensions>
     <gpxtpx:TrackPointExtension>
      <gpxtpx:atemp>29</gpxtpx:atemp>
      <gpxtpx:hr>118</gpxtpx:hr>
     </gpxtpx:TrackPointExtension>
    </extensions>
   </trkpt>
   <trkpt lat="-33.4536360" lon="151.0302110">
    <ele>74.0</ele>
    <time>2021-09-01T05:07:58Z</time>
    <extensions>
     <gpxtpx:TrackPointExtension>
      <gpxtpx:atemp>29</gpxtpx:atemp>
      <gpxtpx:hr>117</gpxtpx:hr>
     </gpxtpx:TrackPointExtension>
    </extensions>
   </trkpt>
   <trkpt lat="-33.4535350" lon="151.0301740">
    <ele>74.6</ele>
    <time>2021-09-01T05:08:02Z</time>
    <extensions>
     <gpxtpx:TrackPointExtension>
      <gpxtpx:atemp>29</gpxtpx:atemp>
      <gpxtpx:hr>118</gpxtpx:hr>
     </gpxtpx:TrackPointExtension>
    </extensions>
   </trkpt>
   <trkpt lat="-33.4535140" lon="151.0301380">
    <ele>74.8</ele>
    <time>2021-09-01T05:08:04Z</time>
    <extensions>
     <gpxtpx:TrackPointExtension>
      <gpxtpx:atemp>29</gpxtpx:atemp>
      <gpxtpx:hr>119</gpxtpx:hr>
     </gpxtpx:TrackPointExtension>
    </extensions>
   </trkpt>
   <trkpt lat="-33.4534750" lon="151.0300930">
    <ele>75.0</ele>
    <time>2021-09-01T05:08:07Z</time>
    <extensions>
     <gpxtpx:TrackPointExtension>
      <gpxtpx:atemp>29</gpxtpx:atemp>
      <gpxtpx:hr>120</gpxtpx:hr>
     </gpxtpx:TrackPointExtension>
    </extensions>
   </trkpt>
   <trkpt lat="-33.4534510" lon="151.0300740">
    <ele>74.6</ele>
    <time>2021-09-01T05:08:16Z</time>
    <extensions>
     <gpxtpx:TrackPointExtension>
      <gpxtpx:atemp>29</gpxtpx:atemp>
      <gpxtpx:hr>119</gpxtpx:hr>
     </gpxtpx:TrackPointExtension>
    </extensions>
   </trkpt>
   <trkpt lat="-33.4534550" lon="151.0300630">
    <ele>74.6</ele>
    <time>2021-09-01T05:08:25Z</time>
    <extensions>
     <gpxtpx:TrackPointExtension>
      <gpxtpx:atemp>29</gpxtpx:atemp>
      <gpxtpx:hr>120</gpxtpx:hr>
     </gpxtpx:TrackPointExtension>
    </extensions>
   </trkpt>
   <trkpt lat="-33.4534580" lon="151.0300510">
    <ele>74.6</ele>
    <time>2021-09-01T05:08:30Z</time>
    <extensions>
     <gpxtpx:TrackPointExtension>
      <gpxtpx:atemp>29</gpxtpx:atemp>
      <gpxtpx:hr>117</gpxtpx:hr>
     </gpxtpx:TrackPointExtension>
    </extensions>
   </trkpt>
   <trkpt lat="-33.4534570" lon="151.0300470">
    <ele>74.6</ele>
    <time>2021-09-01T05:08:32Z</time>
    <extensions>
     <gpxtpx:TrackPointExtension>
      <gpxtpx:atemp>29</gpxtpx:atemp>
      <gpxtpx:hr>114</gpxtpx:hr>
     </gpxtpx:TrackPointExtension>
    </extensions>
   </trkpt>
   <trkpt lat="-33.4534610" lon="151.0300390">
    <ele>74.6</ele>
    <time>2021-09-01T05:08:34Z</time>
    <extensions>
     <gpxtpx:TrackPointExtension>
      <gpxtpx:atemp>29</gpxtpx:atemp>
      <gpxtpx:hr>114</gpxtpx:hr>
     </gpxtpx:TrackPointExtension>
    </extensions>
   </trkpt>
   <trkpt lat="-33.4534580" lon="151.0300290">
    <ele>74.6</ele>
    <time>2021-09-01T05:08:35Z</time>
    <extensions>
     <gpxtpx:TrackPointExtension>
      <gpxtpx:atemp>29</gpxtpx:atemp>
      <gpxtpx:hr>113</gpxtpx:hr>
     </gpxtpx:TrackPointExtension>
    </extensions>
   </trkpt>
   <trkpt lat="-33.4534340" lon="151.0299540">
    <ele>75.0</ele>
    <time>2021-09-01T05:08:38Z</time>
    <extensions>
     <gpxtpx:TrackPointExtension>
      <gpxtpx:atemp>29</gpxtpx:atemp>
      <gpxtpx:hr>113</gpxtpx:hr>
     </gpxtpx:TrackPointExtension>
    </extensions>
   </trkpt>
   <trkpt lat="-33.4534040" lon="151.0298880">
    <ele>75.6</ele>
    <time>2021-09-01T05:08:40Z</time>
    <extensions>
     <gpxtpx:TrackPointExtension>
      <gpxtpx:atemp>29</gpxtpx:atemp>
      <gpxtpx:hr>114</gpxtpx:hr>
     </gpxtpx:TrackPointExtension>
    </extensions>
   </trkpt>
   <trkpt lat="-33.4533730" lon="151.0298620">
    <ele>75.8</ele>
    <time>2021-09-01T05:08:41Z</time>
    <extensions>
     <gpxtpx:TrackPointExtension>
      <gpxtpx:atemp>29</gpxtpx:atemp>
      <gpxtpx:hr>118</gpxtpx:hr>
     </gpxtpx:TrackPointExtension>
    </extensions>
   </trkpt>
   <trkpt lat="-33.4533480" lon="151.0298520">
    <ele>76.0</ele>
    <time>2021-09-01T05:08:42Z</time>
    <extensions>
     <gpxtpx:TrackPointExtension>
      <gpxtpx:atemp>29</gpxtpx:atemp>
      <gpxtpx:hr>119</gpxtpx:hr>
     </gpxtpx:TrackPointExtension>
    </extensions>
   </trkpt>
   <trkpt lat="-33.4532990" lon="151.0298310">
    <ele>76.2</ele>
    <time>2021-09-01T05:08:45Z</time>
    <extensions>
     <gpxtpx:TrackPointExtension>
      <gpxtpx:atemp>29</gpxtpx:atemp>
      <gpxtpx:hr>120</gpxtpx:hr>
     </gpxtpx:TrackPointExtension>
    </extensions>
   </trkpt>
   <trkpt lat="-33.4532990" lon="151.0298390">
    <ele>76.2</ele>
    <time>2021-09-01T05:08:46Z</time>
    <extensions>
     <gpxtpx:TrackPointExtension>
      <gpxtpx:atemp>29</gpxtpx:atemp>
      <gpxtpx:hr>121</gpxtpx:hr>
     </gpxtpx:TrackPointExtension>
    </extensions>
   </trkpt>
   <trkpt lat="-33.4533260" lon="151.0298880">
    <ele>76.2</ele>
    <time>2021-09-01T05:08:49Z</time>
    <extensions>
     <gpxtpx:TrackPointExtension>
      <gpxtpx:atemp>29</gpxtpx:atemp>
      <gpxtpx:hr>118</gpxtpx:hr>
     </gpxtpx:TrackPointExtension>
    </extensions>
   </trkpt>
   <trkpt lat="-33.4533430" lon="151.0299120">
    <ele>76.0</ele>
    <time>2021-09-01T05:08:50Z</time>
    <extensions>
     <gpxtpx:TrackPointExtension>
      <gpxtpx:atemp>29</gpxtpx:atemp>
      <gpxtpx:hr>120</gpxtpx:hr>
     </gpxtpx:TrackPointExtension>
    </extensions>
   </trkpt>
   <trkpt lat="-33.4534020" lon="151.0300040">
    <ele>75.2</ele>
    <time>2021-09-01T05:08:53Z</time>
    <extensions>
     <gpxtpx:TrackPointExtension>
      <gpxtpx:atemp>29</gpxtpx:atemp>
      <gpxtpx:hr>117</gpxtpx:hr>
     </gpxtpx:TrackPointExtension>
    </extensions>
   </trkpt>
   <trkpt lat="-33.4534200" lon="151.0300570">
    <ele>74.4</ele>
    <time>2021-09-01T05:08:55Z</time>
    <extensions>
     <gpxtpx:TrackPointExtension>
      <gpxtpx:atemp>29</gpxtpx:atemp>
      <gpxtpx:hr>113</gpxtpx:hr>
     </gpxtpx:TrackPointExtension>
    </extensions>
   </trkpt>
   <trkpt lat="-33.4534060" lon="151.0301550">
    <ele>74.0</ele>
    <time>2021-09-01T05:08:57Z</time>
    <extensions>
     <gpxtpx:TrackPointExtension>
      <gpxtpx:atemp>29</gpxtpx:atemp>
      <gpxtpx:hr>110</gpxtpx:hr>
     </gpxtpx:TrackPointExtension>
    </extensions>
   </trkpt>
   <trkpt lat="-33.4533820" lon="151.0302830">
    <ele>73.8</ele>
    <time>2021-09-01T05:08:59Z</time>
    <extensions>
     <gpxtpx:TrackPointExtension>
      <gpxtpx:atemp>29</gpxtpx:atemp>
      <gpxtpx:hr>110</gpxtpx:hr>
     </gpxtpx:TrackPointExtension>
    </extensions>
   </trkpt>
   <trkpt lat="-33.4534460" lon="151.0303840">
    <ele>73.8</ele>
    <time>2021-09-01T05:09:02Z</time>
    <extensions>
     <gpxtpx:TrackPointExtension>
      <gpxtpx:atemp>29</gpxtpx:atemp>
      <gpxtpx:hr>110</gpxtpx:hr>
     </gpxtpx:TrackPointExtension>
    </extensions>
   </trkpt>
   <trkpt lat="-33.4535950" lon="151.0304430">
    <ele>73.6</ele>
    <time>2021-09-01T05:09:06Z</time>
    <extensions>
     <gpxtpx:TrackPointExtension>
      <gpxtpx:atemp>29</gpxtpx:atemp>
      <gpxtpx:hr>111</gpxtpx:hr>
     </gpxtpx:TrackPointExtension>
    </extensions>
   </trkpt>
   <trkpt lat="-33.4536400" lon="151.0304540">
    <ele>73.4</ele>
    <time>2021-09-01T05:09:07Z</time>
    <extensions>
     <gpxtpx:TrackPointExtension>
      <gpxtpx:atemp>29</gpxtpx:atemp>
      <gpxtpx:hr>110</gpxtpx:hr>
     </gpxtpx:TrackPointExtension>
    </extensions>
   </trkpt>
   <trkpt lat="-33.4538050" lon="151.0305090">
    <ele>73.2</ele>
    <time>2021-09-01T05:09:10Z</time>
    <extensions>
     <gpxtpx:TrackPointExtension>
      <gpxtpx:atemp>29</gpxtpx:atemp>
      <gpxtpx:hr>109</gpxtpx:hr>
     </gpxtpx:TrackPointExtension>
    </extensions>
   </trkpt>
   <trkpt lat="-33.4538250" lon="151.0305900">
    <ele>73.0</ele>
    <time>2021-09-01T05:09:12Z</time>
    <extensions>
     <gpxtpx:TrackPointExtension>
      <gpxtpx:atemp>29</gpxtpx:atemp>
      <gpxtpx:hr>106</gpxtpx:hr>
     </gpxtpx:TrackPointExtension>
    </extensions>
   </trkpt>
   <trkpt lat="-33.4538430" lon="151.0306240">
    <ele>73.0</ele>
    <time>2021-09-01T05:09:13Z</time>
    <extensions>
     <gpxtpx:TrackPointExtension>
      <gpxtpx:atemp>29</gpxtpx:atemp>
      <gpxtpx:hr>105</gpxtpx:hr>
     </gpxtpx:TrackPointExtension>
    </extensions>
   </trkpt>
   <trkpt lat="-33.4540220" lon="151.0307700">
    <ele>72.6</ele>
    <time>2021-09-01T05:09:19Z</time>
    <extensions>
     <gpxtpx:TrackPointExtension>
      <gpxtpx:atemp>29</gpxtpx:atemp>
      <gpxtpx:hr>107</gpxtpx:hr>
     </gpxtpx:TrackPointExtension>
    </extensions>
   </trkpt>
   <trkpt lat="-33.4540760" lon="151.0308300">
    <ele>72.4</ele>
    <time>2021-09-01T05:09:21Z</time>
    <extensions>
     <gpxtpx:TrackPointExtension>
      <gpxtpx:atemp>29</gpxtpx:atemp>
      <gpxtpx:hr>107</gpxtpx:hr>
     </gpxtpx:TrackPointExtension>
    </extensions>
   </trkpt>
   <trkpt lat="-33.4541000" lon="151.0308900">
    <ele>72.0</ele>
    <time>2021-09-01T05:09:23Z</time>
    <extensions>
     <gpxtpx:TrackPointExtension>
      <gpxtpx:atemp>29</gpxtpx:atemp>
      <gpxtpx:hr>108</gpxtpx:hr>
     </gpxtpx:TrackPointExtension>
    </extensions>
   </trkpt>
   <trkpt lat="-33.4541160" lon="151.0309260">
    <ele>71.8</ele>
    <time>2021-09-01T05:09:25Z</time>
    <extensions>
     <gpxtpx:TrackPointExtension>
      <gpxtpx:atemp>29</gpxtpx:atemp>
      <gpxtpx:hr>108</gpxtpx:hr>
     </gpxtpx:TrackPointExtension>
    </extensions>
   </trkpt>
   <trkpt lat="-33.4541530" lon="151.0309910">
    <ele>71.0</ele>
    <time>2021-09-01T05:09:28Z</time>
    <extensions>
     <gpxtpx:TrackPointExtension>
      <gpxtpx:atemp>29</gpxtpx:atemp>
      <gpxtpx:hr>108</gpxtpx:hr>
     </gpxtpx:TrackPointExtension>
    </extensions>
   </trkpt>
   <trkpt lat="-33.4541760" lon="151.0310670">
    <ele>69.6</ele>
    <time>2021-09-01T05:09:31Z</time>
    <extensions>
     <gpxtpx:TrackPointExtension>
      <gpxtpx:atemp>29</gpxtpx:atemp>
      <gpxtpx:hr>108</gpxtpx:hr>
     </gpxtpx:TrackPointExtension>
    </extensions>
   </trkpt>
   <trkpt lat="-33.4541770" lon="151.0311060">
    <ele>69.0</ele>
    <time>2021-09-01T05:09:33Z</time>
    <extensions>
     <gpxtpx:TrackPointExtension>
      <gpxtpx:atemp>29</gpxtpx:atemp>
      <gpxtpx:hr>108</gpxtpx:hr>
     </gpxtpx:TrackPointExtension>
    </extensions>
   </trkpt>
   <trkpt lat="-33.4541660" lon="151.0311510">
    <ele>68.2</ele>
    <time>2021-09-01T05:09:35Z</time>
    <extensions>
     <gpxtpx:TrackPointExtension>
      <gpxtpx:atemp>29</gpxtpx:atemp>
      <gpxtpx:hr>109</gpxtpx:hr>
     </gpxtpx:TrackPointExtension>
    </extensions>
   </trkpt>
   <trkpt lat="-33.4541310" lon="151.0312270">
    <ele>66.4</ele>
    <time>2021-09-01T05:09:37Z</time>
    <extensions>
     <gpxtpx:TrackPointExtension>
      <gpxtpx:atemp>29</gpxtpx:atemp>
      <gpxtpx:hr>108</gpxtpx:hr>
     </gpxtpx:TrackPointExtension>
    </extensions>
   </trkpt>
   <trkpt lat="-33.4540980" lon="151.0313020">
    <ele>65.2</ele>
    <time>2021-09-01T05:09:38Z</time>
    <extensions>
     <gpxtpx:TrackPointExtension>
      <gpxtpx:atemp>29</gpxtpx:atemp>
      <gpxtpx:hr>109</gpxtpx:hr>
     </gpxtpx:TrackPointExtension>
    </extensions>
   </trkpt>
   <trkpt lat="-33.4540640" lon="151.0313310">
    <ele>64.0</ele>
    <time>2021-09-01T05:09:39Z</time>
    <extensions>
     <gpxtpx:TrackPointExtension>
      <gpxtpx:atemp>29</gpxtpx:atemp>
      <gpxtpx:hr>109</gpxtpx:hr>
     </gpxtpx:TrackPointExtension>
    </extensions>
   </trkpt>
   <trkpt lat="-33.4539790" lon="151.0313700">
    <ele>62.6</ele>
    <time>2021-09-01T05:09:41Z</time>
    <extensions>
     <gpxtpx:TrackPointExtension>
      <gpxtpx:atemp>29</gpxtpx:atemp>
      <gpxtpx:hr>109</gpxtpx:hr>
     </gpxtpx:TrackPointExtension>
    </extensions>
   </trkpt>
   <trkpt lat="-33.4539320" lon="151.0313760">
    <ele>62.2</ele>
    <time>2021-09-01T05:09:42Z</time>
    <extensions>
     <gpxtpx:TrackPointExtension>
      <gpxtpx:atemp>29</gpxtpx:atemp>
      <gpxtpx:hr>109</gpxtpx:hr>
     </gpxtpx:TrackPointExtension>
    </extensions>
   </trkpt>
   <trkpt lat="-33.4538490" lon="151.0313600">
    <ele>62.2</ele>
    <time>2021-09-01T05:09:44Z</time>
    <extensions>
     <gpxtpx:TrackPointExtension>
      <gpxtpx:atemp>29</gpxtpx:atemp>
      <gpxtpx:hr>107</gpxtpx:hr>
     </gpxtpx:TrackPointExtension>
    </extensions>
   </trkpt>
   <trkpt lat="-33.4538220" lon="151.0313180">
    <ele>62.6</ele>
    <time>2021-09-01T05:09:45Z</time>
    <extensions>
     <gpxtpx:TrackPointExtension>
      <gpxtpx:atemp>29</gpxtpx:atemp>
      <gpxtpx:hr>107</gpxtpx:hr>
     </gpxtpx:TrackPointExtension>
    </extensions>
   </trkpt>
   <trkpt lat="-33.4537560" lon="151.0312170">
    <ele>63.8</ele>
    <time>2021-09-01T05:09:47Z</time>
    <extensions>
     <gpxtpx:TrackPointExtension>
      <gpxtpx:atemp>29</gpxtpx:atemp>
      <gpxtpx:hr>107</gpxtpx:hr>
     </gpxtpx:TrackPointExtension>
    </extensions>
   </trkpt>
   <trkpt lat="-33.4536890" lon="151.0311420">
    <ele>65.6</ele>
    <time>2021-09-01T05:09:49Z</time>
    <extensions>
     <gpxtpx:TrackPointExtension>
      <gpxtpx:atemp>29</gpxtpx:atemp>
      <gpxtpx:hr>109</gpxtpx:hr>
     </gpxtpx:TrackPointExtension>
    </extensions>
   </trkpt>
   <trkpt lat="-33.4536240" lon="151.0310670">
    <ele>67.0</ele>
    <time>2021-09-01T05:09:51Z</time>
    <extensions>
     <gpxtpx:TrackPointExtension>
      <gpxtpx:atemp>29</gpxtpx:atemp>
      <gpxtpx:hr>108</gpxtpx:hr>
     </gpxtpx:TrackPointExtension>
    </extensions>
   </trkpt>
   <trkpt lat="-33.4535270" lon="151.0310190">
    <ele>68.0</ele>
    <time>2021-09-01T05:09:53Z</time>
    <extensions>
     <gpxtpx:TrackPointExtension>
      <gpxtpx:atemp>29</gpxtpx:atemp>
      <gpxtpx:hr>111</gpxtpx:hr>
     </gpxtpx:TrackPointExtension>
    </extensions>
   </trkpt>
   <trkpt lat="-33.4534460" lon="151.0310260">
    <ele>68.2</ele>
    <time>2021-09-01T05:09:55Z</time>
    <extensions>
     <gpxtpx:TrackPointExtension>
      <gpxtpx:atemp>29</gpxtpx:atemp>
      <gpxtpx:hr>112</gpxtpx:hr>
     </gpxtpx:TrackPointExtension>
    </extensions>
   </trkpt>
   <trkpt lat="-33.4534240" lon="151.0310500">
    <ele>68.4</ele>
    <time>2021-09-01T05:09:56Z</time>
    <extensions>
     <gpxtpx:TrackPointExtension>
      <gpxtpx:atemp>29</gpxtpx:atemp>
      <gpxtpx:hr>112</gpxtpx:hr>
     </gpxtpx:TrackPointExtension>
    </extensions>
   </trkpt>
   <trkpt lat="-33.4534130" lon="151.0310750">
    <ele>68.2</ele>
    <time>2021-09-01T05:09:57Z</time>
    <extensions>
     <gpxtpx:TrackPointExtension>
      <gpxtpx:atemp>29</gpxtpx:atemp>
      <gpxtpx:hr>112</gpxtpx:hr>
     </gpxtpx:TrackPointExtension>
    </extensions>
   </trkpt>
   <trkpt lat="-33.4534470" lon="151.0311220">
    <ele>67.2</ele>
    <time>2021-09-01T05:09:59Z</time>
    <extensions>
     <gpxtpx:TrackPointExtension>
      <gpxtpx:atemp>29</gpxtpx:atemp>
      <gpxtpx:hr>111</gpxtpx:hr>
     </gpxtpx:TrackPointExtension>
    </extensions>
   </trkpt>
   <trkpt lat="-33.4535260" lon="151.0311740">
    <ele>66.8</ele>
    <time>2021-09-01T05:10:01Z</time>
    <extensions>
     <gpxtpx:TrackPointExtension>
      <gpxtpx:atemp>29</gpxtpx:atemp>
      <gpxtpx:hr>111</gpxtpx:hr>
     </gpxtpx:TrackPointExtension>
    </extensions>
   </trkpt>
   <trkpt lat="-33.4535980" lon="151.0312460">
    <ele>65.8</ele>
    <time>2021-09-01T05:10:03Z</time>
    <extensions>
     <gpxtpx:TrackPointExtension>
      <gpxtpx:atemp>29</gpxtpx:atemp>
      <gpxtpx:hr>110</gpxtpx:hr>
     </gpxtpx:TrackPointExtension>
    </extensions>
   </trkpt>
   <trkpt lat="-33.4536170" lon="151.0312950">
    <ele>65.4</ele>
    <time>2021-09-01T05:10:04Z</time>
    <extensions>
     <gpxtpx:TrackPointExtension>
      <gpxtpx:atemp>29</gpxtpx:atemp>
      <gpxtpx:hr>111</gpxtpx:hr>
     </gpxtpx:TrackPointExtension>
    </extensions>
   </trkpt>
   <trkpt lat="-33.4536290" lon="151.0313970">
    <ele>63.8</ele>
    <time>2021-09-01T05:10:06Z</time>
    <extensions>
     <gpxtpx:TrackPointExtension>
      <gpxtpx:atemp>29</gpxtpx:atemp>
      <gpxtpx:hr>112</gpxtpx:hr>
     </gpxtpx:TrackPointExtension>
    </extensions>
   </trkpt>
   <trkpt lat="-33.4536650" lon="151.0314740">
    <ele>62.4</ele>
    <time>2021-09-01T05:10:08Z</time>
    <extensions>
     <gpxtpx:TrackPointExtension>
      <gpxtpx:atemp>29</gpxtpx:atemp>
      <gpxtpx:hr>113</gpxtpx:hr>
     </gpxtpx:TrackPointExtension>
    </extensions>
   </trkpt>
   <trkpt lat="-33.4537100" lon="151.0315390">
    <ele>61.2</ele>
    <time>2021-09-01T05:10:10Z</time>
    <extensions>
     <gpxtpx:TrackPointExtension>
      <gpxtpx:atemp>29</gpxtpx:atemp>
      <gpxtpx:hr>113</gpxtpx:hr>
     </gpxtpx:TrackPointExtension>
    </extensions>
   </trkpt>
   <trkpt lat="-33.4537260" lon="151.0315880">
    <ele>60.4</ele>
    <time>2021-09-01T05:10:11Z</time>
    <extensions>
     <gpxtpx:TrackPointExtension>
      <gpxtpx:atemp>29</gpxtpx:atemp>
      <gpxtpx:hr>112</gpxtpx:hr>
     </gpxtpx:TrackPointExtension>
    </extensions>
   </trkpt>
   <trkpt lat="-33.4537300" lon="151.0316290">
    <ele>60.2</ele>
    <time>2021-09-01T05:10:12Z</time>
    <extensions>
     <gpxtpx:TrackPointExtension>
      <gpxtpx:atemp>29</gpxtpx:atemp>
      <gpxtpx:hr>111</gpxtpx:hr>
     </gpxtpx:TrackPointExtension>
    </extensions>
   </trkpt>
   <trkpt lat="-33.4537440" lon="151.0316620">
    <ele>59.2</ele>
    <time>2021-09-01T05:10:13Z</time>
    <extensions>
     <gpxtpx:TrackPointExtension>
      <gpxtpx:atemp>29</gpxtpx:atemp>
      <gpxtpx:hr>111</gpxtpx:hr>
     </gpxtpx:TrackPointExtension>
    </extensions>
   </trkpt>
   <trkpt lat="-33.4537700" lon="151.0316950">
    <ele>58.6</ele>
    <time>2021-09-01T05:10:14Z</time>
    <extensions>
     <gpxtpx:TrackPointExtension>
      <gpxtpx:atemp>29</gpxtpx:atemp>
      <gpxtpx:hr>111</gpxtpx:hr>
     </gpxtpx:TrackPointExtension>
    </extensions>
   </trkpt>
   <trkpt lat="-33.4538050" lon="151.0317250">
    <ele>57.8</ele>
    <time>2021-09-01T05:10:15Z</time>
    <extensions>
     <gpxtpx:TrackPointExtension>
      <gpxtpx:atemp>29</gpxtpx:atemp>
      <gpxtpx:hr>111</gpxtpx:hr>
     </gpxtpx:TrackPointExtension>
    </extensions>
   </trkpt>
   <trkpt lat="-33.4538440" lon="151.0317370">
    <ele>57.2</ele>
    <time>2021-09-01T05:10:16Z</time>
    <extensions>
     <gpxtpx:TrackPointExtension>
      <gpxtpx:atemp>29</gpxtpx:atemp>
      <gpxtpx:hr>110</gpxtpx:hr>
     </gpxtpx:TrackPointExtension>
    </extensions>
   </trkpt>
   <trkpt lat="-33.4539130" lon="151.0317350">
    <ele>56.4</ele>
    <time>2021-09-01T05:10:18Z</time>
    <extensions>
     <gpxtpx:TrackPointExtension>
      <gpxtpx:atemp>29</gpxtpx:atemp>
      <gpxtpx:hr>109</gpxtpx:hr>
     </gpxtpx:TrackPointExtension>
    </extensions>
   </trkpt>
   <trkpt lat="-33.4539920" lon="151.0317130">
    <ele>56.0</ele>
    <time>2021-09-01T05:10:20Z</time>
    <extensions>
     <gpxtpx:TrackPointExtension>
      <gpxtpx:atemp>29</gpxtpx:atemp>
      <gpxtpx:hr>109</gpxtpx:hr>
     </gpxtpx:TrackPointExtension>
    </extensions>
   </trkpt>
   <trkpt lat="-33.4540940" lon="151.0317000">
    <ele>55.6</ele>
    <time>2021-09-01T05:10:22Z</time>
    <extensions>
     <gpxtpx:TrackPointExtension>
      <gpxtpx:atemp>29</gpxtpx:atemp>
      <gpxtpx:hr>110</gpxtpx:hr>
     </gpxtpx:TrackPointExtension>
    </extensions>
   </trkpt>
   <trkpt lat="-33.4541950" lon="151.0316910">
    <ele>55.0</ele>
    <time>2021-09-01T05:10:24Z</time>
    <extensions>
     <gpxtpx:TrackPointExtension>
      <gpxtpx:atemp>29</gpxtpx:atemp>
      <gpxtpx:hr>110</gpxtpx:hr>
     </gpxtpx:TrackPointExtension>
    </extensions>
   </trkpt>
   <trkpt lat="-33.4542490" lon="151.0316790">
    <ele>54.4</ele>
    <time>2021-09-01T05:10:25Z</time>
    <extensions>
     <gpxtpx:TrackPointExtension>
      <gpxtpx:atemp>29</gpxtpx:atemp>
      <gpxtpx:hr>112</gpxtpx:hr>
     </gpxtpx:TrackPointExtension>
    </extensions>
   </trkpt>
   <trkpt lat="-33.4542790" lon="151.0316800">
    <ele>53.8</ele>
    <time>2021-09-01T05:10:26Z</time>
    <extensions>
     <gpxtpx:TrackPointExtension>
      <gpxtpx:atemp>29</gpxtpx:atemp>
      <gpxtpx:hr>110</gpxtpx:hr>
     </gpxtpx:TrackPointExtension>
    </extensions>
   </trkpt>
   <trkpt lat="-33.4542980" lon="151.0317100">
    <ele>51.8</ele>
    <time>2021-09-01T05:10:28Z</time>
    <extensions>
     <gpxtpx:TrackPointExtension>
      <gpxtpx:atemp>29</gpxtpx:atemp>
      <gpxtpx:hr>111</gpxtpx:hr>
     </gpxtpx:TrackPointExtension>
    </extensions>
   </trkpt>
   <trkpt lat="-33.4542870" lon="151.0317360">
    <ele>51.4</ele>
    <time>2021-09-01T05:10:29Z</time>
    <extensions>
     <gpxtpx:TrackPointExtension>
      <gpxtpx:atemp>29</gpxtpx:atemp>
      <gpxtpx:hr>112</gpxtpx:hr>
     </gpxtpx:TrackPointExtension>
    </extensions>
   </trkpt>
   <trkpt lat="-33.4542920" lon="151.0318230">
    <ele>50.8</ele>
    <time>2021-09-01T05:10:32Z</time>
    <extensions>
     <gpxtpx:TrackPointExtension>
      <gpxtpx:atemp>29</gpxtpx:atemp>
      <gpxtpx:hr>112</gpxtpx:hr>
     </gpxtpx:TrackPointExtension>
    </extensions>
   </trkpt>
   <trkpt lat="-33.4543110" lon="151.0318630">
    <ele>50.8</ele>
    <time>2021-09-01T05:10:33Z</time>
    <extensions>
     <gpxtpx:TrackPointExtension>
      <gpxtpx:atemp>29</gpxtpx:atemp>
      <gpxtpx:hr>112</gpxtpx:hr>
     </gpxtpx:TrackPointExtension>
    </extensions>
   </trkpt>
   <trkpt lat="-33.4543370" lon="151.0318850">
    <ele>50.0</ele>
    <time>2021-09-01T05:10:34Z</time>
    <extensions>
     <gpxtpx:TrackPointExtension>
      <gpxtpx:atemp>28</gpxtpx:atemp>
      <gpxtpx:hr>112</gpxtpx:hr>
     </gpxtpx:TrackPointExtension>
    </extensions>
   </trkpt>
   <trkpt lat="-33.4543710" lon="151.0318740">
    <ele>49.0</ele>
    <time>2021-09-01T05:10:35Z</time>
    <extensions>
     <gpxtpx:TrackPointExtension>
      <gpxtpx:atemp>28</gpxtpx:atemp>
      <gpxtpx:hr>113</gpxtpx:hr>
     </gpxtpx:TrackPointExtension>
    </extensions>
   </trkpt>
   <trkpt lat="-33.4544000" lon="151.0318450">
    <ele>48.2</ele>
    <time>2021-09-01T05:10:36Z</time>
    <extensions>
     <gpxtpx:TrackPointExtension>
      <gpxtpx:atemp>28</gpxtpx:atemp>
      <gpxtpx:hr>113</gpxtpx:hr>
     </gpxtpx:TrackPointExtension>
    </extensions>
   </trkpt>
   <trkpt lat="-33.4544350" lon="151.0318090">
    <ele>47.6</ele>
    <time>2021-09-01T05:10:37Z</time>
    <extensions>
     <gpxtpx:TrackPointExtension>
      <gpxtpx:atemp>28</gpxtpx:atemp>
      <gpxtpx:hr>113</gpxtpx:hr>
     </gpxtpx:TrackPointExtension>
    </extensions>
   </trkpt>
   <trkpt lat="-33.4544740" lon="151.0317800">
    <ele>47.4</ele>
    <time>2021-09-01T05:10:38Z</time>
    <extensions>
     <gpxtpx:TrackPointExtension>
      <gpxtpx:atemp>28</gpxtpx:atemp>
      <gpxtpx:hr>111</gpxtpx:hr>
     </gpxtpx:TrackPointExtension>
    </extensions>
   </trkpt>
   <trkpt lat="-33.4545560" lon="151.0317410">
    <ele>46.4</ele>
    <time>2021-09-01T05:10:40Z</time>
    <extensions>
     <gpxtpx:TrackPointExtension>
      <gpxtpx:atemp>28</gpxtpx:atemp>
      <gpxtpx:hr>111</gpxtpx:hr>
     </gpxtpx:TrackPointExtension>
    </extensions>
   </trkpt>
   <trkpt lat="-33.4546120" lon="151.0318100">
    <ele>45.2</ele>
    <time>2021-09-01T05:10:43Z</time>
    <extensions>
     <gpxtpx:TrackPointExtension>
      <gpxtpx:atemp>28</gpxtpx:atemp>
      <gpxtpx:hr>113</gpxtpx:hr>
     </gpxtpx:TrackPointExtension>
    </extensions>
   </trkpt>
   <trkpt lat="-33.4546600" lon="151.0318580">
    <ele>44.0</ele>
    <time>2021-09-01T05:10:45Z</time>
    <extensions>
     <gpxtpx:TrackPointExtension>
      <gpxtpx:atemp>28</gpxtpx:atemp>
      <gpxtpx:hr>112</gpxtpx:hr>
     </gpxtpx:TrackPointExtension>
    </extensions>
   </trkpt>
   <trkpt lat="-33.4546810" lon="151.0318810">
    <ele>42.8</ele>
    <time>2021-09-01T05:10:46Z</time>
    <extensions>
     <gpxtpx:TrackPointExtension>
      <gpxtpx:atemp>28</gpxtpx:atemp>
      <gpxtpx:hr>112</gpxtpx:hr>
     </gpxtpx:TrackPointExtension>
    </extensions>
   </trkpt>
   <trkpt lat="-33.4547160" lon="151.0319250">
    <ele>41.4</ele>
    <time>2021-09-01T05:10:48Z</time>
    <extensions>
     <gpxtpx:TrackPointExtension>
      <gpxtpx:atemp>28</gpxtpx:atemp>
      <gpxtpx:hr>114</gpxtpx:hr>
     </gpxtpx:TrackPointExtension>
    </extensions>
   </trkpt>
   <trkpt lat="-33.4547310" lon="151.0319710">
    <ele>40.8</ele>
    <time>2021-09-01T05:10:49Z</time>
    <extensions>
     <gpxtpx:TrackPointExtension>
      <gpxtpx:atemp>28</gpxtpx:atemp>
      <gpxtpx:hr>113</gpxtpx:hr>
     </gpxtpx:TrackPointExtension>
    </extensions>
   </trkpt>
   <trkpt lat="-33.4547550" lon="151.0319900">
    <ele>39.0</ele>
    <time>2021-09-01T05:10:51Z</time>
    <extensions>
     <gpxtpx:TrackPointExtension>
      <gpxtpx:atemp>28</gpxtpx:atemp>
      <gpxtpx:hr>111</gpxtpx:hr>
     </gpxtpx:TrackPointExtension>
    </extensions>
   </trkpt>
   <trkpt lat="-33.4547640" lon="151.0320010">
    <ele>37.6</ele>
    <time>2021-09-01T05:10:53Z</time>
    <extensions>
     <gpxtpx:TrackPointExtension>
      <gpxtpx:atemp>28</gpxtpx:atemp>
      <gpxtpx:hr>112</gpxtpx:hr>
     </gpxtpx:TrackPointExtension>
    </extensions>
   </trkpt>
   <trkpt lat="-33.4547580" lon="151.0320440">
    <ele>36.6</ele>
    <time>2021-09-01T05:10:58Z</time>
    <extensions>
     <gpxtpx:TrackPointExtension>
      <gpxtpx:atemp>28</gpxtpx:atemp>
      <gpxtpx:hr>115</gpxtpx:hr>
     </gpxtpx:TrackPointExtension>
    </extensions>
   </trkpt>
   <trkpt lat="-33.4547460" lon="151.0320730">
    <ele>36.4</ele>
    <time>2021-09-01T05:10:59Z</time>
    <extensions>
     <gpxtpx:TrackPointExtension>
      <gpxtpx:atemp>28</gpxtpx:atemp>
      <gpxtpx:hr>116</gpxtpx:hr>
     </gpxtpx:TrackPointExtension>
    </extensions>
   </trkpt>
   <trkpt lat="-33.4547140" lon="151.0321850">
    <ele>36.4</ele>
    <time>2021-09-01T05:11:02Z</time>
    <extensions>
     <gpxtpx:TrackPointExtension>
      <gpxtpx:atemp>28</gpxtpx:atemp>
      <gpxtpx:hr>118</gpxtpx:hr>
     </gpxtpx:TrackPointExtension>
    </extensions>
   </trkpt>
   <trkpt lat="-33.4546780" lon="151.0323390">
    <ele>37.4</ele>
    <time>2021-09-01T05:11:08Z</time>
    <extensions>
     <gpxtpx:TrackPointExtension>
      <gpxtpx:atemp>28</gpxtpx:atemp>
      <gpxtpx:hr>118</gpxtpx:hr>
     </gpxtpx:TrackPointExtension>
    </extensions>
   </trkpt>
   <trkpt lat="-33.4546790" lon="151.0323410">
    <ele>37.4</ele>
    <time>2021-09-01T05:11:09Z</time>
    <extensions>
     <gpxtpx:TrackPointExtension>
      <gpxtpx:atemp>28</gpxtpx:atemp>
      <gpxtpx:hr>116</gpxtpx:hr>
     </gpxtpx:TrackPointExtension>
    </extensions>
   </trkpt>
   <trkpt lat="-33.4546690" lon="151.0323320">
    <ele>37.4</ele>
    <time>2021-09-01T05:11:15Z</time>
    <extensions>
     <gpxtpx:TrackPointExtension>
      <gpxtpx:atemp>28</gpxtpx:atemp>
      <gpxtpx:hr>114</gpxtpx:hr>
     </gpxtpx:TrackPointExtension>
    </extensions>
   </trkpt>
   <trkpt lat="-33.4546550" lon="151.0323330">
    <ele>37.2</ele>
    <time>2021-09-01T05:11:21Z</time>
    <extensions>
     <gpxtpx:TrackPointExtension>
      <gpxtpx:atemp>28</gpxtpx:atemp>
      <gpxtpx:hr>115</gpxtpx:hr>
     </gpxtpx:TrackPointExtension>
    </extensions>
   </trkpt>
   <trkpt lat="-33.4546560" lon="151.0323410">
    <ele>37.2</ele>
    <time>2021-09-01T05:11:23Z</time>
    <extensions>
     <gpxtpx:TrackPointExtension>
      <gpxtpx:atemp>28</gpxtpx:atemp>
      <gpxtpx:hr>112</gpxtpx:hr>
     </gpxtpx:TrackPointExtension>
    </extensions>
   </trkpt>
   <trkpt lat="-33.4546580" lon="151.0323500">
    <ele>37.2</ele>
    <time>2021-09-01T05:11:25Z</time>
    <extensions>
     <gpxtpx:TrackPointExtension>
      <gpxtpx:atemp>28</gpxtpx:atemp>
      <gpxtpx:hr>109</gpxtpx:hr>
     </gpxtpx:TrackPointExtension>
    </extensions>
   </trkpt>
   <trkpt lat="-33.4546580" lon="151.0323500">
    <ele>37.0</ele>
    <time>2021-09-01T05:11:29Z</time>
    <extensions>
     <gpxtpx:TrackPointExtension>
      <gpxtpx:atemp>28</gpxtpx:atemp>
      <gpxtpx:hr>112</gpxtpx:hr>
     </gpxtpx:TrackPointExtension>
    </extensions>
   </trkpt>
   <trkpt lat="-33.4546580" lon="151.0323490">
    <ele>37.0</ele>
    <time>2021-09-01T05:11:30Z</time>
    <extensions>
     <gpxtpx:TrackPointExtension>
      <gpxtpx:atemp>28</gpxtpx:atemp>
      <gpxtpx:hr>113</gpxtpx:hr>
     </gpxtpx:TrackPointExtension>
    </extensions>
   </trkpt>
   <trkpt lat="-33.4546570" lon="151.0323490">
    <ele>37.0</ele>
    <time>2021-09-01T05:11:32Z</time>
    <extensions>
     <gpxtpx:TrackPointExtension>
      <gpxtpx:atemp>28</gpxtpx:atemp>
      <gpxtpx:hr>110</gpxtpx:hr>
     </gpxtpx:TrackPointExtension>
    </extensions>
   </trkpt>
   <trkpt lat="-33.4546590" lon="151.0323430">
    <ele>37.0</ele>
    <time>2021-09-01T05:11:39Z</time>
    <extensions>
     <gpxtpx:TrackPointExtension>
      <gpxtpx:atemp>28</gpxtpx:atemp>
      <gpxtpx:hr>107</gpxtpx:hr>
     </gpxtpx:TrackPointExtension>
    </extensions>
   </trkpt>
   <trkpt lat="-33.4546590" lon="151.0323450">
    <ele>36.8</ele>
    <time>2021-09-01T05:11:40Z</time>
    <extensions>
     <gpxtpx:TrackPointExtension>
      <gpxtpx:atemp>28</gpxtpx:atemp>
      <gpxtpx:hr>108</gpxtpx:hr>
     </gpxtpx:TrackPointExtension>
    </extensions>
   </trkpt>
   <trkpt lat="-33.4546590" lon="151.0323450">
    <ele>36.8</ele>
    <time>2021-09-01T05:11:41Z</time>
    <extensions>
     <gpxtpx:TrackPointExtension>
      <gpxtpx:atemp>29</gpxtpx:atemp>
      <gpxtpx:hr>105</gpxtpx:hr>
     </gpxtpx:TrackPointExtension>
    </extensions>
   </trkpt>
   <trkpt lat="-33.4546570" lon="151.0323470">
    <ele>36.4</ele>
    <time>2021-09-01T05:11:46Z</time>
    <extensions>
     <gpxtpx:TrackPointExtension>
      <gpxtpx:atemp>29</gpxtpx:atemp>
      <gpxtpx:hr>104</gpxtpx:hr>
     </gpxtpx:TrackPointExtension>
    </extensions>
   </trkpt>
   <trkpt lat="-33.4546560" lon="151.0323560">
    <ele>36.2</ele>
    <time>2021-09-01T05:11:50Z</time>
    <extensions>
     <gpxtpx:TrackPointExtension>
      <gpxtpx:atemp>29</gpxtpx:atemp>
      <gpxtpx:hr>107</gpxtpx:hr>
     </gpxtpx:TrackPointExtension>
    </extensions>
   </trkpt>
   <trkpt lat="-33.4546620" lon="151.0323600">
    <ele>36.0</ele>
    <time>2021-09-01T05:11:52Z</time>
    <extensions>
     <gpxtpx:TrackPointExtension>
      <gpxtpx:atemp>29</gpxtpx:atemp>
      <gpxtpx:hr>106</gpxtpx:hr>
     </gpxtpx:TrackPointExtension>
    </extensions>
   </trkpt>
   <trkpt lat="-33.4546820" lon="151.0323820">
    <ele>36.4</ele>
    <time>2021-09-01T05:11:54Z</time>
    <extensions>
     <gpxtpx:TrackPointExtension>
      <gpxtpx:atemp>29</gpxtpx:atemp>
      <gpxtpx:hr>105</gpxtpx:hr>
     </gpxtpx:TrackPointExtension>
    </extensions>
   </trkpt>
   <trkpt lat="-33.4546770" lon="151.0324410">
    <ele>36.8</ele>
    <time>2021-09-01T05:11:57Z</time>
    <extensions>
     <gpxtpx:TrackPointExtension>
      <gpxtpx:atemp>29</gpxtpx:atemp>
      <gpxtpx:hr>103</gpxtpx:hr>
     </gpxtpx:TrackPointExtension>
    </extensions>
   </trkpt>
   <trkpt lat="-33.4546880" lon="151.0324600">
    <ele>36.8</ele>
    <time>2021-09-01T05:11:58Z</time>
    <extensions>
     <gpxtpx:TrackPointExtension>
      <gpxtpx:atemp>29</gpxtpx:atemp>
      <gpxtpx:hr>101</gpxtpx:hr>
     </gpxtpx:TrackPointExtension>
    </extensions>
   </trkpt>
   <trkpt lat="-33.4547010" lon="151.0324750">
    <ele>37.0</ele>
    <time>2021-09-01T05:11:59Z</time>
    <extensions>
     <gpxtpx:TrackPointExtension>
      <gpxtpx:atemp>29</gpxtpx:atemp>
      <gpxtpx:hr>101</gpxtpx:hr>
     </gpxtpx:TrackPointExtension>
    </extensions>
   </trkpt>
   <trkpt lat="-33.4547230" lon="151.0325060">
    <ele>37.2</ele>
    <time>2021-09-01T05:12:01Z</time>
    <extensions>
     <gpxtpx:TrackPointExtension>
      <gpxtpx:atemp>29</gpxtpx:atemp>
      <gpxtpx:hr>102</gpxtpx:hr>
     </gpxtpx:TrackPointExtension>
    </extensions>
   </trkpt>
   <trkpt lat="-33.4547300" lon="151.0325260">
    <ele>37.2</ele>
    <time>2021-09-01T05:12:02Z</time>
    <extensions>
     <gpxtpx:TrackPointExtension>
      <gpxtpx:atemp>29</gpxtpx:atemp>
      <gpxtpx:hr>100</gpxtpx:hr>
     </gpxtpx:TrackPointExtension>
    </extensions>
   </trkpt>
   <trkpt lat="-33.4547520" lon="151.0325590">
    <ele>37.0</ele>
    <time>2021-09-01T05:12:04Z</time>
    <extensions>
     <gpxtpx:TrackPointExtension>
      <gpxtpx:atemp>29</gpxtpx:atemp>
      <gpxtpx:hr>103</gpxtpx:hr>
     </gpxtpx:TrackPointExtension>
    </extensions>
   </trkpt>
   <trkpt lat="-33.4547880" lon="151.0326180">
    <ele>37.0</ele>
    <time>2021-09-01T05:12:07Z</time>
    <extensions>
     <gpxtpx:TrackPointExtension>
      <gpxtpx:atemp>29</gpxtpx:atemp>
      <gpxtpx:hr>104</gpxtpx:hr>
     </gpxtpx:TrackPointExtension>
    </extensions>
   </trkpt>
   <trkpt lat="-33.4547960" lon="151.0327250">
    <ele>36.6</ele>
    <time>2021-09-01T05:12:11Z</time>
    <extensions>
     <gpxtpx:TrackPointExtension>
      <gpxtpx:atemp>29</gpxtpx:atemp>
      <gpxtpx:hr>107</gpxtpx:hr>
     </gpxtpx:TrackPointExtension>
    </extensions>
   </trkpt>
   <trkpt lat="-33.4547900" lon="151.0327690">
    <ele>36.4</ele>
    <time>2021-09-01T05:12:13Z</time>
    <extensions>
     <gpxtpx:TrackPointExtension>
      <gpxtpx:atemp>29</gpxtpx:atemp>
      <gpxtpx:hr>111</gpxtpx:hr>
     </gpxtpx:TrackPointExtension>
    </extensions>
   </trkpt>
   <trkpt lat="-33.4547850" lon="151.0327820">
    <ele>36.4</ele>
    <time>2021-09-01T05:12:15Z</time>
    <extensions>
     <gpxtpx:TrackPointExtension>
      <gpxtpx:atemp>29</gpxtpx:atemp>
      <gpxtpx:hr>114</gpxtpx:hr>
     </gpxtpx:TrackPointExtension>
    </extensions>
   </trkpt>
   <trkpt lat="-33.4547790" lon="151.0327920">
    <ele>36.4</ele>
    <time>2021-09-01T05:12:17Z</time>
    <extensions>
     <gpxtpx:TrackPointExtension>
      <gpxtpx:atemp>29</gpxtpx:atemp>
      <gpxtpx:hr>114</gpxtpx:hr>
     </gpxtpx:TrackPointExtension>
    </extensions>
   </trkpt>
   <trkpt lat="-33.4547590" lon="151.0328040">
    <ele>36.2</ele>
    <time>2021-09-01T05:12:26Z</time>
    <extensions>
     <gpxtpx:TrackPointExtension>
      <gpxtpx:atemp>29</gpxtpx:atemp>
      <gpxtpx:hr>111</gpxtpx:hr>
     </gpxtpx:TrackPointExtension>
    </extensions>
   </trkpt>
   <trkpt lat="-33.4547530" lon="151.0328100">
    <ele>36.0</ele>
    <time>2021-09-01T05:12:28Z</time>
    <extensions>
     <gpxtpx:TrackPointExtension>
      <gpxtpx:atemp>29</gpxtpx:atemp>
      <gpxtpx:hr>111</gpxtpx:hr>
     </gpxtpx:TrackPointExtension>
    </extensions>
   </trkpt>
   <trkpt lat="-33.4547510" lon="151.0328150">
    <ele>36.0</ele>
    <time>2021-09-01T05:12:29Z</time>
    <extensions>
     <gpxtpx:TrackPointExtension>
      <gpxtpx:atemp>29</gpxtpx:atemp>
      <gpxtpx:hr>108</gpxtpx:hr>
     </gpxtpx:TrackPointExtension>
    </extensions>
   </trkpt>
   <trkpt lat="-33.4547490" lon="151.0328180">
    <ele>36.0</ele>
    <time>2021-09-01T05:12:32Z</time>
    <extensions>
     <gpxtpx:TrackPointExtension>
      <gpxtpx:atemp>29</gpxtpx:atemp>
      <gpxtpx:hr>104</gpxtpx:hr>
     </gpxtpx:TrackPointExtension>
    </extensions>
   </trkpt>
   <trkpt lat="-33.4547470" lon="151.0328200">
    <ele>36.0</ele>
    <time>2021-09-01T05:12:35Z</time>
    <extensions>
     <gpxtpx:TrackPointExtension>
      <gpxtpx:atemp>29</gpxtpx:atemp>
      <gpxtpx:hr>101</gpxtpx:hr>
     </gpxtpx:TrackPointExtension>
    </extensions>
   </trkpt>
   <trkpt lat="-33.4547520" lon="151.0328380">
    <ele>36.0</ele>
    <time>2021-09-01T05:12:38Z</time>
    <extensions>
     <gpxtpx:TrackPointExtension>
      <gpxtpx:atemp>29</gpxtpx:atemp>
      <gpxtpx:hr>99</gpxtpx:hr>
     </gpxtpx:TrackPointExtension>
    </extensions>
   </trkpt>
   <trkpt lat="-33.4547590" lon="151.0328620">
    <ele>36.0</ele>
    <time>2021-09-01T05:12:40Z</time>
    <extensions>
     <gpxtpx:TrackPointExtension>
      <gpxtpx:atemp>29</gpxtpx:atemp>
      <gpxtpx:hr>99</gpxtpx:hr>
     </gpxtpx:TrackPointExtension>
    </extensions>
   </trkpt>
   <trkpt lat="-33.4547800" lon="151.0328820">
    <ele>36.0</ele>
    <time>2021-09-01T05:12:42Z</time>
    <extensions>
     <gpxtpx:TrackPointExtension>
      <gpxtpx:atemp>29</gpxtpx:atemp>
      <gpxtpx:hr>96</gpxtpx:hr>
     </gpxtpx:TrackPointExtension>
    </extensions>
   </trkpt>
   <trkpt lat="-33.4548110" lon="151.0328490">
    <ele>36.4</ele>
    <time>2021-09-01T05:12:45Z</time>
    <extensions>
     <gpxtpx:TrackPointExtension>
      <gpxtpx:atemp>29</gpxtpx:atemp>
      <gpxtpx:hr>95</gpxtpx:hr>
     </gpxtpx:TrackPointExtension>
    </extensions>
   </trkpt>
   <trkpt lat="-33.4548160" lon="151.0328320">
    <ele>36.4</ele>
    <time>2021-09-01T05:12:46Z</time>
    <extensions>
     <gpxtpx:TrackPointExtension>
      <gpxtpx:atemp>29</gpxtpx:atemp>
      <gpxtpx:hr>95</gpxtpx:hr>
     </gpxtpx:TrackPointExtension>
    </extensions>
   </trkpt>
   <trkpt lat="-33.4548530" lon="151.0327220">
    <ele>36.0</ele>
    <time>2021-09-01T05:12:51Z</time>
    <extensions>
     <gpxtpx:TrackPointExtension>
      <gpxtpx:atemp>29</gpxtpx:atemp>
      <gpxtpx:hr>98</gpxtpx:hr>
     </gpxtpx:TrackPointExtension>
    </extensions>
   </trkpt>
   <trkpt lat="-33.4548890" lon="151.0326760">
    <ele>35.4</ele>
    <time>2021-09-01T05:12:54Z</time>
    <extensions>
     <gpxtpx:TrackPointExtension>
      <gpxtpx:atemp>29</gpxtpx:atemp>
      <gpxtpx:hr>104</gpxtpx:hr>
     </gpxtpx:TrackPointExtension>
    </extensions>
   </trkpt>
   <trkpt lat="-33.4548940" lon="151.0326480">
    <ele>35.4</ele>
    <time>2021-09-01T05:12:55Z</time>
    <extensions>
     <gpxtpx:TrackPointExtension>
      <gpxtpx:atemp>29</gpxtpx:atemp>
      <gpxtpx:hr>108</gpxtpx:hr>
     </gpxtpx:TrackPointExtension>
    </extensions>
   </trkpt>
   <trkpt lat="-33.4548860" lon="151.0326310">
    <ele>35.4</ele>
    <time>2021-09-01T05:12:56Z</time>
    <extensions>
     <gpxtpx:TrackPointExtension>
      <gpxtpx:atemp>29</gpxtpx:atemp>
      <gpxtpx:hr>111</gpxtpx:hr>
     </gpxtpx:TrackPointExtension>
    </extensions>
   </trkpt>
   <trkpt lat="-33.4548610" lon="151.0326120">
    <ele>35.2</ele>
    <time>2021-09-01T05:12:58Z</time>
    <extensions>
     <gpxtpx:TrackPointExtension>
      <gpxtpx:atemp>29</gpxtpx:atemp>
      <gpxtpx:hr>108</gpxtpx:hr>
     </gpxtpx:TrackPointExtension>
    </extensions>
   </trkpt>
   <trkpt lat="-33.4548540" lon="151.0325790">
    <ele>35.4</ele>
    <time>2021-09-01T05:13:00Z</time>
    <extensions>
     <gpxtpx:TrackPointExtension>
      <gpxtpx:atemp>29</gpxtpx:atemp>
      <gpxtpx:hr>106</gpxtpx:hr>
     </gpxtpx:TrackPointExtension>
    </extensions>
   </trkpt>
   <trkpt lat="-33.4548420" lon="151.0325600">
    <ele>35.4</ele>
    <time>2021-09-01T05:13:01Z</time>
    <extensions>
     <gpxtpx:TrackPointExtension>
      <gpxtpx:atemp>29</gpxtpx:atemp>
      <gpxtpx:hr>106</gpxtpx:hr>
     </gpxtpx:TrackPointExtension>
    </extensions>
   </trkpt>
   <trkpt lat="-33.4547600" lon="151.0324280">
    <ele>35.6</ele>
    <time>2021-09-01T05:13:06Z</time>
    <extensions>
     <gpxtpx:TrackPointExtension>
      <gpxtpx:atemp>29</gpxtpx:atemp>
      <gpxtpx:hr>106</gpxtpx:hr>
     </gpxtpx:TrackPointExtension>
    </extensions>
   </trkpt>
   <trkpt lat="-33.4547050" lon="151.0323610">
    <ele>36.2</ele>
    <time>2021-09-01T05:13:11Z</time>
    <extensions>
     <gpxtpx:TrackPointExtension>
      <gpxtpx:atemp>29</gpxtpx:atemp>
      <gpxtpx:hr>104</gpxtpx:hr>
     </gpxtpx:TrackPointExtension>
    </extensions>
   </trkpt>
   <trkpt lat="-33.4547040" lon="151.0323520">
    <ele>36.0</ele>
    <time>2021-09-01T05:13:17Z</time>
    <extensions>
     <gpxtpx:TrackPointExtension>
      <gpxtpx:atemp>29</gpxtpx:atemp>
      <gpxtpx:hr>103</gpxtpx:hr>
     </gpxtpx:TrackPointExtension>
    </extensions>
   </trkpt>
   <trkpt lat="-33.4547290" lon="151.0323460">
    <ele>35.6</ele>
    <time>2021-09-01T05:13:24Z</time>
    <extensions>
     <gpxtpx:TrackPointExtension>
      <gpxtpx:atemp>29</gpxtpx:atemp>
      <gpxtpx:hr>104</gpxtpx:hr>
     </gpxtpx:TrackPointExtension>
    </extensions>
   </trkpt>
   <trkpt lat="-33.4547290" lon="151.0323520">
    <ele>35.6</ele>
    <time>2021-09-01T05:13:26Z</time>
    <extensions>
     <gpxtpx:TrackPointExtension>
      <gpxtpx:atemp>29</gpxtpx:atemp>
      <gpxtpx:hr>101</gpxtpx:hr>
     </gpxtpx:TrackPointExtension>
    </extensions>
   </trkpt>
   <trkpt lat="-33.4547280" lon="151.0323490">
    <ele>35.4</ele>
    <time>2021-09-01T05:13:29Z</time>
    <extensions>
     <gpxtpx:TrackPointExtension>
      <gpxtpx:atemp>29</gpxtpx:atemp>
      <gpxtpx:hr>104</gpxtpx:hr>
     </gpxtpx:TrackPointExtension>
    </extensions>
   </trkpt>
   <trkpt lat="-33.4547400" lon="151.0323440">
    <ele>35.2</ele>
    <time>2021-09-01T05:13:34Z</time>
    <extensions>
     <gpxtpx:TrackPointExtension>
      <gpxtpx:atemp>29</gpxtpx:atemp>
      <gpxtpx:hr>103</gpxtpx:hr>
     </gpxtpx:TrackPointExtension>
    </extensions>
   </trkpt>
   <trkpt lat="-33.4547430" lon="151.0323440">
    <ele>35.2</ele>
    <time>2021-09-01T05:13:37Z</time>
    <extensions>
     <gpxtpx:TrackPointExtension>
      <gpxtpx:atemp>29</gpxtpx:atemp>
      <gpxtpx:hr>100</gpxtpx:hr>
     </gpxtpx:TrackPointExtension>
    </extensions>
   </trkpt>
   <trkpt lat="-33.4547450" lon="151.0323300">
    <ele>35.2</ele>
    <time>2021-09-01T05:13:41Z</time>
    <extensions>
     <gpxtpx:TrackPointExtension>
      <gpxtpx:atemp>29</gpxtpx:atemp>
      <gpxtpx:hr>104</gpxtpx:hr>
     </gpxtpx:TrackPointExtension>
    </extensions>
   </trkpt>
   <trkpt lat="-33.4547440" lon="151.0323290">
    <ele>35.0</ele>
    <time>2021-09-01T05:13:43Z</time>
    <extensions>
     <gpxtpx:TrackPointExtension>
      <gpxtpx:atemp>29</gpxtpx:atemp>
      <gpxtpx:hr>107</gpxtpx:hr>
     </gpxtpx:TrackPointExtension>
    </extensions>
   </trkpt>
   <trkpt lat="-33.4547440" lon="151.0323280">
    <ele>35.0</ele>
    <time>2021-09-01T05:13:44Z</time>
    <extensions>
     <gpxtpx:TrackPointExtension>
      <gpxtpx:atemp>29</gpxtpx:atemp>
      <gpxtpx:hr>107</gpxtpx:hr>
     </gpxtpx:TrackPointExtension>
    </extensions>
   </trkpt>
   <trkpt lat="-33.4547400" lon="151.0323440">
    <ele>34.8</ele>
    <time>2021-09-01T05:13:51Z</time>
    <extensions>
     <gpxtpx:TrackPointExtension>
      <gpxtpx:atemp>29</gpxtpx:atemp>
      <gpxtpx:hr>105</gpxtpx:hr>
     </gpxtpx:TrackPointExtension>
    </extensions>
   </trkpt>
   <trkpt lat="-33.4547370" lon="151.0323400">
    <ele>34.6</ele>
    <time>2021-09-01T05:13:59Z</time>
    <extensions>
     <gpxtpx:TrackPointExtension>
      <gpxtpx:atemp>29</gpxtpx:atemp>
      <gpxtpx:hr>106</gpxtpx:hr>
     </gpxtpx:TrackPointExtension>
    </extensions>
   </trkpt>
   <trkpt lat="-33.4547390" lon="151.0323310">
    <ele>34.6</ele>
    <time>2021-09-01T05:14:04Z</time>
    <extensions>
     <gpxtpx:TrackPointExtension>
      <gpxtpx:atemp>29</gpxtpx:atemp>
      <gpxtpx:hr>103</gpxtpx:hr>
     </gpxtpx:TrackPointExtension>
    </extensions>
   </trkpt>
   <trkpt lat="-33.4547440" lon="151.0323180">
    <ele>34.6</ele>
    <time>2021-09-01T05:14:10Z</time>
    <extensions>
     <gpxtpx:TrackPointExtension>
      <gpxtpx:atemp>29</gpxtpx:atemp>
      <gpxtpx:hr>103</gpxtpx:hr>
     </gpxtpx:TrackPointExtension>
    </extensions>
   </trkpt>
   <trkpt lat="-33.4547450" lon="151.0323190">
    <ele>34.6</ele>
    <time>2021-09-01T05:14:13Z</time>
    <extensions>
     <gpxtpx:TrackPointExtension>
      <gpxtpx:atemp>29</gpxtpx:atemp>
      <gpxtpx:hr>106</gpxtpx:hr>
     </gpxtpx:TrackPointExtension>
    </extensions>
   </trkpt>
   <trkpt lat="-33.4547290" lon="151.0323160">
    <ele>34.8</ele>
    <time>2021-09-01T05:14:20Z</time>
    <extensions>
     <gpxtpx:TrackPointExtension>
      <gpxtpx:atemp>29</gpxtpx:atemp>
      <gpxtpx:hr>103</gpxtpx:hr>
     </gpxtpx:TrackPointExtension>
    </extensions>
   </trkpt>
   <trkpt lat="-33.4546990" lon="151.0323260">
    <ele>34.4</ele>
    <time>2021-09-01T05:14:28Z</time>
    <extensions>
     <gpxtpx:TrackPointExtension>
      <gpxtpx:atemp>29</gpxtpx:atemp>
      <gpxtpx:hr>102</gpxtpx:hr>
     </gpxtpx:TrackPointExtension>
    </extensions>
   </trkpt>
   <trkpt lat="-33.4546930" lon="151.0323300">
    <ele>34.6</ele>
    <time>2021-09-01T05:14:36Z</time>
    <extensions>
     <gpxtpx:TrackPointExtension>
      <gpxtpx:atemp>29</gpxtpx:atemp>
      <gpxtpx:hr>98</gpxtpx:hr>
     </gpxtpx:TrackPointExtension>
    </extensions>
   </trkpt>
   <trkpt lat="-33.4546920" lon="151.0323430">
    <ele>34.8</ele>
    <time>2021-09-01T05:14:40Z</time>
    <extensions>
     <gpxtpx:TrackPointExtension>
      <gpxtpx:atemp>29</gpxtpx:atemp>
      <gpxtpx:hr>98</gpxtpx:hr>
     </gpxtpx:TrackPointExtension>
    </extensions>
   </trkpt>
   <trkpt lat="-33.4546870" lon="151.0323450">
    <ele>35.0</ele>
    <time>2021-09-01T05:14:49Z</time>
    <extensions>
     <gpxtpx:TrackPointExtension>
      <gpxtpx:atemp>29</gpxtpx:atemp>
      <gpxtpx:hr>95</gpxtpx:hr>
     </gpxtpx:TrackPointExtension>
    </extensions>
   </trkpt>
   <trkpt lat="-33.4546890" lon="151.0323330">
    <ele>35.0</ele>
    <time>2021-09-01T05:14:50Z</time>
    <extensions>
     <gpxtpx:TrackPointExtension>
      <gpxtpx:atemp>29</gpxtpx:atemp>
      <gpxtpx:hr>96</gpxtpx:hr>
     </gpxtpx:TrackPointExtension>
    </extensions>
   </trkpt>
   <trkpt lat="-33.4546840" lon="151.0322500">
    <ele>35.0</ele>
    <time>2021-09-01T05:14:54Z</time>
    <extensions>
     <gpxtpx:TrackPointExtension>
      <gpxtpx:atemp>29</gpxtpx:atemp>
      <gpxtpx:hr>96</gpxtpx:hr>
     </gpxtpx:TrackPointExtension>
    </extensions>
   </trkpt>
   <trkpt lat="-33.4546900" lon="151.0322250">
    <ele>35.0</ele>
    <time>2021-09-01T05:14:55Z</time>
    <extensions>
     <gpxtpx:TrackPointExtension>
      <gpxtpx:atemp>29</gpxtpx:atemp>
      <gpxtpx:hr>99</gpxtpx:hr>
     </gpxtpx:TrackPointExtension>
    </extensions>
   </trkpt>
   <trkpt lat="-33.4547030" lon="151.0321620">
    <ele>35.0</ele>
    <time>2021-09-01T05:14:58Z</time>
    <extensions>
     <gpxtpx:TrackPointExtension>
      <gpxtpx:atemp>29</gpxtpx:atemp>
      <gpxtpx:hr>100</gpxtpx:hr>
     </gpxtpx:TrackPointExtension>
    </extensions>
   </trkpt>
   <trkpt lat="-33.4547390" lon="151.0321180">
    <ele>35.2</ele>
    <time>2021-09-01T05:15:00Z</time>
    <extensions>
     <gpxtpx:TrackPointExtension>
      <gpxtpx:atemp>29</gpxtpx:atemp>
      <gpxtpx:hr>102</gpxtpx:hr>
     </gpxtpx:TrackPointExtension>
    </extensions>
   </trkpt>
   <trkpt lat="-33.4547810" lon="151.0320690">
    <ele>35.4</ele>
    <time>2021-09-01T05:15:03Z</time>
    <extensions>
     <gpxtpx:TrackPointExtension>
      <gpxtpx:atemp>29</gpxtpx:atemp>
      <gpxtpx:hr>104</gpxtpx:hr>
     </gpxtpx:TrackPointExtension>
    </extensions>
   </trkpt>
   <trkpt lat="-33.4548030" lon="151.0320710">
    <ele>35.2</ele>
    <time>2021-09-01T05:15:04Z</time>
    <extensions>
     <gpxtpx:TrackPointExtension>
      <gpxtpx:atemp>29</gpxtpx:atemp>
      <gpxtpx:hr>104</gpxtpx:hr>
     </gpxtpx:TrackPointExtension>
    </extensions>
   </trkpt>
   <trkpt lat="-33.4548480" lon="151.0320980">
    <ele>34.6</ele>
    <time>2021-09-01T05:15:06Z</time>
    <extensions>
     <gpxtpx:TrackPointExtension>
      <gpxtpx:atemp>29</gpxtpx:atemp>
      <gpxtpx:hr>108</gpxtpx:hr>
     </gpxtpx:TrackPointExtension>
    </extensions>
   </trkpt>
   <trkpt lat="-33.4548690" lon="151.0321270">
    <ele>34.4</ele>
    <time>2021-09-01T05:15:07Z</time>
    <extensions>
     <gpxtpx:TrackPointExtension>
      <gpxtpx:atemp>29</gpxtpx:atemp>
      <gpxtpx:hr>110</gpxtpx:hr>
     </gpxtpx:TrackPointExtension>
    </extensions>
   </trkpt>
   <trkpt lat="-33.4548980" lon="151.0321620">
    <ele>33.4</ele>
    <time>2021-09-01T05:15:08Z</time>
    <extensions>
     <gpxtpx:TrackPointExtension>
      <gpxtpx:atemp>29</gpxtpx:atemp>
      <gpxtpx:hr>111</gpxtpx:hr>
     </gpxtpx:TrackPointExtension>
    </extensions>
   </trkpt>
   <trkpt lat="-33.4549320" lon="151.0321970">
    <ele>33.0</ele>
    <time>2021-09-01T05:15:09Z</time>
    <extensions>
     <gpxtpx:TrackPointExtension>
      <gpxtpx:atemp>29</gpxtpx:atemp>
      <gpxtpx:hr>111</gpxtpx:hr>
     </gpxtpx:TrackPointExtension>
    </extensions>
   </trkpt>
   <trkpt lat="-33.4549710" lon="151.0322300">
    <ele>31.4</ele>
    <time>2021-09-01T05:15:10Z</time>
    <extensions>
     <gpxtpx:TrackPointExtension>
      <gpxtpx:atemp>29</gpxtpx:atemp>
      <gpxtpx:hr>113</gpxtpx:hr>
     </gpxtpx:TrackPointExtension>
    </extensions>
   </trkpt>
   <trkpt lat="-33.4550360" lon="151.0323030">
    <ele>29.6</ele>
    <time>2021-09-01T05:15:12Z</time>
    <extensions>
     <gpxtpx:TrackPointExtension>
      <gpxtpx:atemp>29</gpxtpx:atemp>
      <gpxtpx:hr>112</gpxtpx:hr>
     </gpxtpx:TrackPointExtension>
    </extensions>
   </trkpt>
   <trkpt lat="-33.4550680" lon="151.0323310">
    <ele>28.8</ele>
    <time>2021-09-01T05:15:13Z</time>
    <extensions>
     <gpxtpx:TrackPointExtension>
      <gpxtpx:atemp>29</gpxtpx:atemp>
      <gpxtpx:hr>113</gpxtpx:hr>
     </gpxtpx:TrackPointExtension>
    </extensions>
   </trkpt>
   <trkpt lat="-33.4551030" lon="151.0323540">
    <ele>28.2</ele>
    <time>2021-09-01T05:15:14Z</time>
    <extensions>
     <gpxtpx:TrackPointExtension>
      <gpxtpx:atemp>29</gpxtpx:atemp>
      <gpxtpx:hr>113</gpxtpx:hr>
     </gpxtpx:TrackPointExtension>
    </extensions>
   </trkpt>
   <trkpt lat="-33.4551960" lon="151.0324360">
    <ele>27.0</ele>
    <time>2021-09-01T05:15:17Z</time>
    <extensions>
     <gpxtpx:TrackPointExtension>
      <gpxtpx:atemp>29</gpxtpx:atemp>
      <gpxtpx:hr>112</gpxtpx:hr>
     </gpxtpx:TrackPointExtension>
    </extensions>
   </trkpt>
   <trkpt lat="-33.4552290" lon="151.0324620">
    <ele>26.2</ele>
    <time>2021-09-01T05:15:18Z</time>
    <extensions>
     <gpxtpx:TrackPointExtension>
      <gpxtpx:atemp>29</gpxtpx:atemp>
      <gpxtpx:hr>115</gpxtpx:hr>
     </gpxtpx:TrackPointExtension>
    </extensions>
   </trkpt>
   <trkpt lat="-33.4552550" lon="151.0324960">
    <ele>25.8</ele>
    <time>2021-09-01T05:15:19Z</time>
    <extensions>
     <gpxtpx:TrackPointExtension>
      <gpxtpx:atemp>29</gpxtpx:atemp>
      <gpxtpx:hr>115</gpxtpx:hr>
     </gpxtpx:TrackPointExtension>
    </extensions>
   </trkpt>
   <trkpt lat="-33.4553270" lon="151.0325370">
    <ele>24.8</ele>
    <time>2021-09-01T05:15:22Z</time>
    <extensions>
     <gpxtpx:TrackPointExtension>
      <gpxtpx:atemp>29</gpxtpx:atemp>
      <gpxtpx:hr>116</gpxtpx:hr>
     </gpxtpx:TrackPointExtension>
    </extensions>
   </trkpt>
   <trkpt lat="-33.4553750" lon="151.0325370">
    <ele>24.6</ele>
    <time>2021-09-01T05:15:23Z</time>
    <extensions>
     <gpxtpx:TrackPointExtension>
      <gpxtpx:atemp>29</gpxtpx:atemp>
      <gpxtpx:hr>116</gpxtpx:hr>
     </gpxtpx:TrackPointExtension>
    </extensions>
   </trkpt>
   <trkpt lat="-33.4555130" lon="151.0325670">
    <ele>23.4</ele>
    <time>2021-09-01T05:15:26Z</time>
    <extensions>
     <gpxtpx:TrackPointExtension>
      <gpxtpx:atemp>29</gpxtpx:atemp>
      <gpxtpx:hr>118</gpxtpx:hr>
     </gpxtpx:TrackPointExtension>
    </extensions>
   </trkpt>
   <trkpt lat="-33.4555550" lon="151.0325800">
    <ele>23.0</ele>
    <time>2021-09-01T05:15:27Z</time>
    <extensions>
     <gpxtpx:TrackPointExtension>
      <gpxtpx:atemp>29</gpxtpx:atemp>
      <gpxtpx:hr>119</gpxtpx:hr>
     </gpxtpx:TrackPointExtension>
    </extensions>
   </trkpt>
   <trkpt lat="-33.4556120" lon="151.0326040">
    <ele>21.8</ele>
    <time>2021-09-01T05:15:29Z</time>
    <extensions>
     <gpxtpx:TrackPointExtension>
      <gpxtpx:atemp>29</gpxtpx:atemp>
      <gpxtpx:hr>119</gpxtpx:hr>
     </gpxtpx:TrackPointExtension>
    </extensions>
   </trkpt>
   <trkpt lat="-33.4556350" lon="151.0326180">
    <ele>21.4</ele>
    <time>2021-09-01T05:15:30Z</time>
    <extensions>
     <gpxtpx:TrackPointExtension>
      <gpxtpx:atemp>29</gpxtpx:atemp>
      <gpxtpx:hr>118</gpxtpx:hr>
     </gpxtpx:TrackPointExtension>
    </extensions>
   </trkpt>
   <trkpt lat="-33.4557550" lon="151.0327230">
    <ele>21.0</ele>
    <time>2021-09-01T05:15:34Z</time>
    <extensions>
     <gpxtpx:TrackPointExtension>
      <gpxtpx:atemp>29</gpxtpx:atemp>
      <gpxtpx:hr>119</gpxtpx:hr>
     </gpxtpx:TrackPointExtension>
    </extensions>
   </trkpt>
   <trkpt lat="-33.4557820" lon="151.0327380">
    <ele>21.0</ele>
    <time>2021-09-01T05:15:35Z</time>
    <extensions>
     <gpxtpx:TrackPointExtension>
      <gpxtpx:atemp>29</gpxtpx:atemp>
      <gpxtpx:hr>118</gpxtpx:hr>
     </gpxtpx:TrackPointExtension>
    </extensions>
   </trkpt>
   <trkpt lat="-33.4558000" lon="151.0327320">
    <ele>21.0</ele>
    <time>2021-09-01T05:15:36Z</time>
    <extensions>
     <gpxtpx:TrackPointExtension>
      <gpxtpx:atemp>29</gpxtpx:atemp>
      <gpxtpx:hr>122</gpxtpx:hr>
     </gpxtpx:TrackPointExtension>
    </extensions>
   </trkpt>
   <trkpt lat="-33.4558100" lon="151.0327180">
    <ele>21.2</ele>
    <time>2021-09-01T05:15:37Z</time>
    <extensions>
     <gpxtpx:TrackPointExtension>
      <gpxtpx:atemp>29</gpxtpx:atemp>
      <gpxtpx:hr>118</gpxtpx:hr>
     </gpxtpx:TrackPointExtension>
    </extensions>
   </trkpt>
   <trkpt lat="-33.4558230" lon="151.0327080">
    <ele>20.8</ele>
    <time>2021-09-01T05:15:38Z</time>
    <extensions>
     <gpxtpx:TrackPointExtension>
      <gpxtpx:atemp>29</gpxtpx:atemp>
      <gpxtpx:hr>120</gpxtpx:hr>
     </gpxtpx:TrackPointExtension>
    </extensions>
   </trkpt>
   <trkpt lat="-33.4559050" lon="151.0326940">
    <ele>20.4</ele>
    <time>2021-09-01T05:15:40Z</time>
    <extensions>
     <gpxtpx:TrackPointExtension>
      <gpxtpx:atemp>29</gpxtpx:atemp>
      <gpxtpx:hr>117</gpxtpx:hr>
     </gpxtpx:TrackPointExtension>
    </extensions>
   </trkpt>
   <trkpt lat="-33.4559470" lon="151.0327070">
    <ele>20.4</ele>
    <time>2021-09-01T05:15:41Z</time>
    <extensions>
     <gpxtpx:TrackPointExtension>
      <gpxtpx:atemp>29</gpxtpx:atemp>
      <gpxtpx:hr>116</gpxtpx:hr>
     </gpxtpx:TrackPointExtension>
    </extensions>
   </trkpt>
   <trkpt lat="-33.4560420" lon="151.0327660">
    <ele>21.0</ele>
    <time>2021-09-01T05:15:44Z</time>
    <extensions>
     <gpxtpx:TrackPointExtension>
      <gpxtpx:atemp>29</gpxtpx:atemp>
      <gpxtpx:hr>111</gpxtpx:hr>
     </gpxtpx:TrackPointExtension>
    </extensions>
   </trkpt>
   <trkpt lat="-33.4560510" lon="151.0327730">
    <ele>21.0</ele>
    <time>2021-09-01T05:15:45Z</time>
    <extensions>
     <gpxtpx:TrackPointExtension>
      <gpxtpx:atemp>29</gpxtpx:atemp>
      <gpxtpx:hr>111</gpxtpx:hr>
     </gpxtpx:TrackPointExtension>
    </extensions>
   </trkpt>
   <trkpt lat="-33.4560830" lon="151.0327820">
    <ele>20.8</ele>
    <time>2021-09-01T05:15:50Z</time>
    <extensions>
     <gpxtpx:TrackPointExtension>
      <gpxtpx:atemp>29</gpxtpx:atemp>
      <gpxtpx:hr>111</gpxtpx:hr>
     </gpxtpx:TrackPointExtension>
    </extensions>
   </trkpt>
   <trkpt lat="-33.4560900" lon="151.0327770">
    <ele>20.8</ele>
    <time>2021-09-01T05:15:53Z</time>
    <extensions>
     <gpxtpx:TrackPointExtension>
      <gpxtpx:atemp>29</gpxtpx:atemp>
      <gpxtpx:hr>111</gpxtpx:hr>
     </gpxtpx:TrackPointExtension>
    </extensions>
   </trkpt>
   <trkpt lat="-33.4560660" lon="151.0327740">
    <ele>20.8</ele>
    <time>2021-09-01T05:15:55Z</time>
    <extensions>
     <gpxtpx:TrackPointExtension>
      <gpxtpx:atemp>29</gpxtpx:atemp>
      <gpxtpx:hr>111</gpxtpx:hr>
     </gpxtpx:TrackPointExtension>
    </extensions>
   </trkpt>
   <trkpt lat="-33.4559670" lon="151.0327370">
    <ele>20.4</ele>
    <time>2021-09-01T05:16:01Z</time>
    <extensions>
     <gpxtpx:TrackPointExtension>
      <gpxtpx:atemp>29</gpxtpx:atemp>
      <gpxtpx:hr>111</gpxtpx:hr>
     </gpxtpx:TrackPointExtension>
    </extensions>
   </trkpt>
   <trkpt lat="-33.4559520" lon="151.0327130">
    <ele>20.2</ele>
    <time>2021-09-01T05:16:02Z</time>
    <extensions>
     <gpxtpx:TrackPointExtension>
      <gpxtpx:atemp>29</gpxtpx:atemp>
      <gpxtpx:hr>111</gpxtpx:hr>
     </gpxtpx:TrackPointExtension>
    </extensions>
   </trkpt>
   <trkpt lat="-33.4559460" lon="151.0327300">
    <ele>20.2</ele>
    <time>2021-09-01T05:16:05Z</time>
    <extensions>
     <gpxtpx:TrackPointExtension>
      <gpxtpx:atemp>29</gpxtpx:atemp>
      <gpxtpx:hr>112</gpxtpx:hr>
     </gpxtpx:TrackPointExtension>
    </extensions>
   </trkpt>
   <trkpt lat="-33.4559540" lon="151.0327440">
    <ele>20.2</ele>
    <time>2021-09-01T05:16:06Z</time>
    <extensions>
     <gpxtpx:TrackPointExtension>
      <gpxtpx:atemp>29</gpxtpx:atemp>
      <gpxtpx:hr>112</gpxtpx:hr>
     </gpxtpx:TrackPointExtension>
    </extensions>
   </trkpt>
   <trkpt lat="-33.4559650" lon="151.0327520">
    <ele>20.2</ele>
    <time>2021-09-01T05:16:07Z</time>
    <extensions>
     <gpxtpx:TrackPointExtension>
      <gpxtpx:atemp>29</gpxtpx:atemp>
      <gpxtpx:hr>112</gpxtpx:hr>
     </gpxtpx:TrackPointExtension>
    </extensions>
   </trkpt>
   <trkpt lat="-33.4560140" lon="151.0327360">
    <ele>20.6</ele>
    <time>2021-09-01T05:16:10Z</time>
    <extensions>
     <gpxtpx:TrackPointExtension>
      <gpxtpx:atemp>29</gpxtpx:atemp>
      <gpxtpx:hr>112</gpxtpx:hr>
     </gpxtpx:TrackPointExtension>
    </extensions>
   </trkpt>
   <trkpt lat="-33.4560420" lon="151.0327390">
    <ele>20.8</ele>
    <time>2021-09-01T05:16:12Z</time>
    <extensions>
     <gpxtpx:TrackPointExtension>
      <gpxtpx:atemp>29</gpxtpx:atemp>
      <gpxtpx:hr>111</gpxtpx:hr>
     </gpxtpx:TrackPointExtension>
    </extensions>
   </trkpt>
   <trkpt lat="-33.4560800" lon="151.0327220">
    <ele>20.8</ele>
    <time>2021-09-01T05:16:15Z</time>
    <extensions>
     <gpxtpx:TrackPointExtension>
      <gpxtpx:atemp>29</gpxtpx:atemp>
      <gpxtpx:hr>110</gpxtpx:hr>
     </gpxtpx:TrackPointExtension>
    </extensions>
   </trkpt>
   <trkpt lat="-33.4561080" lon="151.0327040">
    <ele>20.4</ele>
    <time>2021-09-01T05:16:18Z</time>
    <extensions>
     <gpxtpx:TrackPointExtension>
      <gpxtpx:atemp>29</gpxtpx:atemp>
      <gpxtpx:hr>112</gpxtpx:hr>
     </gpxtpx:TrackPointExtension>
    </extensions>
   </trkpt>
   <trkpt lat="-33.4561640" lon="151.0326980">
    <ele>20.0</ele>
    <time>2021-09-01T05:16:20Z</time>
    <extensions>
     <gpxtpx:TrackPointExtension>
      <gpxtpx:atemp>29</gpxtpx:atemp>
      <gpxtpx:hr>111</gpxtpx:hr>
     </gpxtpx:TrackPointExtension>
    </extensions>
   </trkpt>
   <trkpt lat="-33.4562000" lon="151.0326930">
    <ele>19.2</ele>
    <time>2021-09-01T05:16:21Z</time>
    <extensions>
     <gpxtpx:TrackPointExtension>
      <gpxtpx:atemp>29</gpxtpx:atemp>
      <gpxtpx:hr>111</gpxtpx:hr>
     </gpxtpx:TrackPointExtension>
    </extensions>
   </trkpt>
   <trkpt lat="-33.4562230" lon="151.0326830">
    <ele>18.8</ele>
    <time>2021-09-01T05:16:22Z</time>
    <extensions>
     <gpxtpx:TrackPointExtension>
      <gpxtpx:atemp>29</gpxtpx:atemp>
      <gpxtpx:hr>110</gpxtpx:hr>
     </gpxtpx:TrackPointExtension>
    </extensions>
   </trkpt>
   <trkpt lat="-33.4562450" lon="151.0326480">
    <ele>18.2</ele>
    <time>2021-09-01T05:16:24Z</time>
    <extensions>
     <gpxtpx:TrackPointExtension>
      <gpxtpx:atemp>29</gpxtpx:atemp>
      <gpxtpx:hr>111</gpxtpx:hr>
     </gpxtpx:TrackPointExtension>
    </extensions>
   </trkpt>
   <trkpt lat="-33.4562540" lon="151.0326200">
    <ele>17.8</ele>
    <time>2021-09-01T05:16:25Z</time>
    <extensions>
     <gpxtpx:TrackPointExtension>
      <gpxtpx:atemp>29</gpxtpx:atemp>
      <gpxtpx:hr>112</gpxtpx:hr>
     </gpxtpx:TrackPointExtension>
    </extensions>
   </trkpt>
   <trkpt lat="-33.4563290" lon="151.0325000">
    <ele>16.8</ele>
    <time>2021-09-01T05:16:29Z</time>
    <extensions>
     <gpxtpx:TrackPointExtension>
      <gpxtpx:atemp>29</gpxtpx:atemp>
      <gpxtpx:hr>110</gpxtpx:hr>
     </gpxtpx:TrackPointExtension>
    </extensions>
   </trkpt>
   <trkpt lat="-33.4563500" lon="151.0324710">
    <ele>16.8</ele>
    <time>2021-09-01T05:16:30Z</time>
    <extensions>
     <gpxtpx:TrackPointExtension>
      <gpxtpx:atemp>29</gpxtpx:atemp>
      <gpxtpx:hr>110</gpxtpx:hr>
     </gpxtpx:TrackPointExtension>
    </extensions>
   </trkpt>
   <trkpt lat="-33.4563760" lon="151.0324190">
    <ele>15.4</ele>
    <time>2021-09-01T05:16:32Z</time>
    <extensions>
     <gpxtpx:TrackPointExtension>
      <gpxtpx:atemp>29</gpxtpx:atemp>
      <gpxtpx:hr>109</gpxtpx:hr>
     </gpxtpx:TrackPointExtension>
    </extensions>
   </trkpt>
   <trkpt lat="-33.4563930" lon="151.0323980">
    <ele>15.2</ele>
    <time>2021-09-01T05:16:33Z</time>
    <extensions>
     <gpxtpx:TrackPointExtension>
      <gpxtpx:atemp>29</gpxtpx:atemp>
      <gpxtpx:hr>109</gpxtpx:hr>
     </gpxtpx:TrackPointExtension>
    </extensions>
   </trkpt>
   <trkpt lat="-33.4564650" lon="151.0323600">
    <ele>14.8</ele>
    <time>2021-09-01T05:16:35Z</time>
    <extensions>
     <gpxtpx:TrackPointExtension>
      <gpxtpx:atemp>29</gpxtpx:atemp>
      <gpxtpx:hr>109</gpxtpx:hr>
     </gpxtpx:TrackPointExtension>
    </extensions>
   </trkpt>
   <trkpt lat="-33.4565600" lon="151.0323570">
    <ele>14.4</ele>
    <time>2021-09-01T05:16:37Z</time>
    <extensions>
     <gpxtpx:TrackPointExtension>
      <gpxtpx:atemp>29</gpxtpx:atemp>
      <gpxtpx:hr>107</gpxtpx:hr>
     </gpxtpx:TrackPointExtension>
    </extensions>
   </trkpt>
   <trkpt lat="-33.4566910" lon="151.0323650">
    <ele>14.6</ele>
    <time>2021-09-01T05:16:40Z</time>
    <extensions>
     <gpxtpx:TrackPointExtension>
      <gpxtpx:atemp>29</gpxtpx:atemp>
      <gpxtpx:hr>110</gpxtpx:hr>
     </gpxtpx:TrackPointExtension>
    </extensions>
   </trkpt>
   <trkpt lat="-33.4567140" lon="151.0323580">
    <ele>14.6</ele>
    <time>2021-09-01T05:16:41Z</time>
    <extensions>
     <gpxtpx:TrackPointExtension>
      <gpxtpx:atemp>29</gpxtpx:atemp>
      <gpxtpx:hr>110</gpxtpx:hr>
     </gpxtpx:TrackPointExtension>
    </extensions>
   </trkpt>
   <trkpt lat="-33.4567270" lon="151.0323340">
    <ele>14.4</ele>
    <time>2021-09-01T05:16:43Z</time>
    <extensions>
     <gpxtpx:TrackPointExtension>
      <gpxtpx:atemp>29</gpxtpx:atemp>
      <gpxtpx:hr>109</gpxtpx:hr>
     </gpxtpx:TrackPointExtension>
    </extensions>
   </trkpt>
   <trkpt lat="-33.4567260" lon="151.0323090">
    <ele>14.4</ele>
    <time>2021-09-01T05:16:44Z</time>
    <extensions>
     <gpxtpx:TrackPointExtension>
      <gpxtpx:atemp>29</gpxtpx:atemp>
      <gpxtpx:hr>110</gpxtpx:hr>
     </gpxtpx:TrackPointExtension>
    </extensions>
   </trkpt>
   <trkpt lat="-33.4567530" lon="151.0322370">
    <ele>14.0</ele>
    <time>2021-09-01T05:16:46Z</time>
    <extensions>
     <gpxtpx:TrackPointExtension>
      <gpxtpx:atemp>29</gpxtpx:atemp>
      <gpxtpx:hr>107</gpxtpx:hr>
     </gpxtpx:TrackPointExtension>
    </extensions>
   </trkpt>
   <trkpt lat="-33.4568070" lon="151.0321590">
    <ele>13.2</ele>
    <time>2021-09-01T05:16:48Z</time>
    <extensions>
     <gpxtpx:TrackPointExtension>
      <gpxtpx:atemp>29</gpxtpx:atemp>
      <gpxtpx:hr>108</gpxtpx:hr>
     </gpxtpx:TrackPointExtension>
    </extensions>
   </trkpt>
   <trkpt lat="-33.4568770" lon="151.0321090">
    <ele>12.8</ele>
    <time>2021-09-01T05:16:50Z</time>
    <extensions>
     <gpxtpx:TrackPointExtension>
      <gpxtpx:atemp>29</gpxtpx:atemp>
      <gpxtpx:hr>108</gpxtpx:hr>
     </gpxtpx:TrackPointExtension>
    </extensions>
   </trkpt>
   <trkpt lat="-33.4569060" lon="151.0321100">
    <ele>12.6</ele>
    <time>2021-09-01T05:16:51Z</time>
    <extensions>
     <gpxtpx:TrackPointExtension>
      <gpxtpx:atemp>29</gpxtpx:atemp>
      <gpxtpx:hr>109</gpxtpx:hr>
     </gpxtpx:TrackPointExtension>
    </extensions>
   </trkpt>
   <trkpt lat="-33.4569890" lon="151.0321110">
    <ele>12.6</ele>
    <time>2021-09-01T05:16:54Z</time>
    <extensions>
     <gpxtpx:TrackPointExtension>
      <gpxtpx:atemp>29</gpxtpx:atemp>
      <gpxtpx:hr>109</gpxtpx:hr>
     </gpxtpx:TrackPointExtension>
    </extensions>
   </trkpt>
   <trkpt lat="-33.4570400" lon="151.0320790">
    <ele>12.4</ele>
    <time>2021-09-01T05:16:56Z</time>
    <extensions>
     <gpxtpx:TrackPointExtension>
      <gpxtpx:atemp>29</gpxtpx:atemp>
      <gpxtpx:hr>113</gpxtpx:hr>
     </gpxtpx:TrackPointExtension>
    </extensions>
   </trkpt>
   <trkpt lat="-33.4570740" lon="151.0320630">
    <ele>12.0</ele>
    <time>2021-09-01T05:16:57Z</time>
    <extensions>
     <gpxtpx:TrackPointExtension>
      <gpxtpx:atemp>29</gpxtpx:atemp>
      <gpxtpx:hr>113</gpxtpx:hr>
     </gpxtpx:TrackPointExtension>
    </extensions>
   </trkpt>
   <trkpt lat="-33.4571530" lon="151.0319830">
    <ele>10.8</ele>
    <time>2021-09-01T05:17:00Z</time>
    <extensions>
     <gpxtpx:TrackPointExtension>
      <gpxtpx:atemp>29</gpxtpx:atemp>
      <gpxtpx:hr>113</gpxtpx:hr>
     </gpxtpx:TrackPointExtension>
    </extensions>
   </trkpt>
   <trkpt lat="-33.4571840" lon="151.0319560">
    <ele>10.6</ele>
    <time>2021-09-01T05:17:01Z</time>
    <extensions>
     <gpxtpx:TrackPointExtension>
      <gpxtpx:atemp>29</gpxtpx:atemp>
      <gpxtpx:hr>112</gpxtpx:hr>
     </gpxtpx:TrackPointExtension>
    </extensions>
   </trkpt>
   <trkpt lat="-33.4572050" lon="151.0319340">
    <ele>9.8</ele>
    <time>2021-09-01T05:17:02Z</time>
    <extensions>
     <gpxtpx:TrackPointExtension>
      <gpxtpx:atemp>29</gpxtpx:atemp>
      <gpxtpx:hr>111</gpxtpx:hr>
     </gpxtpx:TrackPointExtension>
    </extensions>
   </trkpt>
   <trkpt lat="-33.4572290" lon="151.0319170">
    <ele>8.8</ele>
    <time>2021-09-01T05:17:04Z</time>
    <extensions>
     <gpxtpx:TrackPointExtension>
      <gpxtpx:atemp>29</gpxtpx:atemp>
      <gpxtpx:hr>110</gpxtpx:hr>
     </gpxtpx:TrackPointExtension>
    </extensions>
   </trkpt>
   <trkpt lat="-33.4572450" lon="151.0319160">
    <ele>8.6</ele>
    <time>2021-09-01T05:17:05Z</time>
    <extensions>
     <gpxtpx:TrackPointExtension>
      <gpxtpx:atemp>29</gpxtpx:atemp>
      <gpxtpx:hr>111</gpxtpx:hr>
     </gpxtpx:TrackPointExtension>
    </extensions>
   </trkpt>
   <trkpt lat="-33.4572210" lon="151.0319340">
    <ele>8.2</ele>
    <time>2021-09-01T05:17:07Z</time>
    <extensions>
     <gpxtpx:TrackPointExtension>
      <gpxtpx:atemp>29</gpxtpx:atemp>
      <gpxtpx:hr>112</gpxtpx:hr>
     </gpxtpx:TrackPointExtension>
    </extensions>
   </trkpt>
   <trkpt lat="-33.4571890" lon="151.0319470">
    <ele>8.0</ele>
    <time>2021-09-01T05:17:09Z</time>
    <extensions>
     <gpxtpx:TrackPointExtension>
      <gpxtpx:atemp>29</gpxtpx:atemp>
      <gpxtpx:hr>112</gpxtpx:hr>
     </gpxtpx:TrackPointExtension>
    </extensions>
   </trkpt>
   <trkpt lat="-33.4571660" lon="151.0319270">
    <ele>8.0</ele>
    <time>2021-09-01T05:17:11Z</time>
    <extensions>
     <gpxtpx:TrackPointExtension>
      <gpxtpx:atemp>29</gpxtpx:atemp>
      <gpxtpx:hr>110</gpxtpx:hr>
     </gpxtpx:TrackPointExtension>
    </extensions>
   </trkpt>
   <trkpt lat="-33.4571670" lon="151.0318820">
    <ele>8.0</ele>
    <time>2021-09-01T05:17:13Z</time>
    <extensions>
     <gpxtpx:TrackPointExtension>
      <gpxtpx:atemp>29</gpxtpx:atemp>
      <gpxtpx:hr>109</gpxtpx:hr>
     </gpxtpx:TrackPointExtension>
    </extensions>
   </trkpt>
   <trkpt lat="-33.4571580" lon="151.0318450">
    <ele>7.8</ele>
    <time>2021-09-01T05:17:15Z</time>
    <extensions>
     <gpxtpx:TrackPointExtension>
      <gpxtpx:atemp>29</gpxtpx:atemp>
      <gpxtpx:hr>110</gpxtpx:hr>
     </gpxtpx:TrackPointExtension>
    </extensions>
   </trkpt>
   <trkpt lat="-33.4571330" lon="151.0318360">
    <ele>7.2</ele>
    <time>2021-09-01T05:17:17Z</time>
    <extensions>
     <gpxtpx:TrackPointExtension>
      <gpxtpx:atemp>29</gpxtpx:atemp>
      <gpxtpx:hr>112</gpxtpx:hr>
     </gpxtpx:TrackPointExtension>
    </extensions>
   </trkpt>
   <trkpt lat="-33.4571130" lon="151.0318180">
    <ele>6.6</ele>
    <time>2021-09-01T05:17:19Z</time>
    <extensions>
     <gpxtpx:TrackPointExtension>
      <gpxtpx:atemp>29</gpxtpx:atemp>
      <gpxtpx:hr>112</gpxtpx:hr>
     </gpxtpx:TrackPointExtension>
    </extensions>
   </trkpt>
   <trkpt lat="-33.4571020" lon="151.0317670">
    <ele>6.2</ele>
    <time>2021-09-01T05:17:21Z</time>
    <extensions>
     <gpxtpx:TrackPointExtension>
      <gpxtpx:atemp>29</gpxtpx:atemp>
      <gpxtpx:hr>111</gpxtpx:hr>
     </gpxtpx:TrackPointExtension>
    </extensions>
   </trkpt>
   <trkpt lat="-33.4570620" lon="151.0316810">
    <ele>4.8</ele>
    <time>2021-09-01T05:17:25Z</time>
    <extensions>
     <gpxtpx:TrackPointExtension>
      <gpxtpx:atemp>29</gpxtpx:atemp>
      <gpxtpx:hr>109</gpxtpx:hr>
     </gpxtpx:TrackPointExtension>
    </extensions>
   </trkpt>
   <trkpt lat="-33.4570570" lon="151.0316700">
    <ele>4.4</ele>
    <time>2021-09-01T05:17:26Z</time>
    <extensions>
     <gpxtpx:TrackPointExtension>
      <gpxtpx:atemp>29</gpxtpx:atemp>
      <gpxtpx:hr>109</gpxtpx:hr>
     </gpxtpx:TrackPointExtension>
    </extensions>
   </trkpt>
   <trkpt lat="-33.4570520" lon="151.0316510">
    <ele>3.8</ele>
    <time>2021-09-01T05:17:27Z</time>
    <extensions>
     <gpxtpx:TrackPointExtension>
      <gpxtpx:atemp>29</gpxtpx:atemp>
      <gpxtpx:hr>110</gpxtpx:hr>
     </gpxtpx:TrackPointExtension>
    </extensions>
   </trkpt>
   <trkpt lat="-33.4570620" lon="151.0316270">
    <ele>2.8</ele>
    <time>2021-09-01T05:17:30Z</time>
    <extensions>
     <gpxtpx:TrackPointExtension>
      <gpxtpx:atemp>29</gpxtpx:atemp>
      <gpxtpx:hr>111</gpxtpx:hr>
     </gpxtpx:TrackPointExtension>
    </extensions>
   </trkpt>
   <trkpt lat="-33.4570630" lon="151.0316040">
    <ele>2.6</ele>
    <time>2021-09-01T05:17:31Z</time>
    <extensions>
     <gpxtpx:TrackPointExtension>
      <gpxtpx:atemp>29</gpxtpx:atemp>
      <gpxtpx:hr>109</gpxtpx:hr>
     </gpxtpx:TrackPointExtension>
    </extensions>
   </trkpt>
   <trkpt lat="-33.4570810" lon="151.0315940">
    <ele>2.2</ele>
    <time>2021-09-01T05:17:38Z</time>
    <extensions>
     <gpxtpx:TrackPointExtension>
      <gpxtpx:atemp>29</gpxtpx:atemp>
      <gpxtpx:hr>109</gpxtpx:hr>
     </gpxtpx:TrackPointExtension>
    </extensions>
   </trkpt>
   <trkpt lat="-33.4570820" lon="151.0315950">
    <ele>2.0</ele>
    <time>2021-09-01T05:17:45Z</time>
    <extensions>
     <gpxtpx:TrackPointExtension>
      <gpxtpx:atemp>29</gpxtpx:atemp>
      <gpxtpx:hr>105</gpxtpx:hr>
     </gpxtpx:TrackPointExtension>
    </extensions>
   </trkpt>
   <trkpt lat="-33.4570820" lon="151.0315950">
    <ele>2.0</ele>
    <time>2021-09-01T05:17:46Z</time>
    <extensions>
     <gpxtpx:TrackPointExtension>
      <gpxtpx:atemp>29</gpxtpx:atemp>
      <gpxtpx:hr>108</gpxtpx:hr>
     </gpxtpx:TrackPointExtension>
    </extensions>
   </trkpt>
   <trkpt lat="-33.4570820" lon="151.0315950">
    <ele>2.0</ele>
    <time>2021-09-01T05:17:47Z</time>
    <extensions>
     <gpxtpx:TrackPointExtension>
      <gpxtpx:atemp>29</gpxtpx:atemp>
      <gpxtpx:hr>106</gpxtpx:hr>
     </gpxtpx:TrackPointExtension>
    </extensions>
   </trkpt>
   <trkpt lat="-33.4570820" lon="151.0315970">
    <ele>2.0</ele>
    <time>2021-09-01T05:17:50Z</time>
    <extensions>
     <gpxtpx:TrackPointExtension>
      <gpxtpx:atemp>29</gpxtpx:atemp>
      <gpxtpx:hr>110</gpxtpx:hr>
     </gpxtpx:TrackPointExtension>
    </extensions>
   </trkpt>
   <trkpt lat="-33.4570820" lon="151.0315980">
    <ele>2.0</ele>
    <time>2021-09-01T05:17:52Z</time>
    <extensions>
     <gpxtpx:TrackPointExtension>
      <gpxtpx:atemp>29</gpxtpx:atemp>
      <gpxtpx:hr>106</gpxtpx:hr>
     </gpxtpx:TrackPointExtension>
    </extensions>
   </trkpt>
   <trkpt lat="-33.4570810" lon="151.0315930">
    <ele>1.8</ele>
    <time>2021-09-01T05:17:57Z</time>
    <extensions>
     <gpxtpx:TrackPointExtension>
      <gpxtpx:atemp>29</gpxtpx:atemp>
      <gpxtpx:hr>102</gpxtpx:hr>
     </gpxtpx:TrackPointExtension>
    </extensions>
   </trkpt>
   <trkpt lat="-33.4570810" lon="151.0315910">
    <ele>2.0</ele>
    <time>2021-09-01T05:17:58Z</time>
    <extensions>
     <gpxtpx:TrackPointExtension>
      <gpxtpx:atemp>29</gpxtpx:atemp>
      <gpxtpx:hr>103</gpxtpx:hr>
     </gpxtpx:TrackPointExtension>
    </extensions>
   </trkpt>
   <trkpt lat="-33.4570930" lon="151.0316290">
    <ele>2.4</ele>
    <time>2021-09-01T05:18:05Z</time>
    <extensions>
     <gpxtpx:TrackPointExtension>
      <gpxtpx:atemp>29</gpxtpx:atemp>
      <gpxtpx:hr>103</gpxtpx:hr>
     </gpxtpx:TrackPointExtension>
    </extensions>
   </trkpt>
   <trkpt lat="-33.4570960" lon="151.0316410">
    <ele>2.4</ele>
    <time>2021-09-01T05:18:06Z</time>
    <extensions>
     <gpxtpx:TrackPointExtension>
      <gpxtpx:atemp>29</gpxtpx:atemp>
      <gpxtpx:hr>102</gpxtpx:hr>
     </gpxtpx:TrackPointExtension>
    </extensions>
   </trkpt>
   <trkpt lat="-33.4571110" lon="151.0316730">
    <ele>2.8</ele>
    <time>2021-09-01T05:18:08Z</time>
    <extensions>
     <gpxtpx:TrackPointExtension>
      <gpxtpx:atemp>30</gpxtpx:atemp>
      <gpxtpx:hr>102</gpxtpx:hr>
     </gpxtpx:TrackPointExtension>
    </extensions>
   </trkpt>
   <trkpt lat="-33.4571430" lon="151.0317270">
    <ele>4.2</ele>
    <time>2021-09-01T05:18:11Z</time>
    <extensions>
     <gpxtpx:TrackPointExtension>
      <gpxtpx:atemp>30</gpxtpx:atemp>
      <gpxtpx:hr>102</gpxtpx:hr>
     </gpxtpx:TrackPointExtension>
    </extensions>
   </trkpt>
   <trkpt lat="-33.4571660" lon="151.0317760">
    <ele>5.4</ele>
    <time>2021-09-01T05:18:14Z</time>
    <extensions>
     <gpxtpx:TrackPointExtension>
      <gpxtpx:atemp>30</gpxtpx:atemp>
      <gpxtpx:hr>103</gpxtpx:hr>
     </gpxtpx:TrackPointExtension>
    </extensions>
   </trkpt>
   <trkpt lat="-33.4571720" lon="151.0317870">
    <ele>5.8</ele>
    <time>2021-09-01T05:18:16Z</time>
    <extensions>
     <gpxtpx:TrackPointExtension>
      <gpxtpx:atemp>30</gpxtpx:atemp>
      <gpxtpx:hr>104</gpxtpx:hr>
     </gpxtpx:TrackPointExtension>
    </extensions>
   </trkpt>
   <trkpt lat="-33.4571510" lon="151.0318090">
    <ele>6.2</ele>
    <time>2021-09-01T05:18:22Z</time>
    <extensions>
     <gpxtpx:TrackPointExtension>
      <gpxtpx:atemp>30</gpxtpx:atemp>
      <gpxtpx:hr>103</gpxtpx:hr>
     </gpxtpx:TrackPointExtension>
    </extensions>
   </trkpt>
   <trkpt lat="-33.4571480" lon="151.0318120">
    <ele>6.2</ele>
    <time>2021-09-01T05:18:23Z</time>
    <extensions>
     <gpxtpx:TrackPointExtension>
      <gpxtpx:atemp>30</gpxtpx:atemp>
      <gpxtpx:hr>100</gpxtpx:hr>
     </gpxtpx:TrackPointExtension>
    </extensions>
   </trkpt>
   <trkpt lat="-33.4571660" lon="151.0318050">
    <ele>6.2</ele>
    <time>2021-09-01T05:18:31Z</time>
    <extensions>
     <gpxtpx:TrackPointExtension>
      <gpxtpx:atemp>30</gpxtpx:atemp>
      <gpxtpx:hr>102</gpxtpx:hr>
     </gpxtpx:TrackPointExtension>
    </extensions>
   </trkpt>
   <trkpt lat="-33.4571680" lon="151.0318030">
    <ele>5.8</ele>
    <time>2021-09-01T05:18:41Z</time>
    <extensions>
     <gpxtpx:TrackPointExtension>
      <gpxtpx:atemp>30</gpxtpx:atemp>
      <gpxtpx:hr>98</gpxtpx:hr>
     </gpxtpx:TrackPointExtension>
    </extensions>
   </trkpt>
   <trkpt lat="-33.4571670" lon="151.0318040">
    <ele>5.6</ele>
    <time>2021-09-01T05:18:47Z</time>
    <extensions>
     <gpxtpx:TrackPointExtension>
      <gpxtpx:atemp>30</gpxtpx:atemp>
      <gpxtpx:hr>98</gpxtpx:hr>
     </gpxtpx:TrackPointExtension>
    </extensions>
   </trkpt>
   <trkpt lat="-33.4571670" lon="151.0318100">
    <ele>5.8</ele>
    <time>2021-09-01T05:18:54Z</time>
    <extensions>
     <gpxtpx:TrackPointExtension>
      <gpxtpx:atemp>30</gpxtpx:atemp>
      <gpxtpx:hr>97</gpxtpx:hr>
     </gpxtpx:TrackPointExtension>
    </extensions>
   </trkpt>
   <trkpt lat="-33.4571670" lon="151.0318100">
    <ele>5.8</ele>
    <time>2021-09-01T05:18:55Z</time>
    <extensions>
     <gpxtpx:TrackPointExtension>
      <gpxtpx:atemp>30</gpxtpx:atemp>
      <gpxtpx:hr>94</gpxtpx:hr>
     </gpxtpx:TrackPointExtension>
    </extensions>
   </trkpt>
   <trkpt lat="-33.4571650" lon="151.0318090">
    <ele>5.8</ele>
    <time>2021-09-01T05:18:58Z</time>
    <extensions>
     <gpxtpx:TrackPointExtension>
      <gpxtpx:atemp>30</gpxtpx:atemp>
      <gpxtpx:hr>91</gpxtpx:hr>
     </gpxtpx:TrackPointExtension>
    </extensions>
   </trkpt>
   <trkpt lat="-33.4571610" lon="151.0318080">
    <ele>5.6</ele>
    <time>2021-09-01T05:19:03Z</time>
    <extensions>
     <gpxtpx:TrackPointExtension>
      <gpxtpx:atemp>30</gpxtpx:atemp>
      <gpxtpx:hr>94</gpxtpx:hr>
     </gpxtpx:TrackPointExtension>
    </extensions>
   </trkpt>
   <trkpt lat="-33.4571600" lon="151.0318080">
    <ele>5.6</ele>
    <time>2021-09-01T05:19:04Z</time>
    <extensions>
     <gpxtpx:TrackPointExtension>
      <gpxtpx:atemp>30</gpxtpx:atemp>
      <gpxtpx:hr>95</gpxtpx:hr>
     </gpxtpx:TrackPointExtension>
    </extensions>
   </trkpt>
   <trkpt lat="-33.4571640" lon="151.0318060">
    <ele>5.6</ele>
    <time>2021-09-01T05:19:07Z</time>
    <extensions>
     <gpxtpx:TrackPointExtension>
      <gpxtpx:atemp>30</gpxtpx:atemp>
      <gpxtpx:hr>91</gpxtpx:hr>
     </gpxtpx:TrackPointExtension>
    </extensions>
   </trkpt>
   <trkpt lat="-33.4571630" lon="151.0318070">
    <ele>5.6</ele>
    <time>2021-09-01T05:19:09Z</time>
    <extensions>
     <gpxtpx:TrackPointExtension>
      <gpxtpx:atemp>30</gpxtpx:atemp>
      <gpxtpx:hr>94</gpxtpx:hr>
     </gpxtpx:TrackPointExtension>
    </extensions>
   </trkpt>
   <trkpt lat="-33.4571620" lon="151.0318080">
    <ele>5.6</ele>
    <time>2021-09-01T05:19:12Z</time>
    <extensions>
     <gpxtpx:TrackPointExtension>
      <gpxtpx:atemp>30</gpxtpx:atemp>
      <gpxtpx:hr>95</gpxtpx:hr>
     </gpxtpx:TrackPointExtension>
    </extensions>
   </trkpt>
   <trkpt lat="-33.4571620" lon="151.0318090">
    <ele>5.6</ele>
    <time>2021-09-01T05:19:16Z</time>
    <extensions>
     <gpxtpx:TrackPointExtension>
      <gpxtpx:atemp>30</gpxtpx:atemp>
      <gpxtpx:hr>92</gpxtpx:hr>
     </gpxtpx:TrackPointExtension>
    </extensions>
   </trkpt>
   <trkpt lat="-33.4571740" lon="151.0318050">
    <ele>5.6</ele>
    <time>2021-09-01T05:19:18Z</time>
    <extensions>
     <gpxtpx:TrackPointExtension>
      <gpxtpx:atemp>30</gpxtpx:atemp>
      <gpxtpx:hr>95</gpxtpx:hr>
     </gpxtpx:TrackPointExtension>
    </extensions>
   </trkpt>
   <trkpt lat="-33.4572010" lon="151.0318140">
    <ele>5.6</ele>
    <time>2021-09-01T05:19:20Z</time>
    <extensions>
     <gpxtpx:TrackPointExtension>
      <gpxtpx:atemp>30</gpxtpx:atemp>
      <gpxtpx:hr>92</gpxtpx:hr>
     </gpxtpx:TrackPointExtension>
    </extensions>
   </trkpt>
   <trkpt lat="-33.4572510" lon="151.0319130">
    <ele>6.6</ele>
    <time>2021-09-01T05:19:25Z</time>
    <extensions>
     <gpxtpx:TrackPointExtension>
      <gpxtpx:atemp>30</gpxtpx:atemp>
      <gpxtpx:hr>91</gpxtpx:hr>
     </gpxtpx:TrackPointExtension>
    </extensions>
   </trkpt>
   <trkpt lat="-33.4572780" lon="151.0318880">
    <ele>7.0</ele>
    <time>2021-09-01T05:19:28Z</time>
    <extensions>
     <gpxtpx:TrackPointExtension>
      <gpxtpx:atemp>30</gpxtpx:atemp>
      <gpxtpx:hr>91</gpxtpx:hr>
     </gpxtpx:TrackPointExtension>
    </extensions>
   </trkpt>
   <trkpt lat="-33.4574110" lon="151.0318420">
    <ele>6.4</ele>
    <time>2021-09-01T05:19:33Z</time>
    <extensions>
     <gpxtpx:TrackPointExtension>
      <gpxtpx:atemp>30</gpxtpx:atemp>
      <gpxtpx:hr>94</gpxtpx:hr>
     </gpxtpx:TrackPointExtension>
    </extensions>
   </trkpt>
   <trkpt lat="-33.4574870" lon="151.0318170">
    <ele>5.6</ele>
    <time>2021-09-01T05:19:36Z</time>
    <extensions>
     <gpxtpx:TrackPointExtension>
      <gpxtpx:atemp>30</gpxtpx:atemp>
      <gpxtpx:hr>98</gpxtpx:hr>
     </gpxtpx:TrackPointExtension>
    </extensions>
   </trkpt>
   <trkpt lat="-33.4575100" lon="151.0318150">
    <ele>5.4</ele>
    <time>2021-09-01T05:19:37Z</time>
    <extensions>
     <gpxtpx:TrackPointExtension>
      <gpxtpx:atemp>30</gpxtpx:atemp>
      <gpxtpx:hr>103</gpxtpx:hr>
     </gpxtpx:TrackPointExtension>
    </extensions>
   </trkpt>
   <trkpt lat="-33.4575670" lon="151.0318110">
    <ele>5.4</ele>
    <time>2021-09-01T05:19:39Z</time>
    <extensions>
     <gpxtpx:TrackPointExtension>
      <gpxtpx:atemp>30</gpxtpx:atemp>
      <gpxtpx:hr>106</gpxtpx:hr>
     </gpxtpx:TrackPointExtension>
    </extensions>
   </trkpt>
   <trkpt lat="-33.4576920" lon="151.0318390">
    <ele>6.0</ele>
    <time>2021-09-01T05:19:44Z</time>
    <extensions>
     <gpxtpx:TrackPointExtension>
      <gpxtpx:atemp>30</gpxtpx:atemp>
      <gpxtpx:hr>107</gpxtpx:hr>
     </gpxtpx:TrackPointExtension>
    </extensions>
   </trkpt>
   <trkpt lat="-33.4577170" lon="151.0318450">
    <ele>6.0</ele>
    <time>2021-09-01T05:19:45Z</time>
    <extensions>
     <gpxtpx:TrackPointExtension>
      <gpxtpx:atemp>30</gpxtpx:atemp>
      <gpxtpx:hr>105</gpxtpx:hr>
     </gpxtpx:TrackPointExtension>
    </extensions>
   </trkpt>
   <trkpt lat="-33.4577300" lon="151.0318770">
    <ele>6.6</ele>
    <time>2021-09-01T05:19:48Z</time>
    <extensions>
     <gpxtpx:TrackPointExtension>
      <gpxtpx:atemp>30</gpxtpx:atemp>
      <gpxtpx:hr>105</gpxtpx:hr>
     </gpxtpx:TrackPointExtension>
    </extensions>
   </trkpt>
   <trkpt lat="-33.4577190" lon="151.0318800">
    <ele>6.6</ele>
    <time>2021-09-01T05:19:49Z</time>
    <extensions>
     <gpxtpx:TrackPointExtension>
      <gpxtpx:atemp>30</gpxtpx:atemp>
      <gpxtpx:hr>105</gpxtpx:hr>
     </gpxtpx:TrackPointExtension>
    </extensions>
   </trkpt>
   <trkpt lat="-33.4576830" lon="151.0318390">
    <ele>6.6</ele>
    <time>2021-09-01T05:19:52Z</time>
    <extensions>
     <gpxtpx:TrackPointExtension>
      <gpxtpx:atemp>30</gpxtpx:atemp>
      <gpxtpx:hr>106</gpxtpx:hr>
     </gpxtpx:TrackPointExtension>
    </extensions>
   </trkpt>
   <trkpt lat="-33.4576870" lon="151.0318260">
    <ele>6.6</ele>
    <time>2021-09-01T05:19:53Z</time>
    <extensions>
     <gpxtpx:TrackPointExtension>
      <gpxtpx:atemp>30</gpxtpx:atemp>
      <gpxtpx:hr>107</gpxtpx:hr>
     </gpxtpx:TrackPointExtension>
    </extensions>
   </trkpt>
   <trkpt lat="-33.4577330" lon="151.0317350">
    <ele>5.2</ele>
    <time>2021-09-01T05:19:57Z</time>
    <extensions>
     <gpxtpx:TrackPointExtension>
      <gpxtpx:atemp>30</gpxtpx:atemp>
      <gpxtpx:hr>107</gpxtpx:hr>
     </gpxtpx:TrackPointExtension>
    </extensions>
   </trkpt>
   <trkpt lat="-33.4577320" lon="151.0316990">
    <ele>4.0</ele>
    <time>2021-09-01T05:19:59Z</time>
    <extensions>
     <gpxtpx:TrackPointExtension>
      <gpxtpx:atemp>30</gpxtpx:atemp>
      <gpxtpx:hr>107</gpxtpx:hr>
     </gpxtpx:TrackPointExtension>
    </extensions>
   </trkpt>
   <trkpt lat="-33.4577180" lon="151.0316570">
    <ele>2.6</ele>
    <time>2021-09-01T05:20:02Z</time>
    <extensions>
     <gpxtpx:TrackPointExtension>
      <gpxtpx:atemp>30</gpxtpx:atemp>
      <gpxtpx:hr>106</gpxtpx:hr>
     </gpxtpx:TrackPointExtension>
    </extensions>
   </trkpt>
   <trkpt lat="-33.4577090" lon="151.0316490">
    <ele>2.2</ele>
    <time>2021-09-01T05:20:03Z</time>
    <extensions>
     <gpxtpx:TrackPointExtension>
      <gpxtpx:atemp>30</gpxtpx:atemp>
      <gpxtpx:hr>106</gpxtpx:hr>
     </gpxtpx:TrackPointExtension>
    </extensions>
   </trkpt>
   <trkpt lat="-33.4576860" lon="151.0316390">
    <ele>1.0</ele>
    <time>2021-09-01T05:20:05Z</time>
    <extensions>
     <gpxtpx:TrackPointExtension>
      <gpxtpx:atemp>30</gpxtpx:atemp>
      <gpxtpx:hr>106</gpxtpx:hr>
     </gpxtpx:TrackPointExtension>
    </extensions>
   </trkpt>
   <trkpt lat="-33.4576800" lon="151.0316370">
    <ele>0.6</ele>
    <time>2021-09-01T05:20:06Z</time>
    <extensions>
     <gpxtpx:TrackPointExtension>
      <gpxtpx:atemp>30</gpxtpx:atemp>
      <gpxtpx:hr>107</gpxtpx:hr>
     </gpxtpx:TrackPointExtension>
    </extensions>
   </trkpt>
   <trkpt lat="-33.4576670" lon="151.0316420">
    <ele>0.4</ele>
    <time>2021-09-01T05:20:07Z</time>
    <extensions>
     <gpxtpx:TrackPointExtension>
      <gpxtpx:atemp>30</gpxtpx:atemp>
      <gpxtpx:hr>107</gpxtpx:hr>
     </gpxtpx:TrackPointExtension>
    </extensions>
   </trkpt>
   <trkpt lat="-33.4576300" lon="151.0316640">
    <ele>0.4</ele>
    <time>2021-09-01T05:20:10Z</time>
    <extensions>
     <gpxtpx:TrackPointExtension>
      <gpxtpx:atemp>30</gpxtpx:atemp>
      <gpxtpx:hr>109</gpxtpx:hr>
     </gpxtpx:TrackPointExtension>
    </extensions>
   </trkpt>
   <trkpt lat="-33.4576000" lon="151.0316600">
    <ele>0.4</ele>
    <time>2021-09-01T05:20:12Z</time>
    <extensions>
     <gpxtpx:TrackPointExtension>
      <gpxtpx:atemp>30</gpxtpx:atemp>
      <gpxtpx:hr>109</gpxtpx:hr>
     </gpxtpx:TrackPointExtension>
    </extensions>
   </trkpt>
   <trkpt lat="-33.4575570" lon="151.0316570">
    <ele>-0.2</ele>
    <time>2021-09-01T05:20:14Z</time>
    <extensions>
     <gpxtpx:TrackPointExtension>
      <gpxtpx:atemp>30</gpxtpx:atemp>
      <gpxtpx:hr>109</gpxtpx:hr>
     </gpxtpx:TrackPointExtension>
    </extensions>
   </trkpt>
   <trkpt lat="-33.4575430" lon="151.0316530">
    <ele>-0.6</ele>
    <time>2021-09-01T05:20:15Z</time>
    <extensions>
     <gpxtpx:TrackPointExtension>
      <gpxtpx:atemp>30</gpxtpx:atemp>
      <gpxtpx:hr>110</gpxtpx:hr>
     </gpxtpx:TrackPointExtension>
    </extensions>
   </trkpt>
   <trkpt lat="-33.4575390" lon="151.0316400">
    <ele>-0.8</ele>
    <time>2021-09-01T05:20:16Z</time>
    <extensions>
     <gpxtpx:TrackPointExtension>
      <gpxtpx:atemp>30</gpxtpx:atemp>
      <gpxtpx:hr>109</gpxtpx:hr>
     </gpxtpx:TrackPointExtension>
    </extensions>
   </trkpt>
   <trkpt lat="-33.4575390" lon="151.0316160">
    <ele>-1.2</ele>
    <time>2021-09-01T05:20:17Z</time>
    <extensions>
     <gpxtpx:TrackPointExtension>
      <gpxtpx:atemp>30</gpxtpx:atemp>
      <gpxtpx:hr>110</gpxtpx:hr>
     </gpxtpx:TrackPointExtension>
    </extensions>
   </trkpt>
   <trkpt lat="-33.4575300" lon="151.0315180">
    <ele>-2.6</ele>
    <time>2021-09-01T05:20:20Z</time>
    <extensions>
     <gpxtpx:TrackPointExtension>
      <gpxtpx:atemp>30</gpxtpx:atemp>
      <gpxtpx:hr>108</gpxtpx:hr>
     </gpxtpx:TrackPointExtension>
    </extensions>
   </trkpt>
   <trkpt lat="-33.4575400" lon="151.0314900">
    <ele>-3.6</ele>
    <time>2021-09-01T05:20:21Z</time>
    <extensions>
     <gpxtpx:TrackPointExtension>
      <gpxtpx:atemp>30</gpxtpx:atemp>
      <gpxtpx:hr>107</gpxtpx:hr>
     </gpxtpx:TrackPointExtension>
    </extensions>
   </trkpt>
   <trkpt lat="-33.4575600" lon="151.0314720">
    <ele>-4.0</ele>
    <time>2021-09-01T05:20:22Z</time>
    <extensions>
     <gpxtpx:TrackPointExtension>
      <gpxtpx:atemp>30</gpxtpx:atemp>
      <gpxtpx:hr>110</gpxtpx:hr>
     </gpxtpx:TrackPointExtension>
    </extensions>
   </trkpt>
   <trkpt lat="-33.4575780" lon="151.0314650">
    <ele>-4.4</ele>
    <time>2021-09-01T05:20:23Z</time>
    <extensions>
     <gpxtpx:TrackPointExtension>
      <gpxtpx:atemp>30</gpxtpx:atemp>
      <gpxtpx:hr>109</gpxtpx:hr>
     </gpxtpx:TrackPointExtension>
    </extensions>
   </trkpt>
   <trkpt lat="-33.4576980" lon="151.0314780">
    <ele>-4.4</ele>
    <time>2021-09-01T05:20:27Z</time>
    <extensions>
     <gpxtpx:TrackPointExtension>
      <gpxtpx:atemp>30</gpxtpx:atemp>
      <gpxtpx:hr>109</gpxtpx:hr>
     </gpxtpx:TrackPointExtension>
    </extensions>
   </trkpt>
   <trkpt lat="-33.4577800" lon="151.0314710">
    <ele>-3.8</ele>
    <time>2021-09-01T05:20:30Z</time>
    <extensions>
     <gpxtpx:TrackPointExtension>
      <gpxtpx:atemp>30</gpxtpx:atemp>
      <gpxtpx:hr>108</gpxtpx:hr>
     </gpxtpx:TrackPointExtension>
    </extensions>
   </trkpt>
   <trkpt lat="-33.4578250" lon="151.0315050">
    <ele>-3.6</ele>
    <time>2021-09-01T05:20:32Z</time>
    <extensions>
     <gpxtpx:TrackPointExtension>
      <gpxtpx:atemp>30</gpxtpx:atemp>
      <gpxtpx:hr>108</gpxtpx:hr>
     </gpxtpx:TrackPointExtension>
    </extensions>
   </trkpt>
   <trkpt lat="-33.4578750" lon="151.0315210">
    <ele>-3.4</ele>
    <time>2021-09-01T05:20:34Z</time>
    <extensions>
     <gpxtpx:TrackPointExtension>
      <gpxtpx:atemp>30</gpxtpx:atemp>
      <gpxtpx:hr>111</gpxtpx:hr>
     </gpxtpx:TrackPointExtension>
    </extensions>
   </trkpt>
   <trkpt lat="-33.4579010" lon="151.0315400">
    <ele>-3.4</ele>
    <time>2021-09-01T05:20:35Z</time>
    <extensions>
     <gpxtpx:TrackPointExtension>
      <gpxtpx:atemp>30</gpxtpx:atemp>
      <gpxtpx:hr>112</gpxtpx:hr>
     </gpxtpx:TrackPointExtension>
    </extensions>
   </trkpt>
   <trkpt lat="-33.4579530" lon="151.0315710">
    <ele>-3.6</ele>
    <time>2021-09-01T05:20:37Z</time>
    <extensions>
     <gpxtpx:TrackPointExtension>
      <gpxtpx:atemp>30</gpxtpx:atemp>
      <gpxtpx:hr>112</gpxtpx:hr>
     </gpxtpx:TrackPointExtension>
    </extensions>
   </trkpt>
   <trkpt lat="-33.4579700" lon="151.0316070">
    <ele>-3.6</ele>
    <time>2021-09-01T05:20:39Z</time>
    <extensions>
     <gpxtpx:TrackPointExtension>
      <gpxtpx:atemp>30</gpxtpx:atemp>
      <gpxtpx:hr>111</gpxtpx:hr>
     </gpxtpx:TrackPointExtension>
    </extensions>
   </trkpt>
   <trkpt lat="-33.4579700" lon="151.0316600">
    <ele>-3.6</ele>
    <time>2021-09-01T05:20:41Z</time>
    <extensions>
     <gpxtpx:TrackPointExtension>
      <gpxtpx:atemp>30</gpxtpx:atemp>
      <gpxtpx:hr>110</gpxtpx:hr>
     </gpxtpx:TrackPointExtension>
    </extensions>
   </trkpt>
   <trkpt lat="-33.4580260" lon="151.0317480">
    <ele>-3.0</ele>
    <time>2021-09-01T05:20:46Z</time>
    <extensions>
     <gpxtpx:TrackPointExtension>
      <gpxtpx:atemp>30</gpxtpx:atemp>
      <gpxtpx:hr>111</gpxtpx:hr>
     </gpxtpx:TrackPointExtension>
    </extensions>
   </trkpt>
   <trkpt lat="-33.4580660" lon="151.0318290">
    <ele>-3.6</ele>
    <time>2021-09-01T05:20:50Z</time>
    <extensions>
     <gpxtpx:TrackPointExtension>
      <gpxtpx:atemp>30</gpxtpx:atemp>
      <gpxtpx:hr>114</gpxtpx:hr>
     </gpxtpx:TrackPointExtension>
    </extensions>
   </trkpt>
   <trkpt lat="-33.4580970" lon="151.0318950">
    <ele>-3.8</ele>
    <time>2021-09-01T05:20:53Z</time>
    <extensions>
     <gpxtpx:TrackPointExtension>
      <gpxtpx:atemp>30</gpxtpx:atemp>
      <gpxtpx:hr>117</gpxtpx:hr>
     </gpxtpx:TrackPointExtension>
    </extensions>
   </trkpt>
   <trkpt lat="-33.4580860" lon="151.0320200">
    <ele>-3.0</ele>
    <time>2021-09-01T05:20:58Z</time>
    <extensions>
     <gpxtpx:TrackPointExtension>
      <gpxtpx:atemp>30</gpxtpx:atemp>
      <gpxtpx:hr>117</gpxtpx:hr>
     </gpxtpx:TrackPointExtension>
    </extensions>
   </trkpt>
   <trkpt lat="-33.4580890" lon="151.0320660">
    <ele>-2.6</ele>
    <time>2021-09-01T05:21:02Z</time>
    <extensions>
     <gpxtpx:TrackPointExtension>
      <gpxtpx:atemp>30</gpxtpx:atemp>
      <gpxtpx:hr>114</gpxtpx:hr>
     </gpxtpx:TrackPointExtension>
    </extensions>
   </trkpt>
   <trkpt lat="-33.4581040" lon="151.0321220">
    <ele>-2.6</ele>
    <time>2021-09-01T05:21:05Z</time>
    <extensions>
     <gpxtpx:TrackPointExtension>
      <gpxtpx:atemp>30</gpxtpx:atemp>
      <gpxtpx:hr>116</gpxtpx:hr>
     </gpxtpx:TrackPointExtension>
    </extensions>
   </trkpt>
   <trkpt lat="-33.4581040" lon="151.0321330">
    <ele>-2.8</ele>
    <time>2021-09-01T05:21:07Z</time>
    <extensions>
     <gpxtpx:TrackPointExtension>
      <gpxtpx:atemp>30</gpxtpx:atemp>
      <gpxtpx:hr>111</gpxtpx:hr>
     </gpxtpx:TrackPointExtension>
    </extensions>
   </trkpt>
   <trkpt lat="-33.4581050" lon="151.0321340">
    <ele>-2.8</ele>
    <time>2021-09-01T05:21:13Z</time>
    <extensions>
     <gpxtpx:TrackPointExtension>
      <gpxtpx:atemp>30</gpxtpx:atemp>
      <gpxtpx:hr>109</gpxtpx:hr>
     </gpxtpx:TrackPointExtension>
    </extensions>
   </trkpt>
   <trkpt lat="-33.4581060" lon="151.0321360">
    <ele>-2.8</ele>
    <time>2021-09-01T05:21:16Z</time>
    <extensions>
     <gpxtpx:TrackPointExtension>
      <gpxtpx:atemp>30</gpxtpx:atemp>
      <gpxtpx:hr>112</gpxtpx:hr>
     </gpxtpx:TrackPointExtension>
    </extensions>
   </trkpt>
   <trkpt lat="-33.4581020" lon="151.0321390">
    <ele>-3.0</ele>
    <time>2021-09-01T05:21:28Z</time>
    <extensions>
     <gpxtpx:TrackPointExtension>
      <gpxtpx:atemp>30</gpxtpx:atemp>
      <gpxtpx:hr>112</gpxtpx:hr>
     </gpxtpx:TrackPointExtension>
    </extensions>
   </trkpt>
   <trkpt lat="-33.4581000" lon="151.0321390">
    <ele>-3.0</ele>
    <time>2021-09-01T05:21:35Z</time>
    <extensions>
     <gpxtpx:TrackPointExtension>
      <gpxtpx:atemp>30</gpxtpx:atemp>
      <gpxtpx:hr>108</gpxtpx:hr>
     </gpxtpx:TrackPointExtension>
    </extensions>
   </trkpt>
   <trkpt lat="-33.4580990" lon="151.0321450">
    <ele>-3.2</ele>
    <time>2021-09-01T05:21:39Z</time>
    <extensions>
     <gpxtpx:TrackPointExtension>
      <gpxtpx:atemp>30</gpxtpx:atemp>
      <gpxtpx:hr>112</gpxtpx:hr>
     </gpxtpx:TrackPointExtension>
    </extensions>
   </trkpt>
   <trkpt lat="-33.4580990" lon="151.0321480">
    <ele>-3.2</ele>
    <time>2021-09-01T05:21:42Z</time>
    <extensions>
     <gpxtpx:TrackPointExtension>
      <gpxtpx:atemp>30</gpxtpx:atemp>
      <gpxtpx:hr>116</gpxtpx:hr>
     </gpxtpx:TrackPointExtension>
    </extensions>
   </trkpt>
   <trkpt lat="-33.4581030" lon="151.0321560">
    <ele>-3.4</ele>
    <time>2021-09-01T05:21:46Z</time>
    <extensions>
     <gpxtpx:TrackPointExtension>
      <gpxtpx:atemp>30</gpxtpx:atemp>
      <gpxtpx:hr>118</gpxtpx:hr>
     </gpxtpx:TrackPointExtension>
    </extensions>
   </trkpt>
   <trkpt lat="-33.4581510" lon="151.0321740">
    <ele>-3.2</ele>
    <time>2021-09-01T05:21:54Z</time>
    <extensions>
     <gpxtpx:TrackPointExtension>
      <gpxtpx:atemp>30</gpxtpx:atemp>
      <gpxtpx:hr>117</gpxtpx:hr>
     </gpxtpx:TrackPointExtension>
    </extensions>
   </trkpt>
   <trkpt lat="-33.4581470" lon="151.0321680">
    <ele>-3.0</ele>
    <time>2021-09-01T05:22:02Z</time>
    <extensions>
     <gpxtpx:TrackPointExtension>
      <gpxtpx:atemp>30</gpxtpx:atemp>
      <gpxtpx:hr>117</gpxtpx:hr>
     </gpxtpx:TrackPointExtension>
    </extensions>
   </trkpt>
   <trkpt lat="-33.4581460" lon="151.0321740">
    <ele>-3.0</ele>
    <time>2021-09-01T05:22:04Z</time>
    <extensions>
     <gpxtpx:TrackPointExtension>
      <gpxtpx:atemp>30</gpxtpx:atemp>
      <gpxtpx:hr>116</gpxtpx:hr>
     </gpxtpx:TrackPointExtension>
    </extensions>
   </trkpt>
   <trkpt lat="-33.4581640" lon="151.0322280">
    <ele>-3.6</ele>
    <time>2021-09-01T05:22:07Z</time>
    <extensions>
     <gpxtpx:TrackPointExtension>
      <gpxtpx:atemp>30</gpxtpx:atemp>
      <gpxtpx:hr>114</gpxtpx:hr>
     </gpxtpx:TrackPointExtension>
    </extensions>
   </trkpt>
   <trkpt lat="-33.4581880" lon="151.0322590">
    <ele>-4.8</ele>
    <time>2021-09-01T05:22:10Z</time>
    <extensions>
     <gpxtpx:TrackPointExtension>
      <gpxtpx:atemp>30</gpxtpx:atemp>
      <gpxtpx:hr>113</gpxtpx:hr>
     </gpxtpx:TrackPointExtension>
    </extensions>
   </trkpt>
   <trkpt lat="-33.4582020" lon="151.0322730">
    <ele>-5.8</ele>
    <time>2021-09-01T05:22:12Z</time>
    <extensions>
     <gpxtpx:TrackPointExtension>
      <gpxtpx:atemp>30</gpxtpx:atemp>
      <gpxtpx:hr>113</gpxtpx:hr>
     </gpxtpx:TrackPointExtension>
    </extensions>
   </trkpt>
   <trkpt lat="-33.4582130" lon="151.0322940">
    <ele>-6.6</ele>
    <time>2021-09-01T05:22:16Z</time>
    <extensions>
     <gpxtpx:TrackPointExtension>
      <gpxtpx:atemp>30</gpxtpx:atemp>
      <gpxtpx:hr>116</gpxtpx:hr>
     </gpxtpx:TrackPointExtension>
    </extensions>
   </trkpt>
   <trkpt lat="-33.4582240" lon="151.0323060">
    <ele>-6.8</ele>
    <time>2021-09-01T05:22:17Z</time>
    <extensions>
     <gpxtpx:TrackPointExtension>
      <gpxtpx:atemp>30</gpxtpx:atemp>
      <gpxtpx:hr>115</gpxtpx:hr>
     </gpxtpx:TrackPointExtension>
    </extensions>
   </trkpt>
   <trkpt lat="-33.4582800" lon="151.0323380">
    <ele>-7.8</ele>
    <time>2021-09-01T05:22:20Z</time>
    <extensions>
     <gpxtpx:TrackPointExtension>
      <gpxtpx:atemp>30</gpxtpx:atemp>
      <gpxtpx:hr>117</gpxtpx:hr>
     </gpxtpx:TrackPointExtension>
    </extensions>
   </trkpt>
   <trkpt lat="-33.4583000" lon="151.0323490">
    <ele>-8.6</ele>
    <time>2021-09-01T05:22:21Z</time>
    <extensions>
     <gpxtpx:TrackPointExtension>
      <gpxtpx:atemp>30</gpxtpx:atemp>
      <gpxtpx:hr>117</gpxtpx:hr>
     </gpxtpx:TrackPointExtension>
    </extensions>
   </trkpt>
   <trkpt lat="-33.4583210" lon="151.0323640">
    <ele>-9.2</ele>
    <time>2021-09-01T05:22:22Z</time>
    <extensions>
     <gpxtpx:TrackPointExtension>
      <gpxtpx:atemp>30</gpxtpx:atemp>
      <gpxtpx:hr>118</gpxtpx:hr>
     </gpxtpx:TrackPointExtension>
    </extensions>
   </trkpt>
   <trkpt lat="-33.4583640" lon="151.0323830">
    <ele>-10.2</ele>
    <time>2021-09-01T05:22:24Z</time>
    <extensions>
     <gpxtpx:TrackPointExtension>
      <gpxtpx:atemp>30</gpxtpx:atemp>
      <gpxtpx:hr>118</gpxtpx:hr>
     </gpxtpx:TrackPointExtension>
    </extensions>
   </trkpt>
   <trkpt lat="-33.4584180" lon="151.0323980">
    <ele>-11.4</ele>
    <time>2021-09-01T05:22:26Z</time>
    <extensions>
     <gpxtpx:TrackPointExtension>
      <gpxtpx:atemp>30</gpxtpx:atemp>
      <gpxtpx:hr>119</gpxtpx:hr>
     </gpxtpx:TrackPointExtension>
    </extensions>
   </trkpt>
   <trkpt lat="-33.4584760" lon="151.0324380">
    <ele>-12.2</ele>
    <time>2021-09-01T05:22:28Z</time>
    <extensions>
     <gpxtpx:TrackPointExtension>
      <gpxtpx:atemp>30</gpxtpx:atemp>
      <gpxtpx:hr>118</gpxtpx:hr>
     </gpxtpx:TrackPointExtension>
    </extensions>
   </trkpt>
   <trkpt lat="-33.4584850" lon="151.0324760">
    <ele>-12.6</ele>
    <time>2021-09-01T05:22:29Z</time>
    <extensions>
     <gpxtpx:TrackPointExtension>
      <gpxtpx:atemp>30</gpxtpx:atemp>
      <gpxtpx:hr>119</gpxtpx:hr>
     </gpxtpx:TrackPointExtension>
    </extensions>
   </trkpt>
   <trkpt lat="-33.4584850" lon="151.0325270">
    <ele>-12.8</ele>
    <time>2021-09-01T05:22:30Z</time>
    <extensions>
     <gpxtpx:TrackPointExtension>
      <gpxtpx:atemp>30</gpxtpx:atemp>
      <gpxtpx:hr>119</gpxtpx:hr>
     </gpxtpx:TrackPointExtension>
    </extensions>
   </trkpt>
   <trkpt lat="-33.4584570" lon="151.0326820">
    <ele>-12.8</ele>
    <time>2021-09-01T05:22:34Z</time>
    <extensions>
     <gpxtpx:TrackPointExtension>
      <gpxtpx:atemp>30</gpxtpx:atemp>
      <gpxtpx:hr>119</gpxtpx:hr>
     </gpxtpx:TrackPointExtension>
    </extensions>
   </trkpt>
   <trkpt lat="-33.4584630" lon="151.0328690">
    <ele>-12.2</ele>
    <time>2021-09-01T05:22:39Z</time>
    <extensions>
     <gpxtpx:TrackPointExtension>
      <gpxtpx:atemp>30</gpxtpx:atemp>
      <gpxtpx:hr>121</gpxtpx:hr>
     </gpxtpx:TrackPointExtension>
    </extensions>
   </trkpt>
   <trkpt lat="-33.4584720" lon="151.0329370">
    <ele>-12.4</ele>
    <time>2021-09-01T05:22:41Z</time>
    <extensions>
     <gpxtpx:TrackPointExtension>
      <gpxtpx:atemp>30</gpxtpx:atemp>
      <gpxtpx:hr>118</gpxtpx:hr>
     </gpxtpx:TrackPointExtension>
    </extensions>
   </trkpt>
   <trkpt lat="-33.4584470" lon="151.0330380">
    <ele>-12.6</ele>
    <time>2021-09-01T05:22:43Z</time>
    <extensions>
     <gpxtpx:TrackPointExtension>
      <gpxtpx:atemp>30</gpxtpx:atemp>
      <gpxtpx:hr>118</gpxtpx:hr>
     </gpxtpx:TrackPointExtension>
    </extensions>
   </trkpt>
   <trkpt lat="-33.4583570" lon="151.0331520">
    <ele>-12.6</ele>
    <time>2021-09-01T05:22:46Z</time>
    <extensions>
     <gpxtpx:TrackPointExtension>
      <gpxtpx:atemp>30</gpxtpx:atemp>
      <gpxtpx:hr>117</gpxtpx:hr>
     </gpxtpx:TrackPointExtension>
    </extensions>
   </trkpt>
   <trkpt lat="-33.4583480" lon="151.0331890">
    <ele>-12.6</ele>
    <time>2021-09-01T05:22:47Z</time>
    <extensions>
     <gpxtpx:TrackPointExtension>
      <gpxtpx:atemp>30</gpxtpx:atemp>
      <gpxtpx:hr>118</gpxtpx:hr>
     </gpxtpx:TrackPointExtension>
    </extensions>
   </trkpt>
   <trkpt lat="-33.4582820" lon="151.0333410">
    <ele>-12.0</ele>
    <time>2021-09-01T05:22:52Z</time>
    <extensions>
     <gpxtpx:TrackPointExtension>
      <gpxtpx:atemp>30</gpxtpx:atemp>
      <gpxtpx:hr>119</gpxtpx:hr>
     </gpxtpx:TrackPointExtension>
    </extensions>
   </trkpt>
   <trkpt lat="-33.4581330" lon="151.0335340">
    <ele>-12.2</ele>
    <time>2021-09-01T05:22:57Z</time>
    <extensions>
     <gpxtpx:TrackPointExtension>
      <gpxtpx:atemp>30</gpxtpx:atemp>
      <gpxtpx:hr>117</gpxtpx:hr>
     </gpxtpx:TrackPointExtension>
    </extensions>
   </trkpt>
   <trkpt lat="-33.4581160" lon="151.0336890">
    <ele>-11.6</ele>
    <time>2021-09-01T05:23:01Z</time>
    <extensions>
     <gpxtpx:TrackPointExtension>
      <gpxtpx:atemp>30</gpxtpx:atemp>
      <gpxtpx:hr>117</gpxtpx:hr>
     </gpxtpx:TrackPointExtension>
    </extensions>
   </trkpt>
   <trkpt lat="-33.4581180" lon="151.0337210">
    <ele>-11.6</ele>
    <time>2021-09-01T05:23:02Z</time>
    <extensions>
     <gpxtpx:TrackPointExtension>
      <gpxtpx:atemp>30</gpxtpx:atemp>
      <gpxtpx:hr>118</gpxtpx:hr>
     </gpxtpx:TrackPointExtension>
    </extensions>
   </trkpt>
   <trkpt lat="-33.4581280" lon="151.0337830">
    <ele>-10.8</ele>
    <time>2021-09-01T05:23:05Z</time>
    <extensions>
     <gpxtpx:TrackPointExtension>
      <gpxtpx:atemp>30</gpxtpx:atemp>
      <gpxtpx:hr>119</gpxtpx:hr>
     </gpxtpx:TrackPointExtension>
    </extensions>
   </trkpt>
   <trkpt lat="-33.4581250" lon="151.0337990">
    <ele>-10.4</ele>
    <time>2021-09-01T05:23:07Z</time>
    <extensions>
     <gpxtpx:TrackPointExtension>
      <gpxtpx:atemp>30</gpxtpx:atemp>
      <gpxtpx:hr>118</gpxtpx:hr>
     </gpxtpx:TrackPointExtension>
    </extensions>
   </trkpt>
   <trkpt lat="-33.4581200" lon="151.0338260">
    <ele>-10.0</ele>
    <time>2021-09-01T05:23:16Z</time>
    <extensions>
     <gpxtpx:TrackPointExtension>
      <gpxtpx:atemp>30</gpxtpx:atemp>
      <gpxtpx:hr>115</gpxtpx:hr>
     </gpxtpx:TrackPointExtension>
    </extensions>
   </trkpt>
   <trkpt lat="-33.4581290" lon="151.0338530">
    <ele>-10.0</ele>
    <time>2021-09-01T05:23:18Z</time>
    <extensions>
     <gpxtpx:TrackPointExtension>
      <gpxtpx:atemp>30</gpxtpx:atemp>
      <gpxtpx:hr>115</gpxtpx:hr>
     </gpxtpx:TrackPointExtension>
    </extensions>
   </trkpt>
   <trkpt lat="-33.4581680" lon="151.0338890">
    <ele>-10.0</ele>
    <time>2021-09-01T05:23:21Z</time>
    <extensions>
     <gpxtpx:TrackPointExtension>
      <gpxtpx:atemp>30</gpxtpx:atemp>
      <gpxtpx:hr>115</gpxtpx:hr>
     </gpxtpx:TrackPointExtension>
    </extensions>
   </trkpt>
   <trkpt lat="-33.4582090" lon="151.0339480">
    <ele>-10.0</ele>
    <time>2021-09-01T05:23:26Z</time>
    <extensions>
     <gpxtpx:TrackPointExtension>
      <gpxtpx:atemp>30</gpxtpx:atemp>
      <gpxtpx:hr>118</gpxtpx:hr>
     </gpxtpx:TrackPointExtension>
    </extensions>
   </trkpt>
   <trkpt lat="-33.4582140" lon="151.0339580">
    <ele>-10.0</ele>
    <time>2021-09-01T05:23:27Z</time>
    <extensions>
     <gpxtpx:TrackPointExtension>
      <gpxtpx:atemp>30</gpxtpx:atemp>
      <gpxtpx:hr>118</gpxtpx:hr>
     </gpxtpx:TrackPointExtension>
    </extensions>
   </trkpt>
   <trkpt lat="-33.4582190" lon="151.0339860">
    <ele>-9.8</ele>
    <time>2021-09-01T05:23:29Z</time>
    <extensions>
     <gpxtpx:TrackPointExtension>
      <gpxtpx:atemp>30</gpxtpx:atemp>
      <gpxtpx:hr>116</gpxtpx:hr>
     </gpxtpx:TrackPointExtension>
    </extensions>
   </trkpt>
   <trkpt lat="-33.4582000" lon="151.0340420">
    <ele>-9.2</ele>
    <time>2021-09-01T05:23:31Z</time>
    <extensions>
     <gpxtpx:TrackPointExtension>
      <gpxtpx:atemp>30</gpxtpx:atemp>
      <gpxtpx:hr>116</gpxtpx:hr>
     </gpxtpx:TrackPointExtension>
    </extensions>
   </trkpt>
   <trkpt lat="-33.4581920" lon="151.0340750">
    <ele>-8.8</ele>
    <time>2021-09-01T05:23:32Z</time>
    <extensions>
     <gpxtpx:TrackPointExtension>
      <gpxtpx:atemp>30</gpxtpx:atemp>
      <gpxtpx:hr>116</gpxtpx:hr>
     </gpxtpx:TrackPointExtension>
    </extensions>
   </trkpt>
   <trkpt lat="-33.4581570" lon="151.0341580">
    <ele>-7.4</ele>
    <time>2021-09-01T05:23:35Z</time>
    <extensions>
     <gpxtpx:TrackPointExtension>
      <gpxtpx:atemp>30</gpxtpx:atemp>
      <gpxtpx:hr>118</gpxtpx:hr>
     </gpxtpx:TrackPointExtension>
    </extensions>
   </trkpt>
   <trkpt lat="-33.4581450" lon="151.0341630">
    <ele>-6.6</ele>
    <time>2021-09-01T05:23:37Z</time>
    <extensions>
     <gpxtpx:TrackPointExtension>
      <gpxtpx:atemp>30</gpxtpx:atemp>
      <gpxtpx:hr>120</gpxtpx:hr>
     </gpxtpx:TrackPointExtension>
    </extensions>
   </trkpt>
   <trkpt lat="-33.4581390" lon="151.0341720">
    <ele>-6.0</ele>
    <time>2021-09-01T05:23:38Z</time>
    <extensions>
     <gpxtpx:TrackPointExtension>
      <gpxtpx:atemp>30</gpxtpx:atemp>
      <gpxtpx:hr>120</gpxtpx:hr>
     </gpxtpx:TrackPointExtension>
    </extensions>
   </trkpt>
   <trkpt lat="-33.4581270" lon="151.0341790">
    <ele>-4.4</ele>
    <time>2021-09-01T05:23:41Z</time>
    <extensions>
     <gpxtpx:TrackPointExtension>
      <gpxtpx:atemp>30</gpxtpx:atemp>
      <gpxtpx:hr>119</gpxtpx:hr>
     </gpxtpx:TrackPointExtension>
    </extensions>
   </trkpt>
   <trkpt lat="-33.4581270" lon="151.0341830">
    <ele>-3.4</ele>
    <time>2021-09-01T05:23:43Z</time>
    <extensions>
     <gpxtpx:TrackPointExtension>
      <gpxtpx:atemp>30</gpxtpx:atemp>
      <gpxtpx:hr>119</gpxtpx:hr>
     </gpxtpx:TrackPointExtension>
    </extensions>
   </trkpt>
   <trkpt lat="-33.4581260" lon="151.0341850">
    <ele>-3.2</ele>
    <time>2021-09-01T05:23:53Z</time>
    <extensions>
     <gpxtpx:TrackPointExtension>
      <gpxtpx:atemp>30</gpxtpx:atemp>
      <gpxtpx:hr>120</gpxtpx:hr>
     </gpxtpx:TrackPointExtension>
    </extensions>
   </trkpt>
   <trkpt lat="-33.4581300" lon="151.0341810">
    <ele>-3.4</ele>
    <time>2021-09-01T05:24:04Z</time>
    <extensions>
     <gpxtpx:TrackPointExtension>
      <gpxtpx:atemp>30</gpxtpx:atemp>
      <gpxtpx:hr>120</gpxtpx:hr>
     </gpxtpx:TrackPointExtension>
    </extensions>
   </trkpt>
   <trkpt lat="-33.4581220" lon="151.0341870">
    <ele>-3.4</ele>
    <time>2021-09-01T05:24:08Z</time>
    <extensions>
     <gpxtpx:TrackPointExtension>
      <gpxtpx:atemp>30</gpxtpx:atemp>
      <gpxtpx:hr>115</gpxtpx:hr>
     </gpxtpx:TrackPointExtension>
    </extensions>
   </trkpt>
   <trkpt lat="-33.4581220" lon="151.0341920">
    <ele>-3.2</ele>
    <time>2021-09-01T05:24:10Z</time>
    <extensions>
     <gpxtpx:TrackPointExtension>
      <gpxtpx:atemp>30</gpxtpx:atemp>
      <gpxtpx:hr>112</gpxtpx:hr>
     </gpxtpx:TrackPointExtension>
    </extensions>
   </trkpt>
   <trkpt lat="-33.4581210" lon="151.0341950">
    <ele>-3.2</ele>
    <time>2021-09-01T05:24:11Z</time>
    <extensions>
     <gpxtpx:TrackPointExtension>
      <gpxtpx:atemp>30</gpxtpx:atemp>
      <gpxtpx:hr>111</gpxtpx:hr>
     </gpxtpx:TrackPointExtension>
    </extensions>
   </trkpt>
   <trkpt lat="-33.4581170" lon="151.0342170">
    <ele>-2.2</ele>
    <time>2021-09-01T05:24:15Z</time>
    <extensions>
     <gpxtpx:TrackPointExtension>
      <gpxtpx:atemp>30</gpxtpx:atemp>
      <gpxtpx:hr>109</gpxtpx:hr>
     </gpxtpx:TrackPointExtension>
    </extensions>
   </trkpt>
   <trkpt lat="-33.4581170" lon="151.0342230">
    <ele>-1.8</ele>
    <time>2021-09-01T05:24:18Z</time>
    <extensions>
     <gpxtpx:TrackPointExtension>
      <gpxtpx:atemp>30</gpxtpx:atemp>
      <gpxtpx:hr>111</gpxtpx:hr>
     </gpxtpx:TrackPointExtension>
    </extensions>
   </trkpt>
   <trkpt lat="-33.4581190" lon="151.0342260">
    <ele>-1.8</ele>
    <time>2021-09-01T05:24:25Z</time>
    <extensions>
     <gpxtpx:TrackPointExtension>
      <gpxtpx:atemp>30</gpxtpx:atemp>
      <gpxtpx:hr>115</gpxtpx:hr>
     </gpxtpx:TrackPointExtension>
    </extensions>
   </trkpt>
   <trkpt lat="-33.4581180" lon="151.0342250">
    <ele>-1.8</ele>
    <time>2021-09-01T05:24:27Z</time>
    <extensions>
     <gpxtpx:TrackPointExtension>
      <gpxtpx:atemp>30</gpxtpx:atemp>
      <gpxtpx:hr>113</gpxtpx:hr>
     </gpxtpx:TrackPointExtension>
    </extensions>
   </trkpt>
   <trkpt lat="-33.4581130" lon="151.0342060">
    <ele>-1.8</ele>
    <time>2021-09-01T05:24:32Z</time>
    <extensions>
     <gpxtpx:TrackPointExtension>
      <gpxtpx:atemp>30</gpxtpx:atemp>
      <gpxtpx:hr>117</gpxtpx:hr>
     </gpxtpx:TrackPointExtension>
    </extensions>
   </trkpt>
   <trkpt lat="-33.4581140" lon="151.0342020">
    <ele>-2.0</ele>
    <time>2021-09-01T05:24:34Z</time>
    <extensions>
     <gpxtpx:TrackPointExtension>
      <gpxtpx:atemp>30</gpxtpx:atemp>
      <gpxtpx:hr>115</gpxtpx:hr>
     </gpxtpx:TrackPointExtension>
    </extensions>
   </trkpt>
   <trkpt lat="-33.4581210" lon="151.0342060">
    <ele>-2.2</ele>
    <time>2021-09-01T05:24:41Z</time>
    <extensions>
     <gpxtpx:TrackPointExtension>
      <gpxtpx:atemp>30</gpxtpx:atemp>
      <gpxtpx:hr>116</gpxtpx:hr>
     </gpxtpx:TrackPointExtension>
    </extensions>
   </trkpt>
   <trkpt lat="-33.4581290" lon="151.0342230">
    <ele>-2.0</ele>
    <time>2021-09-01T05:24:44Z</time>
    <extensions>
     <gpxtpx:TrackPointExtension>
      <gpxtpx:atemp>30</gpxtpx:atemp>
      <gpxtpx:hr>119</gpxtpx:hr>
     </gpxtpx:TrackPointExtension>
    </extensions>
   </trkpt>
   <trkpt lat="-33.4581340" lon="151.0342240">
    <ele>-1.6</ele>
    <time>2021-09-01T05:24:46Z</time>
    <extensions>
     <gpxtpx:TrackPointExtension>
      <gpxtpx:atemp>30</gpxtpx:atemp>
      <gpxtpx:hr>122</gpxtpx:hr>
     </gpxtpx:TrackPointExtension>
    </extensions>
   </trkpt>
   <trkpt lat="-33.4581110" lon="151.0342480">
    <ele>-1.0</ele>
    <time>2021-09-01T05:24:50Z</time>
    <extensions>
     <gpxtpx:TrackPointExtension>
      <gpxtpx:atemp>30</gpxtpx:atemp>
      <gpxtpx:hr>122</gpxtpx:hr>
     </gpxtpx:TrackPointExtension>
    </extensions>
   </trkpt>
   <trkpt lat="-33.4581010" lon="151.0342470">
    <ele>-0.6</ele>
    <time>2021-09-01T05:24:52Z</time>
    <extensions>
     <gpxtpx:TrackPointExtension>
      <gpxtpx:atemp>30</gpxtpx:atemp>
      <gpxtpx:hr>121</gpxtpx:hr>
     </gpxtpx:TrackPointExtension>
    </extensions>
   </trkpt>
   <trkpt lat="-33.4580940" lon="151.0342390">
    <ele>-0.4</ele>
    <time>2021-09-01T05:24:58Z</time>
    <extensions>
     <gpxtpx:TrackPointExtension>
      <gpxtpx:atemp>30</gpxtpx:atemp>
      <gpxtpx:hr>126</gpxtpx:hr>
     </gpxtpx:TrackPointExtension>
    </extensions>
   </trkpt>
   <trkpt lat="-33.4580960" lon="151.0342400">
    <ele>-0.4</ele>
    <time>2021-09-01T05:25:00Z</time>
    <extensions>
     <gpxtpx:TrackPointExtension>
      <gpxtpx:atemp>30</gpxtpx:atemp>
      <gpxtpx:hr>131</gpxtpx:hr>
     </gpxtpx:TrackPointExtension>
    </extensions>
   </trkpt>
   <trkpt lat="-33.4580960" lon="151.0342400">
    <ele>-0.4</ele>
    <time>2021-09-01T05:25:01Z</time>
    <extensions>
     <gpxtpx:TrackPointExtension>
      <gpxtpx:atemp>30</gpxtpx:atemp>
      <gpxtpx:hr>131</gpxtpx:hr>
     </gpxtpx:TrackPointExtension>
    </extensions>
   </trkpt>
   <trkpt lat="-33.4580970" lon="151.0342410">
    <ele>-0.6</ele>
    <time>2021-09-01T05:25:02Z</time>
    <extensions>
     <gpxtpx:TrackPointExtension>
      <gpxtpx:atemp>30</gpxtpx:atemp>
      <gpxtpx:hr>134</gpxtpx:hr>
     </gpxtpx:TrackPointExtension>
    </extensions>
   </trkpt>
   <trkpt lat="-33.4580980" lon="151.0342400">
    <ele>-0.6</ele>
    <time>2021-09-01T05:25:04Z</time>
    <extensions>
     <gpxtpx:TrackPointExtension>
      <gpxtpx:atemp>30</gpxtpx:atemp>
      <gpxtpx:hr>137</gpxtpx:hr>
     </gpxtpx:TrackPointExtension>
    </extensions>
   </trkpt>
   <trkpt lat="-33.4581000" lon="151.0342460">
    <ele>-0.6</ele>
    <time>2021-09-01T05:25:07Z</time>
    <extensions>
     <gpxtpx:TrackPointExtension>
      <gpxtpx:atemp>30</gpxtpx:atemp>
      <gpxtpx:hr>139</gpxtpx:hr>
     </gpxtpx:TrackPointExtension>
    </extensions>
   </trkpt>
   <trkpt lat="-33.4581090" lon="151.0342460">
    <ele>-0.4</ele>
    <time>2021-09-01T05:25:20Z</time>
    <extensions>
     <gpxtpx:TrackPointExtension>
      <gpxtpx:atemp>30</gpxtpx:atemp>
      <gpxtpx:hr>139</gpxtpx:hr>
     </gpxtpx:TrackPointExtension>
    </extensions>
   </trkpt>
   <trkpt lat="-33.4581370" lon="151.0342490">
    <ele>-0.6</ele>
    <time>2021-09-01T05:25:25Z</time>
    <extensions>
     <gpxtpx:TrackPointExtension>
      <gpxtpx:atemp>30</gpxtpx:atemp>
      <gpxtpx:hr>135</gpxtpx:hr>
     </gpxtpx:TrackPointExtension>
    </extensions>
   </trkpt>
   <trkpt lat="-33.4581390" lon="151.0342400">
    <ele>-0.6</ele>
    <time>2021-09-01T05:25:27Z</time>
    <extensions>
     <gpxtpx:TrackPointExtension>
      <gpxtpx:atemp>30</gpxtpx:atemp>
      <gpxtpx:hr>136</gpxtpx:hr>
     </gpxtpx:TrackPointExtension>
    </extensions>
   </trkpt>
   <trkpt lat="-33.4581170" lon="151.0342370">
    <ele>-1.0</ele>
    <time>2021-09-01T05:25:32Z</time>
    <extensions>
     <gpxtpx:TrackPointExtension>
      <gpxtpx:atemp>30</gpxtpx:atemp>
      <gpxtpx:hr>136</gpxtpx:hr>
     </gpxtpx:TrackPointExtension>
    </extensions>
   </trkpt>
   <trkpt lat="-33.4581120" lon="151.0342170">
    <ele>-1.8</ele>
    <time>2021-09-01T05:25:36Z</time>
    <extensions>
     <gpxtpx:TrackPointExtension>
      <gpxtpx:atemp>30</gpxtpx:atemp>
      <gpxtpx:hr>139</gpxtpx:hr>
     </gpxtpx:TrackPointExtension>
    </extensions>
   </trkpt>
   <trkpt lat="-33.4581130" lon="151.0342120">
    <ele>-2.0</ele>
    <time>2021-09-01T05:25:37Z</time>
    <extensions>
     <gpxtpx:TrackPointExtension>
      <gpxtpx:atemp>30</gpxtpx:atemp>
      <gpxtpx:hr>139</gpxtpx:hr>
     </gpxtpx:TrackPointExtension>
    </extensions>
   </trkpt>
   <trkpt lat="-33.4581140" lon="151.0342110">
    <ele>-2.2</ele>
    <time>2021-09-01T05:25:38Z</time>
    <extensions>
     <gpxtpx:TrackPointExtension>
      <gpxtpx:atemp>30</gpxtpx:atemp>
      <gpxtpx:hr>140</gpxtpx:hr>
     </gpxtpx:TrackPointExtension>
    </extensions>
   </trkpt>
   <trkpt lat="-33.4581260" lon="151.0342170">
    <ele>-2.6</ele>
    <time>2021-09-01T05:25:45Z</time>
    <extensions>
     <gpxtpx:TrackPointExtension>
      <gpxtpx:atemp>30</gpxtpx:atemp>
      <gpxtpx:hr>142</gpxtpx:hr>
     </gpxtpx:TrackPointExtension>
    </extensions>
   </trkpt>
   <trkpt lat="-33.4581470" lon="151.0342180">
    <ele>-3.2</ele>
    <time>2021-09-01T05:25:53Z</time>
    <extensions>
     <gpxtpx:TrackPointExtension>
      <gpxtpx:atemp>30</gpxtpx:atemp>
      <gpxtpx:hr>139</gpxtpx:hr>
     </gpxtpx:TrackPointExtension>
    </extensions>
   </trkpt>
   <trkpt lat="-33.4581420" lon="151.0342140">
    <ele>-3.4</ele>
    <time>2021-09-01T05:25:55Z</time>
    <extensions>
     <gpxtpx:TrackPointExtension>
      <gpxtpx:atemp>30</gpxtpx:atemp>
      <gpxtpx:hr>138</gpxtpx:hr>
     </gpxtpx:TrackPointExtension>
    </extensions>
   </trkpt>
   <trkpt lat="-33.4581620" lon="151.0342140">
    <ele>-4.0</ele>
    <time>2021-09-01T05:26:01Z</time>
    <extensions>
     <gpxtpx:TrackPointExtension>
      <gpxtpx:atemp>30</gpxtpx:atemp>
      <gpxtpx:hr>134</gpxtpx:hr>
     </gpxtpx:TrackPointExtension>
    </extensions>
   </trkpt>
   <trkpt lat="-33.4581720" lon="151.0342100">
    <ele>-4.0</ele>
    <time>2021-09-01T05:26:02Z</time>
    <extensions>
     <gpxtpx:TrackPointExtension>
      <gpxtpx:atemp>30</gpxtpx:atemp>
      <gpxtpx:hr>129</gpxtpx:hr>
     </gpxtpx:TrackPointExtension>
    </extensions>
   </trkpt>
   <trkpt lat="-33.4581920" lon="151.0342100">
    <ele>-4.0</ele>
    <time>2021-09-01T05:26:03Z</time>
    <extensions>
     <gpxtpx:TrackPointExtension>
      <gpxtpx:atemp>30</gpxtpx:atemp>
      <gpxtpx:hr>126</gpxtpx:hr>
     </gpxtpx:TrackPointExtension>
    </extensions>
   </trkpt>
   <trkpt lat="-33.4581930" lon="151.0342070">
    <ele>-3.8</ele>
    <time>2021-09-01T05:26:05Z</time>
    <extensions>
     <gpxtpx:TrackPointExtension>
      <gpxtpx:atemp>30</gpxtpx:atemp>
      <gpxtpx:hr>125</gpxtpx:hr>
     </gpxtpx:TrackPointExtension>
    </extensions>
   </trkpt>
   <trkpt lat="-33.4581820" lon="151.0341950">
    <ele>-4.0</ele>
    <time>2021-09-01T05:26:10Z</time>
    <extensions>
     <gpxtpx:TrackPointExtension>
      <gpxtpx:atemp>30</gpxtpx:atemp>
      <gpxtpx:hr>128</gpxtpx:hr>
     </gpxtpx:TrackPointExtension>
    </extensions>
   </trkpt>
   <trkpt lat="-33.4581730" lon="151.0341770">
    <ele>-4.2</ele>
    <time>2021-09-01T05:26:15Z</time>
    <extensions>
     <gpxtpx:TrackPointExtension>
      <gpxtpx:atemp>30</gpxtpx:atemp>
      <gpxtpx:hr>128</gpxtpx:hr>
     </gpxtpx:TrackPointExtension>
    </extensions>
   </trkpt>
   <trkpt lat="-33.4581590" lon="151.0341710">
    <ele>-4.2</ele>
    <time>2021-09-01T05:26:18Z</time>
    <extensions>
     <gpxtpx:TrackPointExtension>
      <gpxtpx:atemp>30</gpxtpx:atemp>
      <gpxtpx:hr>127</gpxtpx:hr>
     </gpxtpx:TrackPointExtension>
    </extensions>
   </trkpt>
   <trkpt lat="-33.4581530" lon="151.0341740">
    <ele>-4.4</ele>
    <time>2021-09-01T05:26:27Z</time>
    <extensions>
     <gpxtpx:TrackPointExtension>
      <gpxtpx:atemp>30</gpxtpx:atemp>
      <gpxtpx:hr>125</gpxtpx:hr>
     </gpxtpx:TrackPointExtension>
    </extensions>
   </trkpt>
   <trkpt lat="-33.4581520" lon="151.0341760">
    <ele>-4.4</ele>
    <time>2021-09-01T05:26:36Z</time>
    <extensions>
     <gpxtpx:TrackPointExtension>
      <gpxtpx:atemp>31</gpxtpx:atemp>
      <gpxtpx:hr>124</gpxtpx:hr>
     </gpxtpx:TrackPointExtension>
    </extensions>
   </trkpt>
   <trkpt lat="-33.4581470" lon="151.0341770">
    <ele>-5.0</ele>
    <time>2021-09-01T05:26:41Z</time>
    <extensions>
     <gpxtpx:TrackPointExtension>
      <gpxtpx:atemp>31</gpxtpx:atemp>
      <gpxtpx:hr>127</gpxtpx:hr>
     </gpxtpx:TrackPointExtension>
    </extensions>
   </trkpt>
   <trkpt lat="-33.4581570" lon="151.0341690">
    <ele>-5.2</ele>
    <time>2021-09-01T05:26:45Z</time>
    <extensions>
     <gpxtpx:TrackPointExtension>
      <gpxtpx:atemp>31</gpxtpx:atemp>
      <gpxtpx:hr>128</gpxtpx:hr>
     </gpxtpx:TrackPointExtension>
    </extensions>
   </trkpt>
   <trkpt lat="-33.4581570" lon="151.0341710">
    <ele>-5.2</ele>
    <time>2021-09-01T05:26:46Z</time>
    <extensions>
     <gpxtpx:TrackPointExtension>
      <gpxtpx:atemp>31</gpxtpx:atemp>
      <gpxtpx:hr>128</gpxtpx:hr>
     </gpxtpx:TrackPointExtension>
    </extensions>
   </trkpt>
   <trkpt lat="-33.4581500" lon="151.0341640">
    <ele>-5.4</ele>
    <time>2021-09-01T05:26:52Z</time>
    <extensions>
     <gpxtpx:TrackPointExtension>
      <gpxtpx:atemp>31</gpxtpx:atemp>
      <gpxtpx:hr>129</gpxtpx:hr>
     </gpxtpx:TrackPointExtension>
    </extensions>
   </trkpt>
   <trkpt lat="-33.4581570" lon="151.0341660">
    <ele>-5.4</ele>
    <time>2021-09-01T05:26:56Z</time>
    <extensions>
     <gpxtpx:TrackPointExtension>
      <gpxtpx:atemp>31</gpxtpx:atemp>
      <gpxtpx:hr>132</gpxtpx:hr>
     </gpxtpx:TrackPointExtension>
    </extensions>
   </trkpt>
   <trkpt lat="-33.4581790" lon="151.0341540">
    <ele>-6.0</ele>
    <time>2021-09-01T05:26:59Z</time>
    <extensions>
     <gpxtpx:TrackPointExtension>
      <gpxtpx:atemp>31</gpxtpx:atemp>
      <gpxtpx:hr>136</gpxtpx:hr>
     </gpxtpx:TrackPointExtension>
    </extensions>
   </trkpt>
   <trkpt lat="-33.4581820" lon="151.0341450">
    <ele>-6.6</ele>
    <time>2021-09-01T05:27:00Z</time>
    <extensions>
     <gpxtpx:TrackPointExtension>
      <gpxtpx:atemp>31</gpxtpx:atemp>
      <gpxtpx:hr>136</gpxtpx:hr>
     </gpxtpx:TrackPointExtension>
    </extensions>
   </trkpt>
   <trkpt lat="-33.4582060" lon="151.0341030">
    <ele>-7.6</ele>
    <time>2021-09-01T05:27:03Z</time>
    <extensions>
     <gpxtpx:TrackPointExtension>
      <gpxtpx:atemp>31</gpxtpx:atemp>
      <gpxtpx:hr>137</gpxtpx:hr>
     </gpxtpx:TrackPointExtension>
    </extensions>
   </trkpt>
   <trkpt lat="-33.4582160" lon="151.0340800">
    <ele>-9.0</ele>
    <time>2021-09-01T05:27:05Z</time>
    <extensions>
     <gpxtpx:TrackPointExtension>
      <gpxtpx:atemp>31</gpxtpx:atemp>
      <gpxtpx:hr>139</gpxtpx:hr>
     </gpxtpx:TrackPointExtension>
    </extensions>
   </trkpt>
   <trkpt lat="-33.4582370" lon="151.0340710">
    <ele>-9.6</ele>
    <time>2021-09-01T05:27:07Z</time>
    <extensions>
     <gpxtpx:TrackPointExtension>
      <gpxtpx:atemp>31</gpxtpx:atemp>
      <gpxtpx:hr>141</gpxtpx:hr>
     </gpxtpx:TrackPointExtension>
    </extensions>
   </trkpt>
   <trkpt lat="-33.4582980" lon="151.0341050">
    <ele>-9.8</ele>
    <time>2021-09-01T05:27:10Z</time>
    <extensions>
     <gpxtpx:TrackPointExtension>
      <gpxtpx:atemp>31</gpxtpx:atemp>
      <gpxtpx:hr>142</gpxtpx:hr>
     </gpxtpx:TrackPointExtension>
    </extensions>
   </trkpt>
   <trkpt lat="-33.4584460" lon="151.0342220">
    <ele>-8.8</ele>
    <time>2021-09-01T05:27:15Z</time>
    <extensions>
     <gpxtpx:TrackPointExtension>
      <gpxtpx:atemp>31</gpxtpx:atemp>
      <gpxtpx:hr>142</gpxtpx:hr>
     </gpxtpx:TrackPointExtension>
    </extensions>
   </trkpt>
   <trkpt lat="-33.4585740" lon="151.0342930">
    <ele>-8.0</ele>
    <time>2021-09-01T05:27:19Z</time>
    <extensions>
     <gpxtpx:TrackPointExtension>
      <gpxtpx:atemp>31</gpxtpx:atemp>
      <gpxtpx:hr>142</gpxtpx:hr>
     </gpxtpx:TrackPointExtension>
    </extensions>
   </trkpt>
   <trkpt lat="-33.4585840" lon="151.0343240">
    <ele>-7.6</ele>
    <time>2021-09-01T05:27:20Z</time>
    <extensions>
     <gpxtpx:TrackPointExtension>
      <gpxtpx:atemp>31</gpxtpx:atemp>
      <gpxtpx:hr>142</gpxtpx:hr>
     </gpxtpx:TrackPointExtension>
    </extensions>
   </trkpt>
   <trkpt lat="-33.4586290" lon="151.0344130">
    <ele>-6.8</ele>
    <time>2021-09-01T05:27:23Z</time>
    <extensions>
     <gpxtpx:TrackPointExtension>
      <gpxtpx:atemp>31</gpxtpx:atemp>
      <gpxtpx:hr>143</gpxtpx:hr>
     </gpxtpx:TrackPointExtension>
    </extensions>
   </trkpt>
   <trkpt lat="-33.4586360" lon="151.0344450">
    <ele>-6.4</ele>
    <time>2021-09-01T05:27:24Z</time>
    <extensions>
     <gpxtpx:TrackPointExtension>
      <gpxtpx:atemp>31</gpxtpx:atemp>
      <gpxtpx:hr>144</gpxtpx:hr>
     </gpxtpx:TrackPointExtension>
    </extensions>
   </trkpt>
   <trkpt lat="-33.4586450" lon="151.0345410">
    <ele>-5.2</ele>
    <time>2021-09-01T05:27:27Z</time>
    <extensions>
     <gpxtpx:TrackPointExtension>
      <gpxtpx:atemp>31</gpxtpx:atemp>
      <gpxtpx:hr>143</gpxtpx:hr>
     </gpxtpx:TrackPointExtension>
    </extensions>
   </trkpt>
   <trkpt lat="-33.4586480" lon="151.0345610">
    <ele>-4.4</ele>
    <time>2021-09-01T05:27:28Z</time>
    <extensions>
     <gpxtpx:TrackPointExtension>
      <gpxtpx:atemp>31</gpxtpx:atemp>
      <gpxtpx:hr>142</gpxtpx:hr>
     </gpxtpx:TrackPointExtension>
    </extensions>
   </trkpt>
   <trkpt lat="-33.4586630" lon="151.0345790">
    <ele>-3.8</ele>
    <time>2021-09-01T05:27:29Z</time>
    <extensions>
     <gpxtpx:TrackPointExtension>
      <gpxtpx:atemp>31</gpxtpx:atemp>
      <gpxtpx:hr>141</gpxtpx:hr>
     </gpxtpx:TrackPointExtension>
    </extensions>
   </trkpt>
   <trkpt lat="-33.4587170" lon="151.0346160">
    <ele>-3.4</ele>
    <time>2021-09-01T05:27:31Z</time>
    <extensions>
     <gpxtpx:TrackPointExtension>
      <gpxtpx:atemp>31</gpxtpx:atemp>
      <gpxtpx:hr>142</gpxtpx:hr>
     </gpxtpx:TrackPointExtension>
    </extensions>
   </trkpt>
   <trkpt lat="-33.4588320" lon="151.0347270">
    <ele>-3.4</ele>
    <time>2021-09-01T05:27:35Z</time>
    <extensions>
     <gpxtpx:TrackPointExtension>
      <gpxtpx:atemp>31</gpxtpx:atemp>
      <gpxtpx:hr>141</gpxtpx:hr>
     </gpxtpx:TrackPointExtension>
    </extensions>
   </trkpt>
   <trkpt lat="-33.4589590" lon="151.0349000">
    <ele>-3.2</ele>
    <time>2021-09-01T05:27:40Z</time>
    <extensions>
     <gpxtpx:TrackPointExtension>
      <gpxtpx:atemp>31</gpxtpx:atemp>
      <gpxtpx:hr>139</gpxtpx:hr>
     </gpxtpx:TrackPointExtension>
    </extensions>
   </trkpt>
   <trkpt lat="-33.4589810" lon="151.0349810">
    <ele>-3.2</ele>
    <time>2021-09-01T05:27:42Z</time>
    <extensions>
     <gpxtpx:TrackPointExtension>
      <gpxtpx:atemp>31</gpxtpx:atemp>
      <gpxtpx:hr>138</gpxtpx:hr>
     </gpxtpx:TrackPointExtension>
    </extensions>
   </trkpt>
   <trkpt lat="-33.4589780" lon="151.0350250">
    <ele>-3.2</ele>
    <time>2021-09-01T05:27:43Z</time>
    <extensions>
     <gpxtpx:TrackPointExtension>
      <gpxtpx:atemp>31</gpxtpx:atemp>
      <gpxtpx:hr>135</gpxtpx:hr>
     </gpxtpx:TrackPointExtension>
    </extensions>
   </trkpt>
   <trkpt lat="-33.4589670" lon="151.0350700">
    <ele>-3.0</ele>
    <time>2021-09-01T05:27:44Z</time>
    <extensions>
     <gpxtpx:TrackPointExtension>
      <gpxtpx:atemp>31</gpxtpx:atemp>
      <gpxtpx:hr>132</gpxtpx:hr>
     </gpxtpx:TrackPointExtension>
    </extensions>
   </trkpt>
   <trkpt lat="-33.4589410" lon="151.0351090">
    <ele>-2.6</ele>
    <time>2021-09-01T05:27:45Z</time>
    <extensions>
     <gpxtpx:TrackPointExtension>
      <gpxtpx:atemp>31</gpxtpx:atemp>
      <gpxtpx:hr>129</gpxtpx:hr>
     </gpxtpx:TrackPointExtension>
    </extensions>
   </trkpt>
   <trkpt lat="-33.4588400" lon="151.0351760">
    <ele>-1.6</ele>
    <time>2021-09-01T05:27:48Z</time>
    <extensions>
     <gpxtpx:TrackPointExtension>
      <gpxtpx:atemp>31</gpxtpx:atemp>
      <gpxtpx:hr>127</gpxtpx:hr>
     </gpxtpx:TrackPointExtension>
    </extensions>
   </trkpt>
   <trkpt lat="-33.4587990" lon="151.0352100">
    <ele>-1.2</ele>
    <time>2021-09-01T05:27:50Z</time>
    <extensions>
     <gpxtpx:TrackPointExtension>
      <gpxtpx:atemp>31</gpxtpx:atemp>
      <gpxtpx:hr>126</gpxtpx:hr>
     </gpxtpx:TrackPointExtension>
    </extensions>
   </trkpt>
   <trkpt lat="-33.4587930" lon="151.0352360">
    <ele>-1.2</ele>
    <time>2021-09-01T05:27:51Z</time>
    <extensions>
     <gpxtpx:TrackPointExtension>
      <gpxtpx:atemp>31</gpxtpx:atemp>
      <gpxtpx:hr>125</gpxtpx:hr>
     </gpxtpx:TrackPointExtension>
    </extensions>
   </trkpt>
   <trkpt lat="-33.4588620" lon="151.0353260">
    <ele>-1.2</ele>
    <time>2021-09-01T05:27:55Z</time>
    <extensions>
     <gpxtpx:TrackPointExtension>
      <gpxtpx:atemp>31</gpxtpx:atemp>
      <gpxtpx:hr>125</gpxtpx:hr>
     </gpxtpx:TrackPointExtension>
    </extensions>
   </trkpt>
   <trkpt lat="-33.4588920" lon="151.0353660">
    <ele>-1.4</ele>
    <time>2021-09-01T05:27:59Z</time>
    <extensions>
     <gpxtpx:TrackPointExtension>
      <gpxtpx:atemp>31</gpxtpx:atemp>
      <gpxtpx:hr>125</gpxtpx:hr>
     </gpxtpx:TrackPointExtension>
    </extensions>
   </trkpt>
   <trkpt lat="-33.4589000" lon="151.0353830">
    <ele>-1.6</ele>
    <time>2021-09-01T05:28:06Z</time>
    <extensions>
     <gpxtpx:TrackPointExtension>
      <gpxtpx:atemp>31</gpxtpx:atemp>
      <gpxtpx:hr>124</gpxtpx:hr>
     </gpxtpx:TrackPointExtension>
    </extensions>
   </trkpt>
   <trkpt lat="-33.4589360" lon="151.0354160">
    <ele>-1.6</ele>
    <time>2021-09-01T05:28:08Z</time>
    <extensions>
     <gpxtpx:TrackPointExtension>
      <gpxtpx:atemp>31</gpxtpx:atemp>
      <gpxtpx:hr>123</gpxtpx:hr>
     </gpxtpx:TrackPointExtension>
    </extensions>
   </trkpt>
   <trkpt lat="-33.4589670" lon="151.0354450">
    <ele>-1.6</ele>
    <time>2021-09-01T05:28:10Z</time>
    <extensions>
     <gpxtpx:TrackPointExtension>
      <gpxtpx:atemp>31</gpxtpx:atemp>
      <gpxtpx:hr>123</gpxtpx:hr>
     </gpxtpx:TrackPointExtension>
    </extensions>
   </trkpt>
   <trkpt lat="-33.4589670" lon="151.0354860">
    <ele>-1.8</ele>
    <time>2021-09-01T05:28:12Z</time>
    <extensions>
     <gpxtpx:TrackPointExtension>
      <gpxtpx:atemp>31</gpxtpx:atemp>
      <gpxtpx:hr>124</gpxtpx:hr>
     </gpxtpx:TrackPointExtension>
    </extensions>
   </trkpt>
   <trkpt lat="-33.4589440" lon="151.0355270">
    <ele>-1.8</ele>
    <time>2021-09-01T05:28:14Z</time>
    <extensions>
     <gpxtpx:TrackPointExtension>
      <gpxtpx:atemp>31</gpxtpx:atemp>
      <gpxtpx:hr>125</gpxtpx:hr>
     </gpxtpx:TrackPointExtension>
    </extensions>
   </trkpt>
   <trkpt lat="-33.4588970" lon="151.0355610">
    <ele>-2.0</ele>
    <time>2021-09-01T05:28:16Z</time>
    <extensions>
     <gpxtpx:TrackPointExtension>
      <gpxtpx:atemp>31</gpxtpx:atemp>
      <gpxtpx:hr>126</gpxtpx:hr>
     </gpxtpx:TrackPointExtension>
    </extensions>
   </trkpt>
   <trkpt lat="-33.4587650" lon="151.0356480">
    <ele>-2.4</ele>
    <time>2021-09-01T05:28:22Z</time>
    <extensions>
     <gpxtpx:TrackPointExtension>
      <gpxtpx:atemp>31</gpxtpx:atemp>
      <gpxtpx:hr>124</gpxtpx:hr>
     </gpxtpx:TrackPointExtension>
    </extensions>
   </trkpt>
   <trkpt lat="-33.4587580" lon="151.0356800">
    <ele>-2.6</ele>
    <time>2021-09-01T05:28:23Z</time>
    <extensions>
     <gpxtpx:TrackPointExtension>
      <gpxtpx:atemp>31</gpxtpx:atemp>
      <gpxtpx:hr>123</gpxtpx:hr>
     </gpxtpx:TrackPointExtension>
    </extensions>
   </trkpt>
   <trkpt lat="-33.4587570" lon="151.0357150">
    <ele>-2.6</ele>
    <time>2021-09-01T05:28:24Z</time>
    <extensions>
     <gpxtpx:TrackPointExtension>
      <gpxtpx:atemp>31</gpxtpx:atemp>
      <gpxtpx:hr>122</gpxtpx:hr>
     </gpxtpx:TrackPointExtension>
    </extensions>
   </trkpt>
   <trkpt lat="-33.4587210" lon="151.0358010">
    <ele>-3.4</ele>
    <time>2021-09-01T05:28:27Z</time>
    <extensions>
     <gpxtpx:TrackPointExtension>
      <gpxtpx:atemp>31</gpxtpx:atemp>
      <gpxtpx:hr>121</gpxtpx:hr>
     </gpxtpx:TrackPointExtension>
    </extensions>
   </trkpt>
   <trkpt lat="-33.4587170" lon="151.0358320">
    <ele>-3.4</ele>
    <time>2021-09-01T05:28:28Z</time>
    <extensions>
     <gpxtpx:TrackPointExtension>
      <gpxtpx:atemp>30</gpxtpx:atemp>
      <gpxtpx:hr>123</gpxtpx:hr>
     </gpxtpx:TrackPointExtension>
    </extensions>
   </trkpt>
   <trkpt lat="-33.4587190" lon="151.0358580">
    <ele>-3.8</ele>
    <time>2021-09-01T05:28:29Z</time>
    <extensions>
     <gpxtpx:TrackPointExtension>
      <gpxtpx:atemp>30</gpxtpx:atemp>
      <gpxtpx:hr>123</gpxtpx:hr>
     </gpxtpx:TrackPointExtension>
    </extensions>
   </trkpt>
   <trkpt lat="-33.4587280" lon="151.0358770">
    <ele>-3.8</ele>
    <time>2021-09-01T05:28:30Z</time>
    <extensions>
     <gpxtpx:TrackPointExtension>
      <gpxtpx:atemp>30</gpxtpx:atemp>
      <gpxtpx:hr>122</gpxtpx:hr>
     </gpxtpx:TrackPointExtension>
    </extensions>
   </trkpt>
   <trkpt lat="-33.4587400" lon="151.0358920">
    <ele>-4.2</ele>
    <time>2021-09-01T05:28:31Z</time>
    <extensions>
     <gpxtpx:TrackPointExtension>
      <gpxtpx:atemp>30</gpxtpx:atemp>
      <gpxtpx:hr>120</gpxtpx:hr>
     </gpxtpx:TrackPointExtension>
    </extensions>
   </trkpt>
   <trkpt lat="-33.4587730" lon="151.0359080">
    <ele>-4.6</ele>
    <time>2021-09-01T05:28:33Z</time>
    <extensions>
     <gpxtpx:TrackPointExtension>
      <gpxtpx:atemp>30</gpxtpx:atemp>
      <gpxtpx:hr>117</gpxtpx:hr>
     </gpxtpx:TrackPointExtension>
    </extensions>
   </trkpt>
   <trkpt lat="-33.4587870" lon="151.0359130">
    <ele>-4.6</ele>
    <time>2021-09-01T05:28:35Z</time>
    <extensions>
     <gpxtpx:TrackPointExtension>
      <gpxtpx:atemp>30</gpxtpx:atemp>
      <gpxtpx:hr>116</gpxtpx:hr>
     </gpxtpx:TrackPointExtension>
    </extensions>
   </trkpt>
   <trkpt lat="-33.4587880" lon="151.0359230">
    <ele>-4.8</ele>
    <time>2021-09-01T05:28:38Z</time>
    <extensions>
     <gpxtpx:TrackPointExtension>
      <gpxtpx:atemp>30</gpxtpx:atemp>
      <gpxtpx:hr>114</gpxtpx:hr>
     </gpxtpx:TrackPointExtension>
    </extensions>
   </trkpt>
   <trkpt lat="-33.4587970" lon="151.0359200">
    <ele>-4.8</ele>
    <time>2021-09-01T05:28:40Z</time>
    <extensions>
     <gpxtpx:TrackPointExtension>
      <gpxtpx:atemp>30</gpxtpx:atemp>
      <gpxtpx:hr>113</gpxtpx:hr>
     </gpxtpx:TrackPointExtension>
    </extensions>
   </trkpt>
   <trkpt lat="-33.4588200" lon="151.0358910">
    <ele>-4.8</ele>
    <time>2021-09-01T05:28:42Z</time>
    <extensions>
     <gpxtpx:TrackPointExtension>
      <gpxtpx:atemp>30</gpxtpx:atemp>
      <gpxtpx:hr>114</gpxtpx:hr>
     </gpxtpx:TrackPointExtension>
    </extensions>
   </trkpt>
   <trkpt lat="-33.4588500" lon="151.0358470">
    <ele>-4.6</ele>
    <time>2021-09-01T05:28:45Z</time>
    <extensions>
     <gpxtpx:TrackPointExtension>
      <gpxtpx:atemp>30</gpxtpx:atemp>
      <gpxtpx:hr>114</gpxtpx:hr>
     </gpxtpx:TrackPointExtension>
    </extensions>
   </trkpt>
   <trkpt lat="-33.4588610" lon="151.0358470">
    <ele>-4.6</ele>
    <time>2021-09-01T05:28:46Z</time>
    <extensions>
     <gpxtpx:TrackPointExtension>
      <gpxtpx:atemp>30</gpxtpx:atemp>
      <gpxtpx:hr>114</gpxtpx:hr>
     </gpxtpx:TrackPointExtension>
    </extensions>
   </trkpt>
   <trkpt lat="-33.4588640" lon="151.0358530">
    <ele>-4.4</ele>
    <time>2021-09-01T05:28:47Z</time>
    <extensions>
     <gpxtpx:TrackPointExtension>
      <gpxtpx:atemp>30</gpxtpx:atemp>
      <gpxtpx:hr>115</gpxtpx:hr>
     </gpxtpx:TrackPointExtension>
    </extensions>
   </trkpt>
   <trkpt lat="-33.4588700" lon="151.0359070">
    <ele>-4.4</ele>
    <time>2021-09-01T05:28:49Z</time>
    <extensions>
     <gpxtpx:TrackPointExtension>
      <gpxtpx:atemp>30</gpxtpx:atemp>
      <gpxtpx:hr>115</gpxtpx:hr>
     </gpxtpx:TrackPointExtension>
    </extensions>
   </trkpt>
   <trkpt lat="-33.4588640" lon="151.0359230">
    <ele>-4.6</ele>
    <time>2021-09-01T05:28:50Z</time>
    <extensions>
     <gpxtpx:TrackPointExtension>
      <gpxtpx:atemp>30</gpxtpx:atemp>
      <gpxtpx:hr>115</gpxtpx:hr>
     </gpxtpx:TrackPointExtension>
    </extensions>
   </trkpt>
   <trkpt lat="-33.4588050" lon="151.0359470">
    <ele>-5.8</ele>
    <time>2021-09-01T05:28:53Z</time>
    <extensions>
     <gpxtpx:TrackPointExtension>
      <gpxtpx:atemp>30</gpxtpx:atemp>
      <gpxtpx:hr>116</gpxtpx:hr>
     </gpxtpx:TrackPointExtension>
    </extensions>
   </trkpt>
   <trkpt lat="-33.4587850" lon="151.0359640">
    <ele>-6.0</ele>
    <time>2021-09-01T05:28:54Z</time>
    <extensions>
     <gpxtpx:TrackPointExtension>
      <gpxtpx:atemp>30</gpxtpx:atemp>
      <gpxtpx:hr>116</gpxtpx:hr>
     </gpxtpx:TrackPointExtension>
    </extensions>
   </trkpt>
   <trkpt lat="-33.4587380" lon="151.0360510">
    <ele>-7.2</ele>
    <time>2021-09-01T05:28:57Z</time>
    <extensions>
     <gpxtpx:TrackPointExtension>
      <gpxtpx:atemp>30</gpxtpx:atemp>
      <gpxtpx:hr>113</gpxtpx:hr>
     </gpxtpx:TrackPointExtension>
    </extensions>
   </trkpt>
   <trkpt lat="-33.4587370" lon="151.0360860">
    <ele>-7.6</ele>
    <time>2021-09-01T05:28:58Z</time>
    <extensions>
     <gpxtpx:TrackPointExtension>
      <gpxtpx:atemp>30</gpxtpx:atemp>
      <gpxtpx:hr>113</gpxtpx:hr>
     </gpxtpx:TrackPointExtension>
    </extensions>
   </trkpt>
   <trkpt lat="-33.4587530" lon="151.0361530">
    <ele>-8.4</ele>
    <time>2021-09-01T05:29:00Z</time>
    <extensions>
     <gpxtpx:TrackPointExtension>
      <gpxtpx:atemp>30</gpxtpx:atemp>
      <gpxtpx:hr>112</gpxtpx:hr>
     </gpxtpx:TrackPointExtension>
    </extensions>
   </trkpt>
   <trkpt lat="-33.4587600" lon="151.0362100">
    <ele>-9.0</ele>
    <time>2021-09-01T05:29:02Z</time>
    <extensions>
     <gpxtpx:TrackPointExtension>
      <gpxtpx:atemp>30</gpxtpx:atemp>
      <gpxtpx:hr>113</gpxtpx:hr>
     </gpxtpx:TrackPointExtension>
    </extensions>
   </trkpt>
   <trkpt lat="-33.4587570" lon="151.0362430">
    <ele>-9.4</ele>
    <time>2021-09-01T05:29:03Z</time>
    <extensions>
     <gpxtpx:TrackPointExtension>
      <gpxtpx:atemp>30</gpxtpx:atemp>
      <gpxtpx:hr>113</gpxtpx:hr>
     </gpxtpx:TrackPointExtension>
    </extensions>
   </trkpt>
   <trkpt lat="-33.4587570" lon="151.0363120">
    <ele>-10.2</ele>
    <time>2021-09-01T05:29:05Z</time>
    <extensions>
     <gpxtpx:TrackPointExtension>
      <gpxtpx:atemp>30</gpxtpx:atemp>
      <gpxtpx:hr>112</gpxtpx:hr>
     </gpxtpx:TrackPointExtension>
    </extensions>
   </trkpt>
   <trkpt lat="-33.4587620" lon="151.0363370">
    <ele>-10.6</ele>
    <time>2021-09-01T05:29:06Z</time>
    <extensions>
     <gpxtpx:TrackPointExtension>
      <gpxtpx:atemp>30</gpxtpx:atemp>
      <gpxtpx:hr>111</gpxtpx:hr>
     </gpxtpx:TrackPointExtension>
    </extensions>
   </trkpt>
   <trkpt lat="-33.4587890" lon="151.0364030">
    <ele>-11.6</ele>
    <time>2021-09-01T05:29:10Z</time>
    <extensions>
     <gpxtpx:TrackPointExtension>
      <gpxtpx:atemp>30</gpxtpx:atemp>
      <gpxtpx:hr>110</gpxtpx:hr>
     </gpxtpx:TrackPointExtension>
    </extensions>
   </trkpt>
   <trkpt lat="-33.4587800" lon="151.0364100">
    <ele>-12.2</ele>
    <time>2021-09-01T05:29:15Z</time>
    <extensions>
     <gpxtpx:TrackPointExtension>
      <gpxtpx:atemp>30</gpxtpx:atemp>
      <gpxtpx:hr>110</gpxtpx:hr>
     </gpxtpx:TrackPointExtension>
    </extensions>
   </trkpt>
   <trkpt lat="-33.4587780" lon="151.0364130">
    <ele>-12.6</ele>
    <time>2021-09-01T05:29:21Z</time>
    <extensions>
     <gpxtpx:TrackPointExtension>
      <gpxtpx:atemp>30</gpxtpx:atemp>
      <gpxtpx:hr>110</gpxtpx:hr>
     </gpxtpx:TrackPointExtension>
    </extensions>
   </trkpt>
   <trkpt lat="-33.4587800" lon="151.0364200">
    <ele>-12.8</ele>
    <time>2021-09-01T05:29:27Z</time>
    <extensions>
     <gpxtpx:TrackPointExtension>
      <gpxtpx:atemp>30</gpxtpx:atemp>
      <gpxtpx:hr>114</gpxtpx:hr>
     </gpxtpx:TrackPointExtension>
    </extensions>
   </trkpt>
   <trkpt lat="-33.4587760" lon="151.0364180">
    <ele>-12.8</ele>
    <time>2021-09-01T05:29:35Z</time>
    <extensions>
     <gpxtpx:TrackPointExtension>
      <gpxtpx:atemp>30</gpxtpx:atemp>
      <gpxtpx:hr>116</gpxtpx:hr>
     </gpxtpx:TrackPointExtension>
    </extensions>
   </trkpt>
   <trkpt lat="-33.4587740" lon="151.0364200">
    <ele>-12.6</ele>
    <time>2021-09-01T05:29:44Z</time>
    <extensions>
     <gpxtpx:TrackPointExtension>
      <gpxtpx:atemp>30</gpxtpx:atemp>
      <gpxtpx:hr>115</gpxtpx:hr>
     </gpxtpx:TrackPointExtension>
    </extensions>
   </trkpt>
   <trkpt lat="-33.4587720" lon="151.0364210">
    <ele>-12.8</ele>
    <time>2021-09-01T05:29:49Z</time>
    <extensions>
     <gpxtpx:TrackPointExtension>
      <gpxtpx:atemp>30</gpxtpx:atemp>
      <gpxtpx:hr>110</gpxtpx:hr>
     </gpxtpx:TrackPointExtension>
    </extensions>
   </trkpt>
   <trkpt lat="-33.4587710" lon="151.0364220">
    <ele>-12.8</ele>
    <time>2021-09-01T05:29:50Z</time>
    <extensions>
     <gpxtpx:TrackPointExtension>
      <gpxtpx:atemp>30</gpxtpx:atemp>
      <gpxtpx:hr>114</gpxtpx:hr>
     </gpxtpx:TrackPointExtension>
    </extensions>
   </trkpt>
   <trkpt lat="-33.4587700" lon="151.0364250">
    <ele>-13.0</ele>
    <time>2021-09-01T05:29:54Z</time>
    <extensions>
     <gpxtpx:TrackPointExtension>
      <gpxtpx:atemp>30</gpxtpx:atemp>
      <gpxtpx:hr>110</gpxtpx:hr>
     </gpxtpx:TrackPointExtension>
    </extensions>
   </trkpt>
   <trkpt lat="-33.4587680" lon="151.0364290">
    <ele>-13.0</ele>
    <time>2021-09-01T05:29:55Z</time>
    <extensions>
     <gpxtpx:TrackPointExtension>
      <gpxtpx:atemp>30</gpxtpx:atemp>
      <gpxtpx:hr>110</gpxtpx:hr>
     </gpxtpx:TrackPointExtension>
    </extensions>
   </trkpt>
   <trkpt lat="-33.4587680" lon="151.0364320">
    <ele>-13.0</ele>
    <time>2021-09-01T05:29:58Z</time>
    <extensions>
     <gpxtpx:TrackPointExtension>
      <gpxtpx:atemp>30</gpxtpx:atemp>
      <gpxtpx:hr>113</gpxtpx:hr>
     </gpxtpx:TrackPointExtension>
    </extensions>
   </trkpt>
   <trkpt lat="-33.4587660" lon="151.0364340">
    <ele>-12.8</ele>
    <time>2021-09-01T05:30:00Z</time>
    <extensions>
     <gpxtpx:TrackPointExtension>
      <gpxtpx:atemp>30</gpxtpx:atemp>
      <gpxtpx:hr>116</gpxtpx:hr>
     </gpxtpx:TrackPointExtension>
    </extensions>
   </trkpt>
   <trkpt lat="-33.4587580" lon="151.0364320">
    <ele>-12.4</ele>
    <time>2021-09-01T05:30:05Z</time>
    <extensions>
     <gpxtpx:TrackPointExtension>
      <gpxtpx:atemp>30</gpxtpx:atemp>
      <gpxtpx:hr>119</gpxtpx:hr>
     </gpxtpx:TrackPointExtension>
    </extensions>
   </trkpt>
   <trkpt lat="-33.4587570" lon="151.0364640">
    <ele>-12.4</ele>
    <time>2021-09-01T05:30:13Z</time>
    <extensions>
     <gpxtpx:TrackPointExtension>
      <gpxtpx:atemp>30</gpxtpx:atemp>
      <gpxtpx:hr>121</gpxtpx:hr>
     </gpxtpx:TrackPointExtension>
    </extensions>
   </trkpt>
   <trkpt lat="-33.4587890" lon="151.0366020">
    <ele>-12.0</ele>
    <time>2021-09-01T05:30:17Z</time>
    <extensions>
     <gpxtpx:TrackPointExtension>
      <gpxtpx:atemp>30</gpxtpx:atemp>
      <gpxtpx:hr>120</gpxtpx:hr>
     </gpxtpx:TrackPointExtension>
    </extensions>
   </trkpt>
   <trkpt lat="-33.4587690" lon="151.0367140">
    <ele>-13.4</ele>
    <time>2021-09-01T05:30:20Z</time>
    <extensions>
     <gpxtpx:TrackPointExtension>
      <gpxtpx:atemp>30</gpxtpx:atemp>
      <gpxtpx:hr>123</gpxtpx:hr>
     </gpxtpx:TrackPointExtension>
    </extensions>
   </trkpt>
   <trkpt lat="-33.4587680" lon="151.0367380">
    <ele>-13.6</ele>
    <time>2021-09-01T05:30:21Z</time>
    <extensions>
     <gpxtpx:TrackPointExtension>
      <gpxtpx:atemp>30</gpxtpx:atemp>
      <gpxtpx:hr>123</gpxtpx:hr>
     </gpxtpx:TrackPointExtension>
    </extensions>
   </trkpt>
   <trkpt lat="-33.4587660" lon="151.0367560">
    <ele>-14.0</ele>
    <time>2021-09-01T05:30:22Z</time>
    <extensions>
     <gpxtpx:TrackPointExtension>
      <gpxtpx:atemp>30</gpxtpx:atemp>
      <gpxtpx:hr>124</gpxtpx:hr>
     </gpxtpx:TrackPointExtension>
    </extensions>
   </trkpt>
   <trkpt lat="-33.4587440" lon="151.0368190">
    <ele>-15.4</ele>
    <time>2021-09-01T05:30:26Z</time>
    <extensions>
     <gpxtpx:TrackPointExtension>
      <gpxtpx:atemp>30</gpxtpx:atemp>
      <gpxtpx:hr>124</gpxtpx:hr>
     </gpxtpx:TrackPointExtension>
    </extensions>
   </trkpt>
   <trkpt lat="-33.4587560" lon="151.0368400">
    <ele>-16.4</ele>
    <time>2021-09-01T05:30:30Z</time>
    <extensions>
     <gpxtpx:TrackPointExtension>
      <gpxtpx:atemp>30</gpxtpx:atemp>
      <gpxtpx:hr>124</gpxtpx:hr>
     </gpxtpx:TrackPointExtension>
    </extensions>
   </trkpt>
   <trkpt lat="-33.4587550" lon="151.0368380">
    <ele>-16.4</ele>
    <time>2021-09-01T05:30:32Z</time>
    <extensions>
     <gpxtpx:TrackPointExtension>
      <gpxtpx:atemp>30</gpxtpx:atemp>
      <gpxtpx:hr>126</gpxtpx:hr>
     </gpxtpx:TrackPointExtension>
    </extensions>
   </trkpt>
   <trkpt lat="-33.4587830" lon="151.0368340">
    <ele>-16.2</ele>
    <time>2021-09-01T05:30:34Z</time>
    <extensions>
     <gpxtpx:TrackPointExtension>
      <gpxtpx:atemp>30</gpxtpx:atemp>
      <gpxtpx:hr>125</gpxtpx:hr>
     </gpxtpx:TrackPointExtension>
    </extensions>
   </trkpt>
   <trkpt lat="-33.4588240" lon="151.0368250">
    <ele>-16.0</ele>
    <time>2021-09-01T05:30:36Z</time>
    <extensions>
     <gpxtpx:TrackPointExtension>
      <gpxtpx:atemp>30</gpxtpx:atemp>
      <gpxtpx:hr>125</gpxtpx:hr>
     </gpxtpx:TrackPointExtension>
    </extensions>
   </trkpt>
   <trkpt lat="-33.4588610" lon="151.0368400">
    <ele>-15.0</ele>
    <time>2021-09-01T05:30:38Z</time>
    <extensions>
     <gpxtpx:TrackPointExtension>
      <gpxtpx:atemp>30</gpxtpx:atemp>
      <gpxtpx:hr>126</gpxtpx:hr>
     </gpxtpx:TrackPointExtension>
    </extensions>
   </trkpt>
   <trkpt lat="-33.4589260" lon="151.0368620">
    <ele>-14.2</ele>
    <time>2021-09-01T05:30:41Z</time>
    <extensions>
     <gpxtpx:TrackPointExtension>
      <gpxtpx:atemp>30</gpxtpx:atemp>
      <gpxtpx:hr>125</gpxtpx:hr>
     </gpxtpx:TrackPointExtension>
    </extensions>
   </trkpt>
   <trkpt lat="-33.4589350" lon="151.0368770">
    <ele>-14.2</ele>
    <time>2021-09-01T05:30:42Z</time>
    <extensions>
     <gpxtpx:TrackPointExtension>
      <gpxtpx:atemp>30</gpxtpx:atemp>
      <gpxtpx:hr>122</gpxtpx:hr>
     </gpxtpx:TrackPointExtension>
    </extensions>
   </trkpt>
   <trkpt lat="-33.4589370" lon="151.0368980">
    <ele>-14.0</ele>
    <time>2021-09-01T05:30:43Z</time>
    <extensions>
     <gpxtpx:TrackPointExtension>
      <gpxtpx:atemp>30</gpxtpx:atemp>
      <gpxtpx:hr>119</gpxtpx:hr>
     </gpxtpx:TrackPointExtension>
    </extensions>
   </trkpt>
   <trkpt lat="-33.4589330" lon="151.0369170">
    <ele>-13.8</ele>
    <time>2021-09-01T05:30:44Z</time>
    <extensions>
     <gpxtpx:TrackPointExtension>
      <gpxtpx:atemp>30</gpxtpx:atemp>
      <gpxtpx:hr>116</gpxtpx:hr>
     </gpxtpx:TrackPointExtension>
    </extensions>
   </trkpt>
   <trkpt lat="-33.4589310" lon="151.0369410">
    <ele>-13.6</ele>
    <time>2021-09-01T05:30:45Z</time>
    <extensions>
     <gpxtpx:TrackPointExtension>
      <gpxtpx:atemp>30</gpxtpx:atemp>
      <gpxtpx:hr>113</gpxtpx:hr>
     </gpxtpx:TrackPointExtension>
    </extensions>
   </trkpt>
   <trkpt lat="-33.4589310" lon="151.0370120">
    <ele>-13.4</ele>
    <time>2021-09-01T05:30:47Z</time>
    <extensions>
     <gpxtpx:TrackPointExtension>
      <gpxtpx:atemp>30</gpxtpx:atemp>
      <gpxtpx:hr>112</gpxtpx:hr>
     </gpxtpx:TrackPointExtension>
    </extensions>
   </trkpt>
   <trkpt lat="-33.4589390" lon="151.0372120">
    <ele>-13.8</ele>
    <time>2021-09-01T05:30:53Z</time>
    <extensions>
     <gpxtpx:TrackPointExtension>
      <gpxtpx:atemp>30</gpxtpx:atemp>
      <gpxtpx:hr>110</gpxtpx:hr>
     </gpxtpx:TrackPointExtension>
    </extensions>
   </trkpt>
   <trkpt lat="-33.4589360" lon="151.0372270">
    <ele>-13.8</ele>
    <time>2021-09-01T05:30:54Z</time>
    <extensions>
     <gpxtpx:TrackPointExtension>
      <gpxtpx:atemp>30</gpxtpx:atemp>
      <gpxtpx:hr>110</gpxtpx:hr>
     </gpxtpx:TrackPointExtension>
    </extensions>
   </trkpt>
   <trkpt lat="-33.4589300" lon="151.0372860">
    <ele>-14.0</ele>
    <time>2021-09-01T05:30:57Z</time>
    <extensions>
     <gpxtpx:TrackPointExtension>
      <gpxtpx:atemp>30</gpxtpx:atemp>
      <gpxtpx:hr>109</gpxtpx:hr>
     </gpxtpx:TrackPointExtension>
    </extensions>
   </trkpt>
   <trkpt lat="-33.4589330" lon="151.0373790">
    <ele>-15.0</ele>
    <time>2021-09-01T05:31:00Z</time>
    <extensions>
     <gpxtpx:TrackPointExtension>
      <gpxtpx:atemp>30</gpxtpx:atemp>
      <gpxtpx:hr>110</gpxtpx:hr>
     </gpxtpx:TrackPointExtension>
    </extensions>
   </trkpt>
   <trkpt lat="-33.4589230" lon="151.0374340">
    <ele>-16.2</ele>
    <time>2021-09-01T05:31:02Z</time>
    <extensions>
     <gpxtpx:TrackPointExtension>
      <gpxtpx:atemp>30</gpxtpx:atemp>
      <gpxtpx:hr>109</gpxtpx:hr>
     </gpxtpx:TrackPointExtension>
    </extensions>
   </trkpt>
   <trkpt lat="-33.4589010" lon="151.0374710">
    <ele>-17.6</ele>
    <time>2021-09-01T05:31:04Z</time>
    <extensions>
     <gpxtpx:TrackPointExtension>
      <gpxtpx:atemp>30</gpxtpx:atemp>
      <gpxtpx:hr>107</gpxtpx:hr>
     </gpxtpx:TrackPointExtension>
    </extensions>
   </trkpt>
   <trkpt lat="-33.4588690" lon="151.0374740">
    <ele>-18.4</ele>
    <time>2021-09-01T05:31:06Z</time>
    <extensions>
     <gpxtpx:TrackPointExtension>
      <gpxtpx:atemp>30</gpxtpx:atemp>
      <gpxtpx:hr>107</gpxtpx:hr>
     </gpxtpx:TrackPointExtension>
    </extensions>
   </trkpt>
   <trkpt lat="-33.4588620" lon="151.0374710">
    <ele>-18.8</ele>
    <time>2021-09-01T05:31:07Z</time>
    <extensions>
     <gpxtpx:TrackPointExtension>
      <gpxtpx:atemp>30</gpxtpx:atemp>
      <gpxtpx:hr>107</gpxtpx:hr>
     </gpxtpx:TrackPointExtension>
    </extensions>
   </trkpt>
   <trkpt lat="-33.4588680" lon="151.0374510">
    <ele>-19.0</ele>
    <time>2021-09-01T05:31:09Z</time>
    <extensions>
     <gpxtpx:TrackPointExtension>
      <gpxtpx:atemp>30</gpxtpx:atemp>
      <gpxtpx:hr>108</gpxtpx:hr>
     </gpxtpx:TrackPointExtension>
    </extensions>
   </trkpt>
   <trkpt lat="-33.4588720" lon="151.0374380">
    <ele>-19.0</ele>
    <time>2021-09-01T05:31:10Z</time>
    <extensions>
     <gpxtpx:TrackPointExtension>
      <gpxtpx:atemp>30</gpxtpx:atemp>
      <gpxtpx:hr>108</gpxtpx:hr>
     </gpxtpx:TrackPointExtension>
    </extensions>
   </trkpt>
   <trkpt lat="-33.4588660" lon="151.0374240">
    <ele>-18.6</ele>
    <time>2021-09-01T05:31:11Z</time>
    <extensions>
     <gpxtpx:TrackPointExtension>
      <gpxtpx:atemp>30</gpxtpx:atemp>
      <gpxtpx:hr>108</gpxtpx:hr>
     </gpxtpx:TrackPointExtension>
    </extensions>
   </trkpt>
   <trkpt lat="-33.4588190" lon="151.0374130">
    <ele>-18.4</ele>
    <time>2021-09-01T05:31:14Z</time>
    <extensions>
     <gpxtpx:TrackPointExtension>
      <gpxtpx:atemp>30</gpxtpx:atemp>
      <gpxtpx:hr>106</gpxtpx:hr>
     </gpxtpx:TrackPointExtension>
    </extensions>
   </trkpt>
   <trkpt lat="-33.4588090" lon="151.0374050">
    <ele>-18.6</ele>
    <time>2021-09-01T05:31:15Z</time>
    <extensions>
     <gpxtpx:TrackPointExtension>
      <gpxtpx:atemp>30</gpxtpx:atemp>
      <gpxtpx:hr>106</gpxtpx:hr>
     </gpxtpx:TrackPointExtension>
    </extensions>
   </trkpt>
   <trkpt lat="-33.4587930" lon="151.0373910">
    <ele>-19.2</ele>
    <time>2021-09-01T05:31:19Z</time>
    <extensions>
     <gpxtpx:TrackPointExtension>
      <gpxtpx:atemp>30</gpxtpx:atemp>
      <gpxtpx:hr>106</gpxtpx:hr>
     </gpxtpx:TrackPointExtension>
    </extensions>
   </trkpt>
   <trkpt lat="-33.4588020" lon="151.0373490">
    <ele>-19.0</ele>
    <time>2021-09-01T05:31:28Z</time>
    <extensions>
     <gpxtpx:TrackPointExtension>
      <gpxtpx:atemp>30</gpxtpx:atemp>
      <gpxtpx:hr>109</gpxtpx:hr>
     </gpxtpx:TrackPointExtension>
    </extensions>
   </trkpt>
   <trkpt lat="-33.4588010" lon="151.0373460">
    <ele>-19.0</ele>
    <time>2021-09-01T05:31:29Z</time>
    <extensions>
     <gpxtpx:TrackPointExtension>
      <gpxtpx:atemp>30</gpxtpx:atemp>
      <gpxtpx:hr>106</gpxtpx:hr>
     </gpxtpx:TrackPointExtension>
    </extensions>
   </trkpt>
   <trkpt lat="-33.4587960" lon="151.0373460">
    <ele>-18.8</ele>
    <time>2021-09-01T05:31:41Z</time>
    <extensions>
     <gpxtpx:TrackPointExtension>
      <gpxtpx:atemp>30</gpxtpx:atemp>
      <gpxtpx:hr>109</gpxtpx:hr>
     </gpxtpx:TrackPointExtension>
    </extensions>
   </trkpt>
   <trkpt lat="-33.4587960" lon="151.0373450">
    <ele>-19.0</ele>
    <time>2021-09-01T05:31:43Z</time>
    <extensions>
     <gpxtpx:TrackPointExtension>
      <gpxtpx:atemp>30</gpxtpx:atemp>
      <gpxtpx:hr>112</gpxtpx:hr>
     </gpxtpx:TrackPointExtension>
    </extensions>
   </trkpt>
   <trkpt lat="-33.4587970" lon="151.0373460">
    <ele>-19.0</ele>
    <time>2021-09-01T05:31:44Z</time>
    <extensions>
     <gpxtpx:TrackPointExtension>
      <gpxtpx:atemp>30</gpxtpx:atemp>
      <gpxtpx:hr>112</gpxtpx:hr>
     </gpxtpx:TrackPointExtension>
    </extensions>
   </trkpt>
   <trkpt lat="-33.4587970" lon="151.0373480">
    <ele>-19.2</ele>
    <time>2021-09-01T05:31:48Z</time>
    <extensions>
     <gpxtpx:TrackPointExtension>
      <gpxtpx:atemp>30</gpxtpx:atemp>
      <gpxtpx:hr>115</gpxtpx:hr>
     </gpxtpx:TrackPointExtension>
    </extensions>
   </trkpt>
   <trkpt lat="-33.4587990" lon="151.0373480">
    <ele>-19.2</ele>
    <time>2021-09-01T05:31:50Z</time>
    <extensions>
     <gpxtpx:TrackPointExtension>
      <gpxtpx:atemp>30</gpxtpx:atemp>
      <gpxtpx:hr>118</gpxtpx:hr>
     </gpxtpx:TrackPointExtension>
    </extensions>
   </trkpt>
   <trkpt lat="-33.4588240" lon="151.0373290">
    <ele>-19.2</ele>
    <time>2021-09-01T05:31:56Z</time>
    <extensions>
     <gpxtpx:TrackPointExtension>
      <gpxtpx:atemp>30</gpxtpx:atemp>
      <gpxtpx:hr>120</gpxtpx:hr>
     </gpxtpx:TrackPointExtension>
    </extensions>
   </trkpt>
   <trkpt lat="-33.4588430" lon="151.0373130">
    <ele>-18.8</ele>
    <time>2021-09-01T05:31:58Z</time>
    <extensions>
     <gpxtpx:TrackPointExtension>
      <gpxtpx:atemp>30</gpxtpx:atemp>
      <gpxtpx:hr>122</gpxtpx:hr>
     </gpxtpx:TrackPointExtension>
    </extensions>
   </trkpt>
   <trkpt lat="-33.4588600" lon="151.0372560">
    <ele>-18.4</ele>
    <time>2021-09-01T05:32:01Z</time>
    <extensions>
     <gpxtpx:TrackPointExtension>
      <gpxtpx:atemp>30</gpxtpx:atemp>
      <gpxtpx:hr>123</gpxtpx:hr>
     </gpxtpx:TrackPointExtension>
    </extensions>
   </trkpt>
   <trkpt lat="-33.4588870" lon="151.0372300">
    <ele>-18.2</ele>
    <time>2021-09-01T05:32:03Z</time>
    <extensions>
     <gpxtpx:TrackPointExtension>
      <gpxtpx:atemp>30</gpxtpx:atemp>
      <gpxtpx:hr>126</gpxtpx:hr>
     </gpxtpx:TrackPointExtension>
    </extensions>
   </trkpt>
   <trkpt lat="-33.4589000" lon="151.0372380">
    <ele>-17.2</ele>
    <time>2021-09-01T05:32:04Z</time>
    <extensions>
     <gpxtpx:TrackPointExtension>
      <gpxtpx:atemp>30</gpxtpx:atemp>
      <gpxtpx:hr>124</gpxtpx:hr>
     </gpxtpx:TrackPointExtension>
    </extensions>
   </trkpt>
   <trkpt lat="-33.4589150" lon="151.0372550">
    <ele>-16.6</ele>
    <time>2021-09-01T05:32:05Z</time>
    <extensions>
     <gpxtpx:TrackPointExtension>
      <gpxtpx:atemp>30</gpxtpx:atemp>
      <gpxtpx:hr>125</gpxtpx:hr>
     </gpxtpx:TrackPointExtension>
    </extensions>
   </trkpt>
   <trkpt lat="-33.4589610" lon="151.0372970">
    <ele>-15.8</ele>
    <time>2021-09-01T05:32:07Z</time>
    <extensions>
     <gpxtpx:TrackPointExtension>
      <gpxtpx:atemp>30</gpxtpx:atemp>
      <gpxtpx:hr>127</gpxtpx:hr>
     </gpxtpx:TrackPointExtension>
    </extensions>
   </trkpt>
   <trkpt lat="-33.4589910" lon="151.0373250">
    <ele>-14.8</ele>
    <time>2021-09-01T05:32:09Z</time>
    <extensions>
     <gpxtpx:TrackPointExtension>
      <gpxtpx:atemp>30</gpxtpx:atemp>
      <gpxtpx:hr>129</gpxtpx:hr>
     </gpxtpx:TrackPointExtension>
    </extensions>
   </trkpt>
   <trkpt lat="-33.4590080" lon="151.0373300">
    <ele>-14.2</ele>
    <time>2021-09-01T05:32:10Z</time>
    <extensions>
     <gpxtpx:TrackPointExtension>
      <gpxtpx:atemp>30</gpxtpx:atemp>
      <gpxtpx:hr>130</gpxtpx:hr>
     </gpxtpx:TrackPointExtension>
    </extensions>
   </trkpt>
   <trkpt lat="-33.4590470" lon="151.0373270">
    <ele>-13.4</ele>
    <time>2021-09-01T05:32:12Z</time>
    <extensions>
     <gpxtpx:TrackPointExtension>
      <gpxtpx:atemp>30</gpxtpx:atemp>
      <gpxtpx:hr>132</gpxtpx:hr>
     </gpxtpx:TrackPointExtension>
    </extensions>
   </trkpt>
   <trkpt lat="-33.4590580" lon="151.0373150">
    <ele>-13.2</ele>
    <time>2021-09-01T05:32:13Z</time>
    <extensions>
     <gpxtpx:TrackPointExtension>
      <gpxtpx:atemp>30</gpxtpx:atemp>
      <gpxtpx:hr>132</gpxtpx:hr>
     </gpxtpx:TrackPointExtension>
    </extensions>
   </trkpt>
   <trkpt lat="-33.4590600" lon="151.0372980">
    <ele>-12.8</ele>
    <time>2021-09-01T05:32:14Z</time>
    <extensions>
     <gpxtpx:TrackPointExtension>
      <gpxtpx:atemp>30</gpxtpx:atemp>
      <gpxtpx:hr>132</gpxtpx:hr>
     </gpxtpx:TrackPointExtension>
    </extensions>
   </trkpt>
   <trkpt lat="-33.4590320" lon="151.0372460">
    <ele>-12.6</ele>
    <time>2021-09-01T05:32:16Z</time>
    <extensions>
     <gpxtpx:TrackPointExtension>
      <gpxtpx:atemp>30</gpxtpx:atemp>
      <gpxtpx:hr>132</gpxtpx:hr>
     </gpxtpx:TrackPointExtension>
    </extensions>
   </trkpt>
   <trkpt lat="-33.4589550" lon="151.0370560">
    <ele>-13.4</ele>
    <time>2021-09-01T05:32:21Z</time>
    <extensions>
     <gpxtpx:TrackPointExtension>
      <gpxtpx:atemp>30</gpxtpx:atemp>
      <gpxtpx:hr>129</gpxtpx:hr>
     </gpxtpx:TrackPointExtension>
    </extensions>
   </trkpt>
   <trkpt lat="-33.4589750" lon="151.0370190">
    <ele>-13.6</ele>
    <time>2021-09-01T05:32:22Z</time>
    <extensions>
     <gpxtpx:TrackPointExtension>
      <gpxtpx:atemp>30</gpxtpx:atemp>
      <gpxtpx:hr>124</gpxtpx:hr>
     </gpxtpx:TrackPointExtension>
    </extensions>
   </trkpt>
   <trkpt lat="-33.4590150" lon="151.0370040">
    <ele>-13.6</ele>
    <time>2021-09-01T05:32:23Z</time>
    <extensions>
     <gpxtpx:TrackPointExtension>
      <gpxtpx:atemp>30</gpxtpx:atemp>
      <gpxtpx:hr>125</gpxtpx:hr>
     </gpxtpx:TrackPointExtension>
    </extensions>
   </trkpt>
   <trkpt lat="-33.4590520" lon="151.0369910">
    <ele>-13.8</ele>
    <time>2021-09-01T05:32:24Z</time>
    <extensions>
     <gpxtpx:TrackPointExtension>
      <gpxtpx:atemp>30</gpxtpx:atemp>
      <gpxtpx:hr>124</gpxtpx:hr>
     </gpxtpx:TrackPointExtension>
    </extensions>
   </trkpt>
   <trkpt lat="-33.4590740" lon="151.0369710">
    <ele>-13.0</ele>
    <time>2021-09-01T05:32:25Z</time>
    <extensions>
     <gpxtpx:TrackPointExtension>
      <gpxtpx:atemp>30</gpxtpx:atemp>
      <gpxtpx:hr>120</gpxtpx:hr>
     </gpxtpx:TrackPointExtension>
    </extensions>
   </trkpt>
   <trkpt lat="-33.4590820" lon="151.0369490">
    <ele>-12.0</ele>
    <time>2021-09-01T05:32:26Z</time>
    <extensions>
     <gpxtpx:TrackPointExtension>
      <gpxtpx:atemp>30</gpxtpx:atemp>
      <gpxtpx:hr>117</gpxtpx:hr>
     </gpxtpx:TrackPointExtension>
    </extensions>
   </trkpt>
   <trkpt lat="-33.4590800" lon="151.0369270">
    <ele>-11.2</ele>
    <time>2021-09-01T05:32:27Z</time>
    <extensions>
     <gpxtpx:TrackPointExtension>
      <gpxtpx:atemp>30</gpxtpx:atemp>
      <gpxtpx:hr>115</gpxtpx:hr>
     </gpxtpx:TrackPointExtension>
    </extensions>
   </trkpt>
   <trkpt lat="-33.4590530" lon="151.0369420">
    <ele>-10.6</ele>
    <time>2021-09-01T05:32:30Z</time>
    <extensions>
     <gpxtpx:TrackPointExtension>
      <gpxtpx:atemp>30</gpxtpx:atemp>
      <gpxtpx:hr>112</gpxtpx:hr>
     </gpxtpx:TrackPointExtension>
    </extensions>
   </trkpt>
   <trkpt lat="-33.4590160" lon="151.0369940">
    <ele>-10.6</ele>
    <time>2021-09-01T05:32:32Z</time>
    <extensions>
     <gpxtpx:TrackPointExtension>
      <gpxtpx:atemp>30</gpxtpx:atemp>
      <gpxtpx:hr>112</gpxtpx:hr>
     </gpxtpx:TrackPointExtension>
    </extensions>
   </trkpt>
   <trkpt lat="-33.4589780" lon="151.0370080">
    <ele>-10.8</ele>
    <time>2021-09-01T05:32:33Z</time>
    <extensions>
     <gpxtpx:TrackPointExtension>
      <gpxtpx:atemp>30</gpxtpx:atemp>
      <gpxtpx:hr>112</gpxtpx:hr>
     </gpxtpx:TrackPointExtension>
    </extensions>
   </trkpt>
   <trkpt lat="-33.4589510" lon="151.0370000">
    <ele>-11.2</ele>
    <time>2021-09-01T05:32:34Z</time>
    <extensions>
     <gpxtpx:TrackPointExtension>
      <gpxtpx:atemp>30</gpxtpx:atemp>
      <gpxtpx:hr>112</gpxtpx:hr>
     </gpxtpx:TrackPointExtension>
    </extensions>
   </trkpt>
   <trkpt lat="-33.4589420" lon="151.0369770">
    <ele>-12.4</ele>
    <time>2021-09-01T05:32:35Z</time>
    <extensions>
     <gpxtpx:TrackPointExtension>
      <gpxtpx:atemp>30</gpxtpx:atemp>
      <gpxtpx:hr>112</gpxtpx:hr>
     </gpxtpx:TrackPointExtension>
    </extensions>
   </trkpt>
   <trkpt lat="-33.4589380" lon="151.0369460">
    <ele>-13.0</ele>
    <time>2021-09-01T05:32:36Z</time>
    <extensions>
     <gpxtpx:TrackPointExtension>
      <gpxtpx:atemp>30</gpxtpx:atemp>
      <gpxtpx:hr>113</gpxtpx:hr>
     </gpxtpx:TrackPointExtension>
    </extensions>
   </trkpt>
   <trkpt lat="-33.4589370" lon="151.0369150">
    <ele>-13.4</ele>
    <time>2021-09-01T05:32:37Z</time>
    <extensions>
     <gpxtpx:TrackPointExtension>
      <gpxtpx:atemp>30</gpxtpx:atemp>
      <gpxtpx:hr>113</gpxtpx:hr>
     </gpxtpx:TrackPointExtension>
    </extensions>
   </trkpt>
   <trkpt lat="-33.4588900" lon="151.0368680">
    <ele>-13.8</ele>
    <time>2021-09-01T05:32:39Z</time>
    <extensions>
     <gpxtpx:TrackPointExtension>
      <gpxtpx:atemp>30</gpxtpx:atemp>
      <gpxtpx:hr>112</gpxtpx:hr>
     </gpxtpx:TrackPointExtension>
    </extensions>
   </trkpt>
   <trkpt lat="-33.4588540" lon="151.0368440">
    <ele>-13.8</ele>
    <time>2021-09-01T05:32:41Z</time>
    <extensions>
     <gpxtpx:TrackPointExtension>
      <gpxtpx:atemp>30</gpxtpx:atemp>
      <gpxtpx:hr>111</gpxtpx:hr>
     </gpxtpx:TrackPointExtension>
    </extensions>
   </trkpt>
   <trkpt lat="-33.4588480" lon="151.0368250">
    <ele>-14.0</ele>
    <time>2021-09-01T05:32:43Z</time>
    <extensions>
     <gpxtpx:TrackPointExtension>
      <gpxtpx:atemp>30</gpxtpx:atemp>
      <gpxtpx:hr>110</gpxtpx:hr>
     </gpxtpx:TrackPointExtension>
    </extensions>
   </trkpt>
   <trkpt lat="-33.4588660" lon="151.0368180">
    <ele>-13.8</ele>
    <time>2021-09-01T05:32:52Z</time>
    <extensions>
     <gpxtpx:TrackPointExtension>
      <gpxtpx:atemp>30</gpxtpx:atemp>
      <gpxtpx:hr>108</gpxtpx:hr>
     </gpxtpx:TrackPointExtension>
    </extensions>
   </trkpt>
   <trkpt lat="-33.4588770" lon="151.0368310">
    <ele>-13.8</ele>
    <time>2021-09-01T05:32:59Z</time>
    <extensions>
     <gpxtpx:TrackPointExtension>
      <gpxtpx:atemp>30</gpxtpx:atemp>
      <gpxtpx:hr>109</gpxtpx:hr>
     </gpxtpx:TrackPointExtension>
    </extensions>
   </trkpt>
   <trkpt lat="-33.4588810" lon="151.0368420">
    <ele>-13.8</ele>
    <time>2021-09-01T05:33:01Z</time>
    <extensions>
     <gpxtpx:TrackPointExtension>
      <gpxtpx:atemp>30</gpxtpx:atemp>
      <gpxtpx:hr>107</gpxtpx:hr>
     </gpxtpx:TrackPointExtension>
    </extensions>
   </trkpt>
   <trkpt lat="-33.4588900" lon="151.0368600">
    <ele>-14.0</ele>
    <time>2021-09-01T05:33:05Z</time>
    <extensions>
     <gpxtpx:TrackPointExtension>
      <gpxtpx:atemp>30</gpxtpx:atemp>
      <gpxtpx:hr>108</gpxtpx:hr>
     </gpxtpx:TrackPointExtension>
    </extensions>
   </trkpt>
   <trkpt lat="-33.4588870" lon="151.0368580">
    <ele>-14.6</ele>
    <time>2021-09-01T05:33:08Z</time>
    <extensions>
     <gpxtpx:TrackPointExtension>
      <gpxtpx:atemp>30</gpxtpx:atemp>
      <gpxtpx:hr>111</gpxtpx:hr>
     </gpxtpx:TrackPointExtension>
    </extensions>
   </trkpt>
   <trkpt lat="-33.4588870" lon="151.0368570">
    <ele>-15.2</ele>
    <time>2021-09-01T05:33:11Z</time>
    <extensions>
     <gpxtpx:TrackPointExtension>
      <gpxtpx:atemp>30</gpxtpx:atemp>
      <gpxtpx:hr>114</gpxtpx:hr>
     </gpxtpx:TrackPointExtension>
    </extensions>
   </trkpt>
   <trkpt lat="-33.4588880" lon="151.0368570">
    <ele>-15.2</ele>
    <time>2021-09-01T05:33:13Z</time>
    <extensions>
     <gpxtpx:TrackPointExtension>
      <gpxtpx:atemp>30</gpxtpx:atemp>
      <gpxtpx:hr>113</gpxtpx:hr>
     </gpxtpx:TrackPointExtension>
    </extensions>
   </trkpt>
   <trkpt lat="-33.4588900" lon="151.0368550">
    <ele>-15.0</ele>
    <time>2021-09-01T05:33:22Z</time>
    <extensions>
     <gpxtpx:TrackPointExtension>
      <gpxtpx:atemp>30</gpxtpx:atemp>
      <gpxtpx:hr>114</gpxtpx:hr>
     </gpxtpx:TrackPointExtension>
    </extensions>
   </trkpt>
   <trkpt lat="-33.4588900" lon="151.0368610">
    <ele>-15.0</ele>
    <time>2021-09-01T05:33:31Z</time>
    <extensions>
     <gpxtpx:TrackPointExtension>
      <gpxtpx:atemp>30</gpxtpx:atemp>
      <gpxtpx:hr>112</gpxtpx:hr>
     </gpxtpx:TrackPointExtension>
    </extensions>
   </trkpt>
   <trkpt lat="-33.4588880" lon="151.0368580">
    <ele>-15.2</ele>
    <time>2021-09-01T05:33:40Z</time>
    <extensions>
     <gpxtpx:TrackPointExtension>
      <gpxtpx:atemp>30</gpxtpx:atemp>
      <gpxtpx:hr>113</gpxtpx:hr>
     </gpxtpx:TrackPointExtension>
    </extensions>
   </trkpt>
   <trkpt lat="-33.4588890" lon="151.0368570">
    <ele>-15.6</ele>
    <time>2021-09-01T05:33:50Z</time>
    <extensions>
     <gpxtpx:TrackPointExtension>
      <gpxtpx:atemp>30</gpxtpx:atemp>
      <gpxtpx:hr>116</gpxtpx:hr>
     </gpxtpx:TrackPointExtension>
    </extensions>
   </trkpt>
   <trkpt lat="-33.4588860" lon="151.0368570">
    <ele>-15.6</ele>
    <time>2021-09-01T05:33:51Z</time>
    <extensions>
     <gpxtpx:TrackPointExtension>
      <gpxtpx:atemp>30</gpxtpx:atemp>
      <gpxtpx:hr>117</gpxtpx:hr>
     </gpxtpx:TrackPointExtension>
    </extensions>
   </trkpt>
   <trkpt lat="-33.4588860" lon="151.0368570">
    <ele>-15.8</ele>
    <time>2021-09-01T05:33:53Z</time>
    <extensions>
     <gpxtpx:TrackPointExtension>
      <gpxtpx:atemp>30</gpxtpx:atemp>
      <gpxtpx:hr>117</gpxtpx:hr>
     </gpxtpx:TrackPointExtension>
    </extensions>
   </trkpt>
   <trkpt lat="-33.4588900" lon="151.0368590">
    <ele>-15.8</ele>
    <time>2021-09-01T05:33:59Z</time>
    <extensions>
     <gpxtpx:TrackPointExtension>
      <gpxtpx:atemp>30</gpxtpx:atemp>
      <gpxtpx:hr>114</gpxtpx:hr>
     </gpxtpx:TrackPointExtension>
    </extensions>
   </trkpt>
   <trkpt lat="-33.4588880" lon="151.0368620">
    <ele>-15.8</ele>
    <time>2021-09-01T05:34:01Z</time>
    <extensions>
     <gpxtpx:TrackPointExtension>
      <gpxtpx:atemp>30</gpxtpx:atemp>
      <gpxtpx:hr>111</gpxtpx:hr>
     </gpxtpx:TrackPointExtension>
    </extensions>
   </trkpt>
   <trkpt lat="-33.4588830" lon="151.0368670">
    <ele>-15.8</ele>
    <time>2021-09-01T05:34:04Z</time>
    <extensions>
     <gpxtpx:TrackPointExtension>
      <gpxtpx:atemp>30</gpxtpx:atemp>
      <gpxtpx:hr>109</gpxtpx:hr>
     </gpxtpx:TrackPointExtension>
    </extensions>
   </trkpt>
   <trkpt lat="-33.4588970" lon="151.0368730">
    <ele>-15.4</ele>
    <time>2021-09-01T05:34:10Z</time>
    <extensions>
     <gpxtpx:TrackPointExtension>
      <gpxtpx:atemp>30</gpxtpx:atemp>
      <gpxtpx:hr>109</gpxtpx:hr>
     </gpxtpx:TrackPointExtension>
    </extensions>
   </trkpt>
   <trkpt lat="-33.4589080" lon="151.0368690">
    <ele>-15.4</ele>
    <time>2021-09-01T05:34:11Z</time>
    <extensions>
     <gpxtpx:TrackPointExtension>
      <gpxtpx:atemp>30</gpxtpx:atemp>
      <gpxtpx:hr>110</gpxtpx:hr>
     </gpxtpx:TrackPointExtension>
    </extensions>
   </trkpt>
   <trkpt lat="-33.4589380" lon="151.0368230">
    <ele>-15.0</ele>
    <time>2021-09-01T05:34:13Z</time>
    <extensions>
     <gpxtpx:TrackPointExtension>
      <gpxtpx:atemp>30</gpxtpx:atemp>
      <gpxtpx:hr>107</gpxtpx:hr>
     </gpxtpx:TrackPointExtension>
    </extensions>
   </trkpt>
   <trkpt lat="-33.4589520" lon="151.0367880">
    <ele>-14.6</ele>
    <time>2021-09-01T05:34:14Z</time>
    <extensions>
     <gpxtpx:TrackPointExtension>
      <gpxtpx:atemp>30</gpxtpx:atemp>
      <gpxtpx:hr>108</gpxtpx:hr>
     </gpxtpx:TrackPointExtension>
    </extensions>
   </trkpt>
   <trkpt lat="-33.4589560" lon="151.0367600">
    <ele>-14.0</ele>
    <time>2021-09-01T05:34:15Z</time>
    <extensions>
     <gpxtpx:TrackPointExtension>
      <gpxtpx:atemp>30</gpxtpx:atemp>
      <gpxtpx:hr>108</gpxtpx:hr>
     </gpxtpx:TrackPointExtension>
    </extensions>
   </trkpt>
   <trkpt lat="-33.4589570" lon="151.0367400">
    <ele>-13.4</ele>
    <time>2021-09-01T05:34:16Z</time>
    <extensions>
     <gpxtpx:TrackPointExtension>
      <gpxtpx:atemp>30</gpxtpx:atemp>
      <gpxtpx:hr>107</gpxtpx:hr>
     </gpxtpx:TrackPointExtension>
    </extensions>
   </trkpt>
   <trkpt lat="-33.4589630" lon="151.0367310">
    <ele>-13.2</ele>
    <time>2021-09-01T05:34:17Z</time>
    <extensions>
     <gpxtpx:TrackPointExtension>
      <gpxtpx:atemp>30</gpxtpx:atemp>
      <gpxtpx:hr>108</gpxtpx:hr>
     </gpxtpx:TrackPointExtension>
    </extensions>
   </trkpt>
   <trkpt lat="-33.4589840" lon="151.0367450">
    <ele>-12.8</ele>
    <time>2021-09-01T05:34:19Z</time>
    <extensions>
     <gpxtpx:TrackPointExtension>
      <gpxtpx:atemp>30</gpxtpx:atemp>
      <gpxtpx:hr>110</gpxtpx:hr>
     </gpxtpx:TrackPointExtension>
    </extensions>
   </trkpt>
   <trkpt lat="-33.4590050" lon="151.0367710">
    <ele>-12.6</ele>
    <time>2021-09-01T05:34:20Z</time>
    <extensions>
     <gpxtpx:TrackPointExtension>
      <gpxtpx:atemp>30</gpxtpx:atemp>
      <gpxtpx:hr>112</gpxtpx:hr>
     </gpxtpx:TrackPointExtension>
    </extensions>
   </trkpt>
   <trkpt lat="-33.4590710" lon="151.0368250">
    <ele>-12.0</ele>
    <time>2021-09-01T05:34:22Z</time>
    <extensions>
     <gpxtpx:TrackPointExtension>
      <gpxtpx:atemp>30</gpxtpx:atemp>
      <gpxtpx:hr>114</gpxtpx:hr>
     </gpxtpx:TrackPointExtension>
    </extensions>
   </trkpt>
   <trkpt lat="-33.4591860" lon="151.0368930">
    <ele>-10.4</ele>
    <time>2021-09-01T05:34:25Z</time>
    <extensions>
     <gpxtpx:TrackPointExtension>
      <gpxtpx:atemp>30</gpxtpx:atemp>
      <gpxtpx:hr>116</gpxtpx:hr>
     </gpxtpx:TrackPointExtension>
    </extensions>
   </trkpt>
   <trkpt lat="-33.4592410" lon="151.0369440">
    <ele>-9.4</ele>
    <time>2021-09-01T05:34:27Z</time>
    <extensions>
     <gpxtpx:TrackPointExtension>
      <gpxtpx:atemp>30</gpxtpx:atemp>
      <gpxtpx:hr>115</gpxtpx:hr>
     </gpxtpx:TrackPointExtension>
    </extensions>
   </trkpt>
   <trkpt lat="-33.4592730" lon="151.0369890">
    <ele>-8.4</ele>
    <time>2021-09-01T05:34:29Z</time>
    <extensions>
     <gpxtpx:TrackPointExtension>
      <gpxtpx:atemp>30</gpxtpx:atemp>
      <gpxtpx:hr>114</gpxtpx:hr>
     </gpxtpx:TrackPointExtension>
    </extensions>
   </trkpt>
   <trkpt lat="-33.4592810" lon="151.0370110">
    <ele>-8.2</ele>
    <time>2021-09-01T05:34:30Z</time>
    <extensions>
     <gpxtpx:TrackPointExtension>
      <gpxtpx:atemp>30</gpxtpx:atemp>
      <gpxtpx:hr>114</gpxtpx:hr>
     </gpxtpx:TrackPointExtension>
    </extensions>
   </trkpt>
   <trkpt lat="-33.4593040" lon="151.0370500">
    <ele>-8.0</ele>
    <time>2021-09-01T05:34:32Z</time>
    <extensions>
     <gpxtpx:TrackPointExtension>
      <gpxtpx:atemp>30</gpxtpx:atemp>
      <gpxtpx:hr>114</gpxtpx:hr>
     </gpxtpx:TrackPointExtension>
    </extensions>
   </trkpt>
   <trkpt lat="-33.4593370" lon="151.0370850">
    <ele>-8.2</ele>
    <time>2021-09-01T05:34:34Z</time>
    <extensions>
     <gpxtpx:TrackPointExtension>
      <gpxtpx:atemp>30</gpxtpx:atemp>
      <gpxtpx:hr>114</gpxtpx:hr>
     </gpxtpx:TrackPointExtension>
    </extensions>
   </trkpt>
   <trkpt lat="-33.4594300" lon="151.0372100">
    <ele>-9.0</ele>
    <time>2021-09-01T05:34:39Z</time>
    <extensions>
     <gpxtpx:TrackPointExtension>
      <gpxtpx:atemp>30</gpxtpx:atemp>
      <gpxtpx:hr>116</gpxtpx:hr>
     </gpxtpx:TrackPointExtension>
    </extensions>
   </trkpt>
   <trkpt lat="-33.4594840" lon="151.0373320">
    <ele>-9.6</ele>
    <time>2021-09-01T05:34:42Z</time>
    <extensions>
     <gpxtpx:TrackPointExtension>
      <gpxtpx:atemp>30</gpxtpx:atemp>
      <gpxtpx:hr>116</gpxtpx:hr>
     </gpxtpx:TrackPointExtension>
    </extensions>
   </trkpt>
   <trkpt lat="-33.4594860" lon="151.0373830">
    <ele>-10.6</ele>
    <time>2021-09-01T05:34:43Z</time>
    <extensions>
     <gpxtpx:TrackPointExtension>
      <gpxtpx:atemp>30</gpxtpx:atemp>
      <gpxtpx:hr>115</gpxtpx:hr>
     </gpxtpx:TrackPointExtension>
    </extensions>
   </trkpt>
   <trkpt lat="-33.4594870" lon="151.0375050">
    <ele>-11.8</ele>
    <time>2021-09-01T05:34:45Z</time>
    <extensions>
     <gpxtpx:TrackPointExtension>
      <gpxtpx:atemp>30</gpxtpx:atemp>
      <gpxtpx:hr>114</gpxtpx:hr>
     </gpxtpx:TrackPointExtension>
    </extensions>
   </trkpt>
   <trkpt lat="-33.4595120" lon="151.0375710">
    <ele>-12.6</ele>
    <time>2021-09-01T05:34:46Z</time>
    <extensions>
     <gpxtpx:TrackPointExtension>
      <gpxtpx:atemp>30</gpxtpx:atemp>
      <gpxtpx:hr>114</gpxtpx:hr>
     </gpxtpx:TrackPointExtension>
    </extensions>
   </trkpt>
   <trkpt lat="-33.4595450" lon="151.0376540">
    <ele>-13.4</ele>
    <time>2021-09-01T05:34:47Z</time>
    <extensions>
     <gpxtpx:TrackPointExtension>
      <gpxtpx:atemp>30</gpxtpx:atemp>
      <gpxtpx:hr>113</gpxtpx:hr>
     </gpxtpx:TrackPointExtension>
    </extensions>
   </trkpt>
   <trkpt lat="-33.4596250" lon="151.0377740">
    <ele>-14.0</ele>
    <time>2021-09-01T05:34:49Z</time>
    <extensions>
     <gpxtpx:TrackPointExtension>
      <gpxtpx:atemp>30</gpxtpx:atemp>
      <gpxtpx:hr>113</gpxtpx:hr>
     </gpxtpx:TrackPointExtension>
    </extensions>
   </trkpt>
   <trkpt lat="-33.4596630" lon="151.0378360">
    <ele>-14.0</ele>
    <time>2021-09-01T05:34:50Z</time>
    <extensions>
     <gpxtpx:TrackPointExtension>
      <gpxtpx:atemp>30</gpxtpx:atemp>
      <gpxtpx:hr>113</gpxtpx:hr>
     </gpxtpx:TrackPointExtension>
    </extensions>
   </trkpt>
   <trkpt lat="-33.4597370" lon="151.0378990">
    <ele>-13.6</ele>
    <time>2021-09-01T05:34:52Z</time>
    <extensions>
     <gpxtpx:TrackPointExtension>
      <gpxtpx:atemp>30</gpxtpx:atemp>
      <gpxtpx:hr>112</gpxtpx:hr>
     </gpxtpx:TrackPointExtension>
    </extensions>
   </trkpt>
   <trkpt lat="-33.4597760" lon="151.0379890">
    <ele>-13.2</ele>
    <time>2021-09-01T05:34:54Z</time>
    <extensions>
     <gpxtpx:TrackPointExtension>
      <gpxtpx:atemp>30</gpxtpx:atemp>
      <gpxtpx:hr>111</gpxtpx:hr>
     </gpxtpx:TrackPointExtension>
    </extensions>
   </trkpt>
   <trkpt lat="-33.4598630" lon="151.0381710">
    <ele>-12.8</ele>
    <time>2021-09-01T05:34:57Z</time>
    <extensions>
     <gpxtpx:TrackPointExtension>
      <gpxtpx:atemp>30</gpxtpx:atemp>
      <gpxtpx:hr>111</gpxtpx:hr>
     </gpxtpx:TrackPointExtension>
    </extensions>
   </trkpt>
   <trkpt lat="-33.4599610" lon="151.0383740">
    <ele>-12.4</ele>
    <time>2021-09-01T05:35:00Z</time>
    <extensions>
     <gpxtpx:TrackPointExtension>
      <gpxtpx:atemp>30</gpxtpx:atemp>
      <gpxtpx:hr>111</gpxtpx:hr>
     </gpxtpx:TrackPointExtension>
    </extensions>
   </trkpt>
   <trkpt lat="-33.4600000" lon="151.0384230">
    <ele>-12.4</ele>
    <time>2021-09-01T05:35:01Z</time>
    <extensions>
     <gpxtpx:TrackPointExtension>
      <gpxtpx:atemp>30</gpxtpx:atemp>
      <gpxtpx:hr>111</gpxtpx:hr>
     </gpxtpx:TrackPointExtension>
    </extensions>
   </trkpt>
   <trkpt lat="-33.4600400" lon="151.0384720">
    <ele>-12.2</ele>
    <time>2021-09-01T05:35:02Z</time>
    <extensions>
     <gpxtpx:TrackPointExtension>
      <gpxtpx:atemp>30</gpxtpx:atemp>
      <gpxtpx:hr>111</gpxtpx:hr>
     </gpxtpx:TrackPointExtension>
    </extensions>
   </trkpt>
   <trkpt lat="-33.4601790" lon="151.0386430">
    <ele>-11.2</ele>
    <time>2021-09-01T05:35:06Z</time>
    <extensions>
     <gpxtpx:TrackPointExtension>
      <gpxtpx:atemp>30</gpxtpx:atemp>
      <gpxtpx:hr>113</gpxtpx:hr>
     </gpxtpx:TrackPointExtension>
    </extensions>
   </trkpt>
   <trkpt lat="-33.4602060" lon="151.0386770">
    <ele>-11.2</ele>
    <time>2021-09-01T05:35:07Z</time>
    <extensions>
     <gpxtpx:TrackPointExtension>
      <gpxtpx:atemp>30</gpxtpx:atemp>
      <gpxtpx:hr>114</gpxtpx:hr>
     </gpxtpx:TrackPointExtension>
    </extensions>
   </trkpt>
   <trkpt lat="-33.4602630" lon="151.0387320">
    <ele>-10.2</ele>
    <time>2021-09-01T05:35:09Z</time>
    <extensions>
     <gpxtpx:TrackPointExtension>
      <gpxtpx:atemp>30</gpxtpx:atemp>
      <gpxtpx:hr>114</gpxtpx:hr>
     </gpxtpx:TrackPointExtension>
    </extensions>
   </trkpt>
   <trkpt lat="-33.4602960" lon="151.0387760">
    <ele>-9.8</ele>
    <time>2021-09-01T05:35:10Z</time>
    <extensions>
     <gpxtpx:TrackPointExtension>
      <gpxtpx:atemp>30</gpxtpx:atemp>
      <gpxtpx:hr>114</gpxtpx:hr>
     </gpxtpx:TrackPointExtension>
    </extensions>
   </trkpt>
   <trkpt lat="-33.4603220" lon="151.0388190">
    <ele>-9.2</ele>
    <time>2021-09-01T05:35:11Z</time>
    <extensions>
     <gpxtpx:TrackPointExtension>
      <gpxtpx:atemp>30</gpxtpx:atemp>
      <gpxtpx:hr>114</gpxtpx:hr>
     </gpxtpx:TrackPointExtension>
    </extensions>
   </trkpt>
   <trkpt lat="-33.4603900" lon="151.0389560">
    <ele>-8.4</ele>
    <time>2021-09-01T05:35:14Z</time>
    <extensions>
     <gpxtpx:TrackPointExtension>
      <gpxtpx:atemp>30</gpxtpx:atemp>
      <gpxtpx:hr>113</gpxtpx:hr>
     </gpxtpx:TrackPointExtension>
    </extensions>
   </trkpt>
   <trkpt lat="-33.4604290" lon="151.0389910">
    <ele>-8.2</ele>
    <time>2021-09-01T05:35:15Z</time>
    <extensions>
     <gpxtpx:TrackPointExtension>
      <gpxtpx:atemp>30</gpxtpx:atemp>
      <gpxtpx:hr>113</gpxtpx:hr>
     </gpxtpx:TrackPointExtension>
    </extensions>
   </trkpt>
   <trkpt lat="-33.4604780" lon="151.0390160">
    <ele>-7.8</ele>
    <time>2021-09-01T05:35:16Z</time>
    <extensions>
     <gpxtpx:TrackPointExtension>
      <gpxtpx:atemp>30</gpxtpx:atemp>
      <gpxtpx:hr>113</gpxtpx:hr>
     </gpxtpx:TrackPointExtension>
    </extensions>
   </trkpt>
   <trkpt lat="-33.4605640" lon="151.0390590">
    <ele>-7.4</ele>
    <time>2021-09-01T05:35:18Z</time>
    <extensions>
     <gpxtpx:TrackPointExtension>
      <gpxtpx:atemp>30</gpxtpx:atemp>
      <gpxtpx:hr>112</gpxtpx:hr>
     </gpxtpx:TrackPointExtension>
    </extensions>
   </trkpt>
   <trkpt lat="-33.4606160" lon="151.0391050">
    <ele>-7.2</ele>
    <time>2021-09-01T05:35:19Z</time>
    <extensions>
     <gpxtpx:TrackPointExtension>
      <gpxtpx:atemp>30</gpxtpx:atemp>
      <gpxtpx:hr>113</gpxtpx:hr>
     </gpxtpx:TrackPointExtension>
    </extensions>
   </trkpt>
   <trkpt lat="-33.4607070" lon="151.0392060">
    <ele>-6.8</ele>
    <time>2021-09-01T05:35:21Z</time>
    <extensions>
     <gpxtpx:TrackPointExtension>
      <gpxtpx:atemp>30</gpxtpx:atemp>
      <gpxtpx:hr>113</gpxtpx:hr>
     </gpxtpx:TrackPointExtension>
    </extensions>
   </trkpt>
   <trkpt lat="-33.4607390" lon="151.0392520">
    <ele>-6.8</ele>
    <time>2021-09-01T05:35:22Z</time>
    <extensions>
     <gpxtpx:TrackPointExtension>
      <gpxtpx:atemp>30</gpxtpx:atemp>
      <gpxtpx:hr>114</gpxtpx:hr>
     </gpxtpx:TrackPointExtension>
    </extensions>
   </trkpt>
   <trkpt lat="-33.4607650" lon="151.0393020">
    <ele>-6.4</ele>
    <time>2021-09-01T05:35:23Z</time>
    <extensions>
     <gpxtpx:TrackPointExtension>
      <gpxtpx:atemp>30</gpxtpx:atemp>
      <gpxtpx:hr>114</gpxtpx:hr>
     </gpxtpx:TrackPointExtension>
    </extensions>
   </trkpt>
   <trkpt lat="-33.4608180" lon="151.0394050">
    <ele>-6.0</ele>
    <time>2021-09-01T05:35:25Z</time>
    <extensions>
     <gpxtpx:TrackPointExtension>
      <gpxtpx:atemp>30</gpxtpx:atemp>
      <gpxtpx:hr>115</gpxtpx:hr>
     </gpxtpx:TrackPointExtension>
    </extensions>
   </trkpt>
   <trkpt lat="-33.4609010" lon="151.0394840">
    <ele>-5.6</ele>
    <time>2021-09-01T05:35:27Z</time>
    <extensions>
     <gpxtpx:TrackPointExtension>
      <gpxtpx:atemp>30</gpxtpx:atemp>
      <gpxtpx:hr>115</gpxtpx:hr>
     </gpxtpx:TrackPointExtension>
    </extensions>
   </trkpt>
   <trkpt lat="-33.4610900" lon="151.0396200">
    <ele>-6.6</ele>
    <time>2021-09-01T05:35:32Z</time>
    <extensions>
     <gpxtpx:TrackPointExtension>
      <gpxtpx:atemp>30</gpxtpx:atemp>
      <gpxtpx:hr>113</gpxtpx:hr>
     </gpxtpx:TrackPointExtension>
    </extensions>
   </trkpt>
   <trkpt lat="-33.4611330" lon="151.0396220">
    <ele>-6.8</ele>
    <time>2021-09-01T05:35:33Z</time>
    <extensions>
     <gpxtpx:TrackPointExtension>
      <gpxtpx:atemp>30</gpxtpx:atemp>
      <gpxtpx:hr>112</gpxtpx:hr>
     </gpxtpx:TrackPointExtension>
    </extensions>
   </trkpt>
   <trkpt lat="-33.4611990" lon="151.0396500">
    <ele>-7.2</ele>
    <time>2021-09-01T05:35:35Z</time>
    <extensions>
     <gpxtpx:TrackPointExtension>
      <gpxtpx:atemp>30</gpxtpx:atemp>
      <gpxtpx:hr>112</gpxtpx:hr>
     </gpxtpx:TrackPointExtension>
    </extensions>
   </trkpt>
   <trkpt lat="-33.4612060" lon="151.0396790">
    <ele>-7.4</ele>
    <time>2021-09-01T05:35:36Z</time>
    <extensions>
     <gpxtpx:TrackPointExtension>
      <gpxtpx:atemp>30</gpxtpx:atemp>
      <gpxtpx:hr>112</gpxtpx:hr>
     </gpxtpx:TrackPointExtension>
    </extensions>
   </trkpt>
   <trkpt lat="-33.4612000" lon="151.0397260">
    <ele>-8.2</ele>
    <time>2021-09-01T05:35:37Z</time>
    <extensions>
     <gpxtpx:TrackPointExtension>
      <gpxtpx:atemp>30</gpxtpx:atemp>
      <gpxtpx:hr>112</gpxtpx:hr>
     </gpxtpx:TrackPointExtension>
    </extensions>
   </trkpt>
   <trkpt lat="-33.4612020" lon="151.0397820">
    <ele>-8.6</ele>
    <time>2021-09-01T05:35:38Z</time>
    <extensions>
     <gpxtpx:TrackPointExtension>
      <gpxtpx:atemp>30</gpxtpx:atemp>
      <gpxtpx:hr>112</gpxtpx:hr>
     </gpxtpx:TrackPointExtension>
    </extensions>
   </trkpt>
   <trkpt lat="-33.4612260" lon="151.0398400">
    <ele>-8.8</ele>
    <time>2021-09-01T05:35:39Z</time>
    <extensions>
     <gpxtpx:TrackPointExtension>
      <gpxtpx:atemp>30</gpxtpx:atemp>
      <gpxtpx:hr>112</gpxtpx:hr>
     </gpxtpx:TrackPointExtension>
    </extensions>
   </trkpt>
   <trkpt lat="-33.4613020" lon="151.0399330">
    <ele>-9.0</ele>
    <time>2021-09-01T05:35:41Z</time>
    <extensions>
     <gpxtpx:TrackPointExtension>
      <gpxtpx:atemp>30</gpxtpx:atemp>
      <gpxtpx:hr>111</gpxtpx:hr>
     </gpxtpx:TrackPointExtension>
    </extensions>
   </trkpt>
   <trkpt lat="-33.4613360" lon="151.0399790">
    <ele>-9.2</ele>
    <time>2021-09-01T05:35:42Z</time>
    <extensions>
     <gpxtpx:TrackPointExtension>
      <gpxtpx:atemp>30</gpxtpx:atemp>
      <gpxtpx:hr>111</gpxtpx:hr>
     </gpxtpx:TrackPointExtension>
    </extensions>
   </trkpt>
   <trkpt lat="-33.4613840" lon="151.0400370">
    <ele>-10.0</ele>
    <time>2021-09-01T05:35:44Z</time>
    <extensions>
     <gpxtpx:TrackPointExtension>
      <gpxtpx:atemp>30</gpxtpx:atemp>
      <gpxtpx:hr>109</gpxtpx:hr>
     </gpxtpx:TrackPointExtension>
    </extensions>
   </trkpt>
   <trkpt lat="-33.4613920" lon="151.0400800">
    <ele>-10.4</ele>
    <time>2021-09-01T05:35:45Z</time>
    <extensions>
     <gpxtpx:TrackPointExtension>
      <gpxtpx:atemp>30</gpxtpx:atemp>
      <gpxtpx:hr>109</gpxtpx:hr>
     </gpxtpx:TrackPointExtension>
    </extensions>
   </trkpt>
   <trkpt lat="-33.4613810" lon="151.0401740">
    <ele>-11.2</ele>
    <time>2021-09-01T05:35:47Z</time>
    <extensions>
     <gpxtpx:TrackPointExtension>
      <gpxtpx:atemp>30</gpxtpx:atemp>
      <gpxtpx:hr>109</gpxtpx:hr>
     </gpxtpx:TrackPointExtension>
    </extensions>
   </trkpt>
   <trkpt lat="-33.4613490" lon="151.0402600">
    <ele>-11.6</ele>
    <time>2021-09-01T05:35:49Z</time>
    <extensions>
     <gpxtpx:TrackPointExtension>
      <gpxtpx:atemp>30</gpxtpx:atemp>
      <gpxtpx:hr>108</gpxtpx:hr>
     </gpxtpx:TrackPointExtension>
    </extensions>
   </trkpt>
   <trkpt lat="-33.4612520" lon="151.0404540">
    <ele>-12.2</ele>
    <time>2021-09-01T05:35:54Z</time>
    <extensions>
     <gpxtpx:TrackPointExtension>
      <gpxtpx:atemp>30</gpxtpx:atemp>
      <gpxtpx:hr>109</gpxtpx:hr>
     </gpxtpx:TrackPointExtension>
    </extensions>
   </trkpt>
   <trkpt lat="-33.4611860" lon="151.0405670">
    <ele>-12.0</ele>
    <time>2021-09-01T05:35:56Z</time>
    <extensions>
     <gpxtpx:TrackPointExtension>
      <gpxtpx:atemp>30</gpxtpx:atemp>
      <gpxtpx:hr>109</gpxtpx:hr>
     </gpxtpx:TrackPointExtension>
    </extensions>
   </trkpt>
   <trkpt lat="-33.4611080" lon="151.0407360">
    <ele>-11.0</ele>
    <time>2021-09-01T05:35:59Z</time>
    <extensions>
     <gpxtpx:TrackPointExtension>
      <gpxtpx:atemp>29</gpxtpx:atemp>
      <gpxtpx:hr>110</gpxtpx:hr>
     </gpxtpx:TrackPointExtension>
    </extensions>
   </trkpt>
   <trkpt lat="-33.4610870" lon="151.0407870">
    <ele>-10.8</ele>
    <time>2021-09-01T05:36:00Z</time>
    <extensions>
     <gpxtpx:TrackPointExtension>
      <gpxtpx:atemp>29</gpxtpx:atemp>
      <gpxtpx:hr>110</gpxtpx:hr>
     </gpxtpx:TrackPointExtension>
    </extensions>
   </trkpt>
   <trkpt lat="-33.4610660" lon="151.0408780">
    <ele>-10.6</ele>
    <time>2021-09-01T05:36:02Z</time>
    <extensions>
     <gpxtpx:TrackPointExtension>
      <gpxtpx:atemp>29</gpxtpx:atemp>
      <gpxtpx:hr>111</gpxtpx:hr>
     </gpxtpx:TrackPointExtension>
    </extensions>
   </trkpt>
   <trkpt lat="-33.4610710" lon="151.0409450">
    <ele>-10.4</ele>
    <time>2021-09-01T05:36:03Z</time>
    <extensions>
     <gpxtpx:TrackPointExtension>
      <gpxtpx:atemp>29</gpxtpx:atemp>
      <gpxtpx:hr>111</gpxtpx:hr>
     </gpxtpx:TrackPointExtension>
    </extensions>
   </trkpt>
   <trkpt lat="-33.4611380" lon="151.0409480">
    <ele>-10.6</ele>
    <time>2021-09-01T05:36:06Z</time>
    <extensions>
     <gpxtpx:TrackPointExtension>
      <gpxtpx:atemp>29</gpxtpx:atemp>
      <gpxtpx:hr>111</gpxtpx:hr>
     </gpxtpx:TrackPointExtension>
    </extensions>
   </trkpt>
   <trkpt lat="-33.4611660" lon="151.0409530">
    <ele>-10.6</ele>
    <time>2021-09-01T05:36:07Z</time>
    <extensions>
     <gpxtpx:TrackPointExtension>
      <gpxtpx:atemp>29</gpxtpx:atemp>
      <gpxtpx:hr>111</gpxtpx:hr>
     </gpxtpx:TrackPointExtension>
    </extensions>
   </trkpt>
   <trkpt lat="-33.4611840" lon="151.0409710">
    <ele>-10.6</ele>
    <time>2021-09-01T05:36:08Z</time>
    <extensions>
     <gpxtpx:TrackPointExtension>
      <gpxtpx:atemp>29</gpxtpx:atemp>
      <gpxtpx:hr>111</gpxtpx:hr>
     </gpxtpx:TrackPointExtension>
    </extensions>
   </trkpt>
   <trkpt lat="-33.4611900" lon="151.0409960">
    <ele>-10.8</ele>
    <time>2021-09-01T05:36:09Z</time>
    <extensions>
     <gpxtpx:TrackPointExtension>
      <gpxtpx:atemp>29</gpxtpx:atemp>
      <gpxtpx:hr>113</gpxtpx:hr>
     </gpxtpx:TrackPointExtension>
    </extensions>
   </trkpt>
   <trkpt lat="-33.4611820" lon="151.0410910">
    <ele>-10.8</ele>
    <time>2021-09-01T05:36:13Z</time>
    <extensions>
     <gpxtpx:TrackPointExtension>
      <gpxtpx:atemp>29</gpxtpx:atemp>
      <gpxtpx:hr>109</gpxtpx:hr>
     </gpxtpx:TrackPointExtension>
    </extensions>
   </trkpt>
   <trkpt lat="-33.4611890" lon="151.0411120">
    <ele>-10.8</ele>
    <time>2021-09-01T05:36:14Z</time>
    <extensions>
     <gpxtpx:TrackPointExtension>
      <gpxtpx:atemp>29</gpxtpx:atemp>
      <gpxtpx:hr>111</gpxtpx:hr>
     </gpxtpx:TrackPointExtension>
    </extensions>
   </trkpt>
   <trkpt lat="-33.4612310" lon="151.0411920">
    <ele>-10.8</ele>
    <time>2021-09-01T05:36:18Z</time>
    <extensions>
     <gpxtpx:TrackPointExtension>
      <gpxtpx:atemp>29</gpxtpx:atemp>
      <gpxtpx:hr>110</gpxtpx:hr>
     </gpxtpx:TrackPointExtension>
    </extensions>
   </trkpt>
   <trkpt lat="-33.4612270" lon="151.0412240">
    <ele>-11.0</ele>
    <time>2021-09-01T05:36:19Z</time>
    <extensions>
     <gpxtpx:TrackPointExtension>
      <gpxtpx:atemp>29</gpxtpx:atemp>
      <gpxtpx:hr>110</gpxtpx:hr>
     </gpxtpx:TrackPointExtension>
    </extensions>
   </trkpt>
   <trkpt lat="-33.4612180" lon="151.0413690">
    <ele>-10.4</ele>
    <time>2021-09-01T05:36:24Z</time>
    <extensions>
     <gpxtpx:TrackPointExtension>
      <gpxtpx:atemp>29</gpxtpx:atemp>
      <gpxtpx:hr>110</gpxtpx:hr>
     </gpxtpx:TrackPointExtension>
    </extensions>
   </trkpt>
   <trkpt lat="-33.4612030" lon="151.0414000">
    <ele>-10.2</ele>
    <time>2021-09-01T05:36:26Z</time>
    <extensions>
     <gpxtpx:TrackPointExtension>
      <gpxtpx:atemp>29</gpxtpx:atemp>
      <gpxtpx:hr>110</gpxtpx:hr>
     </gpxtpx:TrackPointExtension>
    </extensions>
   </trkpt>
   <trkpt lat="-33.4611700" lon="151.0414070">
    <ele>-10.0</ele>
    <time>2021-09-01T05:36:28Z</time>
    <extensions>
     <gpxtpx:TrackPointExtension>
      <gpxtpx:atemp>29</gpxtpx:atemp>
      <gpxtpx:hr>111</gpxtpx:hr>
     </gpxtpx:TrackPointExtension>
    </extensions>
   </trkpt>
   <trkpt lat="-33.4611580" lon="151.0414140">
    <ele>-10.0</ele>
    <time>2021-09-01T05:36:29Z</time>
    <extensions>
     <gpxtpx:TrackPointExtension>
      <gpxtpx:atemp>29</gpxtpx:atemp>
      <gpxtpx:hr>111</gpxtpx:hr>
     </gpxtpx:TrackPointExtension>
    </extensions>
   </trkpt>
   <trkpt lat="-33.4611610" lon="151.0414360">
    <ele>-10.0</ele>
    <time>2021-09-01T05:36:31Z</time>
    <extensions>
     <gpxtpx:TrackPointExtension>
      <gpxtpx:atemp>29</gpxtpx:atemp>
      <gpxtpx:hr>111</gpxtpx:hr>
     </gpxtpx:TrackPointExtension>
    </extensions>
   </trkpt>
   <trkpt lat="-33.4611730" lon="151.0414490">
    <ele>-10.0</ele>
    <time>2021-09-01T05:36:36Z</time>
    <extensions>
     <gpxtpx:TrackPointExtension>
      <gpxtpx:atemp>29</gpxtpx:atemp>
      <gpxtpx:hr>111</gpxtpx:hr>
     </gpxtpx:TrackPointExtension>
    </extensions>
   </trkpt>
   <trkpt lat="-33.4611820" lon="151.0414400">
    <ele>-10.2</ele>
    <time>2021-09-01T05:36:44Z</time>
    <extensions>
     <gpxtpx:TrackPointExtension>
      <gpxtpx:atemp>29</gpxtpx:atemp>
      <gpxtpx:hr>112</gpxtpx:hr>
     </gpxtpx:TrackPointExtension>
    </extensions>
   </trkpt>
   <trkpt lat="-33.4611950" lon="151.0414200">
    <ele>-10.2</ele>
    <time>2021-09-01T05:36:45Z</time>
    <extensions>
     <gpxtpx:TrackPointExtension>
      <gpxtpx:atemp>29</gpxtpx:atemp>
      <gpxtpx:hr>112</gpxtpx:hr>
     </gpxtpx:TrackPointExtension>
    </extensions>
   </trkpt>
   <trkpt lat="-33.4612270" lon="151.0412670">
    <ele>-10.8</ele>
    <time>2021-09-01T05:36:50Z</time>
    <extensions>
     <gpxtpx:TrackPointExtension>
      <gpxtpx:atemp>29</gpxtpx:atemp>
      <gpxtpx:hr>113</gpxtpx:hr>
     </gpxtpx:TrackPointExtension>
    </extensions>
   </trkpt>
   <trkpt lat="-33.4612500" lon="151.0410930">
    <ele>-11.6</ele>
    <time>2021-09-01T05:36:55Z</time>
    <extensions>
     <gpxtpx:TrackPointExtension>
      <gpxtpx:atemp>29</gpxtpx:atemp>
      <gpxtpx:hr>111</gpxtpx:hr>
     </gpxtpx:TrackPointExtension>
    </extensions>
   </trkpt>
   <trkpt lat="-33.4612440" lon="151.0409900">
    <ele>-11.8</ele>
    <time>2021-09-01T05:36:58Z</time>
    <extensions>
     <gpxtpx:TrackPointExtension>
      <gpxtpx:atemp>29</gpxtpx:atemp>
      <gpxtpx:hr>108</gpxtpx:hr>
     </gpxtpx:TrackPointExtension>
    </extensions>
   </trkpt>
   <trkpt lat="-33.4612390" lon="151.0409660">
    <ele>-12.0</ele>
    <time>2021-09-01T05:36:59Z</time>
    <extensions>
     <gpxtpx:TrackPointExtension>
      <gpxtpx:atemp>29</gpxtpx:atemp>
      <gpxtpx:hr>108</gpxtpx:hr>
     </gpxtpx:TrackPointExtension>
    </extensions>
   </trkpt>
   <trkpt lat="-33.4612220" lon="151.0409500">
    <ele>-12.0</ele>
    <time>2021-09-01T05:37:00Z</time>
    <extensions>
     <gpxtpx:TrackPointExtension>
      <gpxtpx:atemp>29</gpxtpx:atemp>
      <gpxtpx:hr>107</gpxtpx:hr>
     </gpxtpx:TrackPointExtension>
    </extensions>
   </trkpt>
   <trkpt lat="-33.4610870" lon="151.0409400">
    <ele>-11.6</ele>
    <time>2021-09-01T05:37:05Z</time>
    <extensions>
     <gpxtpx:TrackPointExtension>
      <gpxtpx:atemp>29</gpxtpx:atemp>
      <gpxtpx:hr>107</gpxtpx:hr>
     </gpxtpx:TrackPointExtension>
    </extensions>
   </trkpt>
   <trkpt lat="-33.4610430" lon="151.0409890">
    <ele>-11.4</ele>
    <time>2021-09-01T05:37:07Z</time>
    <extensions>
     <gpxtpx:TrackPointExtension>
      <gpxtpx:atemp>29</gpxtpx:atemp>
      <gpxtpx:hr>107</gpxtpx:hr>
     </gpxtpx:TrackPointExtension>
    </extensions>
   </trkpt>
   <trkpt lat="-33.4610000" lon="151.0410610">
    <ele>-11.4</ele>
    <time>2021-09-01T05:37:09Z</time>
    <extensions>
     <gpxtpx:TrackPointExtension>
      <gpxtpx:atemp>29</gpxtpx:atemp>
      <gpxtpx:hr>108</gpxtpx:hr>
     </gpxtpx:TrackPointExtension>
    </extensions>
   </trkpt>
   <trkpt lat="-33.4608690" lon="151.0411460">
    <ele>-11.4</ele>
    <time>2021-09-01T05:37:14Z</time>
    <extensions>
     <gpxtpx:TrackPointExtension>
      <gpxtpx:atemp>29</gpxtpx:atemp>
      <gpxtpx:hr>109</gpxtpx:hr>
     </gpxtpx:TrackPointExtension>
    </extensions>
   </trkpt>
   <trkpt lat="-33.4608340" lon="151.0412860">
    <ele>-11.6</ele>
    <time>2021-09-01T05:37:18Z</time>
    <extensions>
     <gpxtpx:TrackPointExtension>
      <gpxtpx:atemp>29</gpxtpx:atemp>
      <gpxtpx:hr>109</gpxtpx:hr>
     </gpxtpx:TrackPointExtension>
    </extensions>
   </trkpt>
   <trkpt lat="-33.4608280" lon="151.0414080">
    <ele>-11.6</ele>
    <time>2021-09-01T05:37:22Z</time>
    <extensions>
     <gpxtpx:TrackPointExtension>
      <gpxtpx:atemp>29</gpxtpx:atemp>
      <gpxtpx:hr>110</gpxtpx:hr>
     </gpxtpx:TrackPointExtension>
    </extensions>
   </trkpt>
   <trkpt lat="-33.4607760" lon="151.0414760">
    <ele>-11.8</ele>
    <time>2021-09-01T05:37:26Z</time>
    <extensions>
     <gpxtpx:TrackPointExtension>
      <gpxtpx:atemp>29</gpxtpx:atemp>
      <gpxtpx:hr>110</gpxtpx:hr>
     </gpxtpx:TrackPointExtension>
    </extensions>
   </trkpt>
   <trkpt lat="-33.4606710" lon="151.0414560">
    <ele>-12.8</ele>
    <time>2021-09-01T05:37:30Z</time>
    <extensions>
     <gpxtpx:TrackPointExtension>
      <gpxtpx:atemp>29</gpxtpx:atemp>
      <gpxtpx:hr>110</gpxtpx:hr>
     </gpxtpx:TrackPointExtension>
    </extensions>
   </trkpt>
   <trkpt lat="-33.4606560" lon="151.0414410">
    <ele>-13.0</ele>
    <time>2021-09-01T05:37:31Z</time>
    <extensions>
     <gpxtpx:TrackPointExtension>
      <gpxtpx:atemp>29</gpxtpx:atemp>
      <gpxtpx:hr>110</gpxtpx:hr>
     </gpxtpx:TrackPointExtension>
    </extensions>
   </trkpt>
   <trkpt lat="-33.4606600" lon="151.0414050">
    <ele>-13.8</ele>
    <time>2021-09-01T05:37:33Z</time>
    <extensions>
     <gpxtpx:TrackPointExtension>
      <gpxtpx:atemp>29</gpxtpx:atemp>
      <gpxtpx:hr>110</gpxtpx:hr>
     </gpxtpx:TrackPointExtension>
    </extensions>
   </trkpt>
   <trkpt lat="-33.4606820" lon="151.0413940">
    <ele>-13.8</ele>
    <time>2021-09-01T05:37:34Z</time>
    <extensions>
     <gpxtpx:TrackPointExtension>
      <gpxtpx:atemp>29</gpxtpx:atemp>
      <gpxtpx:hr>110</gpxtpx:hr>
     </gpxtpx:TrackPointExtension>
    </extensions>
   </trkpt>
   <trkpt lat="-33.4607400" lon="151.0413500">
    <ele>-13.8</ele>
    <time>2021-09-01T05:37:36Z</time>
    <extensions>
     <gpxtpx:TrackPointExtension>
      <gpxtpx:atemp>29</gpxtpx:atemp>
      <gpxtpx:hr>110</gpxtpx:hr>
     </gpxtpx:TrackPointExtension>
    </extensions>
   </trkpt>
   <trkpt lat="-33.4608050" lon="151.0413240">
    <ele>-13.0</ele>
    <time>2021-09-01T05:37:38Z</time>
    <extensions>
     <gpxtpx:TrackPointExtension>
      <gpxtpx:atemp>29</gpxtpx:atemp>
      <gpxtpx:hr>110</gpxtpx:hr>
     </gpxtpx:TrackPointExtension>
    </extensions>
   </trkpt>
   <trkpt lat="-33.4608200" lon="151.0413500">
    <ele>-12.6</ele>
    <time>2021-09-01T05:37:39Z</time>
    <extensions>
     <gpxtpx:TrackPointExtension>
      <gpxtpx:atemp>29</gpxtpx:atemp>
      <gpxtpx:hr>110</gpxtpx:hr>
     </gpxtpx:TrackPointExtension>
    </extensions>
   </trkpt>
   <trkpt lat="-33.4607890" lon="151.0414860">
    <ele>-12.0</ele>
    <time>2021-09-01T05:37:43Z</time>
    <extensions>
     <gpxtpx:TrackPointExtension>
      <gpxtpx:atemp>29</gpxtpx:atemp>
      <gpxtpx:hr>109</gpxtpx:hr>
     </gpxtpx:TrackPointExtension>
    </extensions>
   </trkpt>
   <trkpt lat="-33.4607720" lon="151.0415870">
    <ele>-11.4</ele>
    <time>2021-09-01T05:37:46Z</time>
    <extensions>
     <gpxtpx:TrackPointExtension>
      <gpxtpx:atemp>29</gpxtpx:atemp>
      <gpxtpx:hr>108</gpxtpx:hr>
     </gpxtpx:TrackPointExtension>
    </extensions>
   </trkpt>
   <trkpt lat="-33.4607540" lon="151.0416560">
    <ele>-11.2</ele>
    <time>2021-09-01T05:37:48Z</time>
    <extensions>
     <gpxtpx:TrackPointExtension>
      <gpxtpx:atemp>29</gpxtpx:atemp>
      <gpxtpx:hr>109</gpxtpx:hr>
     </gpxtpx:TrackPointExtension>
    </extensions>
   </trkpt>
   <trkpt lat="-33.4607360" lon="151.0416770">
    <ele>-11.2</ele>
    <time>2021-09-01T05:37:49Z</time>
    <extensions>
     <gpxtpx:TrackPointExtension>
      <gpxtpx:atemp>29</gpxtpx:atemp>
      <gpxtpx:hr>109</gpxtpx:hr>
     </gpxtpx:TrackPointExtension>
    </extensions>
   </trkpt>
   <trkpt lat="-33.4606750" lon="151.0416950">
    <ele>-11.2</ele>
    <time>2021-09-01T05:37:51Z</time>
    <extensions>
     <gpxtpx:TrackPointExtension>
      <gpxtpx:atemp>29</gpxtpx:atemp>
      <gpxtpx:hr>108</gpxtpx:hr>
     </gpxtpx:TrackPointExtension>
    </extensions>
   </trkpt>
   <trkpt lat="-33.4605980" lon="151.0416870">
    <ele>-11.4</ele>
    <time>2021-09-01T05:37:53Z</time>
    <extensions>
     <gpxtpx:TrackPointExtension>
      <gpxtpx:atemp>29</gpxtpx:atemp>
      <gpxtpx:hr>108</gpxtpx:hr>
     </gpxtpx:TrackPointExtension>
    </extensions>
   </trkpt>
   <trkpt lat="-33.4604900" lon="151.0416470">
    <ele>-12.6</ele>
    <time>2021-09-01T05:37:56Z</time>
    <extensions>
     <gpxtpx:TrackPointExtension>
      <gpxtpx:atemp>29</gpxtpx:atemp>
      <gpxtpx:hr>109</gpxtpx:hr>
     </gpxtpx:TrackPointExtension>
    </extensions>
   </trkpt>
   <trkpt lat="-33.4603980" lon="151.0416210">
    <ele>-14.0</ele>
    <time>2021-09-01T05:37:59Z</time>
    <extensions>
     <gpxtpx:TrackPointExtension>
      <gpxtpx:atemp>29</gpxtpx:atemp>
      <gpxtpx:hr>110</gpxtpx:hr>
     </gpxtpx:TrackPointExtension>
    </extensions>
   </trkpt>
   <trkpt lat="-33.4603760" lon="151.0416300">
    <ele>-14.4</ele>
    <time>2021-09-01T05:38:00Z</time>
    <extensions>
     <gpxtpx:TrackPointExtension>
      <gpxtpx:atemp>29</gpxtpx:atemp>
      <gpxtpx:hr>110</gpxtpx:hr>
     </gpxtpx:TrackPointExtension>
    </extensions>
   </trkpt>
   <trkpt lat="-33.4603160" lon="151.0416490">
    <ele>-15.0</ele>
    <time>2021-09-01T05:38:03Z</time>
    <extensions>
     <gpxtpx:TrackPointExtension>
      <gpxtpx:atemp>29</gpxtpx:atemp>
      <gpxtpx:hr>111</gpxtpx:hr>
     </gpxtpx:TrackPointExtension>
    </extensions>
   </trkpt>
   <trkpt lat="-33.4603100" lon="151.0416700">
    <ele>-15.0</ele>
    <time>2021-09-01T05:38:04Z</time>
    <extensions>
     <gpxtpx:TrackPointExtension>
      <gpxtpx:atemp>29</gpxtpx:atemp>
      <gpxtpx:hr>111</gpxtpx:hr>
     </gpxtpx:TrackPointExtension>
    </extensions>
   </trkpt>
   <trkpt lat="-33.4603050" lon="151.0416890">
    <ele>-15.4</ele>
    <time>2021-09-01T05:38:05Z</time>
    <extensions>
     <gpxtpx:TrackPointExtension>
      <gpxtpx:atemp>29</gpxtpx:atemp>
      <gpxtpx:hr>111</gpxtpx:hr>
     </gpxtpx:TrackPointExtension>
    </extensions>
   </trkpt>
   <trkpt lat="-33.4602560" lon="151.0417190">
    <ele>-16.0</ele>
    <time>2021-09-01T05:38:08Z</time>
    <extensions>
     <gpxtpx:TrackPointExtension>
      <gpxtpx:atemp>29</gpxtpx:atemp>
      <gpxtpx:hr>111</gpxtpx:hr>
     </gpxtpx:TrackPointExtension>
    </extensions>
   </trkpt>
   <trkpt lat="-33.4602350" lon="151.0417350">
    <ele>-16.4</ele>
    <time>2021-09-01T05:38:09Z</time>
    <extensions>
     <gpxtpx:TrackPointExtension>
      <gpxtpx:atemp>29</gpxtpx:atemp>
      <gpxtpx:hr>111</gpxtpx:hr>
     </gpxtpx:TrackPointExtension>
    </extensions>
   </trkpt>
   <trkpt lat="-33.4601750" lon="151.0417310">
    <ele>-17.0</ele>
    <time>2021-09-01T05:38:12Z</time>
    <extensions>
     <gpxtpx:TrackPointExtension>
      <gpxtpx:atemp>29</gpxtpx:atemp>
      <gpxtpx:hr>110</gpxtpx:hr>
     </gpxtpx:TrackPointExtension>
    </extensions>
   </trkpt>
   <trkpt lat="-33.4601640" lon="151.0417390">
    <ele>-17.2</ele>
    <time>2021-09-01T05:38:13Z</time>
    <extensions>
     <gpxtpx:TrackPointExtension>
      <gpxtpx:atemp>29</gpxtpx:atemp>
      <gpxtpx:hr>109</gpxtpx:hr>
     </gpxtpx:TrackPointExtension>
    </extensions>
   </trkpt>
   <trkpt lat="-33.4601500" lon="151.0417530">
    <ele>-17.2</ele>
    <time>2021-09-01T05:38:16Z</time>
    <extensions>
     <gpxtpx:TrackPointExtension>
      <gpxtpx:atemp>29</gpxtpx:atemp>
      <gpxtpx:hr>109</gpxtpx:hr>
     </gpxtpx:TrackPointExtension>
    </extensions>
   </trkpt>
   <trkpt lat="-33.4601430" lon="151.0417640">
    <ele>-17.8</ele>
    <time>2021-09-01T05:38:23Z</time>
    <extensions>
     <gpxtpx:TrackPointExtension>
      <gpxtpx:atemp>29</gpxtpx:atemp>
      <gpxtpx:hr>110</gpxtpx:hr>
     </gpxtpx:TrackPointExtension>
    </extensions>
   </trkpt>
   <trkpt lat="-33.4601410" lon="151.0417650">
    <ele>-18.2</ele>
    <time>2021-09-01T05:38:26Z</time>
    <extensions>
     <gpxtpx:TrackPointExtension>
      <gpxtpx:atemp>29</gpxtpx:atemp>
      <gpxtpx:hr>110</gpxtpx:hr>
     </gpxtpx:TrackPointExtension>
    </extensions>
   </trkpt>
   <trkpt lat="-33.4601450" lon="151.0417430">
    <ele>-18.2</ele>
    <time>2021-09-01T05:38:33Z</time>
    <extensions>
     <gpxtpx:TrackPointExtension>
      <gpxtpx:atemp>29</gpxtpx:atemp>
      <gpxtpx:hr>113</gpxtpx:hr>
     </gpxtpx:TrackPointExtension>
    </extensions>
   </trkpt>
   <trkpt lat="-33.4601500" lon="151.0417350">
    <ele>-18.0</ele>
    <time>2021-09-01T05:38:34Z</time>
    <extensions>
     <gpxtpx:TrackPointExtension>
      <gpxtpx:atemp>29</gpxtpx:atemp>
      <gpxtpx:hr>113</gpxtpx:hr>
     </gpxtpx:TrackPointExtension>
    </extensions>
   </trkpt>
   <trkpt lat="-33.4601610" lon="151.0417280">
    <ele>-18.2</ele>
    <time>2021-09-01T05:38:41Z</time>
    <extensions>
     <gpxtpx:TrackPointExtension>
      <gpxtpx:atemp>29</gpxtpx:atemp>
      <gpxtpx:hr>116</gpxtpx:hr>
     </gpxtpx:TrackPointExtension>
    </extensions>
   </trkpt>
   <trkpt lat="-33.4601610" lon="151.0417280">
    <ele>-18.2</ele>
    <time>2021-09-01T05:38:42Z</time>
    <extensions>
     <gpxtpx:TrackPointExtension>
      <gpxtpx:atemp>29</gpxtpx:atemp>
      <gpxtpx:hr>116</gpxtpx:hr>
     </gpxtpx:TrackPointExtension>
    </extensions>
   </trkpt>
   <trkpt lat="-33.4601750" lon="151.0417380">
    <ele>-18.4</ele>
    <time>2021-09-01T05:38:50Z</time>
    <extensions>
     <gpxtpx:TrackPointExtension>
      <gpxtpx:atemp>29</gpxtpx:atemp>
      <gpxtpx:hr>119</gpxtpx:hr>
     </gpxtpx:TrackPointExtension>
    </extensions>
   </trkpt>
   <trkpt lat="-33.4601750" lon="151.0417410">
    <ele>-18.6</ele>
    <time>2021-09-01T05:38:52Z</time>
    <extensions>
     <gpxtpx:TrackPointExtension>
      <gpxtpx:atemp>29</gpxtpx:atemp>
      <gpxtpx:hr>119</gpxtpx:hr>
     </gpxtpx:TrackPointExtension>
    </extensions>
   </trkpt>
   <trkpt lat="-33.4601700" lon="151.0417490">
    <ele>-18.6</ele>
    <time>2021-09-01T05:38:59Z</time>
    <extensions>
     <gpxtpx:TrackPointExtension>
      <gpxtpx:atemp>29</gpxtpx:atemp>
      <gpxtpx:hr>120</gpxtpx:hr>
     </gpxtpx:TrackPointExtension>
    </extensions>
   </trkpt>
   <trkpt lat="-33.4601580" lon="151.0417430">
    <ele>-18.4</ele>
    <time>2021-09-01T05:39:08Z</time>
    <extensions>
     <gpxtpx:TrackPointExtension>
      <gpxtpx:atemp>29</gpxtpx:atemp>
      <gpxtpx:hr>119</gpxtpx:hr>
     </gpxtpx:TrackPointExtension>
    </extensions>
   </trkpt>
   <trkpt lat="-33.4601520" lon="151.0417630">
    <ele>-18.2</ele>
    <time>2021-09-01T05:39:12Z</time>
    <extensions>
     <gpxtpx:TrackPointExtension>
      <gpxtpx:atemp>29</gpxtpx:atemp>
      <gpxtpx:hr>119</gpxtpx:hr>
     </gpxtpx:TrackPointExtension>
    </extensions>
   </trkpt>
   <trkpt lat="-33.4601580" lon="151.0417790">
    <ele>-18.2</ele>
    <time>2021-09-01T05:39:13Z</time>
    <extensions>
     <gpxtpx:TrackPointExtension>
      <gpxtpx:atemp>29</gpxtpx:atemp>
      <gpxtpx:hr>118</gpxtpx:hr>
     </gpxtpx:TrackPointExtension>
    </extensions>
   </trkpt>
   <trkpt lat="-33.4601680" lon="151.0417940">
    <ele>-18.2</ele>
    <time>2021-09-01T05:39:14Z</time>
    <extensions>
     <gpxtpx:TrackPointExtension>
      <gpxtpx:atemp>29</gpxtpx:atemp>
      <gpxtpx:hr>118</gpxtpx:hr>
     </gpxtpx:TrackPointExtension>
    </extensions>
   </trkpt>
   <trkpt lat="-33.4601930" lon="151.0417970">
    <ele>-17.8</ele>
    <time>2021-09-01T05:39:17Z</time>
    <extensions>
     <gpxtpx:TrackPointExtension>
      <gpxtpx:atemp>29</gpxtpx:atemp>
      <gpxtpx:hr>119</gpxtpx:hr>
     </gpxtpx:TrackPointExtension>
    </extensions>
   </trkpt>
   <trkpt lat="-33.4601990" lon="151.0417880">
    <ele>-17.8</ele>
    <time>2021-09-01T05:39:18Z</time>
    <extensions>
     <gpxtpx:TrackPointExtension>
      <gpxtpx:atemp>29</gpxtpx:atemp>
      <gpxtpx:hr>118</gpxtpx:hr>
     </gpxtpx:TrackPointExtension>
    </extensions>
   </trkpt>
   <trkpt lat="-33.4601900" lon="151.0417550">
    <ele>-17.8</ele>
    <time>2021-09-01T05:39:20Z</time>
    <extensions>
     <gpxtpx:TrackPointExtension>
      <gpxtpx:atemp>29</gpxtpx:atemp>
      <gpxtpx:hr>116</gpxtpx:hr>
     </gpxtpx:TrackPointExtension>
    </extensions>
   </trkpt>
   <trkpt lat="-33.4601650" lon="151.0417990">
    <ele>-17.6</ele>
    <time>2021-09-01T05:39:23Z</time>
    <extensions>
     <gpxtpx:TrackPointExtension>
      <gpxtpx:atemp>29</gpxtpx:atemp>
      <gpxtpx:hr>114</gpxtpx:hr>
     </gpxtpx:TrackPointExtension>
    </extensions>
   </trkpt>
   <trkpt lat="-33.4601390" lon="151.0419240">
    <ele>-17.4</ele>
    <time>2021-09-01T05:39:27Z</time>
    <extensions>
     <gpxtpx:TrackPointExtension>
      <gpxtpx:atemp>29</gpxtpx:atemp>
      <gpxtpx:hr>111</gpxtpx:hr>
     </gpxtpx:TrackPointExtension>
    </extensions>
   </trkpt>
   <trkpt lat="-33.4601370" lon="151.0419520">
    <ele>-17.4</ele>
    <time>2021-09-01T05:39:28Z</time>
    <extensions>
     <gpxtpx:TrackPointExtension>
      <gpxtpx:atemp>29</gpxtpx:atemp>
      <gpxtpx:hr>110</gpxtpx:hr>
     </gpxtpx:TrackPointExtension>
    </extensions>
   </trkpt>
   <trkpt lat="-33.4601490" lon="151.0420880">
    <ele>-17.0</ele>
    <time>2021-09-01T05:39:33Z</time>
    <extensions>
     <gpxtpx:TrackPointExtension>
      <gpxtpx:atemp>30</gpxtpx:atemp>
      <gpxtpx:hr>109</gpxtpx:hr>
     </gpxtpx:TrackPointExtension>
    </extensions>
   </trkpt>
   <trkpt lat="-33.4601910" lon="151.0421970">
    <ele>-16.6</ele>
    <time>2021-09-01T05:39:37Z</time>
    <extensions>
     <gpxtpx:TrackPointExtension>
      <gpxtpx:atemp>30</gpxtpx:atemp>
      <gpxtpx:hr>107</gpxtpx:hr>
     </gpxtpx:TrackPointExtension>
    </extensions>
   </trkpt>
   <trkpt lat="-33.4602080" lon="151.0422120">
    <ele>-16.6</ele>
    <time>2021-09-01T05:39:38Z</time>
    <extensions>
     <gpxtpx:TrackPointExtension>
      <gpxtpx:atemp>30</gpxtpx:atemp>
      <gpxtpx:hr>107</gpxtpx:hr>
     </gpxtpx:TrackPointExtension>
    </extensions>
   </trkpt>
   <trkpt lat="-33.4602420" lon="151.0422550">
    <ele>-15.8</ele>
    <time>2021-09-01T05:39:40Z</time>
    <extensions>
     <gpxtpx:TrackPointExtension>
      <gpxtpx:atemp>30</gpxtpx:atemp>
      <gpxtpx:hr>105</gpxtpx:hr>
     </gpxtpx:TrackPointExtension>
    </extensions>
   </trkpt>
   <trkpt lat="-33.4602720" lon="151.0422760">
    <ele>-15.4</ele>
    <time>2021-09-01T05:39:42Z</time>
    <extensions>
     <gpxtpx:TrackPointExtension>
      <gpxtpx:atemp>30</gpxtpx:atemp>
      <gpxtpx:hr>105</gpxtpx:hr>
     </gpxtpx:TrackPointExtension>
    </extensions>
   </trkpt>
   <trkpt lat="-33.4603030" lon="151.0422770">
    <ele>-14.6</ele>
    <time>2021-09-01T05:39:45Z</time>
    <extensions>
     <gpxtpx:TrackPointExtension>
      <gpxtpx:atemp>30</gpxtpx:atemp>
      <gpxtpx:hr>106</gpxtpx:hr>
     </gpxtpx:TrackPointExtension>
    </extensions>
   </trkpt>
   <trkpt lat="-33.4603070" lon="151.0422840">
    <ele>-14.4</ele>
    <time>2021-09-01T05:39:47Z</time>
    <extensions>
     <gpxtpx:TrackPointExtension>
      <gpxtpx:atemp>30</gpxtpx:atemp>
      <gpxtpx:hr>106</gpxtpx:hr>
     </gpxtpx:TrackPointExtension>
    </extensions>
   </trkpt>
   <trkpt lat="-33.4603190" lon="151.0422800">
    <ele>-14.4</ele>
    <time>2021-09-01T05:39:54Z</time>
    <extensions>
     <gpxtpx:TrackPointExtension>
      <gpxtpx:atemp>30</gpxtpx:atemp>
      <gpxtpx:hr>109</gpxtpx:hr>
     </gpxtpx:TrackPointExtension>
    </extensions>
   </trkpt>
   <trkpt lat="-33.4603170" lon="151.0422780">
    <ele>-14.6</ele>
    <time>2021-09-01T05:40:05Z</time>
    <extensions>
     <gpxtpx:TrackPointExtension>
      <gpxtpx:atemp>30</gpxtpx:atemp>
      <gpxtpx:hr>110</gpxtpx:hr>
     </gpxtpx:TrackPointExtension>
    </extensions>
   </trkpt>
   <trkpt lat="-33.4603160" lon="151.0422760">
    <ele>-14.8</ele>
    <time>2021-09-01T05:40:13Z</time>
    <extensions>
     <gpxtpx:TrackPointExtension>
      <gpxtpx:atemp>30</gpxtpx:atemp>
      <gpxtpx:hr>113</gpxtpx:hr>
     </gpxtpx:TrackPointExtension>
    </extensions>
   </trkpt>
   <trkpt lat="-33.4603140" lon="151.0422770">
    <ele>-14.8</ele>
    <time>2021-09-01T05:40:15Z</time>
    <extensions>
     <gpxtpx:TrackPointExtension>
      <gpxtpx:atemp>30</gpxtpx:atemp>
      <gpxtpx:hr>116</gpxtpx:hr>
     </gpxtpx:TrackPointExtension>
    </extensions>
   </trkpt>
   <trkpt lat="-33.4603140" lon="151.0422740">
    <ele>-14.8</ele>
    <time>2021-09-01T05:40:17Z</time>
    <extensions>
     <gpxtpx:TrackPointExtension>
      <gpxtpx:atemp>30</gpxtpx:atemp>
      <gpxtpx:hr>117</gpxtpx:hr>
     </gpxtpx:TrackPointExtension>
    </extensions>
   </trkpt>
   <trkpt lat="-33.4603150" lon="151.0422750">
    <ele>-15.0</ele>
    <time>2021-09-01T05:40:28Z</time>
    <extensions>
     <gpxtpx:TrackPointExtension>
      <gpxtpx:atemp>30</gpxtpx:atemp>
      <gpxtpx:hr>117</gpxtpx:hr>
     </gpxtpx:TrackPointExtension>
    </extensions>
   </trkpt>
   <trkpt lat="-33.4603140" lon="151.0422740">
    <ele>-15.2</ele>
    <time>2021-09-01T05:40:34Z</time>
    <extensions>
     <gpxtpx:TrackPointExtension>
      <gpxtpx:atemp>30</gpxtpx:atemp>
      <gpxtpx:hr>114</gpxtpx:hr>
     </gpxtpx:TrackPointExtension>
    </extensions>
   </trkpt>
   <trkpt lat="-33.4603130" lon="151.0422730">
    <ele>-15.0</ele>
    <time>2021-09-01T05:40:43Z</time>
    <extensions>
     <gpxtpx:TrackPointExtension>
      <gpxtpx:atemp>30</gpxtpx:atemp>
      <gpxtpx:hr>117</gpxtpx:hr>
     </gpxtpx:TrackPointExtension>
    </extensions>
   </trkpt>
   <trkpt lat="-33.4603160" lon="151.0422680">
    <ele>-15.2</ele>
    <time>2021-09-01T05:40:53Z</time>
    <extensions>
     <gpxtpx:TrackPointExtension>
      <gpxtpx:atemp>30</gpxtpx:atemp>
      <gpxtpx:hr>115</gpxtpx:hr>
     </gpxtpx:TrackPointExtension>
    </extensions>
   </trkpt>
   <trkpt lat="-33.4603250" lon="151.0422620">
    <ele>-15.2</ele>
    <time>2021-09-01T05:40:54Z</time>
    <extensions>
     <gpxtpx:TrackPointExtension>
      <gpxtpx:atemp>30</gpxtpx:atemp>
      <gpxtpx:hr>116</gpxtpx:hr>
     </gpxtpx:TrackPointExtension>
    </extensions>
   </trkpt>
   <trkpt lat="-33.4603660" lon="151.0422590">
    <ele>-15.4</ele>
    <time>2021-09-01T05:40:56Z</time>
    <extensions>
     <gpxtpx:TrackPointExtension>
      <gpxtpx:atemp>30</gpxtpx:atemp>
      <gpxtpx:hr>115</gpxtpx:hr>
     </gpxtpx:TrackPointExtension>
    </extensions>
   </trkpt>
   <trkpt lat="-33.4603950" lon="151.0422630">
    <ele>-15.0</ele>
    <time>2021-09-01T05:40:57Z</time>
    <extensions>
     <gpxtpx:TrackPointExtension>
      <gpxtpx:atemp>30</gpxtpx:atemp>
      <gpxtpx:hr>118</gpxtpx:hr>
     </gpxtpx:TrackPointExtension>
    </extensions>
   </trkpt>
   <trkpt lat="-33.4604230" lon="151.0422720">
    <ele>-14.6</ele>
    <time>2021-09-01T05:40:58Z</time>
    <extensions>
     <gpxtpx:TrackPointExtension>
      <gpxtpx:atemp>30</gpxtpx:atemp>
      <gpxtpx:hr>115</gpxtpx:hr>
     </gpxtpx:TrackPointExtension>
    </extensions>
   </trkpt>
   <trkpt lat="-33.4604990" lon="151.0423240">
    <ele>-14.0</ele>
    <time>2021-09-01T05:41:01Z</time>
    <extensions>
     <gpxtpx:TrackPointExtension>
      <gpxtpx:atemp>30</gpxtpx:atemp>
      <gpxtpx:hr>113</gpxtpx:hr>
     </gpxtpx:TrackPointExtension>
    </extensions>
   </trkpt>
   <trkpt lat="-33.4605160" lon="151.0423510">
    <ele>-13.6</ele>
    <time>2021-09-01T05:41:02Z</time>
    <extensions>
     <gpxtpx:TrackPointExtension>
      <gpxtpx:atemp>30</gpxtpx:atemp>
      <gpxtpx:hr>113</gpxtpx:hr>
     </gpxtpx:TrackPointExtension>
    </extensions>
   </trkpt>
   <trkpt lat="-33.4605410" lon="151.0423960">
    <ele>-12.4</ele>
    <time>2021-09-01T05:41:04Z</time>
    <extensions>
     <gpxtpx:TrackPointExtension>
      <gpxtpx:atemp>30</gpxtpx:atemp>
      <gpxtpx:hr>116</gpxtpx:hr>
     </gpxtpx:TrackPointExtension>
    </extensions>
   </trkpt>
   <trkpt lat="-33.4605490" lon="151.0424070">
    <ele>-12.2</ele>
    <time>2021-09-01T05:41:05Z</time>
    <extensions>
     <gpxtpx:TrackPointExtension>
      <gpxtpx:atemp>30</gpxtpx:atemp>
      <gpxtpx:hr>116</gpxtpx:hr>
     </gpxtpx:TrackPointExtension>
    </extensions>
   </trkpt>
   <trkpt lat="-33.4605500" lon="151.0424150">
    <ele>-11.6</ele>
    <time>2021-09-01T05:41:07Z</time>
    <extensions>
     <gpxtpx:TrackPointExtension>
      <gpxtpx:atemp>30</gpxtpx:atemp>
      <gpxtpx:hr>114</gpxtpx:hr>
     </gpxtpx:TrackPointExtension>
    </extensions>
   </trkpt>
   <trkpt lat="-33.4605520" lon="151.0424360">
    <ele>-11.4</ele>
    <time>2021-09-01T05:41:09Z</time>
    <extensions>
     <gpxtpx:TrackPointExtension>
      <gpxtpx:atemp>30</gpxtpx:atemp>
      <gpxtpx:hr>113</gpxtpx:hr>
     </gpxtpx:TrackPointExtension>
    </extensions>
   </trkpt>
   <trkpt lat="-33.4605390" lon="151.0424450">
    <ele>-11.2</ele>
    <time>2021-09-01T05:41:11Z</time>
    <extensions>
     <gpxtpx:TrackPointExtension>
      <gpxtpx:atemp>30</gpxtpx:atemp>
      <gpxtpx:hr>112</gpxtpx:hr>
     </gpxtpx:TrackPointExtension>
    </extensions>
   </trkpt>
   <trkpt lat="-33.4605000" lon="151.0424280">
    <ele>-11.2</ele>
    <time>2021-09-01T05:41:13Z</time>
    <extensions>
     <gpxtpx:TrackPointExtension>
      <gpxtpx:atemp>30</gpxtpx:atemp>
      <gpxtpx:hr>111</gpxtpx:hr>
     </gpxtpx:TrackPointExtension>
    </extensions>
   </trkpt>
   <trkpt lat="-33.4604950" lon="151.0423070">
    <ele>-12.0</ele>
    <time>2021-09-01T05:41:17Z</time>
    <extensions>
     <gpxtpx:TrackPointExtension>
      <gpxtpx:atemp>30</gpxtpx:atemp>
      <gpxtpx:hr>111</gpxtpx:hr>
     </gpxtpx:TrackPointExtension>
    </extensions>
   </trkpt>
   <trkpt lat="-33.4604820" lon="151.0422670">
    <ele>-12.2</ele>
    <time>2021-09-01T05:41:18Z</time>
    <extensions>
     <gpxtpx:TrackPointExtension>
      <gpxtpx:atemp>30</gpxtpx:atemp>
      <gpxtpx:hr>110</gpxtpx:hr>
     </gpxtpx:TrackPointExtension>
    </extensions>
   </trkpt>
   <trkpt lat="-33.4604560" lon="151.0421900">
    <ele>-12.8</ele>
    <time>2021-09-01T05:41:20Z</time>
    <extensions>
     <gpxtpx:TrackPointExtension>
      <gpxtpx:atemp>30</gpxtpx:atemp>
      <gpxtpx:hr>112</gpxtpx:hr>
     </gpxtpx:TrackPointExtension>
    </extensions>
   </trkpt>
   <trkpt lat="-33.4604570" lon="151.0421620">
    <ele>-12.8</ele>
    <time>2021-09-01T05:41:21Z</time>
    <extensions>
     <gpxtpx:TrackPointExtension>
      <gpxtpx:atemp>30</gpxtpx:atemp>
      <gpxtpx:hr>111</gpxtpx:hr>
     </gpxtpx:TrackPointExtension>
    </extensions>
   </trkpt>
   <trkpt lat="-33.4604830" lon="151.0421110">
    <ele>-13.2</ele>
    <time>2021-09-01T05:41:24Z</time>
    <extensions>
     <gpxtpx:TrackPointExtension>
      <gpxtpx:atemp>30</gpxtpx:atemp>
      <gpxtpx:hr>112</gpxtpx:hr>
     </gpxtpx:TrackPointExtension>
    </extensions>
   </trkpt>
   <trkpt lat="-33.4604820" lon="151.0421340">
    <ele>-13.2</ele>
    <time>2021-09-01T05:41:29Z</time>
    <extensions>
     <gpxtpx:TrackPointExtension>
      <gpxtpx:atemp>30</gpxtpx:atemp>
      <gpxtpx:hr>113</gpxtpx:hr>
     </gpxtpx:TrackPointExtension>
    </extensions>
   </trkpt>
   <trkpt lat="-33.4604770" lon="151.0421310">
    <ele>-13.2</ele>
    <time>2021-09-01T05:41:34Z</time>
    <extensions>
     <gpxtpx:TrackPointExtension>
      <gpxtpx:atemp>30</gpxtpx:atemp>
      <gpxtpx:hr>113</gpxtpx:hr>
     </gpxtpx:TrackPointExtension>
    </extensions>
   </trkpt>
   <trkpt lat="-33.4604770" lon="151.0421320">
    <ele>-13.4</ele>
    <time>2021-09-01T05:41:39Z</time>
    <extensions>
     <gpxtpx:TrackPointExtension>
      <gpxtpx:atemp>30</gpxtpx:atemp>
      <gpxtpx:hr>109</gpxtpx:hr>
     </gpxtpx:TrackPointExtension>
    </extensions>
   </trkpt>
   <trkpt lat="-33.4604730" lon="151.0421330">
    <ele>-13.2</ele>
    <time>2021-09-01T05:41:46Z</time>
    <extensions>
     <gpxtpx:TrackPointExtension>
      <gpxtpx:atemp>30</gpxtpx:atemp>
      <gpxtpx:hr>108</gpxtpx:hr>
     </gpxtpx:TrackPointExtension>
    </extensions>
   </trkpt>
   <trkpt lat="-33.4604800" lon="151.0421350">
    <ele>-13.6</ele>
    <time>2021-09-01T05:41:55Z</time>
    <extensions>
     <gpxtpx:TrackPointExtension>
      <gpxtpx:atemp>30</gpxtpx:atemp>
      <gpxtpx:hr>108</gpxtpx:hr>
     </gpxtpx:TrackPointExtension>
    </extensions>
   </trkpt>
   <trkpt lat="-33.4604800" lon="151.0421380">
    <ele>-13.8</ele>
    <time>2021-09-01T05:41:57Z</time>
    <extensions>
     <gpxtpx:TrackPointExtension>
      <gpxtpx:atemp>30</gpxtpx:atemp>
      <gpxtpx:hr>107</gpxtpx:hr>
     </gpxtpx:TrackPointExtension>
    </extensions>
   </trkpt>
   <trkpt lat="-33.4604810" lon="151.0421500">
    <ele>-13.8</ele>
    <time>2021-09-01T05:42:02Z</time>
    <extensions>
     <gpxtpx:TrackPointExtension>
      <gpxtpx:atemp>30</gpxtpx:atemp>
      <gpxtpx:hr>105</gpxtpx:hr>
     </gpxtpx:TrackPointExtension>
    </extensions>
   </trkpt>
   <trkpt lat="-33.4604730" lon="151.0421650">
    <ele>-13.6</ele>
    <time>2021-09-01T05:42:03Z</time>
    <extensions>
     <gpxtpx:TrackPointExtension>
      <gpxtpx:atemp>30</gpxtpx:atemp>
      <gpxtpx:hr>104</gpxtpx:hr>
     </gpxtpx:TrackPointExtension>
    </extensions>
   </trkpt>
   <trkpt lat="-33.4604310" lon="151.0422150">
    <ele>-13.4</ele>
    <time>2021-09-01T05:42:05Z</time>
    <extensions>
     <gpxtpx:TrackPointExtension>
      <gpxtpx:atemp>30</gpxtpx:atemp>
      <gpxtpx:hr>101</gpxtpx:hr>
     </gpxtpx:TrackPointExtension>
    </extensions>
   </trkpt>
   <trkpt lat="-33.4603990" lon="151.0423310">
    <ele>-13.4</ele>
    <time>2021-09-01T05:42:08Z</time>
    <extensions>
     <gpxtpx:TrackPointExtension>
      <gpxtpx:atemp>30</gpxtpx:atemp>
      <gpxtpx:hr>102</gpxtpx:hr>
     </gpxtpx:TrackPointExtension>
    </extensions>
   </trkpt>
   <trkpt lat="-33.4604550" lon="151.0425470">
    <ele>-13.4</ele>
    <time>2021-09-01T05:42:13Z</time>
    <extensions>
     <gpxtpx:TrackPointExtension>
      <gpxtpx:atemp>30</gpxtpx:atemp>
      <gpxtpx:hr>104</gpxtpx:hr>
     </gpxtpx:TrackPointExtension>
    </extensions>
   </trkpt>
   <trkpt lat="-33.4605150" lon="151.0427010">
    <ele>-13.2</ele>
    <time>2021-09-01T05:42:17Z</time>
    <extensions>
     <gpxtpx:TrackPointExtension>
      <gpxtpx:atemp>30</gpxtpx:atemp>
      <gpxtpx:hr>106</gpxtpx:hr>
     </gpxtpx:TrackPointExtension>
    </extensions>
   </trkpt>
   <trkpt lat="-33.4605450" lon="151.0428700">
    <ele>-13.4</ele>
    <time>2021-09-01T05:42:21Z</time>
    <extensions>
     <gpxtpx:TrackPointExtension>
      <gpxtpx:atemp>30</gpxtpx:atemp>
      <gpxtpx:hr>108</gpxtpx:hr>
     </gpxtpx:TrackPointExtension>
    </extensions>
   </trkpt>
   <trkpt lat="-33.4605460" lon="151.0429240">
    <ele>-13.8</ele>
    <time>2021-09-01T05:42:22Z</time>
    <extensions>
     <gpxtpx:TrackPointExtension>
      <gpxtpx:atemp>30</gpxtpx:atemp>
      <gpxtpx:hr>108</gpxtpx:hr>
     </gpxtpx:TrackPointExtension>
    </extensions>
   </trkpt>
   <trkpt lat="-33.4605420" lon="151.0430230">
    <ele>-14.4</ele>
    <time>2021-09-01T05:42:24Z</time>
    <extensions>
     <gpxtpx:TrackPointExtension>
      <gpxtpx:atemp>30</gpxtpx:atemp>
      <gpxtpx:hr>110</gpxtpx:hr>
     </gpxtpx:TrackPointExtension>
    </extensions>
   </trkpt>
   <trkpt lat="-33.4605380" lon="151.0430630">
    <ele>-14.6</ele>
    <time>2021-09-01T05:42:25Z</time>
    <extensions>
     <gpxtpx:TrackPointExtension>
      <gpxtpx:atemp>30</gpxtpx:atemp>
      <gpxtpx:hr>110</gpxtpx:hr>
     </gpxtpx:TrackPointExtension>
    </extensions>
   </trkpt>
   <trkpt lat="-33.4605400" lon="151.0430880">
    <ele>-15.2</ele>
    <time>2021-09-01T05:42:26Z</time>
    <extensions>
     <gpxtpx:TrackPointExtension>
      <gpxtpx:atemp>30</gpxtpx:atemp>
      <gpxtpx:hr>110</gpxtpx:hr>
     </gpxtpx:TrackPointExtension>
    </extensions>
   </trkpt>
   <trkpt lat="-33.4605760" lon="151.0431660">
    <ele>-15.6</ele>
    <time>2021-09-01T05:42:29Z</time>
    <extensions>
     <gpxtpx:TrackPointExtension>
      <gpxtpx:atemp>30</gpxtpx:atemp>
      <gpxtpx:hr>112</gpxtpx:hr>
     </gpxtpx:TrackPointExtension>
    </extensions>
   </trkpt>
   <trkpt lat="-33.4606260" lon="151.0432560">
    <ele>-14.0</ele>
    <time>2021-09-01T05:42:32Z</time>
    <extensions>
     <gpxtpx:TrackPointExtension>
      <gpxtpx:atemp>30</gpxtpx:atemp>
      <gpxtpx:hr>111</gpxtpx:hr>
     </gpxtpx:TrackPointExtension>
    </extensions>
   </trkpt>
   <trkpt lat="-33.4606380" lon="151.0433220">
    <ele>-13.6</ele>
    <time>2021-09-01T05:42:34Z</time>
    <extensions>
     <gpxtpx:TrackPointExtension>
      <gpxtpx:atemp>30</gpxtpx:atemp>
      <gpxtpx:hr>111</gpxtpx:hr>
     </gpxtpx:TrackPointExtension>
    </extensions>
   </trkpt>
   <trkpt lat="-33.4606840" lon="151.0434940">
    <ele>-13.4</ele>
    <time>2021-09-01T05:42:39Z</time>
    <extensions>
     <gpxtpx:TrackPointExtension>
      <gpxtpx:atemp>30</gpxtpx:atemp>
      <gpxtpx:hr>109</gpxtpx:hr>
     </gpxtpx:TrackPointExtension>
    </extensions>
   </trkpt>
   <trkpt lat="-33.4607320" lon="151.0435840">
    <ele>-13.0</ele>
    <time>2021-09-01T05:42:43Z</time>
    <extensions>
     <gpxtpx:TrackPointExtension>
      <gpxtpx:atemp>30</gpxtpx:atemp>
      <gpxtpx:hr>108</gpxtpx:hr>
     </gpxtpx:TrackPointExtension>
    </extensions>
   </trkpt>
   <trkpt lat="-33.4607480" lon="151.0436020">
    <ele>-12.8</ele>
    <time>2021-09-01T05:42:44Z</time>
    <extensions>
     <gpxtpx:TrackPointExtension>
      <gpxtpx:atemp>30</gpxtpx:atemp>
      <gpxtpx:hr>109</gpxtpx:hr>
     </gpxtpx:TrackPointExtension>
    </extensions>
   </trkpt>
   <trkpt lat="-33.4607870" lon="151.0436930">
    <ele>-11.8</ele>
    <time>2021-09-01T05:42:47Z</time>
    <extensions>
     <gpxtpx:TrackPointExtension>
      <gpxtpx:atemp>30</gpxtpx:atemp>
      <gpxtpx:hr>109</gpxtpx:hr>
     </gpxtpx:TrackPointExtension>
    </extensions>
   </trkpt>
   <trkpt lat="-33.4607870" lon="151.0437240">
    <ele>-11.2</ele>
    <time>2021-09-01T05:42:48Z</time>
    <extensions>
     <gpxtpx:TrackPointExtension>
      <gpxtpx:atemp>30</gpxtpx:atemp>
      <gpxtpx:hr>108</gpxtpx:hr>
     </gpxtpx:TrackPointExtension>
    </extensions>
   </trkpt>
   <trkpt lat="-33.4607350" lon="151.0439000">
    <ele>-11.8</ele>
    <time>2021-09-01T05:42:54Z</time>
    <extensions>
     <gpxtpx:TrackPointExtension>
      <gpxtpx:atemp>30</gpxtpx:atemp>
      <gpxtpx:hr>108</gpxtpx:hr>
     </gpxtpx:TrackPointExtension>
    </extensions>
   </trkpt>
   <trkpt lat="-33.4607370" lon="151.0440430">
    <ele>-13.0</ele>
    <time>2021-09-01T05:42:59Z</time>
    <extensions>
     <gpxtpx:TrackPointExtension>
      <gpxtpx:atemp>30</gpxtpx:atemp>
      <gpxtpx:hr>105</gpxtpx:hr>
     </gpxtpx:TrackPointExtension>
    </extensions>
   </trkpt>
   <trkpt lat="-33.4607300" lon="151.0440700">
    <ele>-13.2</ele>
    <time>2021-09-01T05:43:00Z</time>
    <extensions>
     <gpxtpx:TrackPointExtension>
      <gpxtpx:atemp>30</gpxtpx:atemp>
      <gpxtpx:hr>106</gpxtpx:hr>
     </gpxtpx:TrackPointExtension>
    </extensions>
   </trkpt>
   <trkpt lat="-33.4607110" lon="151.0441400">
    <ele>-14.0</ele>
    <time>2021-09-01T05:43:02Z</time>
    <extensions>
     <gpxtpx:TrackPointExtension>
      <gpxtpx:atemp>30</gpxtpx:atemp>
      <gpxtpx:hr>106</gpxtpx:hr>
     </gpxtpx:TrackPointExtension>
    </extensions>
   </trkpt>
   <trkpt lat="-33.4607060" lon="151.0442320">
    <ele>-14.6</ele>
    <time>2021-09-01T05:43:05Z</time>
    <extensions>
     <gpxtpx:TrackPointExtension>
      <gpxtpx:atemp>30</gpxtpx:atemp>
      <gpxtpx:hr>106</gpxtpx:hr>
     </gpxtpx:TrackPointExtension>
    </extensions>
   </trkpt>
   <trkpt lat="-33.4606840" lon="151.0443900">
    <ele>-15.2</ele>
    <time>2021-09-01T05:43:10Z</time>
    <extensions>
     <gpxtpx:TrackPointExtension>
      <gpxtpx:atemp>30</gpxtpx:atemp>
      <gpxtpx:hr>104</gpxtpx:hr>
     </gpxtpx:TrackPointExtension>
    </extensions>
   </trkpt>
   <trkpt lat="-33.4607600" lon="151.0444650">
    <ele>-15.8</ele>
    <time>2021-09-01T05:43:13Z</time>
    <extensions>
     <gpxtpx:TrackPointExtension>
      <gpxtpx:atemp>30</gpxtpx:atemp>
      <gpxtpx:hr>104</gpxtpx:hr>
     </gpxtpx:TrackPointExtension>
    </extensions>
   </trkpt>
   <trkpt lat="-33.4608000" lon="151.0444920">
    <ele>-15.8</ele>
    <time>2021-09-01T05:43:14Z</time>
    <extensions>
     <gpxtpx:TrackPointExtension>
      <gpxtpx:atemp>30</gpxtpx:atemp>
      <gpxtpx:hr>104</gpxtpx:hr>
     </gpxtpx:TrackPointExtension>
    </extensions>
   </trkpt>
   <trkpt lat="-33.4608770" lon="151.0445570">
    <ele>-15.8</ele>
    <time>2021-09-01T05:43:16Z</time>
    <extensions>
     <gpxtpx:TrackPointExtension>
      <gpxtpx:atemp>30</gpxtpx:atemp>
      <gpxtpx:hr>105</gpxtpx:hr>
     </gpxtpx:TrackPointExtension>
    </extensions>
   </trkpt>
   <trkpt lat="-33.4609380" lon="151.0446280">
    <ele>-16.2</ele>
    <time>2021-09-01T05:43:18Z</time>
    <extensions>
     <gpxtpx:TrackPointExtension>
      <gpxtpx:atemp>30</gpxtpx:atemp>
      <gpxtpx:hr>104</gpxtpx:hr>
     </gpxtpx:TrackPointExtension>
    </extensions>
   </trkpt>
   <trkpt lat="-33.4610950" lon="151.0447420">
    <ele>-17.2</ele>
    <time>2021-09-01T05:43:22Z</time>
    <extensions>
     <gpxtpx:TrackPointExtension>
      <gpxtpx:atemp>30</gpxtpx:atemp>
      <gpxtpx:hr>105</gpxtpx:hr>
     </gpxtpx:TrackPointExtension>
    </extensions>
   </trkpt>
   <trkpt lat="-33.4611400" lon="151.0447760">
    <ele>-17.6</ele>
    <time>2021-09-01T05:43:23Z</time>
    <extensions>
     <gpxtpx:TrackPointExtension>
      <gpxtpx:atemp>30</gpxtpx:atemp>
      <gpxtpx:hr>105</gpxtpx:hr>
     </gpxtpx:TrackPointExtension>
    </extensions>
   </trkpt>
   <trkpt lat="-33.4611820" lon="151.0448150">
    <ele>-18.2</ele>
    <time>2021-09-01T05:43:24Z</time>
    <extensions>
     <gpxtpx:TrackPointExtension>
      <gpxtpx:atemp>30</gpxtpx:atemp>
      <gpxtpx:hr>106</gpxtpx:hr>
     </gpxtpx:TrackPointExtension>
    </extensions>
   </trkpt>
   <trkpt lat="-33.4612230" lon="151.0448260">
    <ele>-18.6</ele>
    <time>2021-09-01T05:43:25Z</time>
    <extensions>
     <gpxtpx:TrackPointExtension>
      <gpxtpx:atemp>30</gpxtpx:atemp>
      <gpxtpx:hr>106</gpxtpx:hr>
     </gpxtpx:TrackPointExtension>
    </extensions>
   </trkpt>
   <trkpt lat="-33.4612640" lon="151.0448180">
    <ele>-19.0</ele>
    <time>2021-09-01T05:43:26Z</time>
    <extensions>
     <gpxtpx:TrackPointExtension>
      <gpxtpx:atemp>30</gpxtpx:atemp>
      <gpxtpx:hr>106</gpxtpx:hr>
     </gpxtpx:TrackPointExtension>
    </extensions>
   </trkpt>
   <trkpt lat="-33.4613190" lon="151.0447420">
    <ele>-19.2</ele>
    <time>2021-09-01T05:43:28Z</time>
    <extensions>
     <gpxtpx:TrackPointExtension>
      <gpxtpx:atemp>30</gpxtpx:atemp>
      <gpxtpx:hr>107</gpxtpx:hr>
     </gpxtpx:TrackPointExtension>
    </extensions>
   </trkpt>
   <trkpt lat="-33.4613460" lon="151.0446840">
    <ele>-19.2</ele>
    <time>2021-09-01T05:43:29Z</time>
    <extensions>
     <gpxtpx:TrackPointExtension>
      <gpxtpx:atemp>30</gpxtpx:atemp>
      <gpxtpx:hr>107</gpxtpx:hr>
     </gpxtpx:TrackPointExtension>
    </extensions>
   </trkpt>
   <trkpt lat="-33.4613770" lon="151.0446280">
    <ele>-18.6</ele>
    <time>2021-09-01T05:43:30Z</time>
    <extensions>
     <gpxtpx:TrackPointExtension>
      <gpxtpx:atemp>30</gpxtpx:atemp>
      <gpxtpx:hr>107</gpxtpx:hr>
     </gpxtpx:TrackPointExtension>
    </extensions>
   </trkpt>
   <trkpt lat="-33.4614110" lon="151.0445930">
    <ele>-17.6</ele>
    <time>2021-09-01T05:43:31Z</time>
    <extensions>
     <gpxtpx:TrackPointExtension>
      <gpxtpx:atemp>30</gpxtpx:atemp>
      <gpxtpx:hr>107</gpxtpx:hr>
     </gpxtpx:TrackPointExtension>
    </extensions>
   </trkpt>
   <trkpt lat="-33.4614350" lon="151.0445550">
    <ele>-16.0</ele>
    <time>2021-09-01T05:43:32Z</time>
    <extensions>
     <gpxtpx:TrackPointExtension>
      <gpxtpx:atemp>30</gpxtpx:atemp>
      <gpxtpx:hr>107</gpxtpx:hr>
     </gpxtpx:TrackPointExtension>
    </extensions>
   </trkpt>
   <trkpt lat="-33.4614480" lon="151.0445340">
    <ele>-14.6</ele>
    <time>2021-09-01T05:43:33Z</time>
    <extensions>
     <gpxtpx:TrackPointExtension>
      <gpxtpx:atemp>30</gpxtpx:atemp>
      <gpxtpx:hr>107</gpxtpx:hr>
     </gpxtpx:TrackPointExtension>
    </extensions>
   </trkpt>
   <trkpt lat="-33.4614490" lon="151.0445060">
    <ele>-13.4</ele>
    <time>2021-09-01T05:43:34Z</time>
    <extensions>
     <gpxtpx:TrackPointExtension>
      <gpxtpx:atemp>30</gpxtpx:atemp>
      <gpxtpx:hr>107</gpxtpx:hr>
     </gpxtpx:TrackPointExtension>
    </extensions>
   </trkpt>
   <trkpt lat="-33.4614350" lon="151.0444340">
    <ele>-12.0</ele>
    <time>2021-09-01T05:43:36Z</time>
    <extensions>
     <gpxtpx:TrackPointExtension>
      <gpxtpx:atemp>30</gpxtpx:atemp>
      <gpxtpx:hr>107</gpxtpx:hr>
     </gpxtpx:TrackPointExtension>
    </extensions>
   </trkpt>
   <trkpt lat="-33.4614250" lon="151.0444090">
    <ele>-11.0</ele>
    <time>2021-09-01T05:43:37Z</time>
    <extensions>
     <gpxtpx:TrackPointExtension>
      <gpxtpx:atemp>30</gpxtpx:atemp>
      <gpxtpx:hr>107</gpxtpx:hr>
     </gpxtpx:TrackPointExtension>
    </extensions>
   </trkpt>
   <trkpt lat="-33.4614110" lon="151.0443940">
    <ele>-9.8</ele>
    <time>2021-09-01T05:43:38Z</time>
    <extensions>
     <gpxtpx:TrackPointExtension>
      <gpxtpx:atemp>30</gpxtpx:atemp>
      <gpxtpx:hr>108</gpxtpx:hr>
     </gpxtpx:TrackPointExtension>
    </extensions>
   </trkpt>
   <trkpt lat="-33.4613990" lon="151.0443680">
    <ele>-8.8</ele>
    <time>2021-09-01T05:43:39Z</time>
    <extensions>
     <gpxtpx:TrackPointExtension>
      <gpxtpx:atemp>30</gpxtpx:atemp>
      <gpxtpx:hr>109</gpxtpx:hr>
     </gpxtpx:TrackPointExtension>
    </extensions>
   </trkpt>
   <trkpt lat="-33.4613920" lon="151.0443250">
    <ele>-8.0</ele>
    <time>2021-09-01T05:43:40Z</time>
    <extensions>
     <gpxtpx:TrackPointExtension>
      <gpxtpx:atemp>30</gpxtpx:atemp>
      <gpxtpx:hr>108</gpxtpx:hr>
     </gpxtpx:TrackPointExtension>
    </extensions>
   </trkpt>
   <trkpt lat="-33.4613810" lon="151.0442840">
    <ele>-7.0</ele>
    <time>2021-09-01T05:43:41Z</time>
    <extensions>
     <gpxtpx:TrackPointExtension>
      <gpxtpx:atemp>30</gpxtpx:atemp>
      <gpxtpx:hr>108</gpxtpx:hr>
     </gpxtpx:TrackPointExtension>
    </extensions>
   </trkpt>
   <trkpt lat="-33.4613720" lon="151.0442320">
    <ele>-5.8</ele>
    <time>2021-09-01T05:43:42Z</time>
    <extensions>
     <gpxtpx:TrackPointExtension>
      <gpxtpx:atemp>30</gpxtpx:atemp>
      <gpxtpx:hr>110</gpxtpx:hr>
     </gpxtpx:TrackPointExtension>
    </extensions>
   </trkpt>
   <trkpt lat="-33.4613680" lon="151.0441740">
    <ele>-4.4</ele>
    <time>2021-09-01T05:43:43Z</time>
    <extensions>
     <gpxtpx:TrackPointExtension>
      <gpxtpx:atemp>30</gpxtpx:atemp>
      <gpxtpx:hr>110</gpxtpx:hr>
     </gpxtpx:TrackPointExtension>
    </extensions>
   </trkpt>
   <trkpt lat="-33.4613590" lon="151.0441160">
    <ele>-3.6</ele>
    <time>2021-09-01T05:43:44Z</time>
    <extensions>
     <gpxtpx:TrackPointExtension>
      <gpxtpx:atemp>30</gpxtpx:atemp>
      <gpxtpx:hr>111</gpxtpx:hr>
     </gpxtpx:TrackPointExtension>
    </extensions>
   </trkpt>
   <trkpt lat="-33.4613460" lon="151.0440650">
    <ele>-2.4</ele>
    <time>2021-09-01T05:43:45Z</time>
    <extensions>
     <gpxtpx:TrackPointExtension>
      <gpxtpx:atemp>30</gpxtpx:atemp>
      <gpxtpx:hr>112</gpxtpx:hr>
     </gpxtpx:TrackPointExtension>
    </extensions>
   </trkpt>
   <trkpt lat="-33.4613420" lon="151.0439690">
    <ele>-1.2</ele>
    <time>2021-09-01T05:43:47Z</time>
    <extensions>
     <gpxtpx:TrackPointExtension>
      <gpxtpx:atemp>30</gpxtpx:atemp>
      <gpxtpx:hr>112</gpxtpx:hr>
     </gpxtpx:TrackPointExtension>
    </extensions>
   </trkpt>
   <trkpt lat="-33.4613460" lon="151.0439270">
    <ele>-0.2</ele>
    <time>2021-09-01T05:43:48Z</time>
    <extensions>
     <gpxtpx:TrackPointExtension>
      <gpxtpx:atemp>30</gpxtpx:atemp>
      <gpxtpx:hr>114</gpxtpx:hr>
     </gpxtpx:TrackPointExtension>
    </extensions>
   </trkpt>
   <trkpt lat="-33.4613570" lon="151.0438820">
    <ele>0.4</ele>
    <time>2021-09-01T05:43:49Z</time>
    <extensions>
     <gpxtpx:TrackPointExtension>
      <gpxtpx:atemp>30</gpxtpx:atemp>
      <gpxtpx:hr>113</gpxtpx:hr>
     </gpxtpx:TrackPointExtension>
    </extensions>
   </trkpt>
   <trkpt lat="-33.4613790" lon="151.0438380">
    <ele>1.6</ele>
    <time>2021-09-01T05:43:50Z</time>
    <extensions>
     <gpxtpx:TrackPointExtension>
      <gpxtpx:atemp>30</gpxtpx:atemp>
      <gpxtpx:hr>112</gpxtpx:hr>
     </gpxtpx:TrackPointExtension>
    </extensions>
   </trkpt>
   <trkpt lat="-33.4614090" lon="151.0437600">
    <ele>3.2</ele>
    <time>2021-09-01T05:43:52Z</time>
    <extensions>
     <gpxtpx:TrackPointExtension>
      <gpxtpx:atemp>30</gpxtpx:atemp>
      <gpxtpx:hr>113</gpxtpx:hr>
     </gpxtpx:TrackPointExtension>
    </extensions>
   </trkpt>
   <trkpt lat="-33.4614210" lon="151.0436760">
    <ele>4.8</ele>
    <time>2021-09-01T05:43:54Z</time>
    <extensions>
     <gpxtpx:TrackPointExtension>
      <gpxtpx:atemp>30</gpxtpx:atemp>
      <gpxtpx:hr>115</gpxtpx:hr>
     </gpxtpx:TrackPointExtension>
    </extensions>
   </trkpt>
   <trkpt lat="-33.4614280" lon="151.0435870">
    <ele>6.0</ele>
    <time>2021-09-01T05:43:56Z</time>
    <extensions>
     <gpxtpx:TrackPointExtension>
      <gpxtpx:atemp>30</gpxtpx:atemp>
      <gpxtpx:hr>114</gpxtpx:hr>
     </gpxtpx:TrackPointExtension>
    </extensions>
   </trkpt>
   <trkpt lat="-33.4614330" lon="151.0434900">
    <ele>7.6</ele>
    <time>2021-09-01T05:43:58Z</time>
    <extensions>
     <gpxtpx:TrackPointExtension>
      <gpxtpx:atemp>30</gpxtpx:atemp>
      <gpxtpx:hr>113</gpxtpx:hr>
     </gpxtpx:TrackPointExtension>
    </extensions>
   </trkpt>
   <trkpt lat="-33.4614350" lon="151.0434120">
    <ele>8.2</ele>
    <time>2021-09-01T05:44:00Z</time>
    <extensions>
     <gpxtpx:TrackPointExtension>
      <gpxtpx:atemp>30</gpxtpx:atemp>
      <gpxtpx:hr>112</gpxtpx:hr>
     </gpxtpx:TrackPointExtension>
    </extensions>
   </trkpt>
   <trkpt lat="-33.4614490" lon="151.0433200">
    <ele>8.4</ele>
    <time>2021-09-01T05:44:04Z</time>
    <extensions>
     <gpxtpx:TrackPointExtension>
      <gpxtpx:atemp>30</gpxtpx:atemp>
      <gpxtpx:hr>111</gpxtpx:hr>
     </gpxtpx:TrackPointExtension>
    </extensions>
   </trkpt>
   <trkpt lat="-33.4614590" lon="151.0432870">
    <ele>7.4</ele>
    <time>2021-09-01T05:44:11Z</time>
    <extensions>
     <gpxtpx:TrackPointExtension>
      <gpxtpx:atemp>30</gpxtpx:atemp>
      <gpxtpx:hr>113</gpxtpx:hr>
     </gpxtpx:TrackPointExtension>
    </extensions>
   </trkpt>
   <trkpt lat="-33.4614640" lon="151.0432750">
    <ele>7.0</ele>
    <time>2021-09-01T05:44:22Z</time>
    <extensions>
     <gpxtpx:TrackPointExtension>
      <gpxtpx:atemp>30</gpxtpx:atemp>
      <gpxtpx:hr>113</gpxtpx:hr>
     </gpxtpx:TrackPointExtension>
    </extensions>
   </trkpt>
   <trkpt lat="-33.4614640" lon="151.0432750">
    <ele>7.0</ele>
    <time>2021-09-01T05:44:23Z</time>
    <extensions>
     <gpxtpx:TrackPointExtension>
      <gpxtpx:atemp>30</gpxtpx:atemp>
      <gpxtpx:hr>109</gpxtpx:hr>
     </gpxtpx:TrackPointExtension>
    </extensions>
   </trkpt>
   <trkpt lat="-33.4614690" lon="151.0432630">
    <ele>7.0</ele>
    <time>2021-09-01T05:44:31Z</time>
    <extensions>
     <gpxtpx:TrackPointExtension>
      <gpxtpx:atemp>30</gpxtpx:atemp>
      <gpxtpx:hr>108</gpxtpx:hr>
     </gpxtpx:TrackPointExtension>
    </extensions>
   </trkpt>
   <trkpt lat="-33.4614740" lon="151.0432410">
    <ele>6.8</ele>
    <time>2021-09-01T05:44:35Z</time>
    <extensions>
     <gpxtpx:TrackPointExtension>
      <gpxtpx:atemp>30</gpxtpx:atemp>
      <gpxtpx:hr>107</gpxtpx:hr>
     </gpxtpx:TrackPointExtension>
    </extensions>
   </trkpt>
   <trkpt lat="-33.4614780" lon="151.0432070">
    <ele>6.8</ele>
    <time>2021-09-01T05:44:37Z</time>
    <extensions>
     <gpxtpx:TrackPointExtension>
      <gpxtpx:atemp>30</gpxtpx:atemp>
      <gpxtpx:hr>108</gpxtpx:hr>
     </gpxtpx:TrackPointExtension>
    </extensions>
   </trkpt>
   <trkpt lat="-33.4614720" lon="151.0431690">
    <ele>6.8</ele>
    <time>2021-09-01T05:44:39Z</time>
    <extensions>
     <gpxtpx:TrackPointExtension>
      <gpxtpx:atemp>30</gpxtpx:atemp>
      <gpxtpx:hr>109</gpxtpx:hr>
     </gpxtpx:TrackPointExtension>
    </extensions>
   </trkpt>
   <trkpt lat="-33.4614340" lon="151.0431390">
    <ele>6.6</ele>
    <time>2021-09-01T05:44:41Z</time>
    <extensions>
     <gpxtpx:TrackPointExtension>
      <gpxtpx:atemp>30</gpxtpx:atemp>
      <gpxtpx:hr>109</gpxtpx:hr>
     </gpxtpx:TrackPointExtension>
    </extensions>
   </trkpt>
   <trkpt lat="-33.4614130" lon="151.0431240">
    <ele>6.4</ele>
    <time>2021-09-01T05:44:42Z</time>
    <extensions>
     <gpxtpx:TrackPointExtension>
      <gpxtpx:atemp>30</gpxtpx:atemp>
      <gpxtpx:hr>109</gpxtpx:hr>
     </gpxtpx:TrackPointExtension>
    </extensions>
   </trkpt>
   <trkpt lat="-33.4613820" lon="151.0430830">
    <ele>5.8</ele>
    <time>2021-09-01T05:44:44Z</time>
    <extensions>
     <gpxtpx:TrackPointExtension>
      <gpxtpx:atemp>30</gpxtpx:atemp>
      <gpxtpx:hr>111</gpxtpx:hr>
     </gpxtpx:TrackPointExtension>
    </extensions>
   </trkpt>
   <trkpt lat="-33.4613840" lon="151.0430510">
    <ele>5.4</ele>
    <time>2021-09-01T05:44:45Z</time>
    <extensions>
     <gpxtpx:TrackPointExtension>
      <gpxtpx:atemp>30</gpxtpx:atemp>
      <gpxtpx:hr>110</gpxtpx:hr>
     </gpxtpx:TrackPointExtension>
    </extensions>
   </trkpt>
   <trkpt lat="-33.4614300" lon="151.0429550">
    <ele>4.4</ele>
    <time>2021-09-01T05:44:49Z</time>
    <extensions>
     <gpxtpx:TrackPointExtension>
      <gpxtpx:atemp>30</gpxtpx:atemp>
      <gpxtpx:hr>110</gpxtpx:hr>
     </gpxtpx:TrackPointExtension>
    </extensions>
   </trkpt>
   <trkpt lat="-33.4614310" lon="151.0429350">
    <ele>4.4</ele>
    <time>2021-09-01T05:44:50Z</time>
    <extensions>
     <gpxtpx:TrackPointExtension>
      <gpxtpx:atemp>30</gpxtpx:atemp>
      <gpxtpx:hr>110</gpxtpx:hr>
     </gpxtpx:TrackPointExtension>
    </extensions>
   </trkpt>
   <trkpt lat="-33.4614190" lon="151.0429200">
    <ele>3.8</ele>
    <time>2021-09-01T05:44:53Z</time>
    <extensions>
     <gpxtpx:TrackPointExtension>
      <gpxtpx:atemp>30</gpxtpx:atemp>
      <gpxtpx:hr>110</gpxtpx:hr>
     </gpxtpx:TrackPointExtension>
    </extensions>
   </trkpt>
   <trkpt lat="-33.4614230" lon="151.0429110">
    <ele>3.4</ele>
    <time>2021-09-01T05:45:00Z</time>
    <extensions>
     <gpxtpx:TrackPointExtension>
      <gpxtpx:atemp>30</gpxtpx:atemp>
      <gpxtpx:hr>109</gpxtpx:hr>
     </gpxtpx:TrackPointExtension>
    </extensions>
   </trkpt>
   <trkpt lat="-33.4614290" lon="151.0428900">
    <ele>3.2</ele>
    <time>2021-09-01T05:45:01Z</time>
    <extensions>
     <gpxtpx:TrackPointExtension>
      <gpxtpx:atemp>30</gpxtpx:atemp>
      <gpxtpx:hr>108</gpxtpx:hr>
     </gpxtpx:TrackPointExtension>
    </extensions>
   </trkpt>
   <trkpt lat="-33.4614580" lon="151.0427630">
    <ele>2.6</ele>
    <time>2021-09-01T05:45:06Z</time>
    <extensions>
     <gpxtpx:TrackPointExtension>
      <gpxtpx:atemp>30</gpxtpx:atemp>
      <gpxtpx:hr>108</gpxtpx:hr>
     </gpxtpx:TrackPointExtension>
    </extensions>
   </trkpt>
   <trkpt lat="-33.4614700" lon="151.0427340">
    <ele>2.4</ele>
    <time>2021-09-01T05:45:07Z</time>
    <extensions>
     <gpxtpx:TrackPointExtension>
      <gpxtpx:atemp>30</gpxtpx:atemp>
      <gpxtpx:hr>105</gpxtpx:hr>
     </gpxtpx:TrackPointExtension>
    </extensions>
   </trkpt>
   <trkpt lat="-33.4614850" lon="151.0427000">
    <ele>1.8</ele>
    <time>2021-09-01T05:45:08Z</time>
    <extensions>
     <gpxtpx:TrackPointExtension>
      <gpxtpx:atemp>30</gpxtpx:atemp>
      <gpxtpx:hr>107</gpxtpx:hr>
     </gpxtpx:TrackPointExtension>
    </extensions>
   </trkpt>
   <trkpt lat="-33.4615260" lon="151.0425850">
    <ele>0.4</ele>
    <time>2021-09-01T05:45:11Z</time>
    <extensions>
     <gpxtpx:TrackPointExtension>
      <gpxtpx:atemp>30</gpxtpx:atemp>
      <gpxtpx:hr>110</gpxtpx:hr>
     </gpxtpx:TrackPointExtension>
    </extensions>
   </trkpt>
   <trkpt lat="-33.4615410" lon="151.0425520">
    <ele>-0.4</ele>
    <time>2021-09-01T05:45:12Z</time>
    <extensions>
     <gpxtpx:TrackPointExtension>
      <gpxtpx:atemp>30</gpxtpx:atemp>
      <gpxtpx:hr>112</gpxtpx:hr>
     </gpxtpx:TrackPointExtension>
    </extensions>
   </trkpt>
   <trkpt lat="-33.4615580" lon="151.0425220">
    <ele>-1.4</ele>
    <time>2021-09-01T05:45:13Z</time>
    <extensions>
     <gpxtpx:TrackPointExtension>
      <gpxtpx:atemp>30</gpxtpx:atemp>
      <gpxtpx:hr>114</gpxtpx:hr>
     </gpxtpx:TrackPointExtension>
    </extensions>
   </trkpt>
   <trkpt lat="-33.4615990" lon="151.0424620">
    <ele>-2.4</ele>
    <time>2021-09-01T05:45:15Z</time>
    <extensions>
     <gpxtpx:TrackPointExtension>
      <gpxtpx:atemp>30</gpxtpx:atemp>
      <gpxtpx:hr>116</gpxtpx:hr>
     </gpxtpx:TrackPointExtension>
    </extensions>
   </trkpt>
   <trkpt lat="-33.4616350" lon="151.0423860">
    <ele>-4.6</ele>
    <time>2021-09-01T05:45:17Z</time>
    <extensions>
     <gpxtpx:TrackPointExtension>
      <gpxtpx:atemp>29</gpxtpx:atemp>
      <gpxtpx:hr>117</gpxtpx:hr>
     </gpxtpx:TrackPointExtension>
    </extensions>
   </trkpt>
   <trkpt lat="-33.4617170" lon="151.0423060">
    <ele>-5.8</ele>
    <time>2021-09-01T05:45:19Z</time>
    <extensions>
     <gpxtpx:TrackPointExtension>
      <gpxtpx:atemp>29</gpxtpx:atemp>
      <gpxtpx:hr>119</gpxtpx:hr>
     </gpxtpx:TrackPointExtension>
    </extensions>
   </trkpt>
   <trkpt lat="-33.4617730" lon="151.0422720">
    <ele>-7.4</ele>
    <time>2021-09-01T05:45:20Z</time>
    <extensions>
     <gpxtpx:TrackPointExtension>
      <gpxtpx:atemp>29</gpxtpx:atemp>
      <gpxtpx:hr>119</gpxtpx:hr>
     </gpxtpx:TrackPointExtension>
    </extensions>
   </trkpt>
   <trkpt lat="-33.4618230" lon="151.0422430">
    <ele>-8.4</ele>
    <time>2021-09-01T05:45:21Z</time>
    <extensions>
     <gpxtpx:TrackPointExtension>
      <gpxtpx:atemp>29</gpxtpx:atemp>
      <gpxtpx:hr>119</gpxtpx:hr>
     </gpxtpx:TrackPointExtension>
    </extensions>
   </trkpt>
   <trkpt lat="-33.4618720" lon="151.0422140">
    <ele>-9.6</ele>
    <time>2021-09-01T05:45:22Z</time>
    <extensions>
     <gpxtpx:TrackPointExtension>
      <gpxtpx:atemp>29</gpxtpx:atemp>
      <gpxtpx:hr>120</gpxtpx:hr>
     </gpxtpx:TrackPointExtension>
    </extensions>
   </trkpt>
   <trkpt lat="-33.4619270" lon="151.0421920">
    <ele>-10.6</ele>
    <time>2021-09-01T05:45:23Z</time>
    <extensions>
     <gpxtpx:TrackPointExtension>
      <gpxtpx:atemp>29</gpxtpx:atemp>
      <gpxtpx:hr>119</gpxtpx:hr>
     </gpxtpx:TrackPointExtension>
    </extensions>
   </trkpt>
   <trkpt lat="-33.4619660" lon="151.0421920">
    <ele>-12.0</ele>
    <time>2021-09-01T05:45:24Z</time>
    <extensions>
     <gpxtpx:TrackPointExtension>
      <gpxtpx:atemp>29</gpxtpx:atemp>
      <gpxtpx:hr>120</gpxtpx:hr>
     </gpxtpx:TrackPointExtension>
    </extensions>
   </trkpt>
   <trkpt lat="-33.4620010" lon="151.0422080">
    <ele>-12.8</ele>
    <time>2021-09-01T05:45:25Z</time>
    <extensions>
     <gpxtpx:TrackPointExtension>
      <gpxtpx:atemp>29</gpxtpx:atemp>
      <gpxtpx:hr>121</gpxtpx:hr>
     </gpxtpx:TrackPointExtension>
    </extensions>
   </trkpt>
   <trkpt lat="-33.4620310" lon="151.0422250">
    <ele>-13.4</ele>
    <time>2021-09-01T05:45:26Z</time>
    <extensions>
     <gpxtpx:TrackPointExtension>
      <gpxtpx:atemp>29</gpxtpx:atemp>
      <gpxtpx:hr>121</gpxtpx:hr>
     </gpxtpx:TrackPointExtension>
    </extensions>
   </trkpt>
   <trkpt lat="-33.4621060" lon="151.0422660">
    <ele>-13.8</ele>
    <time>2021-09-01T05:45:28Z</time>
    <extensions>
     <gpxtpx:TrackPointExtension>
      <gpxtpx:atemp>29</gpxtpx:atemp>
      <gpxtpx:hr>121</gpxtpx:hr>
     </gpxtpx:TrackPointExtension>
    </extensions>
   </trkpt>
   <trkpt lat="-33.4622180" lon="151.0423500">
    <ele>-14.0</ele>
    <time>2021-09-01T05:45:31Z</time>
    <extensions>
     <gpxtpx:TrackPointExtension>
      <gpxtpx:atemp>29</gpxtpx:atemp>
      <gpxtpx:hr>121</gpxtpx:hr>
     </gpxtpx:TrackPointExtension>
    </extensions>
   </trkpt>
   <trkpt lat="-33.4622750" lon="151.0424080">
    <ele>-14.4</ele>
    <time>2021-09-01T05:45:33Z</time>
    <extensions>
     <gpxtpx:TrackPointExtension>
      <gpxtpx:atemp>29</gpxtpx:atemp>
      <gpxtpx:hr>124</gpxtpx:hr>
     </gpxtpx:TrackPointExtension>
    </extensions>
   </trkpt>
   <trkpt lat="-33.4623100" lon="151.0425280">
    <ele>-15.0</ele>
    <time>2021-09-01T05:45:36Z</time>
    <extensions>
     <gpxtpx:TrackPointExtension>
      <gpxtpx:atemp>29</gpxtpx:atemp>
      <gpxtpx:hr>122</gpxtpx:hr>
     </gpxtpx:TrackPointExtension>
    </extensions>
   </trkpt>
   <trkpt lat="-33.4622620" lon="151.0426520">
    <ele>-15.0</ele>
    <time>2021-09-01T05:45:39Z</time>
    <extensions>
     <gpxtpx:TrackPointExtension>
      <gpxtpx:atemp>29</gpxtpx:atemp>
      <gpxtpx:hr>121</gpxtpx:hr>
     </gpxtpx:TrackPointExtension>
    </extensions>
   </trkpt>
   <trkpt lat="-33.4622020" lon="151.0427720">
    <ele>-14.6</ele>
    <time>2021-09-01T05:45:41Z</time>
    <extensions>
     <gpxtpx:TrackPointExtension>
      <gpxtpx:atemp>29</gpxtpx:atemp>
      <gpxtpx:hr>117</gpxtpx:hr>
     </gpxtpx:TrackPointExtension>
    </extensions>
   </trkpt>
   <trkpt lat="-33.4621760" lon="151.0429000">
    <ele>-13.4</ele>
    <time>2021-09-01T05:45:43Z</time>
    <extensions>
     <gpxtpx:TrackPointExtension>
      <gpxtpx:atemp>29</gpxtpx:atemp>
      <gpxtpx:hr>111</gpxtpx:hr>
     </gpxtpx:TrackPointExtension>
    </extensions>
   </trkpt>
   <trkpt lat="-33.4621640" lon="151.0430150">
    <ele>-12.4</ele>
    <time>2021-09-01T05:45:45Z</time>
    <extensions>
     <gpxtpx:TrackPointExtension>
      <gpxtpx:atemp>29</gpxtpx:atemp>
      <gpxtpx:hr>108</gpxtpx:hr>
     </gpxtpx:TrackPointExtension>
    </extensions>
   </trkpt>
   <trkpt lat="-33.4621620" lon="151.0430470">
    <ele>-12.2</ele>
    <time>2021-09-01T05:45:46Z</time>
    <extensions>
     <gpxtpx:TrackPointExtension>
      <gpxtpx:atemp>29</gpxtpx:atemp>
      <gpxtpx:hr>107</gpxtpx:hr>
     </gpxtpx:TrackPointExtension>
    </extensions>
   </trkpt>
   <trkpt lat="-33.4621790" lon="151.0430170">
    <ele>-12.2</ele>
    <time>2021-09-01T05:45:47Z</time>
    <extensions>
     <gpxtpx:TrackPointExtension>
      <gpxtpx:atemp>29</gpxtpx:atemp>
      <gpxtpx:hr>107</gpxtpx:hr>
     </gpxtpx:TrackPointExtension>
    </extensions>
   </trkpt>
   <trkpt lat="-33.4621850" lon="151.0430500">
    <ele>-12.2</ele>
    <time>2021-09-01T05:45:48Z</time>
    <extensions>
     <gpxtpx:TrackPointExtension>
      <gpxtpx:atemp>29</gpxtpx:atemp>
      <gpxtpx:hr>107</gpxtpx:hr>
     </gpxtpx:TrackPointExtension>
    </extensions>
   </trkpt>
   <trkpt lat="-33.4622590" lon="151.0430930">
    <ele>-12.8</ele>
    <time>2021-09-01T05:45:51Z</time>
    <extensions>
     <gpxtpx:TrackPointExtension>
      <gpxtpx:atemp>29</gpxtpx:atemp>
      <gpxtpx:hr>108</gpxtpx:hr>
     </gpxtpx:TrackPointExtension>
    </extensions>
   </trkpt>
   <trkpt lat="-33.4622220" lon="151.0432260">
    <ele>-13.4</ele>
    <time>2021-09-01T05:45:54Z</time>
    <extensions>
     <gpxtpx:TrackPointExtension>
      <gpxtpx:atemp>29</gpxtpx:atemp>
      <gpxtpx:hr>108</gpxtpx:hr>
     </gpxtpx:TrackPointExtension>
    </extensions>
   </trkpt>
   <trkpt lat="-33.4622040" lon="151.0434350">
    <ele>-13.4</ele>
    <time>2021-09-01T05:45:58Z</time>
    <extensions>
     <gpxtpx:TrackPointExtension>
      <gpxtpx:atemp>29</gpxtpx:atemp>
      <gpxtpx:hr>107</gpxtpx:hr>
     </gpxtpx:TrackPointExtension>
    </extensions>
   </trkpt>
   <trkpt lat="-33.4621770" lon="151.0435520">
    <ele>-13.2</ele>
    <time>2021-09-01T05:46:01Z</time>
    <extensions>
     <gpxtpx:TrackPointExtension>
      <gpxtpx:atemp>29</gpxtpx:atemp>
      <gpxtpx:hr>107</gpxtpx:hr>
     </gpxtpx:TrackPointExtension>
    </extensions>
   </trkpt>
   <trkpt lat="-33.4621810" lon="151.0435950">
    <ele>-13.2</ele>
    <time>2021-09-01T05:46:02Z</time>
    <extensions>
     <gpxtpx:TrackPointExtension>
      <gpxtpx:atemp>29</gpxtpx:atemp>
      <gpxtpx:hr>107</gpxtpx:hr>
     </gpxtpx:TrackPointExtension>
    </extensions>
   </trkpt>
   <trkpt lat="-33.4621890" lon="151.0438080">
    <ele>-13.4</ele>
    <time>2021-09-01T05:46:06Z</time>
    <extensions>
     <gpxtpx:TrackPointExtension>
      <gpxtpx:atemp>29</gpxtpx:atemp>
      <gpxtpx:hr>106</gpxtpx:hr>
     </gpxtpx:TrackPointExtension>
    </extensions>
   </trkpt>
   <trkpt lat="-33.4622150" lon="151.0439300">
    <ele>-14.2</ele>
    <time>2021-09-01T05:46:08Z</time>
    <extensions>
     <gpxtpx:TrackPointExtension>
      <gpxtpx:atemp>29</gpxtpx:atemp>
      <gpxtpx:hr>107</gpxtpx:hr>
     </gpxtpx:TrackPointExtension>
    </extensions>
   </trkpt>
   <trkpt lat="-33.4622090" lon="151.0439990">
    <ele>-14.2</ele>
    <time>2021-09-01T05:46:09Z</time>
    <extensions>
     <gpxtpx:TrackPointExtension>
      <gpxtpx:atemp>29</gpxtpx:atemp>
      <gpxtpx:hr>107</gpxtpx:hr>
     </gpxtpx:TrackPointExtension>
    </extensions>
   </trkpt>
   <trkpt lat="-33.4621880" lon="151.0440410">
    <ele>-14.0</ele>
    <time>2021-09-01T05:46:10Z</time>
    <extensions>
     <gpxtpx:TrackPointExtension>
      <gpxtpx:atemp>29</gpxtpx:atemp>
      <gpxtpx:hr>108</gpxtpx:hr>
     </gpxtpx:TrackPointExtension>
    </extensions>
   </trkpt>
   <trkpt lat="-33.4621290" lon="151.0441130">
    <ele>-14.0</ele>
    <time>2021-09-01T05:46:12Z</time>
    <extensions>
     <gpxtpx:TrackPointExtension>
      <gpxtpx:atemp>29</gpxtpx:atemp>
      <gpxtpx:hr>109</gpxtpx:hr>
     </gpxtpx:TrackPointExtension>
    </extensions>
   </trkpt>
   <trkpt lat="-33.4621030" lon="151.0442010">
    <ele>-13.8</ele>
    <time>2021-09-01T05:46:14Z</time>
    <extensions>
     <gpxtpx:TrackPointExtension>
      <gpxtpx:atemp>29</gpxtpx:atemp>
      <gpxtpx:hr>110</gpxtpx:hr>
     </gpxtpx:TrackPointExtension>
    </extensions>
   </trkpt>
   <trkpt lat="-33.4621080" lon="151.0442330">
    <ele>-13.8</ele>
    <time>2021-09-01T05:46:15Z</time>
    <extensions>
     <gpxtpx:TrackPointExtension>
      <gpxtpx:atemp>29</gpxtpx:atemp>
      <gpxtpx:hr>110</gpxtpx:hr>
     </gpxtpx:TrackPointExtension>
    </extensions>
   </trkpt>
   <trkpt lat="-33.4621490" lon="151.0443470">
    <ele>-14.2</ele>
    <time>2021-09-01T05:46:18Z</time>
    <extensions>
     <gpxtpx:TrackPointExtension>
      <gpxtpx:atemp>29</gpxtpx:atemp>
      <gpxtpx:hr>112</gpxtpx:hr>
     </gpxtpx:TrackPointExtension>
    </extensions>
   </trkpt>
   <trkpt lat="-33.4621640" lon="151.0443950">
    <ele>-14.6</ele>
    <time>2021-09-01T05:46:19Z</time>
    <extensions>
     <gpxtpx:TrackPointExtension>
      <gpxtpx:atemp>29</gpxtpx:atemp>
      <gpxtpx:hr>112</gpxtpx:hr>
     </gpxtpx:TrackPointExtension>
    </extensions>
   </trkpt>
   <trkpt lat="-33.4621870" lon="151.0445820">
    <ele>-15.8</ele>
    <time>2021-09-01T05:46:22Z</time>
    <extensions>
     <gpxtpx:TrackPointExtension>
      <gpxtpx:atemp>29</gpxtpx:atemp>
      <gpxtpx:hr>112</gpxtpx:hr>
     </gpxtpx:TrackPointExtension>
    </extensions>
   </trkpt>
   <trkpt lat="-33.4622040" lon="151.0446640">
    <ele>-16.8</ele>
    <time>2021-09-01T05:46:24Z</time>
    <extensions>
     <gpxtpx:TrackPointExtension>
      <gpxtpx:atemp>29</gpxtpx:atemp>
      <gpxtpx:hr>112</gpxtpx:hr>
     </gpxtpx:TrackPointExtension>
    </extensions>
   </trkpt>
   <trkpt lat="-33.4622310" lon="151.0447240">
    <ele>-18.4</ele>
    <time>2021-09-01T05:46:26Z</time>
    <extensions>
     <gpxtpx:TrackPointExtension>
      <gpxtpx:atemp>29</gpxtpx:atemp>
      <gpxtpx:hr>112</gpxtpx:hr>
     </gpxtpx:TrackPointExtension>
    </extensions>
   </trkpt>
   <trkpt lat="-33.4622570" lon="151.0448060">
    <ele>-20.0</ele>
    <time>2021-09-01T05:46:28Z</time>
    <extensions>
     <gpxtpx:TrackPointExtension>
      <gpxtpx:atemp>29</gpxtpx:atemp>
      <gpxtpx:hr>110</gpxtpx:hr>
     </gpxtpx:TrackPointExtension>
    </extensions>
   </trkpt>
   <trkpt lat="-33.4622530" lon="151.0448530">
    <ele>-20.4</ele>
    <time>2021-09-01T05:46:29Z</time>
    <extensions>
     <gpxtpx:TrackPointExtension>
      <gpxtpx:atemp>29</gpxtpx:atemp>
      <gpxtpx:hr>111</gpxtpx:hr>
     </gpxtpx:TrackPointExtension>
    </extensions>
   </trkpt>
   <trkpt lat="-33.4622440" lon="151.0448960">
    <ele>-21.0</ele>
    <time>2021-09-01T05:46:30Z</time>
    <extensions>
     <gpxtpx:TrackPointExtension>
      <gpxtpx:atemp>29</gpxtpx:atemp>
      <gpxtpx:hr>110</gpxtpx:hr>
     </gpxtpx:TrackPointExtension>
    </extensions>
   </trkpt>
   <trkpt lat="-33.4622350" lon="151.0449480">
    <ele>-22.6</ele>
    <time>2021-09-01T05:46:31Z</time>
    <extensions>
     <gpxtpx:TrackPointExtension>
      <gpxtpx:atemp>29</gpxtpx:atemp>
      <gpxtpx:hr>110</gpxtpx:hr>
     </gpxtpx:TrackPointExtension>
    </extensions>
   </trkpt>
   <trkpt lat="-33.4621960" lon="151.0450020">
    <ele>-24.0</ele>
    <time>2021-09-01T05:46:33Z</time>
    <extensions>
     <gpxtpx:TrackPointExtension>
      <gpxtpx:atemp>29</gpxtpx:atemp>
      <gpxtpx:hr>107</gpxtpx:hr>
     </gpxtpx:TrackPointExtension>
    </extensions>
   </trkpt>
   <trkpt lat="-33.4621210" lon="151.0450490">
    <ele>-25.2</ele>
    <time>2021-09-01T05:46:36Z</time>
    <extensions>
     <gpxtpx:TrackPointExtension>
      <gpxtpx:atemp>29</gpxtpx:atemp>
      <gpxtpx:hr>106</gpxtpx:hr>
     </gpxtpx:TrackPointExtension>
    </extensions>
   </trkpt>
   <trkpt lat="-33.4620810" lon="151.0450740">
    <ele>-26.6</ele>
    <time>2021-09-01T05:46:38Z</time>
    <extensions>
     <gpxtpx:TrackPointExtension>
      <gpxtpx:atemp>29</gpxtpx:atemp>
      <gpxtpx:hr>106</gpxtpx:hr>
     </gpxtpx:TrackPointExtension>
    </extensions>
   </trkpt>
   <trkpt lat="-33.4620120" lon="151.0451080">
    <ele>-27.6</ele>
    <time>2021-09-01T05:46:40Z</time>
    <extensions>
     <gpxtpx:TrackPointExtension>
      <gpxtpx:atemp>29</gpxtpx:atemp>
      <gpxtpx:hr>107</gpxtpx:hr>
     </gpxtpx:TrackPointExtension>
    </extensions>
   </trkpt>
   <trkpt lat="-33.4618480" lon="151.0451880">
    <ele>-29.0</ele>
    <time>2021-09-01T05:46:43Z</time>
    <extensions>
     <gpxtpx:TrackPointExtension>
      <gpxtpx:atemp>29</gpxtpx:atemp>
      <gpxtpx:hr>107</gpxtpx:hr>
     </gpxtpx:TrackPointExtension>
    </extensions>
   </trkpt>
   <trkpt lat="-33.4618090" lon="151.0452140">
    <ele>-30.6</ele>
    <time>2021-09-01T05:46:44Z</time>
    <extensions>
     <gpxtpx:TrackPointExtension>
      <gpxtpx:atemp>29</gpxtpx:atemp>
      <gpxtpx:hr>107</gpxtpx:hr>
     </gpxtpx:TrackPointExtension>
    </extensions>
   </trkpt>
   <trkpt lat="-33.4617590" lon="151.0452410">
    <ele>-31.8</ele>
    <time>2021-09-01T05:46:45Z</time>
    <extensions>
     <gpxtpx:TrackPointExtension>
      <gpxtpx:atemp>29</gpxtpx:atemp>
      <gpxtpx:hr>107</gpxtpx:hr>
     </gpxtpx:TrackPointExtension>
    </extensions>
   </trkpt>
   <trkpt lat="-33.4616490" lon="151.0453180">
    <ele>-33.6</ele>
    <time>2021-09-01T05:46:47Z</time>
    <extensions>
     <gpxtpx:TrackPointExtension>
      <gpxtpx:atemp>29</gpxtpx:atemp>
      <gpxtpx:hr>106</gpxtpx:hr>
     </gpxtpx:TrackPointExtension>
    </extensions>
   </trkpt>
   <trkpt lat="-33.4615750" lon="151.0453920">
    <ele>-34.2</ele>
    <time>2021-09-01T05:46:48Z</time>
    <extensions>
     <gpxtpx:TrackPointExtension>
      <gpxtpx:atemp>29</gpxtpx:atemp>
      <gpxtpx:hr>107</gpxtpx:hr>
     </gpxtpx:TrackPointExtension>
    </extensions>
   </trkpt>
   <trkpt lat="-33.4615670" lon="151.0454320">
    <ele>-35.2</ele>
    <time>2021-09-01T05:46:49Z</time>
    <extensions>
     <gpxtpx:TrackPointExtension>
      <gpxtpx:atemp>28</gpxtpx:atemp>
      <gpxtpx:hr>107</gpxtpx:hr>
     </gpxtpx:TrackPointExtension>
    </extensions>
   </trkpt>
   <trkpt lat="-33.4615920" lon="151.0455070">
    <ele>-36.8</ele>
    <time>2021-09-01T05:46:51Z</time>
    <extensions>
     <gpxtpx:TrackPointExtension>
      <gpxtpx:atemp>28</gpxtpx:atemp>
      <gpxtpx:hr>109</gpxtpx:hr>
     </gpxtpx:TrackPointExtension>
    </extensions>
   </trkpt>
   <trkpt lat="-33.4616090" lon="151.0455390">
    <ele>-38.0</ele>
    <time>2021-09-01T05:46:52Z</time>
    <extensions>
     <gpxtpx:TrackPointExtension>
      <gpxtpx:atemp>28</gpxtpx:atemp>
      <gpxtpx:hr>110</gpxtpx:hr>
     </gpxtpx:TrackPointExtension>
    </extensions>
   </trkpt>
   <trkpt lat="-33.4616380" lon="151.0455990">
    <ele>-39.0</ele>
    <time>2021-09-01T05:46:54Z</time>
    <extensions>
     <gpxtpx:TrackPointExtension>
      <gpxtpx:atemp>28</gpxtpx:atemp>
      <gpxtpx:hr>110</gpxtpx:hr>
     </gpxtpx:TrackPointExtension>
    </extensions>
   </trkpt>
   <trkpt lat="-33.4616760" lon="151.0456890">
    <ele>-40.0</ele>
    <time>2021-09-01T05:46:56Z</time>
    <extensions>
     <gpxtpx:TrackPointExtension>
      <gpxtpx:atemp>28</gpxtpx:atemp>
      <gpxtpx:hr>110</gpxtpx:hr>
     </gpxtpx:TrackPointExtension>
    </extensions>
   </trkpt>
   <trkpt lat="-33.4617050" lon="151.0457400">
    <ele>-40.4</ele>
    <time>2021-09-01T05:46:57Z</time>
    <extensions>
     <gpxtpx:TrackPointExtension>
      <gpxtpx:atemp>28</gpxtpx:atemp>
      <gpxtpx:hr>110</gpxtpx:hr>
     </gpxtpx:TrackPointExtension>
    </extensions>
   </trkpt>
   <trkpt lat="-33.4617600" lon="151.0459180">
    <ele>-41.0</ele>
    <time>2021-09-01T05:46:59Z</time>
    <extensions>
     <gpxtpx:TrackPointExtension>
      <gpxtpx:atemp>28</gpxtpx:atemp>
      <gpxtpx:hr>111</gpxtpx:hr>
     </gpxtpx:TrackPointExtension>
    </extensions>
   </trkpt>
   <trkpt lat="-33.4617710" lon="151.0459500">
    <ele>-41.0</ele>
    <time>2021-09-01T05:47:00Z</time>
    <extensions>
     <gpxtpx:TrackPointExtension>
      <gpxtpx:atemp>28</gpxtpx:atemp>
      <gpxtpx:hr>111</gpxtpx:hr>
     </gpxtpx:TrackPointExtension>
    </extensions>
   </trkpt>
   <trkpt lat="-33.4617660" lon="151.0459600">
    <ele>-41.0</ele>
    <time>2021-09-01T05:47:02Z</time>
    <extensions>
     <gpxtpx:TrackPointExtension>
      <gpxtpx:atemp>28</gpxtpx:atemp>
      <gpxtpx:hr>115</gpxtpx:hr>
     </gpxtpx:TrackPointExtension>
    </extensions>
   </trkpt>
   <trkpt lat="-33.4617620" lon="151.0459700">
    <ele>-41.0</ele>
    <time>2021-09-01T05:47:05Z</time>
    <extensions>
     <gpxtpx:TrackPointExtension>
      <gpxtpx:atemp>28</gpxtpx:atemp>
      <gpxtpx:hr>117</gpxtpx:hr>
     </gpxtpx:TrackPointExtension>
    </extensions>
   </trkpt>
   <trkpt lat="-33.4617680" lon="151.0459960">
    <ele>-41.2</ele>
    <time>2021-09-01T05:47:08Z</time>
    <extensions>
     <gpxtpx:TrackPointExtension>
      <gpxtpx:atemp>28</gpxtpx:atemp>
      <gpxtpx:hr>117</gpxtpx:hr>
     </gpxtpx:TrackPointExtension>
    </extensions>
   </trkpt>
   <trkpt lat="-33.4617840" lon="151.0460730">
    <ele>-41.4</ele>
    <time>2021-09-01T05:47:13Z</time>
    <extensions>
     <gpxtpx:TrackPointExtension>
      <gpxtpx:atemp>28</gpxtpx:atemp>
      <gpxtpx:hr>116</gpxtpx:hr>
     </gpxtpx:TrackPointExtension>
    </extensions>
   </trkpt>
   <trkpt lat="-33.4617840" lon="151.0460830">
    <ele>-41.6</ele>
    <time>2021-09-01T05:47:14Z</time>
    <extensions>
     <gpxtpx:TrackPointExtension>
      <gpxtpx:atemp>28</gpxtpx:atemp>
      <gpxtpx:hr>117</gpxtpx:hr>
     </gpxtpx:TrackPointExtension>
    </extensions>
   </trkpt>
   <trkpt lat="-33.4618000" lon="151.0461080">
    <ele>-41.6</ele>
    <time>2021-09-01T05:47:22Z</time>
    <extensions>
     <gpxtpx:TrackPointExtension>
      <gpxtpx:atemp>28</gpxtpx:atemp>
      <gpxtpx:hr>117</gpxtpx:hr>
     </gpxtpx:TrackPointExtension>
    </extensions>
   </trkpt>
   <trkpt lat="-33.4618030" lon="151.0461110">
    <ele>-41.6</ele>
    <time>2021-09-01T05:47:26Z</time>
    <extensions>
     <gpxtpx:TrackPointExtension>
      <gpxtpx:atemp>28</gpxtpx:atemp>
      <gpxtpx:hr>120</gpxtpx:hr>
     </gpxtpx:TrackPointExtension>
    </extensions>
   </trkpt>
   <trkpt lat="-33.4618110" lon="151.0461130">
    <ele>-41.8</ele>
    <time>2021-09-01T05:47:30Z</time>
    <extensions>
     <gpxtpx:TrackPointExtension>
      <gpxtpx:atemp>28</gpxtpx:atemp>
      <gpxtpx:hr>121</gpxtpx:hr>
     </gpxtpx:TrackPointExtension>
    </extensions>
   </trkpt>
   <trkpt lat="-33.4618200" lon="151.0461140">
    <ele>-41.8</ele>
    <time>2021-09-01T05:47:38Z</time>
    <extensions>
     <gpxtpx:TrackPointExtension>
      <gpxtpx:atemp>28</gpxtpx:atemp>
      <gpxtpx:hr>123</gpxtpx:hr>
     </gpxtpx:TrackPointExtension>
    </extensions>
   </trkpt>
   <trkpt lat="-33.4618180" lon="151.0460560">
    <ele>-41.8</ele>
    <time>2021-09-01T05:47:41Z</time>
    <extensions>
     <gpxtpx:TrackPointExtension>
      <gpxtpx:atemp>28</gpxtpx:atemp>
      <gpxtpx:hr>122</gpxtpx:hr>
     </gpxtpx:TrackPointExtension>
    </extensions>
   </trkpt>
   <trkpt lat="-33.4618490" lon="151.0460190">
    <ele>-42.0</ele>
    <time>2021-09-01T05:47:43Z</time>
    <extensions>
     <gpxtpx:TrackPointExtension>
      <gpxtpx:atemp>28</gpxtpx:atemp>
      <gpxtpx:hr>121</gpxtpx:hr>
     </gpxtpx:TrackPointExtension>
    </extensions>
   </trkpt>
   <trkpt lat="-33.4619900" lon="151.0459410">
    <ele>-40.6</ele>
    <time>2021-09-01T05:47:47Z</time>
    <extensions>
     <gpxtpx:TrackPointExtension>
      <gpxtpx:atemp>28</gpxtpx:atemp>
      <gpxtpx:hr>121</gpxtpx:hr>
     </gpxtpx:TrackPointExtension>
    </extensions>
   </trkpt>
   <trkpt lat="-33.4620240" lon="151.0459270">
    <ele>-40.0</ele>
    <time>2021-09-01T05:47:48Z</time>
    <extensions>
     <gpxtpx:TrackPointExtension>
      <gpxtpx:atemp>28</gpxtpx:atemp>
      <gpxtpx:hr>120</gpxtpx:hr>
     </gpxtpx:TrackPointExtension>
    </extensions>
   </trkpt>
   <trkpt lat="-33.4620570" lon="151.0459180">
    <ele>-39.2</ele>
    <time>2021-09-01T05:47:49Z</time>
    <extensions>
     <gpxtpx:TrackPointExtension>
      <gpxtpx:atemp>28</gpxtpx:atemp>
      <gpxtpx:hr>121</gpxtpx:hr>
     </gpxtpx:TrackPointExtension>
    </extensions>
   </trkpt>
   <trkpt lat="-33.4620880" lon="151.0459030">
    <ele>-38.8</ele>
    <time>2021-09-01T05:47:50Z</time>
    <extensions>
     <gpxtpx:TrackPointExtension>
      <gpxtpx:atemp>28</gpxtpx:atemp>
      <gpxtpx:hr>119</gpxtpx:hr>
     </gpxtpx:TrackPointExtension>
    </extensions>
   </trkpt>
   <trkpt lat="-33.4621100" lon="151.0458550">
    <ele>-38.2</ele>
    <time>2021-09-01T05:47:52Z</time>
    <extensions>
     <gpxtpx:TrackPointExtension>
      <gpxtpx:atemp>28</gpxtpx:atemp>
      <gpxtpx:hr>118</gpxtpx:hr>
     </gpxtpx:TrackPointExtension>
    </extensions>
   </trkpt>
   <trkpt lat="-33.4621140" lon="151.0457330">
    <ele>-36.4</ele>
    <time>2021-09-01T05:47:56Z</time>
    <extensions>
     <gpxtpx:TrackPointExtension>
      <gpxtpx:atemp>28</gpxtpx:atemp>
      <gpxtpx:hr>115</gpxtpx:hr>
     </gpxtpx:TrackPointExtension>
    </extensions>
   </trkpt>
   <trkpt lat="-33.4621170" lon="151.0456900">
    <ele>-35.8</ele>
    <time>2021-09-01T05:47:57Z</time>
    <extensions>
     <gpxtpx:TrackPointExtension>
      <gpxtpx:atemp>28</gpxtpx:atemp>
      <gpxtpx:hr>115</gpxtpx:hr>
     </gpxtpx:TrackPointExtension>
    </extensions>
   </trkpt>
   <trkpt lat="-33.4621270" lon="151.0456430">
    <ele>-34.8</ele>
    <time>2021-09-01T05:47:58Z</time>
    <extensions>
     <gpxtpx:TrackPointExtension>
      <gpxtpx:atemp>28</gpxtpx:atemp>
      <gpxtpx:hr>115</gpxtpx:hr>
     </gpxtpx:TrackPointExtension>
    </extensions>
   </trkpt>
   <trkpt lat="-33.4621660" lon="151.0455610">
    <ele>-33.2</ele>
    <time>2021-09-01T05:48:00Z</time>
    <extensions>
     <gpxtpx:TrackPointExtension>
      <gpxtpx:atemp>28</gpxtpx:atemp>
      <gpxtpx:hr>116</gpxtpx:hr>
     </gpxtpx:TrackPointExtension>
    </extensions>
   </trkpt>
   <trkpt lat="-33.4622220" lon="151.0455460">
    <ele>-32.2</ele>
    <time>2021-09-01T05:48:01Z</time>
    <extensions>
     <gpxtpx:TrackPointExtension>
      <gpxtpx:atemp>28</gpxtpx:atemp>
      <gpxtpx:hr>117</gpxtpx:hr>
     </gpxtpx:TrackPointExtension>
    </extensions>
   </trkpt>
   <trkpt lat="-33.4622850" lon="151.0455360">
    <ele>-31.8</ele>
    <time>2021-09-01T05:48:02Z</time>
    <extensions>
     <gpxtpx:TrackPointExtension>
      <gpxtpx:atemp>28</gpxtpx:atemp>
      <gpxtpx:hr>117</gpxtpx:hr>
     </gpxtpx:TrackPointExtension>
    </extensions>
   </trkpt>
   <trkpt lat="-33.4623990" lon="151.0454940">
    <ele>-31.0</ele>
    <time>2021-09-01T05:48:05Z</time>
    <extensions>
     <gpxtpx:TrackPointExtension>
      <gpxtpx:atemp>28</gpxtpx:atemp>
      <gpxtpx:hr>116</gpxtpx:hr>
     </gpxtpx:TrackPointExtension>
    </extensions>
   </trkpt>
   <trkpt lat="-33.4625380" lon="151.0453690">
    <ele>-31.6</ele>
    <time>2021-09-01T05:48:10Z</time>
    <extensions>
     <gpxtpx:TrackPointExtension>
      <gpxtpx:atemp>28</gpxtpx:atemp>
      <gpxtpx:hr>116</gpxtpx:hr>
     </gpxtpx:TrackPointExtension>
    </extensions>
   </trkpt>
   <trkpt lat="-33.4626030" lon="151.0453470">
    <ele>-32.0</ele>
    <time>2021-09-01T05:48:12Z</time>
    <extensions>
     <gpxtpx:TrackPointExtension>
      <gpxtpx:atemp>28</gpxtpx:atemp>
      <gpxtpx:hr>118</gpxtpx:hr>
     </gpxtpx:TrackPointExtension>
    </extensions>
   </trkpt>
   <trkpt lat="-33.4626170" lon="151.0453310">
    <ele>-32.8</ele>
    <time>2021-09-01T05:48:13Z</time>
    <extensions>
     <gpxtpx:TrackPointExtension>
      <gpxtpx:atemp>28</gpxtpx:atemp>
      <gpxtpx:hr>117</gpxtpx:hr>
     </gpxtpx:TrackPointExtension>
    </extensions>
   </trkpt>
   <trkpt lat="-33.4626290" lon="151.0452830">
    <ele>-33.4</ele>
    <time>2021-09-01T05:48:15Z</time>
    <extensions>
     <gpxtpx:TrackPointExtension>
      <gpxtpx:atemp>28</gpxtpx:atemp>
      <gpxtpx:hr>116</gpxtpx:hr>
     </gpxtpx:TrackPointExtension>
    </extensions>
   </trkpt>
   <trkpt lat="-33.4626300" lon="151.0452680">
    <ele>-33.6</ele>
    <time>2021-09-01T05:48:16Z</time>
    <extensions>
     <gpxtpx:TrackPointExtension>
      <gpxtpx:atemp>28</gpxtpx:atemp>
      <gpxtpx:hr>115</gpxtpx:hr>
     </gpxtpx:TrackPointExtension>
    </extensions>
   </trkpt>
   <trkpt lat="-33.4626460" lon="151.0452600">
    <ele>-33.8</ele>
    <time>2021-09-01T05:48:17Z</time>
    <extensions>
     <gpxtpx:TrackPointExtension>
      <gpxtpx:atemp>28</gpxtpx:atemp>
      <gpxtpx:hr>113</gpxtpx:hr>
     </gpxtpx:TrackPointExtension>
    </extensions>
   </trkpt>
   <trkpt lat="-33.4626810" lon="151.0452600">
    <ele>-34.4</ele>
    <time>2021-09-01T05:48:19Z</time>
    <extensions>
     <gpxtpx:TrackPointExtension>
      <gpxtpx:atemp>28</gpxtpx:atemp>
      <gpxtpx:hr>111</gpxtpx:hr>
     </gpxtpx:TrackPointExtension>
    </extensions>
   </trkpt>
   <trkpt lat="-33.4627530" lon="151.0452410">
    <ele>-35.2</ele>
    <time>2021-09-01T05:48:21Z</time>
    <extensions>
     <gpxtpx:TrackPointExtension>
      <gpxtpx:atemp>28</gpxtpx:atemp>
      <gpxtpx:hr>112</gpxtpx:hr>
     </gpxtpx:TrackPointExtension>
    </extensions>
   </trkpt>
   <trkpt lat="-33.4627770" lon="151.0451910">
    <ele>-36.4</ele>
    <time>2021-09-01T05:48:23Z</time>
    <extensions>
     <gpxtpx:TrackPointExtension>
      <gpxtpx:atemp>28</gpxtpx:atemp>
      <gpxtpx:hr>113</gpxtpx:hr>
     </gpxtpx:TrackPointExtension>
    </extensions>
   </trkpt>
   <trkpt lat="-33.4628400" lon="151.0450740">
    <ele>-37.0</ele>
    <time>2021-09-01T05:48:27Z</time>
    <extensions>
     <gpxtpx:TrackPointExtension>
      <gpxtpx:atemp>28</gpxtpx:atemp>
      <gpxtpx:hr>113</gpxtpx:hr>
     </gpxtpx:TrackPointExtension>
    </extensions>
   </trkpt>
   <trkpt lat="-33.4628610" lon="151.0450590">
    <ele>-37.0</ele>
    <time>2021-09-01T05:48:28Z</time>
    <extensions>
     <gpxtpx:TrackPointExtension>
      <gpxtpx:atemp>28</gpxtpx:atemp>
      <gpxtpx:hr>112</gpxtpx:hr>
     </gpxtpx:TrackPointExtension>
    </extensions>
   </trkpt>
   <trkpt lat="-33.4628790" lon="151.0450430">
    <ele>-37.4</ele>
    <time>2021-09-01T05:48:29Z</time>
    <extensions>
     <gpxtpx:TrackPointExtension>
      <gpxtpx:atemp>28</gpxtpx:atemp>
      <gpxtpx:hr>112</gpxtpx:hr>
     </gpxtpx:TrackPointExtension>
    </extensions>
   </trkpt>
   <trkpt lat="-33.4629340" lon="151.0449560">
    <ele>-38.6</ele>
    <time>2021-09-01T05:48:32Z</time>
    <extensions>
     <gpxtpx:TrackPointExtension>
      <gpxtpx:atemp>28</gpxtpx:atemp>
      <gpxtpx:hr>110</gpxtpx:hr>
     </gpxtpx:TrackPointExtension>
    </extensions>
   </trkpt>
   <trkpt lat="-33.4629530" lon="151.0448980">
    <ele>-39.2</ele>
    <time>2021-09-01T05:48:34Z</time>
    <extensions>
     <gpxtpx:TrackPointExtension>
      <gpxtpx:atemp>28</gpxtpx:atemp>
      <gpxtpx:hr>110</gpxtpx:hr>
     </gpxtpx:TrackPointExtension>
    </extensions>
   </trkpt>
   <trkpt lat="-33.4629610" lon="151.0448710">
    <ele>-39.4</ele>
    <time>2021-09-01T05:48:35Z</time>
    <extensions>
     <gpxtpx:TrackPointExtension>
      <gpxtpx:atemp>28</gpxtpx:atemp>
      <gpxtpx:hr>111</gpxtpx:hr>
     </gpxtpx:TrackPointExtension>
    </extensions>
   </trkpt>
   <trkpt lat="-33.4629720" lon="151.0448600">
    <ele>-39.6</ele>
    <time>2021-09-01T05:48:38Z</time>
    <extensions>
     <gpxtpx:TrackPointExtension>
      <gpxtpx:atemp>28</gpxtpx:atemp>
      <gpxtpx:hr>110</gpxtpx:hr>
     </gpxtpx:TrackPointExtension>
    </extensions>
   </trkpt>
   <trkpt lat="-33.4630380" lon="151.0448430">
    <ele>-39.8</ele>
    <time>2021-09-01T05:48:41Z</time>
    <extensions>
     <gpxtpx:TrackPointExtension>
      <gpxtpx:atemp>28</gpxtpx:atemp>
      <gpxtpx:hr>111</gpxtpx:hr>
     </gpxtpx:TrackPointExtension>
    </extensions>
   </trkpt>
   <trkpt lat="-33.4630690" lon="151.0448380">
    <ele>-40.0</ele>
    <time>2021-09-01T05:48:48Z</time>
    <extensions>
     <gpxtpx:TrackPointExtension>
      <gpxtpx:atemp>28</gpxtpx:atemp>
      <gpxtpx:hr>114</gpxtpx:hr>
     </gpxtpx:TrackPointExtension>
    </extensions>
   </trkpt>
   <trkpt lat="-33.4630680" lon="151.0448320">
    <ele>-40.0</ele>
    <time>2021-09-01T05:48:50Z</time>
    <extensions>
     <gpxtpx:TrackPointExtension>
      <gpxtpx:atemp>28</gpxtpx:atemp>
      <gpxtpx:hr>114</gpxtpx:hr>
     </gpxtpx:TrackPointExtension>
    </extensions>
   </trkpt>
   <trkpt lat="-33.4630720" lon="151.0448100">
    <ele>-40.0</ele>
    <time>2021-09-01T05:48:52Z</time>
    <extensions>
     <gpxtpx:TrackPointExtension>
      <gpxtpx:atemp>28</gpxtpx:atemp>
      <gpxtpx:hr>113</gpxtpx:hr>
     </gpxtpx:TrackPointExtension>
    </extensions>
   </trkpt>
   <trkpt lat="-33.4630910" lon="151.0447570">
    <ele>-40.0</ele>
    <time>2021-09-01T05:48:54Z</time>
    <extensions>
     <gpxtpx:TrackPointExtension>
      <gpxtpx:atemp>28</gpxtpx:atemp>
      <gpxtpx:hr>113</gpxtpx:hr>
     </gpxtpx:TrackPointExtension>
    </extensions>
   </trkpt>
   <trkpt lat="-33.4631030" lon="151.0446900">
    <ele>-40.8</ele>
    <time>2021-09-01T05:48:56Z</time>
    <extensions>
     <gpxtpx:TrackPointExtension>
      <gpxtpx:atemp>28</gpxtpx:atemp>
      <gpxtpx:hr>112</gpxtpx:hr>
     </gpxtpx:TrackPointExtension>
    </extensions>
   </trkpt>
   <trkpt lat="-33.4631090" lon="151.0446420">
    <ele>-41.4</ele>
    <time>2021-09-01T05:48:58Z</time>
    <extensions>
     <gpxtpx:TrackPointExtension>
      <gpxtpx:atemp>28</gpxtpx:atemp>
      <gpxtpx:hr>114</gpxtpx:hr>
     </gpxtpx:TrackPointExtension>
    </extensions>
   </trkpt>
   <trkpt lat="-33.4631160" lon="151.0446030">
    <ele>-41.6</ele>
    <time>2021-09-01T05:49:00Z</time>
    <extensions>
     <gpxtpx:TrackPointExtension>
      <gpxtpx:atemp>28</gpxtpx:atemp>
      <gpxtpx:hr>111</gpxtpx:hr>
     </gpxtpx:TrackPointExtension>
    </extensions>
   </trkpt>
   <trkpt lat="-33.4631160" lon="151.0445790">
    <ele>-41.8</ele>
    <time>2021-09-01T05:49:01Z</time>
    <extensions>
     <gpxtpx:TrackPointExtension>
      <gpxtpx:atemp>28</gpxtpx:atemp>
      <gpxtpx:hr>110</gpxtpx:hr>
     </gpxtpx:TrackPointExtension>
    </extensions>
   </trkpt>
   <trkpt lat="-33.4631220" lon="151.0445120">
    <ele>-42.8</ele>
    <time>2021-09-01T05:49:04Z</time>
    <extensions>
     <gpxtpx:TrackPointExtension>
      <gpxtpx:atemp>28</gpxtpx:atemp>
      <gpxtpx:hr>110</gpxtpx:hr>
     </gpxtpx:TrackPointExtension>
    </extensions>
   </trkpt>
   <trkpt lat="-33.4631240" lon="151.0444300">
    <ele>-44.4</ele>
    <time>2021-09-01T05:49:07Z</time>
    <extensions>
     <gpxtpx:TrackPointExtension>
      <gpxtpx:atemp>28</gpxtpx:atemp>
      <gpxtpx:hr>111</gpxtpx:hr>
     </gpxtpx:TrackPointExtension>
    </extensions>
   </trkpt>
   <trkpt lat="-33.4631160" lon="151.0443490">
    <ele>-45.0</ele>
    <time>2021-09-01T05:49:09Z</time>
    <extensions>
     <gpxtpx:TrackPointExtension>
      <gpxtpx:atemp>28</gpxtpx:atemp>
      <gpxtpx:hr>112</gpxtpx:hr>
     </gpxtpx:TrackPointExtension>
    </extensions>
   </trkpt>
   <trkpt lat="-33.4630990" lon="151.0442630">
    <ele>-45.2</ele>
    <time>2021-09-01T05:49:11Z</time>
    <extensions>
     <gpxtpx:TrackPointExtension>
      <gpxtpx:atemp>28</gpxtpx:atemp>
      <gpxtpx:hr>115</gpxtpx:hr>
     </gpxtpx:TrackPointExtension>
    </extensions>
   </trkpt>
   <trkpt lat="-33.4630910" lon="151.0441870">
    <ele>-45.4</ele>
    <time>2021-09-01T05:49:13Z</time>
    <extensions>
     <gpxtpx:TrackPointExtension>
      <gpxtpx:atemp>28</gpxtpx:atemp>
      <gpxtpx:hr>116</gpxtpx:hr>
     </gpxtpx:TrackPointExtension>
    </extensions>
   </trkpt>
   <trkpt lat="-33.4630880" lon="151.0441450">
    <ele>-45.4</ele>
    <time>2021-09-01T05:49:14Z</time>
    <extensions>
     <gpxtpx:TrackPointExtension>
      <gpxtpx:atemp>28</gpxtpx:atemp>
      <gpxtpx:hr>117</gpxtpx:hr>
     </gpxtpx:TrackPointExtension>
    </extensions>
   </trkpt>
   <trkpt lat="-33.4630960" lon="151.0440970">
    <ele>-46.0</ele>
    <time>2021-09-01T05:49:15Z</time>
    <extensions>
     <gpxtpx:TrackPointExtension>
      <gpxtpx:atemp>28</gpxtpx:atemp>
      <gpxtpx:hr>118</gpxtpx:hr>
     </gpxtpx:TrackPointExtension>
    </extensions>
   </trkpt>
   <trkpt lat="-33.4630740" lon="151.0440150">
    <ele>-46.4</ele>
    <time>2021-09-01T05:49:18Z</time>
    <extensions>
     <gpxtpx:TrackPointExtension>
      <gpxtpx:atemp>28</gpxtpx:atemp>
      <gpxtpx:hr>119</gpxtpx:hr>
     </gpxtpx:TrackPointExtension>
    </extensions>
   </trkpt>
   <trkpt lat="-33.4630770" lon="151.0439890">
    <ele>-46.4</ele>
    <time>2021-09-01T05:49:19Z</time>
    <extensions>
     <gpxtpx:TrackPointExtension>
      <gpxtpx:atemp>28</gpxtpx:atemp>
      <gpxtpx:hr>120</gpxtpx:hr>
     </gpxtpx:TrackPointExtension>
    </extensions>
   </trkpt>
   <trkpt lat="-33.4630840" lon="151.0439550">
    <ele>-46.6</ele>
    <time>2021-09-01T05:49:21Z</time>
    <extensions>
     <gpxtpx:TrackPointExtension>
      <gpxtpx:atemp>28</gpxtpx:atemp>
      <gpxtpx:hr>119</gpxtpx:hr>
     </gpxtpx:TrackPointExtension>
    </extensions>
   </trkpt>
   <trkpt lat="-33.4631160" lon="151.0439210">
    <ele>-46.6</ele>
    <time>2021-09-01T05:49:23Z</time>
    <extensions>
     <gpxtpx:TrackPointExtension>
      <gpxtpx:atemp>28</gpxtpx:atemp>
      <gpxtpx:hr>121</gpxtpx:hr>
     </gpxtpx:TrackPointExtension>
    </extensions>
   </trkpt>
   <trkpt lat="-33.4631200" lon="151.0438780">
    <ele>-47.4</ele>
    <time>2021-09-01T05:49:25Z</time>
    <extensions>
     <gpxtpx:TrackPointExtension>
      <gpxtpx:atemp>28</gpxtpx:atemp>
      <gpxtpx:hr>120</gpxtpx:hr>
     </gpxtpx:TrackPointExtension>
    </extensions>
   </trkpt>
   <trkpt lat="-33.4631290" lon="151.0438050">
    <ele>-47.6</ele>
    <time>2021-09-01T05:49:28Z</time>
    <extensions>
     <gpxtpx:TrackPointExtension>
      <gpxtpx:atemp>28</gpxtpx:atemp>
      <gpxtpx:hr>120</gpxtpx:hr>
     </gpxtpx:TrackPointExtension>
    </extensions>
   </trkpt>
   <trkpt lat="-33.4631210" lon="151.0437840">
    <ele>-47.6</ele>
    <time>2021-09-01T05:49:29Z</time>
    <extensions>
     <gpxtpx:TrackPointExtension>
      <gpxtpx:atemp>28</gpxtpx:atemp>
      <gpxtpx:hr>117</gpxtpx:hr>
     </gpxtpx:TrackPointExtension>
    </extensions>
   </trkpt>
   <trkpt lat="-33.4631160" lon="151.0437620">
    <ele>-47.4</ele>
    <time>2021-09-01T05:49:30Z</time>
    <extensions>
     <gpxtpx:TrackPointExtension>
      <gpxtpx:atemp>28</gpxtpx:atemp>
      <gpxtpx:hr>118</gpxtpx:hr>
     </gpxtpx:TrackPointExtension>
    </extensions>
   </trkpt>
   <trkpt lat="-33.4631290" lon="151.0436670">
    <ele>-47.4</ele>
    <time>2021-09-01T05:49:33Z</time>
    <extensions>
     <gpxtpx:TrackPointExtension>
      <gpxtpx:atemp>28</gpxtpx:atemp>
      <gpxtpx:hr>118</gpxtpx:hr>
     </gpxtpx:TrackPointExtension>
    </extensions>
   </trkpt>
   <trkpt lat="-33.4631380" lon="151.0434340">
    <ele>-48.8</ele>
    <time>2021-09-01T05:49:38Z</time>
    <extensions>
     <gpxtpx:TrackPointExtension>
      <gpxtpx:atemp>28</gpxtpx:atemp>
      <gpxtpx:hr>118</gpxtpx:hr>
     </gpxtpx:TrackPointExtension>
    </extensions>
   </trkpt>
   <trkpt lat="-33.4631250" lon="151.0433120">
    <ele>-50.0</ele>
    <time>2021-09-01T05:49:40Z</time>
    <extensions>
     <gpxtpx:TrackPointExtension>
      <gpxtpx:atemp>28</gpxtpx:atemp>
      <gpxtpx:hr>120</gpxtpx:hr>
     </gpxtpx:TrackPointExtension>
    </extensions>
   </trkpt>
   <trkpt lat="-33.4631290" lon="151.0432610">
    <ele>-50.4</ele>
    <time>2021-09-01T05:49:41Z</time>
    <extensions>
     <gpxtpx:TrackPointExtension>
      <gpxtpx:atemp>28</gpxtpx:atemp>
      <gpxtpx:hr>117</gpxtpx:hr>
     </gpxtpx:TrackPointExtension>
    </extensions>
   </trkpt>
   <trkpt lat="-33.4631230" lon="151.0432130">
    <ele>-50.6</ele>
    <time>2021-09-01T05:49:42Z</time>
    <extensions>
     <gpxtpx:TrackPointExtension>
      <gpxtpx:atemp>28</gpxtpx:atemp>
      <gpxtpx:hr>115</gpxtpx:hr>
     </gpxtpx:TrackPointExtension>
    </extensions>
   </trkpt>
   <trkpt lat="-33.4631030" lon="151.0430350">
    <ele>-50.6</ele>
    <time>2021-09-01T05:49:47Z</time>
    <extensions>
     <gpxtpx:TrackPointExtension>
      <gpxtpx:atemp>28</gpxtpx:atemp>
      <gpxtpx:hr>114</gpxtpx:hr>
     </gpxtpx:TrackPointExtension>
    </extensions>
   </trkpt>
   <trkpt lat="-33.4630670" lon="151.0428410">
    <ele>-50.8</ele>
    <time>2021-09-01T05:49:52Z</time>
    <extensions>
     <gpxtpx:TrackPointExtension>
      <gpxtpx:atemp>28</gpxtpx:atemp>
      <gpxtpx:hr>116</gpxtpx:hr>
     </gpxtpx:TrackPointExtension>
    </extensions>
   </trkpt>
   <trkpt lat="-33.4630800" lon="151.0427270">
    <ele>-49.8</ele>
    <time>2021-09-01T05:49:57Z</time>
    <extensions>
     <gpxtpx:TrackPointExtension>
      <gpxtpx:atemp>28</gpxtpx:atemp>
      <gpxtpx:hr>116</gpxtpx:hr>
     </gpxtpx:TrackPointExtension>
    </extensions>
   </trkpt>
   <trkpt lat="-33.4630490" lon="151.0425010">
    <ele>-51.2</ele>
    <time>2021-09-01T05:50:03Z</time>
    <extensions>
     <gpxtpx:TrackPointExtension>
      <gpxtpx:atemp>28</gpxtpx:atemp>
      <gpxtpx:hr>116</gpxtpx:hr>
     </gpxtpx:TrackPointExtension>
    </extensions>
   </trkpt>
   <trkpt lat="-33.4630730" lon="151.0422970">
    <ele>-51.8</ele>
    <time>2021-09-01T05:50:09Z</time>
    <extensions>
     <gpxtpx:TrackPointExtension>
      <gpxtpx:atemp>28</gpxtpx:atemp>
      <gpxtpx:hr>115</gpxtpx:hr>
     </gpxtpx:TrackPointExtension>
    </extensions>
   </trkpt>
   <trkpt lat="-33.4630710" lon="151.0421520">
    <ele>-52.0</ele>
    <time>2021-09-01T05:50:13Z</time>
    <extensions>
     <gpxtpx:TrackPointExtension>
      <gpxtpx:atemp>28</gpxtpx:atemp>
      <gpxtpx:hr>115</gpxtpx:hr>
     </gpxtpx:TrackPointExtension>
    </extensions>
   </trkpt>
   <trkpt lat="-33.4630270" lon="151.0420430">
    <ele>-50.4</ele>
    <time>2021-09-01T05:50:17Z</time>
    <extensions>
     <gpxtpx:TrackPointExtension>
      <gpxtpx:atemp>28</gpxtpx:atemp>
      <gpxtpx:hr>113</gpxtpx:hr>
     </gpxtpx:TrackPointExtension>
    </extensions>
   </trkpt>
   <trkpt lat="-33.4630080" lon="151.0419830">
    <ele>-50.0</ele>
    <time>2021-09-01T05:50:18Z</time>
    <extensions>
     <gpxtpx:TrackPointExtension>
      <gpxtpx:atemp>28</gpxtpx:atemp>
      <gpxtpx:hr>113</gpxtpx:hr>
     </gpxtpx:TrackPointExtension>
    </extensions>
   </trkpt>
   <trkpt lat="-33.4629930" lon="151.0418420">
    <ele>-49.2</ele>
    <time>2021-09-01T05:50:22Z</time>
    <extensions>
     <gpxtpx:TrackPointExtension>
      <gpxtpx:atemp>28</gpxtpx:atemp>
      <gpxtpx:hr>115</gpxtpx:hr>
     </gpxtpx:TrackPointExtension>
    </extensions>
   </trkpt>
   <trkpt lat="-33.4629890" lon="151.0417860">
    <ele>-49.0</ele>
    <time>2021-09-01T05:50:23Z</time>
    <extensions>
     <gpxtpx:TrackPointExtension>
      <gpxtpx:atemp>28</gpxtpx:atemp>
      <gpxtpx:hr>115</gpxtpx:hr>
     </gpxtpx:TrackPointExtension>
    </extensions>
   </trkpt>
   <trkpt lat="-33.4630140" lon="151.0416370">
    <ele>-48.2</ele>
    <time>2021-09-01T05:50:26Z</time>
    <extensions>
     <gpxtpx:TrackPointExtension>
      <gpxtpx:atemp>28</gpxtpx:atemp>
      <gpxtpx:hr>115</gpxtpx:hr>
     </gpxtpx:TrackPointExtension>
    </extensions>
   </trkpt>
   <trkpt lat="-33.4630130" lon="151.0415590">
    <ele>-47.6</ele>
    <time>2021-09-01T05:50:28Z</time>
    <extensions>
     <gpxtpx:TrackPointExtension>
      <gpxtpx:atemp>28</gpxtpx:atemp>
      <gpxtpx:hr>114</gpxtpx:hr>
     </gpxtpx:TrackPointExtension>
    </extensions>
   </trkpt>
   <trkpt lat="-33.4629920" lon="151.0413910">
    <ele>-46.8</ele>
    <time>2021-09-01T05:50:32Z</time>
    <extensions>
     <gpxtpx:TrackPointExtension>
      <gpxtpx:atemp>28</gpxtpx:atemp>
      <gpxtpx:hr>113</gpxtpx:hr>
     </gpxtpx:TrackPointExtension>
    </extensions>
   </trkpt>
   <trkpt lat="-33.4629730" lon="151.0412180">
    <ele>-46.2</ele>
    <time>2021-09-01T05:50:35Z</time>
    <extensions>
     <gpxtpx:TrackPointExtension>
      <gpxtpx:atemp>28</gpxtpx:atemp>
      <gpxtpx:hr>114</gpxtpx:hr>
     </gpxtpx:TrackPointExtension>
    </extensions>
   </trkpt>
   <trkpt lat="-33.4629610" lon="151.0411480">
    <ele>-45.6</ele>
    <time>2021-09-01T05:50:36Z</time>
    <extensions>
     <gpxtpx:TrackPointExtension>
      <gpxtpx:atemp>28</gpxtpx:atemp>
      <gpxtpx:hr>113</gpxtpx:hr>
     </gpxtpx:TrackPointExtension>
    </extensions>
   </trkpt>
   <trkpt lat="-33.4629450" lon="151.0410920">
    <ele>-45.2</ele>
    <time>2021-09-01T05:50:37Z</time>
    <extensions>
     <gpxtpx:TrackPointExtension>
      <gpxtpx:atemp>28</gpxtpx:atemp>
      <gpxtpx:hr>113</gpxtpx:hr>
     </gpxtpx:TrackPointExtension>
    </extensions>
   </trkpt>
   <trkpt lat="-33.4629010" lon="151.0408990">
    <ele>-44.0</ele>
    <time>2021-09-01T05:50:41Z</time>
    <extensions>
     <gpxtpx:TrackPointExtension>
      <gpxtpx:atemp>28</gpxtpx:atemp>
      <gpxtpx:hr>113</gpxtpx:hr>
     </gpxtpx:TrackPointExtension>
    </extensions>
   </trkpt>
   <trkpt lat="-33.4628830" lon="151.0408520">
    <ele>-43.8</ele>
    <time>2021-09-01T05:50:42Z</time>
    <extensions>
     <gpxtpx:TrackPointExtension>
      <gpxtpx:atemp>28</gpxtpx:atemp>
      <gpxtpx:hr>115</gpxtpx:hr>
     </gpxtpx:TrackPointExtension>
    </extensions>
   </trkpt>
   <trkpt lat="-33.4628350" lon="151.0407800">
    <ele>-43.4</ele>
    <time>2021-09-01T05:50:44Z</time>
    <extensions>
     <gpxtpx:TrackPointExtension>
      <gpxtpx:atemp>28</gpxtpx:atemp>
      <gpxtpx:hr>113</gpxtpx:hr>
     </gpxtpx:TrackPointExtension>
    </extensions>
   </trkpt>
   <trkpt lat="-33.4627960" lon="151.0407130">
    <ele>-43.0</ele>
    <time>2021-09-01T05:50:46Z</time>
    <extensions>
     <gpxtpx:TrackPointExtension>
      <gpxtpx:atemp>28</gpxtpx:atemp>
      <gpxtpx:hr>113</gpxtpx:hr>
     </gpxtpx:TrackPointExtension>
    </extensions>
   </trkpt>
   <trkpt lat="-33.4627830" lon="151.0406690">
    <ele>-42.8</ele>
    <time>2021-09-01T05:50:47Z</time>
    <extensions>
     <gpxtpx:TrackPointExtension>
      <gpxtpx:atemp>28</gpxtpx:atemp>
      <gpxtpx:hr>114</gpxtpx:hr>
     </gpxtpx:TrackPointExtension>
    </extensions>
   </trkpt>
   <trkpt lat="-33.4626910" lon="151.0405050">
    <ele>-42.4</ele>
    <time>2021-09-01T05:50:51Z</time>
    <extensions>
     <gpxtpx:TrackPointExtension>
      <gpxtpx:atemp>28</gpxtpx:atemp>
      <gpxtpx:hr>115</gpxtpx:hr>
     </gpxtpx:TrackPointExtension>
    </extensions>
   </trkpt>
   <trkpt lat="-33.4625820" lon="151.0402530">
    <ele>-41.8</ele>
    <time>2021-09-01T05:50:56Z</time>
    <extensions>
     <gpxtpx:TrackPointExtension>
      <gpxtpx:atemp>28</gpxtpx:atemp>
      <gpxtpx:hr>115</gpxtpx:hr>
     </gpxtpx:TrackPointExtension>
    </extensions>
   </trkpt>
   <trkpt lat="-33.4625620" lon="151.0402130">
    <ele>-41.6</ele>
    <time>2021-09-01T05:50:57Z</time>
    <extensions>
     <gpxtpx:TrackPointExtension>
      <gpxtpx:atemp>28</gpxtpx:atemp>
      <gpxtpx:hr>115</gpxtpx:hr>
     </gpxtpx:TrackPointExtension>
    </extensions>
   </trkpt>
   <trkpt lat="-33.4623870" lon="151.0398730">
    <ele>-40.4</ele>
    <time>2021-09-01T05:51:03Z</time>
    <extensions>
     <gpxtpx:TrackPointExtension>
      <gpxtpx:atemp>28</gpxtpx:atemp>
      <gpxtpx:hr>114</gpxtpx:hr>
     </gpxtpx:TrackPointExtension>
    </extensions>
   </trkpt>
   <trkpt lat="-33.4623170" lon="151.0396580">
    <ele>-39.8</ele>
    <time>2021-09-01T05:51:06Z</time>
    <extensions>
     <gpxtpx:TrackPointExtension>
      <gpxtpx:atemp>28</gpxtpx:atemp>
      <gpxtpx:hr>115</gpxtpx:hr>
     </gpxtpx:TrackPointExtension>
    </extensions>
   </trkpt>
   <trkpt lat="-33.4622850" lon="151.0395510">
    <ele>-39.2</ele>
    <time>2021-09-01T05:51:07Z</time>
    <extensions>
     <gpxtpx:TrackPointExtension>
      <gpxtpx:atemp>28</gpxtpx:atemp>
      <gpxtpx:hr>114</gpxtpx:hr>
     </gpxtpx:TrackPointExtension>
    </extensions>
   </trkpt>
   <trkpt lat="-33.4622860" lon="151.0394810">
    <ele>-38.6</ele>
    <time>2021-09-01T05:51:08Z</time>
    <extensions>
     <gpxtpx:TrackPointExtension>
      <gpxtpx:atemp>28</gpxtpx:atemp>
      <gpxtpx:hr>113</gpxtpx:hr>
     </gpxtpx:TrackPointExtension>
    </extensions>
   </trkpt>
   <trkpt lat="-33.4622860" lon="151.0394100">
    <ele>-38.0</ele>
    <time>2021-09-01T05:51:09Z</time>
    <extensions>
     <gpxtpx:TrackPointExtension>
      <gpxtpx:atemp>28</gpxtpx:atemp>
      <gpxtpx:hr>113</gpxtpx:hr>
     </gpxtpx:TrackPointExtension>
    </extensions>
   </trkpt>
   <trkpt lat="-33.4622740" lon="151.0392570">
    <ele>-36.4</ele>
    <time>2021-09-01T05:51:11Z</time>
    <extensions>
     <gpxtpx:TrackPointExtension>
      <gpxtpx:atemp>28</gpxtpx:atemp>
      <gpxtpx:hr>114</gpxtpx:hr>
     </gpxtpx:TrackPointExtension>
    </extensions>
   </trkpt>
   <trkpt lat="-33.4622640" lon="151.0391880">
    <ele>-35.2</ele>
    <time>2021-09-01T05:51:12Z</time>
    <extensions>
     <gpxtpx:TrackPointExtension>
      <gpxtpx:atemp>28</gpxtpx:atemp>
      <gpxtpx:hr>115</gpxtpx:hr>
     </gpxtpx:TrackPointExtension>
    </extensions>
   </trkpt>
   <trkpt lat="-33.4622460" lon="151.0391210">
    <ele>-34.6</ele>
    <time>2021-09-01T05:51:13Z</time>
    <extensions>
     <gpxtpx:TrackPointExtension>
      <gpxtpx:atemp>28</gpxtpx:atemp>
      <gpxtpx:hr>116</gpxtpx:hr>
     </gpxtpx:TrackPointExtension>
    </extensions>
   </trkpt>
   <trkpt lat="-33.4622250" lon="151.0390550">
    <ele>-34.0</ele>
    <time>2021-09-01T05:51:14Z</time>
    <extensions>
     <gpxtpx:TrackPointExtension>
      <gpxtpx:atemp>28</gpxtpx:atemp>
      <gpxtpx:hr>116</gpxtpx:hr>
     </gpxtpx:TrackPointExtension>
    </extensions>
   </trkpt>
   <trkpt lat="-33.4621940" lon="151.0389140">
    <ele>-32.6</ele>
    <time>2021-09-01T05:51:16Z</time>
    <extensions>
     <gpxtpx:TrackPointExtension>
      <gpxtpx:atemp>28</gpxtpx:atemp>
      <gpxtpx:hr>115</gpxtpx:hr>
     </gpxtpx:TrackPointExtension>
    </extensions>
   </trkpt>
   <trkpt lat="-33.4621810" lon="151.0388470">
    <ele>-31.2</ele>
    <time>2021-09-01T05:51:17Z</time>
    <extensions>
     <gpxtpx:TrackPointExtension>
      <gpxtpx:atemp>28</gpxtpx:atemp>
      <gpxtpx:hr>115</gpxtpx:hr>
     </gpxtpx:TrackPointExtension>
    </extensions>
   </trkpt>
   <trkpt lat="-33.4621720" lon="151.0387880">
    <ele>-30.4</ele>
    <time>2021-09-01T05:51:18Z</time>
    <extensions>
     <gpxtpx:TrackPointExtension>
      <gpxtpx:atemp>28</gpxtpx:atemp>
      <gpxtpx:hr>115</gpxtpx:hr>
     </gpxtpx:TrackPointExtension>
    </extensions>
   </trkpt>
   <trkpt lat="-33.4621670" lon="151.0387360">
    <ele>-29.6</ele>
    <time>2021-09-01T05:51:19Z</time>
    <extensions>
     <gpxtpx:TrackPointExtension>
      <gpxtpx:atemp>28</gpxtpx:atemp>
      <gpxtpx:hr>115</gpxtpx:hr>
     </gpxtpx:TrackPointExtension>
    </extensions>
   </trkpt>
   <trkpt lat="-33.4621640" lon="151.0386770">
    <ele>-29.0</ele>
    <time>2021-09-01T05:51:20Z</time>
    <extensions>
     <gpxtpx:TrackPointExtension>
      <gpxtpx:atemp>28</gpxtpx:atemp>
      <gpxtpx:hr>115</gpxtpx:hr>
     </gpxtpx:TrackPointExtension>
    </extensions>
   </trkpt>
   <trkpt lat="-33.4621780" lon="151.0385750">
    <ele>-28.2</ele>
    <time>2021-09-01T05:51:22Z</time>
    <extensions>
     <gpxtpx:TrackPointExtension>
      <gpxtpx:atemp>28</gpxtpx:atemp>
      <gpxtpx:hr>116</gpxtpx:hr>
     </gpxtpx:TrackPointExtension>
    </extensions>
   </trkpt>
   <trkpt lat="-33.4621970" lon="151.0385250">
    <ele>-27.6</ele>
    <time>2021-09-01T05:51:23Z</time>
    <extensions>
     <gpxtpx:TrackPointExtension>
      <gpxtpx:atemp>28</gpxtpx:atemp>
      <gpxtpx:hr>117</gpxtpx:hr>
     </gpxtpx:TrackPointExtension>
    </extensions>
   </trkpt>
   <trkpt lat="-33.4622190" lon="151.0384700">
    <ele>-27.2</ele>
    <time>2021-09-01T05:51:24Z</time>
    <extensions>
     <gpxtpx:TrackPointExtension>
      <gpxtpx:atemp>28</gpxtpx:atemp>
      <gpxtpx:hr>117</gpxtpx:hr>
     </gpxtpx:TrackPointExtension>
    </extensions>
   </trkpt>
   <trkpt lat="-33.4622350" lon="151.0384150">
    <ele>-26.0</ele>
    <time>2021-09-01T05:51:25Z</time>
    <extensions>
     <gpxtpx:TrackPointExtension>
      <gpxtpx:atemp>28</gpxtpx:atemp>
      <gpxtpx:hr>117</gpxtpx:hr>
     </gpxtpx:TrackPointExtension>
    </extensions>
   </trkpt>
   <trkpt lat="-33.4622500" lon="151.0383570">
    <ele>-24.8</ele>
    <time>2021-09-01T05:51:26Z</time>
    <extensions>
     <gpxtpx:TrackPointExtension>
      <gpxtpx:atemp>28</gpxtpx:atemp>
      <gpxtpx:hr>116</gpxtpx:hr>
     </gpxtpx:TrackPointExtension>
    </extensions>
   </trkpt>
   <trkpt lat="-33.4622900" lon="151.0382390">
    <ele>-23.0</ele>
    <time>2021-09-01T05:51:28Z</time>
    <extensions>
     <gpxtpx:TrackPointExtension>
      <gpxtpx:atemp>28</gpxtpx:atemp>
      <gpxtpx:hr>116</gpxtpx:hr>
     </gpxtpx:TrackPointExtension>
    </extensions>
   </trkpt>
   <trkpt lat="-33.4623730" lon="151.0381500">
    <ele>-21.4</ele>
    <time>2021-09-01T05:51:30Z</time>
    <extensions>
     <gpxtpx:TrackPointExtension>
      <gpxtpx:atemp>28</gpxtpx:atemp>
      <gpxtpx:hr>116</gpxtpx:hr>
     </gpxtpx:TrackPointExtension>
    </extensions>
   </trkpt>
   <trkpt lat="-33.4624180" lon="151.0381050">
    <ele>-20.6</ele>
    <time>2021-09-01T05:51:31Z</time>
    <extensions>
     <gpxtpx:TrackPointExtension>
      <gpxtpx:atemp>28</gpxtpx:atemp>
      <gpxtpx:hr>116</gpxtpx:hr>
     </gpxtpx:TrackPointExtension>
    </extensions>
   </trkpt>
   <trkpt lat="-33.4624510" lon="151.0380510">
    <ele>-20.0</ele>
    <time>2021-09-01T05:51:32Z</time>
    <extensions>
     <gpxtpx:TrackPointExtension>
      <gpxtpx:atemp>28</gpxtpx:atemp>
      <gpxtpx:hr>116</gpxtpx:hr>
     </gpxtpx:TrackPointExtension>
    </extensions>
   </trkpt>
   <trkpt lat="-33.4624640" lon="151.0379950">
    <ele>-18.6</ele>
    <time>2021-09-01T05:51:33Z</time>
    <extensions>
     <gpxtpx:TrackPointExtension>
      <gpxtpx:atemp>28</gpxtpx:atemp>
      <gpxtpx:hr>115</gpxtpx:hr>
     </gpxtpx:TrackPointExtension>
    </extensions>
   </trkpt>
   <trkpt lat="-33.4624790" lon="151.0379380">
    <ele>-17.8</ele>
    <time>2021-09-01T05:51:34Z</time>
    <extensions>
     <gpxtpx:TrackPointExtension>
      <gpxtpx:atemp>28</gpxtpx:atemp>
      <gpxtpx:hr>115</gpxtpx:hr>
     </gpxtpx:TrackPointExtension>
    </extensions>
   </trkpt>
   <trkpt lat="-33.4624930" lon="151.0378860">
    <ele>-17.2</ele>
    <time>2021-09-01T05:51:35Z</time>
    <extensions>
     <gpxtpx:TrackPointExtension>
      <gpxtpx:atemp>28</gpxtpx:atemp>
      <gpxtpx:hr>114</gpxtpx:hr>
     </gpxtpx:TrackPointExtension>
    </extensions>
   </trkpt>
   <trkpt lat="-33.4625360" lon="151.0378180">
    <ele>-15.4</ele>
    <time>2021-09-01T05:51:37Z</time>
    <extensions>
     <gpxtpx:TrackPointExtension>
      <gpxtpx:atemp>28</gpxtpx:atemp>
      <gpxtpx:hr>113</gpxtpx:hr>
     </gpxtpx:TrackPointExtension>
    </extensions>
   </trkpt>
   <trkpt lat="-33.4626080" lon="151.0377930">
    <ele>-14.8</ele>
    <time>2021-09-01T05:51:38Z</time>
    <extensions>
     <gpxtpx:TrackPointExtension>
      <gpxtpx:atemp>28</gpxtpx:atemp>
      <gpxtpx:hr>112</gpxtpx:hr>
     </gpxtpx:TrackPointExtension>
    </extensions>
   </trkpt>
   <trkpt lat="-33.4626880" lon="151.0377770">
    <ele>-14.0</ele>
    <time>2021-09-01T05:51:39Z</time>
    <extensions>
     <gpxtpx:TrackPointExtension>
      <gpxtpx:atemp>28</gpxtpx:atemp>
      <gpxtpx:hr>112</gpxtpx:hr>
     </gpxtpx:TrackPointExtension>
    </extensions>
   </trkpt>
   <trkpt lat="-33.4627460" lon="151.0377890">
    <ele>-13.6</ele>
    <time>2021-09-01T05:51:40Z</time>
    <extensions>
     <gpxtpx:TrackPointExtension>
      <gpxtpx:atemp>28</gpxtpx:atemp>
      <gpxtpx:hr>112</gpxtpx:hr>
     </gpxtpx:TrackPointExtension>
    </extensions>
   </trkpt>
   <trkpt lat="-33.4627740" lon="151.0378120">
    <ele>-13.4</ele>
    <time>2021-09-01T05:51:41Z</time>
    <extensions>
     <gpxtpx:TrackPointExtension>
      <gpxtpx:atemp>28</gpxtpx:atemp>
      <gpxtpx:hr>112</gpxtpx:hr>
     </gpxtpx:TrackPointExtension>
    </extensions>
   </trkpt>
   <trkpt lat="-33.4628090" lon="151.0378370">
    <ele>-12.6</ele>
    <time>2021-09-01T05:51:42Z</time>
    <extensions>
     <gpxtpx:TrackPointExtension>
      <gpxtpx:atemp>28</gpxtpx:atemp>
      <gpxtpx:hr>113</gpxtpx:hr>
     </gpxtpx:TrackPointExtension>
    </extensions>
   </trkpt>
   <trkpt lat="-33.4628200" lon="151.0378400">
    <ele>-11.6</ele>
    <time>2021-09-01T05:51:44Z</time>
    <extensions>
     <gpxtpx:TrackPointExtension>
      <gpxtpx:atemp>28</gpxtpx:atemp>
      <gpxtpx:hr>114</gpxtpx:hr>
     </gpxtpx:TrackPointExtension>
    </extensions>
   </trkpt>
   <trkpt lat="-33.4628190" lon="151.0378480">
    <ele>-11.4</ele>
    <time>2021-09-01T05:51:45Z</time>
    <extensions>
     <gpxtpx:TrackPointExtension>
      <gpxtpx:atemp>28</gpxtpx:atemp>
      <gpxtpx:hr>115</gpxtpx:hr>
     </gpxtpx:TrackPointExtension>
    </extensions>
   </trkpt>
   <trkpt lat="-33.4628070" lon="151.0378670">
    <ele>-11.8</ele>
    <time>2021-09-01T05:51:47Z</time>
    <extensions>
     <gpxtpx:TrackPointExtension>
      <gpxtpx:atemp>28</gpxtpx:atemp>
      <gpxtpx:hr>115</gpxtpx:hr>
     </gpxtpx:TrackPointExtension>
    </extensions>
   </trkpt>
   <trkpt lat="-33.4627860" lon="151.0378990">
    <ele>-12.4</ele>
    <time>2021-09-01T05:51:49Z</time>
    <extensions>
     <gpxtpx:TrackPointExtension>
      <gpxtpx:atemp>28</gpxtpx:atemp>
      <gpxtpx:hr>115</gpxtpx:hr>
     </gpxtpx:TrackPointExtension>
    </extensions>
   </trkpt>
   <trkpt lat="-33.4627880" lon="151.0379220">
    <ele>-13.6</ele>
    <time>2021-09-01T05:51:50Z</time>
    <extensions>
     <gpxtpx:TrackPointExtension>
      <gpxtpx:atemp>28</gpxtpx:atemp>
      <gpxtpx:hr>116</gpxtpx:hr>
     </gpxtpx:TrackPointExtension>
    </extensions>
   </trkpt>
   <trkpt lat="-33.4628140" lon="151.0380120">
    <ele>-14.8</ele>
    <time>2021-09-01T05:51:53Z</time>
    <extensions>
     <gpxtpx:TrackPointExtension>
      <gpxtpx:atemp>28</gpxtpx:atemp>
      <gpxtpx:hr>115</gpxtpx:hr>
     </gpxtpx:TrackPointExtension>
    </extensions>
   </trkpt>
   <trkpt lat="-33.4628010" lon="151.0381310">
    <ele>-16.0</ele>
    <time>2021-09-01T05:51:56Z</time>
    <extensions>
     <gpxtpx:TrackPointExtension>
      <gpxtpx:atemp>28</gpxtpx:atemp>
      <gpxtpx:hr>115</gpxtpx:hr>
     </gpxtpx:TrackPointExtension>
    </extensions>
   </trkpt>
   <trkpt lat="-33.4627780" lon="151.0381760">
    <ele>-16.4</ele>
    <time>2021-09-01T05:51:57Z</time>
    <extensions>
     <gpxtpx:TrackPointExtension>
      <gpxtpx:atemp>28</gpxtpx:atemp>
      <gpxtpx:hr>116</gpxtpx:hr>
     </gpxtpx:TrackPointExtension>
    </extensions>
   </trkpt>
   <trkpt lat="-33.4627620" lon="151.0382360">
    <ele>-17.0</ele>
    <time>2021-09-01T05:51:58Z</time>
    <extensions>
     <gpxtpx:TrackPointExtension>
      <gpxtpx:atemp>28</gpxtpx:atemp>
      <gpxtpx:hr>116</gpxtpx:hr>
     </gpxtpx:TrackPointExtension>
    </extensions>
   </trkpt>
   <trkpt lat="-33.4627210" lon="151.0383530">
    <ele>-18.6</ele>
    <time>2021-09-01T05:52:00Z</time>
    <extensions>
     <gpxtpx:TrackPointExtension>
      <gpxtpx:atemp>28</gpxtpx:atemp>
      <gpxtpx:hr>118</gpxtpx:hr>
     </gpxtpx:TrackPointExtension>
    </extensions>
   </trkpt>
   <trkpt lat="-33.4627160" lon="151.0384000">
    <ele>-20.0</ele>
    <time>2021-09-01T05:52:01Z</time>
    <extensions>
     <gpxtpx:TrackPointExtension>
      <gpxtpx:atemp>28</gpxtpx:atemp>
      <gpxtpx:hr>119</gpxtpx:hr>
     </gpxtpx:TrackPointExtension>
    </extensions>
   </trkpt>
   <trkpt lat="-33.4627370" lon="151.0384770">
    <ele>-21.8</ele>
    <time>2021-09-01T05:52:03Z</time>
    <extensions>
     <gpxtpx:TrackPointExtension>
      <gpxtpx:atemp>28</gpxtpx:atemp>
      <gpxtpx:hr>121</gpxtpx:hr>
     </gpxtpx:TrackPointExtension>
    </extensions>
   </trkpt>
   <trkpt lat="-33.4627780" lon="151.0385520">
    <ele>-22.8</ele>
    <time>2021-09-01T05:52:05Z</time>
    <extensions>
     <gpxtpx:TrackPointExtension>
      <gpxtpx:atemp>28</gpxtpx:atemp>
      <gpxtpx:hr>121</gpxtpx:hr>
     </gpxtpx:TrackPointExtension>
    </extensions>
   </trkpt>
   <trkpt lat="-33.4628100" lon="151.0385740">
    <ele>-23.0</ele>
    <time>2021-09-01T05:52:06Z</time>
    <extensions>
     <gpxtpx:TrackPointExtension>
      <gpxtpx:atemp>28</gpxtpx:atemp>
      <gpxtpx:hr>121</gpxtpx:hr>
     </gpxtpx:TrackPointExtension>
    </extensions>
   </trkpt>
   <trkpt lat="-33.4629130" lon="151.0386240">
    <ele>-22.4</ele>
    <time>2021-09-01T05:52:09Z</time>
    <extensions>
     <gpxtpx:TrackPointExtension>
      <gpxtpx:atemp>28</gpxtpx:atemp>
      <gpxtpx:hr>122</gpxtpx:hr>
     </gpxtpx:TrackPointExtension>
    </extensions>
   </trkpt>
   <trkpt lat="-33.4629360" lon="151.0386630">
    <ele>-21.8</ele>
    <time>2021-09-01T05:52:10Z</time>
    <extensions>
     <gpxtpx:TrackPointExtension>
      <gpxtpx:atemp>28</gpxtpx:atemp>
      <gpxtpx:hr>120</gpxtpx:hr>
     </gpxtpx:TrackPointExtension>
    </extensions>
   </trkpt>
   <trkpt lat="-33.4629950" lon="151.0387480">
    <ele>-20.4</ele>
    <time>2021-09-01T05:52:12Z</time>
    <extensions>
     <gpxtpx:TrackPointExtension>
      <gpxtpx:atemp>28</gpxtpx:atemp>
      <gpxtpx:hr>120</gpxtpx:hr>
     </gpxtpx:TrackPointExtension>
    </extensions>
   </trkpt>
   <trkpt lat="-33.4630220" lon="151.0387850">
    <ele>-20.2</ele>
    <time>2021-09-01T05:52:13Z</time>
    <extensions>
     <gpxtpx:TrackPointExtension>
      <gpxtpx:atemp>28</gpxtpx:atemp>
      <gpxtpx:hr>120</gpxtpx:hr>
     </gpxtpx:TrackPointExtension>
    </extensions>
   </trkpt>
   <trkpt lat="-33.4630750" lon="151.0388640">
    <ele>-19.8</ele>
    <time>2021-09-01T05:52:15Z</time>
    <extensions>
     <gpxtpx:TrackPointExtension>
      <gpxtpx:atemp>28</gpxtpx:atemp>
      <gpxtpx:hr>118</gpxtpx:hr>
     </gpxtpx:TrackPointExtension>
    </extensions>
   </trkpt>
   <trkpt lat="-33.4631870" lon="151.0389560">
    <ele>-19.6</ele>
    <time>2021-09-01T05:52:18Z</time>
    <extensions>
     <gpxtpx:TrackPointExtension>
      <gpxtpx:atemp>28</gpxtpx:atemp>
      <gpxtpx:hr>118</gpxtpx:hr>
     </gpxtpx:TrackPointExtension>
    </extensions>
   </trkpt>
   <trkpt lat="-33.4632370" lon="151.0390300">
    <ele>-19.8</ele>
    <time>2021-09-01T05:52:20Z</time>
    <extensions>
     <gpxtpx:TrackPointExtension>
      <gpxtpx:atemp>28</gpxtpx:atemp>
      <gpxtpx:hr>118</gpxtpx:hr>
     </gpxtpx:TrackPointExtension>
    </extensions>
   </trkpt>
   <trkpt lat="-33.4632450" lon="151.0390590">
    <ele>-20.0</ele>
    <time>2021-09-01T05:52:21Z</time>
    <extensions>
     <gpxtpx:TrackPointExtension>
      <gpxtpx:atemp>28</gpxtpx:atemp>
      <gpxtpx:hr>119</gpxtpx:hr>
     </gpxtpx:TrackPointExtension>
    </extensions>
   </trkpt>
   <trkpt lat="-33.4632450" lon="151.0390880">
    <ele>-20.0</ele>
    <time>2021-09-01T05:52:22Z</time>
    <extensions>
     <gpxtpx:TrackPointExtension>
      <gpxtpx:atemp>28</gpxtpx:atemp>
      <gpxtpx:hr>118</gpxtpx:hr>
     </gpxtpx:TrackPointExtension>
    </extensions>
   </trkpt>
   <trkpt lat="-33.4632020" lon="151.0392050">
    <ele>-21.2</ele>
    <time>2021-09-01T05:52:25Z</time>
    <extensions>
     <gpxtpx:TrackPointExtension>
      <gpxtpx:atemp>28</gpxtpx:atemp>
      <gpxtpx:hr>118</gpxtpx:hr>
     </gpxtpx:TrackPointExtension>
    </extensions>
   </trkpt>
   <trkpt lat="-33.4631920" lon="151.0392510">
    <ele>-21.8</ele>
    <time>2021-09-01T05:52:26Z</time>
    <extensions>
     <gpxtpx:TrackPointExtension>
      <gpxtpx:atemp>28</gpxtpx:atemp>
      <gpxtpx:hr>118</gpxtpx:hr>
     </gpxtpx:TrackPointExtension>
    </extensions>
   </trkpt>
   <trkpt lat="-33.4631870" lon="151.0393310">
    <ele>-23.2</ele>
    <time>2021-09-01T05:52:28Z</time>
    <extensions>
     <gpxtpx:TrackPointExtension>
      <gpxtpx:atemp>28</gpxtpx:atemp>
      <gpxtpx:hr>118</gpxtpx:hr>
     </gpxtpx:TrackPointExtension>
    </extensions>
   </trkpt>
   <trkpt lat="-33.4631930" lon="151.0393550">
    <ele>-23.6</ele>
    <time>2021-09-01T05:52:29Z</time>
    <extensions>
     <gpxtpx:TrackPointExtension>
      <gpxtpx:atemp>28</gpxtpx:atemp>
      <gpxtpx:hr>117</gpxtpx:hr>
     </gpxtpx:TrackPointExtension>
    </extensions>
   </trkpt>
   <trkpt lat="-33.4631940" lon="151.0394550">
    <ele>-24.2</ele>
    <time>2021-09-01T05:52:35Z</time>
    <extensions>
     <gpxtpx:TrackPointExtension>
      <gpxtpx:atemp>28</gpxtpx:atemp>
      <gpxtpx:hr>119</gpxtpx:hr>
     </gpxtpx:TrackPointExtension>
    </extensions>
   </trkpt>
   <trkpt lat="-33.4631970" lon="151.0394560">
    <ele>-24.6</ele>
    <time>2021-09-01T05:52:37Z</time>
    <extensions>
     <gpxtpx:TrackPointExtension>
      <gpxtpx:atemp>28</gpxtpx:atemp>
      <gpxtpx:hr>121</gpxtpx:hr>
     </gpxtpx:TrackPointExtension>
    </extensions>
   </trkpt>
   <trkpt lat="-33.4632100" lon="151.0394890">
    <ele>-24.8</ele>
    <time>2021-09-01T05:52:43Z</time>
    <extensions>
     <gpxtpx:TrackPointExtension>
      <gpxtpx:atemp>28</gpxtpx:atemp>
      <gpxtpx:hr>118</gpxtpx:hr>
     </gpxtpx:TrackPointExtension>
    </extensions>
   </trkpt>
   <trkpt lat="-33.4631890" lon="151.0395560">
    <ele>-25.0</ele>
    <time>2021-09-01T05:52:47Z</time>
    <extensions>
     <gpxtpx:TrackPointExtension>
      <gpxtpx:atemp>28</gpxtpx:atemp>
      <gpxtpx:hr>116</gpxtpx:hr>
     </gpxtpx:TrackPointExtension>
    </extensions>
   </trkpt>
   <trkpt lat="-33.4631900" lon="151.0395710">
    <ele>-25.0</ele>
    <time>2021-09-01T05:52:55Z</time>
    <extensions>
     <gpxtpx:TrackPointExtension>
      <gpxtpx:atemp>28</gpxtpx:atemp>
      <gpxtpx:hr>115</gpxtpx:hr>
     </gpxtpx:TrackPointExtension>
    </extensions>
   </trkpt>
   <trkpt lat="-33.4631940" lon="151.0395770">
    <ele>-25.2</ele>
    <time>2021-09-01T05:53:04Z</time>
    <extensions>
     <gpxtpx:TrackPointExtension>
      <gpxtpx:atemp>28</gpxtpx:atemp>
      <gpxtpx:hr>116</gpxtpx:hr>
     </gpxtpx:TrackPointExtension>
    </extensions>
   </trkpt>
   <trkpt lat="-33.4631960" lon="151.0395920">
    <ele>-25.4</ele>
    <time>2021-09-01T05:53:05Z</time>
    <extensions>
     <gpxtpx:TrackPointExtension>
      <gpxtpx:atemp>28</gpxtpx:atemp>
      <gpxtpx:hr>114</gpxtpx:hr>
     </gpxtpx:TrackPointExtension>
    </extensions>
   </trkpt>
   <trkpt lat="-33.4632270" lon="151.0396620">
    <ele>-26.0</ele>
    <time>2021-09-01T05:53:08Z</time>
    <extensions>
     <gpxtpx:TrackPointExtension>
      <gpxtpx:atemp>28</gpxtpx:atemp>
      <gpxtpx:hr>116</gpxtpx:hr>
     </gpxtpx:TrackPointExtension>
    </extensions>
   </trkpt>
   <trkpt lat="-33.4632470" lon="151.0396770">
    <ele>-26.6</ele>
    <time>2021-09-01T05:53:09Z</time>
    <extensions>
     <gpxtpx:TrackPointExtension>
      <gpxtpx:atemp>28</gpxtpx:atemp>
      <gpxtpx:hr>116</gpxtpx:hr>
     </gpxtpx:TrackPointExtension>
    </extensions>
   </trkpt>
   <trkpt lat="-33.4633730" lon="151.0397350">
    <ele>-27.2</ele>
    <time>2021-09-01T05:53:13Z</time>
    <extensions>
     <gpxtpx:TrackPointExtension>
      <gpxtpx:atemp>28</gpxtpx:atemp>
      <gpxtpx:hr>116</gpxtpx:hr>
     </gpxtpx:TrackPointExtension>
    </extensions>
   </trkpt>
   <trkpt lat="-33.4634880" lon="151.0397840">
    <ele>-27.0</ele>
    <time>2021-09-01T05:53:17Z</time>
    <extensions>
     <gpxtpx:TrackPointExtension>
      <gpxtpx:atemp>28</gpxtpx:atemp>
      <gpxtpx:hr>116</gpxtpx:hr>
     </gpxtpx:TrackPointExtension>
    </extensions>
   </trkpt>
   <trkpt lat="-33.4636020" lon="151.0398120">
    <ele>-25.2</ele>
    <time>2021-09-01T05:53:21Z</time>
    <extensions>
     <gpxtpx:TrackPointExtension>
      <gpxtpx:atemp>28</gpxtpx:atemp>
      <gpxtpx:hr>114</gpxtpx:hr>
     </gpxtpx:TrackPointExtension>
    </extensions>
   </trkpt>
   <trkpt lat="-33.4636210" lon="151.0398150">
    <ele>-24.8</ele>
    <time>2021-09-01T05:53:22Z</time>
    <extensions>
     <gpxtpx:TrackPointExtension>
      <gpxtpx:atemp>28</gpxtpx:atemp>
      <gpxtpx:hr>114</gpxtpx:hr>
     </gpxtpx:TrackPointExtension>
    </extensions>
   </trkpt>
   <trkpt lat="-33.4637770" lon="151.0399110">
    <ele>-23.8</ele>
    <time>2021-09-01T05:53:27Z</time>
    <extensions>
     <gpxtpx:TrackPointExtension>
      <gpxtpx:atemp>28</gpxtpx:atemp>
      <gpxtpx:hr>115</gpxtpx:hr>
     </gpxtpx:TrackPointExtension>
    </extensions>
   </trkpt>
   <trkpt lat="-33.4638270" lon="151.0399500">
    <ele>-21.8</ele>
    <time>2021-09-01T05:53:29Z</time>
    <extensions>
     <gpxtpx:TrackPointExtension>
      <gpxtpx:atemp>28</gpxtpx:atemp>
      <gpxtpx:hr>115</gpxtpx:hr>
     </gpxtpx:TrackPointExtension>
    </extensions>
   </trkpt>
   <trkpt lat="-33.4638790" lon="151.0399900">
    <ele>-20.6</ele>
    <time>2021-09-01T05:53:31Z</time>
    <extensions>
     <gpxtpx:TrackPointExtension>
      <gpxtpx:atemp>28</gpxtpx:atemp>
      <gpxtpx:hr>115</gpxtpx:hr>
     </gpxtpx:TrackPointExtension>
    </extensions>
   </trkpt>
   <trkpt lat="-33.4640100" lon="151.0400690">
    <ele>-19.4</ele>
    <time>2021-09-01T05:53:35Z</time>
    <extensions>
     <gpxtpx:TrackPointExtension>
      <gpxtpx:atemp>28</gpxtpx:atemp>
      <gpxtpx:hr>115</gpxtpx:hr>
     </gpxtpx:TrackPointExtension>
    </extensions>
   </trkpt>
   <trkpt lat="-33.4641400" lon="151.0401930">
    <ele>-18.2</ele>
    <time>2021-09-01T05:53:38Z</time>
    <extensions>
     <gpxtpx:TrackPointExtension>
      <gpxtpx:atemp>28</gpxtpx:atemp>
      <gpxtpx:hr>113</gpxtpx:hr>
     </gpxtpx:TrackPointExtension>
    </extensions>
   </trkpt>
   <trkpt lat="-33.4641740" lon="151.0402210">
    <ele>-17.8</ele>
    <time>2021-09-01T05:53:39Z</time>
    <extensions>
     <gpxtpx:TrackPointExtension>
      <gpxtpx:atemp>28</gpxtpx:atemp>
      <gpxtpx:hr>113</gpxtpx:hr>
     </gpxtpx:TrackPointExtension>
    </extensions>
   </trkpt>
   <trkpt lat="-33.4643380" lon="151.0402900">
    <ele>-17.2</ele>
    <time>2021-09-01T05:53:44Z</time>
    <extensions>
     <gpxtpx:TrackPointExtension>
      <gpxtpx:atemp>28</gpxtpx:atemp>
      <gpxtpx:hr>112</gpxtpx:hr>
     </gpxtpx:TrackPointExtension>
    </extensions>
   </trkpt>
   <trkpt lat="-33.4643730" lon="151.0402880">
    <ele>-17.2</ele>
    <time>2021-09-01T05:53:49Z</time>
    <extensions>
     <gpxtpx:TrackPointExtension>
      <gpxtpx:atemp>28</gpxtpx:atemp>
      <gpxtpx:hr>112</gpxtpx:hr>
     </gpxtpx:TrackPointExtension>
    </extensions>
   </trkpt>
   <trkpt lat="-33.4643630" lon="151.0403950">
    <ele>-17.2</ele>
    <time>2021-09-01T05:53:51Z</time>
    <extensions>
     <gpxtpx:TrackPointExtension>
      <gpxtpx:atemp>28</gpxtpx:atemp>
      <gpxtpx:hr>113</gpxtpx:hr>
     </gpxtpx:TrackPointExtension>
    </extensions>
   </trkpt>
   <trkpt lat="-33.4643650" lon="151.0404160">
    <ele>-17.0</ele>
    <time>2021-09-01T05:53:54Z</time>
    <extensions>
     <gpxtpx:TrackPointExtension>
      <gpxtpx:atemp>28</gpxtpx:atemp>
      <gpxtpx:hr>114</gpxtpx:hr>
     </gpxtpx:TrackPointExtension>
    </extensions>
   </trkpt>
   <trkpt lat="-33.4643540" lon="151.0404060">
    <ele>-17.0</ele>
    <time>2021-09-01T05:53:55Z</time>
    <extensions>
     <gpxtpx:TrackPointExtension>
      <gpxtpx:atemp>28</gpxtpx:atemp>
      <gpxtpx:hr>111</gpxtpx:hr>
     </gpxtpx:TrackPointExtension>
    </extensions>
   </trkpt>
   <trkpt lat="-33.4643050" lon="151.0403570">
    <ele>-17.0</ele>
    <time>2021-09-01T05:53:58Z</time>
    <extensions>
     <gpxtpx:TrackPointExtension>
      <gpxtpx:atemp>28</gpxtpx:atemp>
      <gpxtpx:hr>113</gpxtpx:hr>
     </gpxtpx:TrackPointExtension>
    </extensions>
   </trkpt>
   <trkpt lat="-33.4642610" lon="151.0404150">
    <ele>-18.0</ele>
    <time>2021-09-01T05:54:04Z</time>
    <extensions>
     <gpxtpx:TrackPointExtension>
      <gpxtpx:atemp>28</gpxtpx:atemp>
      <gpxtpx:hr>112</gpxtpx:hr>
     </gpxtpx:TrackPointExtension>
    </extensions>
   </trkpt>
   <trkpt lat="-33.4642540" lon="151.0404380">
    <ele>-18.2</ele>
    <time>2021-09-01T05:54:06Z</time>
    <extensions>
     <gpxtpx:TrackPointExtension>
      <gpxtpx:atemp>28</gpxtpx:atemp>
      <gpxtpx:hr>112</gpxtpx:hr>
     </gpxtpx:TrackPointExtension>
    </extensions>
   </trkpt>
   <trkpt lat="-33.4642600" lon="151.0404580">
    <ele>-18.4</ele>
    <time>2021-09-01T05:54:08Z</time>
    <extensions>
     <gpxtpx:TrackPointExtension>
      <gpxtpx:atemp>28</gpxtpx:atemp>
      <gpxtpx:hr>112</gpxtpx:hr>
     </gpxtpx:TrackPointExtension>
    </extensions>
   </trkpt>
   <trkpt lat="-33.4643280" lon="151.0404270">
    <ele>-18.2</ele>
    <time>2021-09-01T05:54:11Z</time>
    <extensions>
     <gpxtpx:TrackPointExtension>
      <gpxtpx:atemp>28</gpxtpx:atemp>
      <gpxtpx:hr>113</gpxtpx:hr>
     </gpxtpx:TrackPointExtension>
    </extensions>
   </trkpt>
   <trkpt lat="-33.4643660" lon="151.0404270">
    <ele>-18.0</ele>
    <time>2021-09-01T05:54:12Z</time>
    <extensions>
     <gpxtpx:TrackPointExtension>
      <gpxtpx:atemp>28</gpxtpx:atemp>
      <gpxtpx:hr>112</gpxtpx:hr>
     </gpxtpx:TrackPointExtension>
    </extensions>
   </trkpt>
   <trkpt lat="-33.4645680" lon="151.0405050">
    <ele>-17.2</ele>
    <time>2021-09-01T05:54:17Z</time>
    <extensions>
     <gpxtpx:TrackPointExtension>
      <gpxtpx:atemp>28</gpxtpx:atemp>
      <gpxtpx:hr>109</gpxtpx:hr>
     </gpxtpx:TrackPointExtension>
    </extensions>
   </trkpt>
   <trkpt lat="-33.4646290" lon="151.0405220">
    <ele>-17.2</ele>
    <time>2021-09-01T05:54:18Z</time>
    <extensions>
     <gpxtpx:TrackPointExtension>
      <gpxtpx:atemp>28</gpxtpx:atemp>
      <gpxtpx:hr>109</gpxtpx:hr>
     </gpxtpx:TrackPointExtension>
    </extensions>
   </trkpt>
   <trkpt lat="-33.4646800" lon="151.0405300">
    <ele>-17.2</ele>
    <time>2021-09-01T05:54:19Z</time>
    <extensions>
     <gpxtpx:TrackPointExtension>
      <gpxtpx:atemp>28</gpxtpx:atemp>
      <gpxtpx:hr>109</gpxtpx:hr>
     </gpxtpx:TrackPointExtension>
    </extensions>
   </trkpt>
   <trkpt lat="-33.4647640" lon="151.0405160">
    <ele>-17.2</ele>
    <time>2021-09-01T05:54:21Z</time>
    <extensions>
     <gpxtpx:TrackPointExtension>
      <gpxtpx:atemp>28</gpxtpx:atemp>
      <gpxtpx:hr>108</gpxtpx:hr>
     </gpxtpx:TrackPointExtension>
    </extensions>
   </trkpt>
   <trkpt lat="-33.4648190" lon="151.0404150">
    <ele>-16.2</ele>
    <time>2021-09-01T05:54:24Z</time>
    <extensions>
     <gpxtpx:TrackPointExtension>
      <gpxtpx:atemp>28</gpxtpx:atemp>
      <gpxtpx:hr>108</gpxtpx:hr>
     </gpxtpx:TrackPointExtension>
    </extensions>
   </trkpt>
   <trkpt lat="-33.4648260" lon="151.0403800">
    <ele>-15.4</ele>
    <time>2021-09-01T05:54:25Z</time>
    <extensions>
     <gpxtpx:TrackPointExtension>
      <gpxtpx:atemp>28</gpxtpx:atemp>
      <gpxtpx:hr>109</gpxtpx:hr>
     </gpxtpx:TrackPointExtension>
    </extensions>
   </trkpt>
   <trkpt lat="-33.4648390" lon="151.0403240">
    <ele>-14.8</ele>
    <time>2021-09-01T05:54:27Z</time>
    <extensions>
     <gpxtpx:TrackPointExtension>
      <gpxtpx:atemp>28</gpxtpx:atemp>
      <gpxtpx:hr>112</gpxtpx:hr>
     </gpxtpx:TrackPointExtension>
    </extensions>
   </trkpt>
   <trkpt lat="-33.4648460" lon="151.0402370">
    <ele>-15.0</ele>
    <time>2021-09-01T05:54:29Z</time>
    <extensions>
     <gpxtpx:TrackPointExtension>
      <gpxtpx:atemp>28</gpxtpx:atemp>
      <gpxtpx:hr>115</gpxtpx:hr>
     </gpxtpx:TrackPointExtension>
    </extensions>
   </trkpt>
   <trkpt lat="-33.4648300" lon="151.0401240">
    <ele>-16.4</ele>
    <time>2021-09-01T05:54:32Z</time>
    <extensions>
     <gpxtpx:TrackPointExtension>
      <gpxtpx:atemp>28</gpxtpx:atemp>
      <gpxtpx:hr>116</gpxtpx:hr>
     </gpxtpx:TrackPointExtension>
    </extensions>
   </trkpt>
   <trkpt lat="-33.4648140" lon="151.0400920">
    <ele>-16.8</ele>
    <time>2021-09-01T05:54:33Z</time>
    <extensions>
     <gpxtpx:TrackPointExtension>
      <gpxtpx:atemp>28</gpxtpx:atemp>
      <gpxtpx:hr>117</gpxtpx:hr>
     </gpxtpx:TrackPointExtension>
    </extensions>
   </trkpt>
   <trkpt lat="-33.4647480" lon="151.0399760">
    <ele>-17.6</ele>
    <time>2021-09-01T05:54:37Z</time>
    <extensions>
     <gpxtpx:TrackPointExtension>
      <gpxtpx:atemp>28</gpxtpx:atemp>
      <gpxtpx:hr>118</gpxtpx:hr>
     </gpxtpx:TrackPointExtension>
    </extensions>
   </trkpt>
   <trkpt lat="-33.4647170" lon="151.0399400">
    <ele>-17.8</ele>
    <time>2021-09-01T05:54:39Z</time>
    <extensions>
     <gpxtpx:TrackPointExtension>
      <gpxtpx:atemp>28</gpxtpx:atemp>
      <gpxtpx:hr>118</gpxtpx:hr>
     </gpxtpx:TrackPointExtension>
    </extensions>
   </trkpt>
   <trkpt lat="-33.4647070" lon="151.0399270">
    <ele>-18.0</ele>
    <time>2021-09-01T05:54:40Z</time>
    <extensions>
     <gpxtpx:TrackPointExtension>
      <gpxtpx:atemp>28</gpxtpx:atemp>
      <gpxtpx:hr>118</gpxtpx:hr>
     </gpxtpx:TrackPointExtension>
    </extensions>
   </trkpt>
   <trkpt lat="-33.4646990" lon="151.0399160">
    <ele>-18.0</ele>
    <time>2021-09-01T05:54:41Z</time>
    <extensions>
     <gpxtpx:TrackPointExtension>
      <gpxtpx:atemp>28</gpxtpx:atemp>
      <gpxtpx:hr>118</gpxtpx:hr>
     </gpxtpx:TrackPointExtension>
    </extensions>
   </trkpt>
   <trkpt lat="-33.4646920" lon="151.0398500">
    <ele>-17.8</ele>
    <time>2021-09-01T05:54:48Z</time>
    <extensions>
     <gpxtpx:TrackPointExtension>
      <gpxtpx:atemp>28</gpxtpx:atemp>
      <gpxtpx:hr>119</gpxtpx:hr>
     </gpxtpx:TrackPointExtension>
    </extensions>
   </trkpt>
   <trkpt lat="-33.4646770" lon="151.0398060">
    <ele>-18.2</ele>
    <time>2021-09-01T05:54:55Z</time>
    <extensions>
     <gpxtpx:TrackPointExtension>
      <gpxtpx:atemp>28</gpxtpx:atemp>
      <gpxtpx:hr>115</gpxtpx:hr>
     </gpxtpx:TrackPointExtension>
    </extensions>
   </trkpt>
   <trkpt lat="-33.4646840" lon="151.0397970">
    <ele>-18.2</ele>
    <time>2021-09-01T05:54:57Z</time>
    <extensions>
     <gpxtpx:TrackPointExtension>
      <gpxtpx:atemp>28</gpxtpx:atemp>
      <gpxtpx:hr>118</gpxtpx:hr>
     </gpxtpx:TrackPointExtension>
    </extensions>
   </trkpt>
   <trkpt lat="-33.4647050" lon="151.0397910">
    <ele>-18.6</ele>
    <time>2021-09-01T05:55:02Z</time>
    <extensions>
     <gpxtpx:TrackPointExtension>
      <gpxtpx:atemp>28</gpxtpx:atemp>
      <gpxtpx:hr>121</gpxtpx:hr>
     </gpxtpx:TrackPointExtension>
    </extensions>
   </trkpt>
   <trkpt lat="-33.4647130" lon="151.0397940">
    <ele>-18.6</ele>
    <time>2021-09-01T05:55:03Z</time>
    <extensions>
     <gpxtpx:TrackPointExtension>
      <gpxtpx:atemp>28</gpxtpx:atemp>
      <gpxtpx:hr>119</gpxtpx:hr>
     </gpxtpx:TrackPointExtension>
    </extensions>
   </trkpt>
   <trkpt lat="-33.4647780" lon="151.0398100">
    <ele>-18.8</ele>
    <time>2021-09-01T05:55:11Z</time>
    <extensions>
     <gpxtpx:TrackPointExtension>
      <gpxtpx:atemp>28</gpxtpx:atemp>
      <gpxtpx:hr>122</gpxtpx:hr>
     </gpxtpx:TrackPointExtension>
    </extensions>
   </trkpt>
   <trkpt lat="-33.4647800" lon="151.0398100">
    <ele>-18.8</ele>
    <time>2021-09-01T05:55:12Z</time>
    <extensions>
     <gpxtpx:TrackPointExtension>
      <gpxtpx:atemp>28</gpxtpx:atemp>
      <gpxtpx:hr>122</gpxtpx:hr>
     </gpxtpx:TrackPointExtension>
    </extensions>
   </trkpt>
   <trkpt lat="-33.4647850" lon="151.0398080">
    <ele>-18.6</ele>
    <time>2021-09-01T05:55:20Z</time>
    <extensions>
     <gpxtpx:TrackPointExtension>
      <gpxtpx:atemp>28</gpxtpx:atemp>
      <gpxtpx:hr>119</gpxtpx:hr>
     </gpxtpx:TrackPointExtension>
    </extensions>
   </trkpt>
   <trkpt lat="-33.4647850" lon="151.0398090">
    <ele>-18.6</ele>
    <time>2021-09-01T05:55:22Z</time>
    <extensions>
     <gpxtpx:TrackPointExtension>
      <gpxtpx:atemp>28</gpxtpx:atemp>
      <gpxtpx:hr>120</gpxtpx:hr>
     </gpxtpx:TrackPointExtension>
    </extensions>
   </trkpt>
   <trkpt lat="-33.4647840" lon="151.0398120">
    <ele>-19.0</ele>
    <time>2021-09-01T05:55:29Z</time>
    <extensions>
     <gpxtpx:TrackPointExtension>
      <gpxtpx:atemp>28</gpxtpx:atemp>
      <gpxtpx:hr>117</gpxtpx:hr>
     </gpxtpx:TrackPointExtension>
    </extensions>
   </trkpt>
   <trkpt lat="-33.4647790" lon="151.0398060">
    <ele>-18.8</ele>
    <time>2021-09-01T05:55:32Z</time>
    <extensions>
     <gpxtpx:TrackPointExtension>
      <gpxtpx:atemp>28</gpxtpx:atemp>
      <gpxtpx:hr>117</gpxtpx:hr>
     </gpxtpx:TrackPointExtension>
    </extensions>
   </trkpt>
   <trkpt lat="-33.4647260" lon="151.0397870">
    <ele>-19.0</ele>
    <time>2021-09-01T05:55:40Z</time>
    <extensions>
     <gpxtpx:TrackPointExtension>
      <gpxtpx:atemp>28</gpxtpx:atemp>
      <gpxtpx:hr>115</gpxtpx:hr>
     </gpxtpx:TrackPointExtension>
    </extensions>
   </trkpt>
   <trkpt lat="-33.4646720" lon="151.0397480">
    <ele>-18.8</ele>
    <time>2021-09-01T05:55:45Z</time>
    <extensions>
     <gpxtpx:TrackPointExtension>
      <gpxtpx:atemp>28</gpxtpx:atemp>
      <gpxtpx:hr>115</gpxtpx:hr>
     </gpxtpx:TrackPointExtension>
    </extensions>
   </trkpt>
   <trkpt lat="-33.4645850" lon="151.0396430">
    <ele>-20.0</ele>
    <time>2021-09-01T05:55:52Z</time>
    <extensions>
     <gpxtpx:TrackPointExtension>
      <gpxtpx:atemp>28</gpxtpx:atemp>
      <gpxtpx:hr>117</gpxtpx:hr>
     </gpxtpx:TrackPointExtension>
    </extensions>
   </trkpt>
   <trkpt lat="-33.4645450" lon="151.0395850">
    <ele>-20.6</ele>
    <time>2021-09-01T05:55:56Z</time>
    <extensions>
     <gpxtpx:TrackPointExtension>
      <gpxtpx:atemp>28</gpxtpx:atemp>
      <gpxtpx:hr>115</gpxtpx:hr>
     </gpxtpx:TrackPointExtension>
    </extensions>
   </trkpt>
   <trkpt lat="-33.4645250" lon="151.0395610">
    <ele>-21.0</ele>
    <time>2021-09-01T05:55:59Z</time>
    <extensions>
     <gpxtpx:TrackPointExtension>
      <gpxtpx:atemp>28</gpxtpx:atemp>
      <gpxtpx:hr>116</gpxtpx:hr>
     </gpxtpx:TrackPointExtension>
    </extensions>
   </trkpt>
   <trkpt lat="-33.4644950" lon="151.0394970">
    <ele>-21.4</ele>
    <time>2021-09-01T05:56:04Z</time>
    <extensions>
     <gpxtpx:TrackPointExtension>
      <gpxtpx:atemp>28</gpxtpx:atemp>
      <gpxtpx:hr>117</gpxtpx:hr>
     </gpxtpx:TrackPointExtension>
    </extensions>
   </trkpt>
   <trkpt lat="-33.4644690" lon="151.0394570">
    <ele>-21.2</ele>
    <time>2021-09-01T05:56:11Z</time>
    <extensions>
     <gpxtpx:TrackPointExtension>
      <gpxtpx:atemp>28</gpxtpx:atemp>
      <gpxtpx:hr>116</gpxtpx:hr>
     </gpxtpx:TrackPointExtension>
    </extensions>
   </trkpt>
   <trkpt lat="-33.4644440" lon="151.0394370">
    <ele>-21.2</ele>
    <time>2021-09-01T05:56:15Z</time>
    <extensions>
     <gpxtpx:TrackPointExtension>
      <gpxtpx:atemp>28</gpxtpx:atemp>
      <gpxtpx:hr>113</gpxtpx:hr>
     </gpxtpx:TrackPointExtension>
    </extensions>
   </trkpt>
   <trkpt lat="-33.4644100" lon="151.0394230">
    <ele>-21.4</ele>
    <time>2021-09-01T05:56:20Z</time>
    <extensions>
     <gpxtpx:TrackPointExtension>
      <gpxtpx:atemp>28</gpxtpx:atemp>
      <gpxtpx:hr>112</gpxtpx:hr>
     </gpxtpx:TrackPointExtension>
    </extensions>
   </trkpt>
   <trkpt lat="-33.4644000" lon="151.0394390">
    <ele>-21.6</ele>
    <time>2021-09-01T05:56:28Z</time>
    <extensions>
     <gpxtpx:TrackPointExtension>
      <gpxtpx:atemp>28</gpxtpx:atemp>
      <gpxtpx:hr>112</gpxtpx:hr>
     </gpxtpx:TrackPointExtension>
    </extensions>
   </trkpt>
   <trkpt lat="-33.4643930" lon="151.0394270">
    <ele>-21.4</ele>
    <time>2021-09-01T05:56:30Z</time>
    <extensions>
     <gpxtpx:TrackPointExtension>
      <gpxtpx:atemp>28</gpxtpx:atemp>
      <gpxtpx:hr>115</gpxtpx:hr>
     </gpxtpx:TrackPointExtension>
    </extensions>
   </trkpt>
   <trkpt lat="-33.4644220" lon="151.0394160">
    <ele>-21.4</ele>
    <time>2021-09-01T05:56:37Z</time>
    <extensions>
     <gpxtpx:TrackPointExtension>
      <gpxtpx:atemp>28</gpxtpx:atemp>
      <gpxtpx:hr>114</gpxtpx:hr>
     </gpxtpx:TrackPointExtension>
    </extensions>
   </trkpt>
   <trkpt lat="-33.4645050" lon="151.0394470">
    <ele>-21.4</ele>
    <time>2021-09-01T05:56:41Z</time>
    <extensions>
     <gpxtpx:TrackPointExtension>
      <gpxtpx:atemp>28</gpxtpx:atemp>
      <gpxtpx:hr>113</gpxtpx:hr>
     </gpxtpx:TrackPointExtension>
    </extensions>
   </trkpt>
   <trkpt lat="-33.4645060" lon="151.0394340">
    <ele>-21.2</ele>
    <time>2021-09-01T05:56:42Z</time>
    <extensions>
     <gpxtpx:TrackPointExtension>
      <gpxtpx:atemp>28</gpxtpx:atemp>
      <gpxtpx:hr>112</gpxtpx:hr>
     </gpxtpx:TrackPointExtension>
    </extensions>
   </trkpt>
   <trkpt lat="-33.4645170" lon="151.0394220">
    <ele>-21.2</ele>
    <time>2021-09-01T05:56:43Z</time>
    <extensions>
     <gpxtpx:TrackPointExtension>
      <gpxtpx:atemp>28</gpxtpx:atemp>
      <gpxtpx:hr>111</gpxtpx:hr>
     </gpxtpx:TrackPointExtension>
    </extensions>
   </trkpt>
   <trkpt lat="-33.4645720" lon="151.0393830">
    <ele>-21.8</ele>
    <time>2021-09-01T05:56:46Z</time>
    <extensions>
     <gpxtpx:TrackPointExtension>
      <gpxtpx:atemp>28</gpxtpx:atemp>
      <gpxtpx:hr>114</gpxtpx:hr>
     </gpxtpx:TrackPointExtension>
    </extensions>
   </trkpt>
   <trkpt lat="-33.4645990" lon="151.0393430">
    <ele>-22.2</ele>
    <time>2021-09-01T05:56:48Z</time>
    <extensions>
     <gpxtpx:TrackPointExtension>
      <gpxtpx:atemp>28</gpxtpx:atemp>
      <gpxtpx:hr>115</gpxtpx:hr>
     </gpxtpx:TrackPointExtension>
    </extensions>
   </trkpt>
   <trkpt lat="-33.4646220" lon="151.0392800">
    <ele>-23.8</ele>
    <time>2021-09-01T05:56:51Z</time>
    <extensions>
     <gpxtpx:TrackPointExtension>
      <gpxtpx:atemp>28</gpxtpx:atemp>
      <gpxtpx:hr>116</gpxtpx:hr>
     </gpxtpx:TrackPointExtension>
    </extensions>
   </trkpt>
   <trkpt lat="-33.4646130" lon="151.0391720">
    <ele>-25.2</ele>
    <time>2021-09-01T05:56:54Z</time>
    <extensions>
     <gpxtpx:TrackPointExtension>
      <gpxtpx:atemp>28</gpxtpx:atemp>
      <gpxtpx:hr>117</gpxtpx:hr>
     </gpxtpx:TrackPointExtension>
    </extensions>
   </trkpt>
   <trkpt lat="-33.4646070" lon="151.0391370">
    <ele>-25.6</ele>
    <time>2021-09-01T05:56:55Z</time>
    <extensions>
     <gpxtpx:TrackPointExtension>
      <gpxtpx:atemp>28</gpxtpx:atemp>
      <gpxtpx:hr>115</gpxtpx:hr>
     </gpxtpx:TrackPointExtension>
    </extensions>
   </trkpt>
   <trkpt lat="-33.4646010" lon="151.0391060">
    <ele>-26.0</ele>
    <time>2021-09-01T05:56:56Z</time>
    <extensions>
     <gpxtpx:TrackPointExtension>
      <gpxtpx:atemp>28</gpxtpx:atemp>
      <gpxtpx:hr>118</gpxtpx:hr>
     </gpxtpx:TrackPointExtension>
    </extensions>
   </trkpt>
   <trkpt lat="-33.4645820" lon="151.0390350">
    <ele>-26.2</ele>
    <time>2021-09-01T05:56:58Z</time>
    <extensions>
     <gpxtpx:TrackPointExtension>
      <gpxtpx:atemp>28</gpxtpx:atemp>
      <gpxtpx:hr>116</gpxtpx:hr>
     </gpxtpx:TrackPointExtension>
    </extensions>
   </trkpt>
   <trkpt lat="-33.4645940" lon="151.0389940">
    <ele>-26.2</ele>
    <time>2021-09-01T05:56:59Z</time>
    <extensions>
     <gpxtpx:TrackPointExtension>
      <gpxtpx:atemp>28</gpxtpx:atemp>
      <gpxtpx:hr>116</gpxtpx:hr>
     </gpxtpx:TrackPointExtension>
    </extensions>
   </trkpt>
   <trkpt lat="-33.4646510" lon="151.0389750">
    <ele>-27.4</ele>
    <time>2021-09-01T05:57:02Z</time>
    <extensions>
     <gpxtpx:TrackPointExtension>
      <gpxtpx:atemp>28</gpxtpx:atemp>
      <gpxtpx:hr>116</gpxtpx:hr>
     </gpxtpx:TrackPointExtension>
    </extensions>
   </trkpt>
   <trkpt lat="-33.4646620" lon="151.0389380">
    <ele>-28.4</ele>
    <time>2021-09-01T05:57:04Z</time>
    <extensions>
     <gpxtpx:TrackPointExtension>
      <gpxtpx:atemp>28</gpxtpx:atemp>
      <gpxtpx:hr>117</gpxtpx:hr>
     </gpxtpx:TrackPointExtension>
    </extensions>
   </trkpt>
   <trkpt lat="-33.4646690" lon="151.0389140">
    <ele>-28.8</ele>
    <time>2021-09-01T05:57:05Z</time>
    <extensions>
     <gpxtpx:TrackPointExtension>
      <gpxtpx:atemp>28</gpxtpx:atemp>
      <gpxtpx:hr>117</gpxtpx:hr>
     </gpxtpx:TrackPointExtension>
    </extensions>
   </trkpt>
   <trkpt lat="-33.4646620" lon="151.0389030">
    <ele>-29.0</ele>
    <time>2021-09-01T05:57:06Z</time>
    <extensions>
     <gpxtpx:TrackPointExtension>
      <gpxtpx:atemp>28</gpxtpx:atemp>
      <gpxtpx:hr>119</gpxtpx:hr>
     </gpxtpx:TrackPointExtension>
    </extensions>
   </trkpt>
   <trkpt lat="-33.4646410" lon="151.0388760">
    <ele>-29.2</ele>
    <time>2021-09-01T05:57:08Z</time>
    <extensions>
     <gpxtpx:TrackPointExtension>
      <gpxtpx:atemp>28</gpxtpx:atemp>
      <gpxtpx:hr>117</gpxtpx:hr>
     </gpxtpx:TrackPointExtension>
    </extensions>
   </trkpt>
   <trkpt lat="-33.4646420" lon="151.0387750">
    <ele>-29.0</ele>
    <time>2021-09-01T05:57:11Z</time>
    <extensions>
     <gpxtpx:TrackPointExtension>
      <gpxtpx:atemp>28</gpxtpx:atemp>
      <gpxtpx:hr>120</gpxtpx:hr>
     </gpxtpx:TrackPointExtension>
    </extensions>
   </trkpt>
   <trkpt lat="-33.4646360" lon="151.0387560">
    <ele>-28.8</ele>
    <time>2021-09-01T05:57:12Z</time>
    <extensions>
     <gpxtpx:TrackPointExtension>
      <gpxtpx:atemp>28</gpxtpx:atemp>
      <gpxtpx:hr>120</gpxtpx:hr>
     </gpxtpx:TrackPointExtension>
    </extensions>
   </trkpt>
   <trkpt lat="-33.4646100" lon="151.0386500">
    <ele>-27.8</ele>
    <time>2021-09-01T05:57:17Z</time>
    <extensions>
     <gpxtpx:TrackPointExtension>
      <gpxtpx:atemp>28</gpxtpx:atemp>
      <gpxtpx:hr>119</gpxtpx:hr>
     </gpxtpx:TrackPointExtension>
    </extensions>
   </trkpt>
   <trkpt lat="-33.4646290" lon="151.0386440">
    <ele>-27.8</ele>
    <time>2021-09-01T05:57:18Z</time>
    <extensions>
     <gpxtpx:TrackPointExtension>
      <gpxtpx:atemp>28</gpxtpx:atemp>
      <gpxtpx:hr>119</gpxtpx:hr>
     </gpxtpx:TrackPointExtension>
    </extensions>
   </trkpt>
   <trkpt lat="-33.4646550" lon="151.0386390">
    <ele>-28.0</ele>
    <time>2021-09-01T05:57:19Z</time>
    <extensions>
     <gpxtpx:TrackPointExtension>
      <gpxtpx:atemp>28</gpxtpx:atemp>
      <gpxtpx:hr>116</gpxtpx:hr>
     </gpxtpx:TrackPointExtension>
    </extensions>
   </trkpt>
   <trkpt lat="-33.4646900" lon="151.0386360">
    <ele>-29.4</ele>
    <time>2021-09-01T05:57:21Z</time>
    <extensions>
     <gpxtpx:TrackPointExtension>
      <gpxtpx:atemp>28</gpxtpx:atemp>
      <gpxtpx:hr>114</gpxtpx:hr>
     </gpxtpx:TrackPointExtension>
    </extensions>
   </trkpt>
   <trkpt lat="-33.4646980" lon="151.0386200">
    <ele>-30.0</ele>
    <time>2021-09-01T05:57:22Z</time>
    <extensions>
     <gpxtpx:TrackPointExtension>
      <gpxtpx:atemp>28</gpxtpx:atemp>
      <gpxtpx:hr>114</gpxtpx:hr>
     </gpxtpx:TrackPointExtension>
    </extensions>
   </trkpt>
   <trkpt lat="-33.4647130" lon="151.0385520">
    <ele>-30.4</ele>
    <time>2021-09-01T05:57:24Z</time>
    <extensions>
     <gpxtpx:TrackPointExtension>
      <gpxtpx:atemp>28</gpxtpx:atemp>
      <gpxtpx:hr>114</gpxtpx:hr>
     </gpxtpx:TrackPointExtension>
    </extensions>
   </trkpt>
   <trkpt lat="-33.4647120" lon="151.0385170">
    <ele>-30.2</ele>
    <time>2021-09-01T05:57:25Z</time>
    <extensions>
     <gpxtpx:TrackPointExtension>
      <gpxtpx:atemp>28</gpxtpx:atemp>
      <gpxtpx:hr>114</gpxtpx:hr>
     </gpxtpx:TrackPointExtension>
    </extensions>
   </trkpt>
   <trkpt lat="-33.4647070" lon="151.0383670">
    <ele>-28.4</ele>
    <time>2021-09-01T05:57:29Z</time>
    <extensions>
     <gpxtpx:TrackPointExtension>
      <gpxtpx:atemp>28</gpxtpx:atemp>
      <gpxtpx:hr>116</gpxtpx:hr>
     </gpxtpx:TrackPointExtension>
    </extensions>
   </trkpt>
   <trkpt lat="-33.4647110" lon="151.0383220">
    <ele>-28.2</ele>
    <time>2021-09-01T05:57:30Z</time>
    <extensions>
     <gpxtpx:TrackPointExtension>
      <gpxtpx:atemp>28</gpxtpx:atemp>
      <gpxtpx:hr>116</gpxtpx:hr>
     </gpxtpx:TrackPointExtension>
    </extensions>
   </trkpt>
   <trkpt lat="-33.4647320" lon="151.0382390">
    <ele>-27.4</ele>
    <time>2021-09-01T05:57:32Z</time>
    <extensions>
     <gpxtpx:TrackPointExtension>
      <gpxtpx:atemp>28</gpxtpx:atemp>
      <gpxtpx:hr>115</gpxtpx:hr>
     </gpxtpx:TrackPointExtension>
    </extensions>
   </trkpt>
   <trkpt lat="-33.4647430" lon="151.0381280">
    <ele>-26.4</ele>
    <time>2021-09-01T05:57:35Z</time>
    <extensions>
     <gpxtpx:TrackPointExtension>
      <gpxtpx:atemp>28</gpxtpx:atemp>
      <gpxtpx:hr>115</gpxtpx:hr>
     </gpxtpx:TrackPointExtension>
    </extensions>
   </trkpt>
   <trkpt lat="-33.4647380" lon="151.0380960">
    <ele>-26.2</ele>
    <time>2021-09-01T05:57:36Z</time>
    <extensions>
     <gpxtpx:TrackPointExtension>
      <gpxtpx:atemp>28</gpxtpx:atemp>
      <gpxtpx:hr>115</gpxtpx:hr>
     </gpxtpx:TrackPointExtension>
    </extensions>
   </trkpt>
   <trkpt lat="-33.4647700" lon="151.0379970">
    <ele>-26.0</ele>
    <time>2021-09-01T05:57:38Z</time>
    <extensions>
     <gpxtpx:TrackPointExtension>
      <gpxtpx:atemp>28</gpxtpx:atemp>
      <gpxtpx:hr>116</gpxtpx:hr>
     </gpxtpx:TrackPointExtension>
    </extensions>
   </trkpt>
   <trkpt lat="-33.4648420" lon="151.0377830">
    <ele>-25.4</ele>
    <time>2021-09-01T05:57:41Z</time>
    <extensions>
     <gpxtpx:TrackPointExtension>
      <gpxtpx:atemp>28</gpxtpx:atemp>
      <gpxtpx:hr>116</gpxtpx:hr>
     </gpxtpx:TrackPointExtension>
    </extensions>
   </trkpt>
   <trkpt lat="-33.4648550" lon="151.0377150">
    <ele>-25.0</ele>
    <time>2021-09-01T05:57:42Z</time>
    <extensions>
     <gpxtpx:TrackPointExtension>
      <gpxtpx:atemp>28</gpxtpx:atemp>
      <gpxtpx:hr>116</gpxtpx:hr>
     </gpxtpx:TrackPointExtension>
    </extensions>
   </trkpt>
   <trkpt lat="-33.4649520" lon="151.0374980">
    <ele>-23.6</ele>
    <time>2021-09-01T05:57:46Z</time>
    <extensions>
     <gpxtpx:TrackPointExtension>
      <gpxtpx:atemp>28</gpxtpx:atemp>
      <gpxtpx:hr>116</gpxtpx:hr>
     </gpxtpx:TrackPointExtension>
    </extensions>
   </trkpt>
   <trkpt lat="-33.4649140" lon="151.0374520">
    <ele>-22.2</ele>
    <time>2021-09-01T05:57:48Z</time>
    <extensions>
     <gpxtpx:TrackPointExtension>
      <gpxtpx:atemp>28</gpxtpx:atemp>
      <gpxtpx:hr>115</gpxtpx:hr>
     </gpxtpx:TrackPointExtension>
    </extensions>
   </trkpt>
   <trkpt lat="-33.4648910" lon="151.0373880">
    <ele>-20.6</ele>
    <time>2021-09-01T05:57:50Z</time>
    <extensions>
     <gpxtpx:TrackPointExtension>
      <gpxtpx:atemp>28</gpxtpx:atemp>
      <gpxtpx:hr>117</gpxtpx:hr>
     </gpxtpx:TrackPointExtension>
    </extensions>
   </trkpt>
   <trkpt lat="-33.4649060" lon="151.0372900">
    <ele>-19.0</ele>
    <time>2021-09-01T05:57:52Z</time>
    <extensions>
     <gpxtpx:TrackPointExtension>
      <gpxtpx:atemp>28</gpxtpx:atemp>
      <gpxtpx:hr>117</gpxtpx:hr>
     </gpxtpx:TrackPointExtension>
    </extensions>
   </trkpt>
   <trkpt lat="-33.4649320" lon="151.0372090">
    <ele>-18.0</ele>
    <time>2021-09-01T05:57:54Z</time>
    <extensions>
     <gpxtpx:TrackPointExtension>
      <gpxtpx:atemp>28</gpxtpx:atemp>
      <gpxtpx:hr>117</gpxtpx:hr>
     </gpxtpx:TrackPointExtension>
    </extensions>
   </trkpt>
   <trkpt lat="-33.4649510" lon="151.0371680">
    <ele>-18.0</ele>
    <time>2021-09-01T05:57:55Z</time>
    <extensions>
     <gpxtpx:TrackPointExtension>
      <gpxtpx:atemp>28</gpxtpx:atemp>
      <gpxtpx:hr>117</gpxtpx:hr>
     </gpxtpx:TrackPointExtension>
    </extensions>
   </trkpt>
   <trkpt lat="-33.4649540" lon="151.0371300">
    <ele>-17.8</ele>
    <time>2021-09-01T05:57:56Z</time>
    <extensions>
     <gpxtpx:TrackPointExtension>
      <gpxtpx:atemp>28</gpxtpx:atemp>
      <gpxtpx:hr>117</gpxtpx:hr>
     </gpxtpx:TrackPointExtension>
    </extensions>
   </trkpt>
   <trkpt lat="-33.4649550" lon="151.0370620">
    <ele>-17.6</ele>
    <time>2021-09-01T05:57:58Z</time>
    <extensions>
     <gpxtpx:TrackPointExtension>
      <gpxtpx:atemp>28</gpxtpx:atemp>
      <gpxtpx:hr>117</gpxtpx:hr>
     </gpxtpx:TrackPointExtension>
    </extensions>
   </trkpt>
   <trkpt lat="-33.4648870" lon="151.0368910">
    <ele>-17.4</ele>
    <time>2021-09-01T05:58:02Z</time>
    <extensions>
     <gpxtpx:TrackPointExtension>
      <gpxtpx:atemp>28</gpxtpx:atemp>
      <gpxtpx:hr>119</gpxtpx:hr>
     </gpxtpx:TrackPointExtension>
    </extensions>
   </trkpt>
   <trkpt lat="-33.4648810" lon="151.0367290">
    <ele>-17.6</ele>
    <time>2021-09-01T05:58:06Z</time>
    <extensions>
     <gpxtpx:TrackPointExtension>
      <gpxtpx:atemp>28</gpxtpx:atemp>
      <gpxtpx:hr>120</gpxtpx:hr>
     </gpxtpx:TrackPointExtension>
    </extensions>
   </trkpt>
   <trkpt lat="-33.4648960" lon="151.0366210">
    <ele>-18.2</ele>
    <time>2021-09-01T05:58:09Z</time>
    <extensions>
     <gpxtpx:TrackPointExtension>
      <gpxtpx:atemp>28</gpxtpx:atemp>
      <gpxtpx:hr>120</gpxtpx:hr>
     </gpxtpx:TrackPointExtension>
    </extensions>
   </trkpt>
   <trkpt lat="-33.4648850" lon="151.0365720">
    <ele>-18.4</ele>
    <time>2021-09-01T05:58:10Z</time>
    <extensions>
     <gpxtpx:TrackPointExtension>
      <gpxtpx:atemp>28</gpxtpx:atemp>
      <gpxtpx:hr>120</gpxtpx:hr>
     </gpxtpx:TrackPointExtension>
    </extensions>
   </trkpt>
   <trkpt lat="-33.4648410" lon="151.0364530">
    <ele>-19.0</ele>
    <time>2021-09-01T05:58:13Z</time>
    <extensions>
     <gpxtpx:TrackPointExtension>
      <gpxtpx:atemp>28</gpxtpx:atemp>
      <gpxtpx:hr>119</gpxtpx:hr>
     </gpxtpx:TrackPointExtension>
    </extensions>
   </trkpt>
   <trkpt lat="-33.4648060" lon="151.0363410">
    <ele>-19.0</ele>
    <time>2021-09-01T05:58:16Z</time>
    <extensions>
     <gpxtpx:TrackPointExtension>
      <gpxtpx:atemp>28</gpxtpx:atemp>
      <gpxtpx:hr>119</gpxtpx:hr>
     </gpxtpx:TrackPointExtension>
    </extensions>
   </trkpt>
   <trkpt lat="-33.4647220" lon="151.0361380">
    <ele>-19.6</ele>
    <time>2021-09-01T05:58:21Z</time>
    <extensions>
     <gpxtpx:TrackPointExtension>
      <gpxtpx:atemp>28</gpxtpx:atemp>
      <gpxtpx:hr>116</gpxtpx:hr>
     </gpxtpx:TrackPointExtension>
    </extensions>
   </trkpt>
   <trkpt lat="-33.4646980" lon="151.0360810">
    <ele>-20.0</ele>
    <time>2021-09-01T05:58:22Z</time>
    <extensions>
     <gpxtpx:TrackPointExtension>
      <gpxtpx:atemp>28</gpxtpx:atemp>
      <gpxtpx:hr>115</gpxtpx:hr>
     </gpxtpx:TrackPointExtension>
    </extensions>
   </trkpt>
   <trkpt lat="-33.4646580" lon="151.0360070">
    <ele>-21.2</ele>
    <time>2021-09-01T05:58:24Z</time>
    <extensions>
     <gpxtpx:TrackPointExtension>
      <gpxtpx:atemp>28</gpxtpx:atemp>
      <gpxtpx:hr>114</gpxtpx:hr>
     </gpxtpx:TrackPointExtension>
    </extensions>
   </trkpt>
   <trkpt lat="-33.4646200" lon="151.0359320">
    <ele>-22.4</ele>
    <time>2021-09-01T05:58:26Z</time>
    <extensions>
     <gpxtpx:TrackPointExtension>
      <gpxtpx:atemp>28</gpxtpx:atemp>
      <gpxtpx:hr>116</gpxtpx:hr>
     </gpxtpx:TrackPointExtension>
    </extensions>
   </trkpt>
   <trkpt lat="-33.4645880" lon="151.0358410">
    <ele>-23.4</ele>
    <time>2021-09-01T05:58:28Z</time>
    <extensions>
     <gpxtpx:TrackPointExtension>
      <gpxtpx:atemp>28</gpxtpx:atemp>
      <gpxtpx:hr>116</gpxtpx:hr>
     </gpxtpx:TrackPointExtension>
    </extensions>
   </trkpt>
   <trkpt lat="-33.4645700" lon="151.0357720">
    <ele>-24.4</ele>
    <time>2021-09-01T05:58:30Z</time>
    <extensions>
     <gpxtpx:TrackPointExtension>
      <gpxtpx:atemp>28</gpxtpx:atemp>
      <gpxtpx:hr>116</gpxtpx:hr>
     </gpxtpx:TrackPointExtension>
    </extensions>
   </trkpt>
   <trkpt lat="-33.4645610" lon="151.0357440">
    <ele>-25.2</ele>
    <time>2021-09-01T05:58:31Z</time>
    <extensions>
     <gpxtpx:TrackPointExtension>
      <gpxtpx:atemp>28</gpxtpx:atemp>
      <gpxtpx:hr>116</gpxtpx:hr>
     </gpxtpx:TrackPointExtension>
    </extensions>
   </trkpt>
   <trkpt lat="-33.4645100" lon="151.0356570">
    <ele>-25.8</ele>
    <time>2021-09-01T05:58:32Z</time>
    <extensions>
     <gpxtpx:TrackPointExtension>
      <gpxtpx:atemp>28</gpxtpx:atemp>
      <gpxtpx:hr>113</gpxtpx:hr>
     </gpxtpx:TrackPointExtension>
    </extensions>
   </trkpt>
   <trkpt lat="-33.4644840" lon="151.0356280">
    <ele>-26.2</ele>
    <time>2021-09-01T05:58:33Z</time>
    <extensions>
     <gpxtpx:TrackPointExtension>
      <gpxtpx:atemp>28</gpxtpx:atemp>
      <gpxtpx:hr>112</gpxtpx:hr>
     </gpxtpx:TrackPointExtension>
    </extensions>
   </trkpt>
   <trkpt lat="-33.4644690" lon="151.0356190">
    <ele>-27.6</ele>
    <time>2021-09-01T05:58:34Z</time>
    <extensions>
     <gpxtpx:TrackPointExtension>
      <gpxtpx:atemp>28</gpxtpx:atemp>
      <gpxtpx:hr>112</gpxtpx:hr>
     </gpxtpx:TrackPointExtension>
    </extensions>
   </trkpt>
   <trkpt lat="-33.4644440" lon="151.0355940">
    <ele>-28.2</ele>
    <time>2021-09-01T05:58:35Z</time>
    <extensions>
     <gpxtpx:TrackPointExtension>
      <gpxtpx:atemp>28</gpxtpx:atemp>
      <gpxtpx:hr>112</gpxtpx:hr>
     </gpxtpx:TrackPointExtension>
    </extensions>
   </trkpt>
   <trkpt lat="-33.4644180" lon="151.0355610">
    <ele>-28.8</ele>
    <time>2021-09-01T05:58:37Z</time>
    <extensions>
     <gpxtpx:TrackPointExtension>
      <gpxtpx:atemp>28</gpxtpx:atemp>
      <gpxtpx:hr>112</gpxtpx:hr>
     </gpxtpx:TrackPointExtension>
    </extensions>
   </trkpt>
   <trkpt lat="-33.4644050" lon="151.0355420">
    <ele>-29.2</ele>
    <time>2021-09-01T05:58:38Z</time>
    <extensions>
     <gpxtpx:TrackPointExtension>
      <gpxtpx:atemp>28</gpxtpx:atemp>
      <gpxtpx:hr>112</gpxtpx:hr>
     </gpxtpx:TrackPointExtension>
    </extensions>
   </trkpt>
   <trkpt lat="-33.4643910" lon="151.0355180">
    <ele>-30.0</ele>
    <time>2021-09-01T05:58:39Z</time>
    <extensions>
     <gpxtpx:TrackPointExtension>
      <gpxtpx:atemp>28</gpxtpx:atemp>
      <gpxtpx:hr>113</gpxtpx:hr>
     </gpxtpx:TrackPointExtension>
    </extensions>
   </trkpt>
   <trkpt lat="-33.4643670" lon="151.0354240">
    <ele>-31.4</ele>
    <time>2021-09-01T05:58:41Z</time>
    <extensions>
     <gpxtpx:TrackPointExtension>
      <gpxtpx:atemp>28</gpxtpx:atemp>
      <gpxtpx:hr>113</gpxtpx:hr>
     </gpxtpx:TrackPointExtension>
    </extensions>
   </trkpt>
   <trkpt lat="-33.4643440" lon="151.0353520">
    <ele>-32.0</ele>
    <time>2021-09-01T05:58:42Z</time>
    <extensions>
     <gpxtpx:TrackPointExtension>
      <gpxtpx:atemp>28</gpxtpx:atemp>
      <gpxtpx:hr>114</gpxtpx:hr>
     </gpxtpx:TrackPointExtension>
    </extensions>
   </trkpt>
   <trkpt lat="-33.4643750" lon="151.0352760">
    <ele>-32.4</ele>
    <time>2021-09-01T05:58:45Z</time>
    <extensions>
     <gpxtpx:TrackPointExtension>
      <gpxtpx:atemp>28</gpxtpx:atemp>
      <gpxtpx:hr>114</gpxtpx:hr>
     </gpxtpx:TrackPointExtension>
    </extensions>
   </trkpt>
   <trkpt lat="-33.4644730" lon="151.0351470">
    <ele>-32.4</ele>
    <time>2021-09-01T05:58:50Z</time>
    <extensions>
     <gpxtpx:TrackPointExtension>
      <gpxtpx:atemp>28</gpxtpx:atemp>
      <gpxtpx:hr>116</gpxtpx:hr>
     </gpxtpx:TrackPointExtension>
    </extensions>
   </trkpt>
   <trkpt lat="-33.4644980" lon="151.0351390">
    <ele>-32.8</ele>
    <time>2021-09-01T05:58:51Z</time>
    <extensions>
     <gpxtpx:TrackPointExtension>
      <gpxtpx:atemp>28</gpxtpx:atemp>
      <gpxtpx:hr>116</gpxtpx:hr>
     </gpxtpx:TrackPointExtension>
    </extensions>
   </trkpt>
   <trkpt lat="-33.4645830" lon="151.0351610">
    <ele>-33.2</ele>
    <time>2021-09-01T05:58:54Z</time>
    <extensions>
     <gpxtpx:TrackPointExtension>
      <gpxtpx:atemp>28</gpxtpx:atemp>
      <gpxtpx:hr>116</gpxtpx:hr>
     </gpxtpx:TrackPointExtension>
    </extensions>
   </trkpt>
   <trkpt lat="-33.4647050" lon="151.0352500">
    <ele>-32.6</ele>
    <time>2021-09-01T05:59:00Z</time>
    <extensions>
     <gpxtpx:TrackPointExtension>
      <gpxtpx:atemp>28</gpxtpx:atemp>
      <gpxtpx:hr>117</gpxtpx:hr>
     </gpxtpx:TrackPointExtension>
    </extensions>
   </trkpt>
   <trkpt lat="-33.4647530" lon="151.0353260">
    <ele>-32.6</ele>
    <time>2021-09-01T05:59:03Z</time>
    <extensions>
     <gpxtpx:TrackPointExtension>
      <gpxtpx:atemp>28</gpxtpx:atemp>
      <gpxtpx:hr>116</gpxtpx:hr>
     </gpxtpx:TrackPointExtension>
    </extensions>
   </trkpt>
   <trkpt lat="-33.4647750" lon="151.0353360">
    <ele>-33.0</ele>
    <time>2021-09-01T05:59:05Z</time>
    <extensions>
     <gpxtpx:TrackPointExtension>
      <gpxtpx:atemp>28</gpxtpx:atemp>
      <gpxtpx:hr>115</gpxtpx:hr>
     </gpxtpx:TrackPointExtension>
    </extensions>
   </trkpt>
   <trkpt lat="-33.4648050" lon="151.0353180">
    <ele>-34.0</ele>
    <time>2021-09-01T05:59:07Z</time>
    <extensions>
     <gpxtpx:TrackPointExtension>
      <gpxtpx:atemp>28</gpxtpx:atemp>
      <gpxtpx:hr>116</gpxtpx:hr>
     </gpxtpx:TrackPointExtension>
    </extensions>
   </trkpt>
   <trkpt lat="-33.4648230" lon="151.0352980">
    <ele>-35.2</ele>
    <time>2021-09-01T05:59:08Z</time>
    <extensions>
     <gpxtpx:TrackPointExtension>
      <gpxtpx:atemp>28</gpxtpx:atemp>
      <gpxtpx:hr>116</gpxtpx:hr>
     </gpxtpx:TrackPointExtension>
    </extensions>
   </trkpt>
   <trkpt lat="-33.4648590" lon="151.0352510">
    <ele>-37.0</ele>
    <time>2021-09-01T05:59:10Z</time>
    <extensions>
     <gpxtpx:TrackPointExtension>
      <gpxtpx:atemp>28</gpxtpx:atemp>
      <gpxtpx:hr>116</gpxtpx:hr>
     </gpxtpx:TrackPointExtension>
    </extensions>
   </trkpt>
   <trkpt lat="-33.4648770" lon="151.0352320">
    <ele>-38.2</ele>
    <time>2021-09-01T05:59:11Z</time>
    <extensions>
     <gpxtpx:TrackPointExtension>
      <gpxtpx:atemp>28</gpxtpx:atemp>
      <gpxtpx:hr>116</gpxtpx:hr>
     </gpxtpx:TrackPointExtension>
    </extensions>
   </trkpt>
   <trkpt lat="-33.4649020" lon="151.0352020">
    <ele>-38.8</ele>
    <time>2021-09-01T05:59:12Z</time>
    <extensions>
     <gpxtpx:TrackPointExtension>
      <gpxtpx:atemp>28</gpxtpx:atemp>
      <gpxtpx:hr>115</gpxtpx:hr>
     </gpxtpx:TrackPointExtension>
    </extensions>
   </trkpt>
   <trkpt lat="-33.4649150" lon="151.0351800">
    <ele>-39.4</ele>
    <time>2021-09-01T05:59:13Z</time>
    <extensions>
     <gpxtpx:TrackPointExtension>
      <gpxtpx:atemp>28</gpxtpx:atemp>
      <gpxtpx:hr>114</gpxtpx:hr>
     </gpxtpx:TrackPointExtension>
    </extensions>
   </trkpt>
   <trkpt lat="-33.4648210" lon="151.0351630">
    <ele>-40.2</ele>
    <time>2021-09-01T05:59:17Z</time>
    <extensions>
     <gpxtpx:TrackPointExtension>
      <gpxtpx:atemp>28</gpxtpx:atemp>
      <gpxtpx:hr>114</gpxtpx:hr>
     </gpxtpx:TrackPointExtension>
    </extensions>
   </trkpt>
   <trkpt lat="-33.4647490" lon="151.0351370">
    <ele>-38.2</ele>
    <time>2021-09-01T05:59:20Z</time>
    <extensions>
     <gpxtpx:TrackPointExtension>
      <gpxtpx:atemp>28</gpxtpx:atemp>
      <gpxtpx:hr>115</gpxtpx:hr>
     </gpxtpx:TrackPointExtension>
    </extensions>
   </trkpt>
   <trkpt lat="-33.4647460" lon="151.0351190">
    <ele>-37.8</ele>
    <time>2021-09-01T05:59:21Z</time>
    <extensions>
     <gpxtpx:TrackPointExtension>
      <gpxtpx:atemp>28</gpxtpx:atemp>
      <gpxtpx:hr>115</gpxtpx:hr>
     </gpxtpx:TrackPointExtension>
    </extensions>
   </trkpt>
   <trkpt lat="-33.4646790" lon="151.0350660">
    <ele>-37.0</ele>
    <time>2021-09-01T05:59:25Z</time>
    <extensions>
     <gpxtpx:TrackPointExtension>
      <gpxtpx:atemp>28</gpxtpx:atemp>
      <gpxtpx:hr>113</gpxtpx:hr>
     </gpxtpx:TrackPointExtension>
    </extensions>
   </trkpt>
   <trkpt lat="-33.4646550" lon="151.0350550">
    <ele>-36.6</ele>
    <time>2021-09-01T05:59:26Z</time>
    <extensions>
     <gpxtpx:TrackPointExtension>
      <gpxtpx:atemp>28</gpxtpx:atemp>
      <gpxtpx:hr>113</gpxtpx:hr>
     </gpxtpx:TrackPointExtension>
    </extensions>
   </trkpt>
   <trkpt lat="-33.4645620" lon="151.0349910">
    <ele>-36.0</ele>
    <time>2021-09-01T05:59:29Z</time>
    <extensions>
     <gpxtpx:TrackPointExtension>
      <gpxtpx:atemp>28</gpxtpx:atemp>
      <gpxtpx:hr>114</gpxtpx:hr>
     </gpxtpx:TrackPointExtension>
    </extensions>
   </trkpt>
   <trkpt lat="-33.4644930" lon="151.0349480">
    <ele>-35.4</ele>
    <time>2021-09-01T05:59:31Z</time>
    <extensions>
     <gpxtpx:TrackPointExtension>
      <gpxtpx:atemp>28</gpxtpx:atemp>
      <gpxtpx:hr>115</gpxtpx:hr>
     </gpxtpx:TrackPointExtension>
    </extensions>
   </trkpt>
   <trkpt lat="-33.4644730" lon="151.0349490">
    <ele>-35.2</ele>
    <time>2021-09-01T05:59:32Z</time>
    <extensions>
     <gpxtpx:TrackPointExtension>
      <gpxtpx:atemp>28</gpxtpx:atemp>
      <gpxtpx:hr>115</gpxtpx:hr>
     </gpxtpx:TrackPointExtension>
    </extensions>
   </trkpt>
   <trkpt lat="-33.4644520" lon="151.0349460">
    <ele>-35.2</ele>
    <time>2021-09-01T05:59:33Z</time>
    <extensions>
     <gpxtpx:TrackPointExtension>
      <gpxtpx:atemp>28</gpxtpx:atemp>
      <gpxtpx:hr>116</gpxtpx:hr>
     </gpxtpx:TrackPointExtension>
    </extensions>
   </trkpt>
   <trkpt lat="-33.4644000" lon="151.0349230">
    <ele>-35.0</ele>
    <time>2021-09-01T05:59:35Z</time>
    <extensions>
     <gpxtpx:TrackPointExtension>
      <gpxtpx:atemp>28</gpxtpx:atemp>
      <gpxtpx:hr>114</gpxtpx:hr>
     </gpxtpx:TrackPointExtension>
    </extensions>
   </trkpt>
   <trkpt lat="-33.4642890" lon="151.0349330">
    <ele>-36.8</ele>
    <time>2021-09-01T05:59:41Z</time>
    <extensions>
     <gpxtpx:TrackPointExtension>
      <gpxtpx:atemp>28</gpxtpx:atemp>
      <gpxtpx:hr>115</gpxtpx:hr>
     </gpxtpx:TrackPointExtension>
    </extensions>
   </trkpt>
   <trkpt lat="-33.4642780" lon="151.0349390">
    <ele>-37.4</ele>
    <time>2021-09-01T05:59:42Z</time>
    <extensions>
     <gpxtpx:TrackPointExtension>
      <gpxtpx:atemp>28</gpxtpx:atemp>
      <gpxtpx:hr>115</gpxtpx:hr>
     </gpxtpx:TrackPointExtension>
    </extensions>
   </trkpt>
   <trkpt lat="-33.4642560" lon="151.0349200">
    <ele>-38.6</ele>
    <time>2021-09-01T05:59:44Z</time>
    <extensions>
     <gpxtpx:TrackPointExtension>
      <gpxtpx:atemp>28</gpxtpx:atemp>
      <gpxtpx:hr>116</gpxtpx:hr>
     </gpxtpx:TrackPointExtension>
    </extensions>
   </trkpt>
   <trkpt lat="-33.4642270" lon="151.0348810">
    <ele>-39.8</ele>
    <time>2021-09-01T05:59:46Z</time>
    <extensions>
     <gpxtpx:TrackPointExtension>
      <gpxtpx:atemp>28</gpxtpx:atemp>
      <gpxtpx:hr>116</gpxtpx:hr>
     </gpxtpx:TrackPointExtension>
    </extensions>
   </trkpt>
   <trkpt lat="-33.4642040" lon="151.0348630">
    <ele>-40.8</ele>
    <time>2021-09-01T05:59:47Z</time>
    <extensions>
     <gpxtpx:TrackPointExtension>
      <gpxtpx:atemp>28</gpxtpx:atemp>
      <gpxtpx:hr>117</gpxtpx:hr>
     </gpxtpx:TrackPointExtension>
    </extensions>
   </trkpt>
   <trkpt lat="-33.4641740" lon="151.0348280">
    <ele>-42.4</ele>
    <time>2021-09-01T05:59:49Z</time>
    <extensions>
     <gpxtpx:TrackPointExtension>
      <gpxtpx:atemp>28</gpxtpx:atemp>
      <gpxtpx:hr>115</gpxtpx:hr>
     </gpxtpx:TrackPointExtension>
    </extensions>
   </trkpt>
   <trkpt lat="-33.4641370" lon="151.0347690">
    <ele>-43.8</ele>
    <time>2021-09-01T05:59:52Z</time>
    <extensions>
     <gpxtpx:TrackPointExtension>
      <gpxtpx:atemp>28</gpxtpx:atemp>
      <gpxtpx:hr>115</gpxtpx:hr>
     </gpxtpx:TrackPointExtension>
    </extensions>
   </trkpt>
   <trkpt lat="-33.4641060" lon="151.0347110">
    <ele>-45.0</ele>
    <time>2021-09-01T05:59:56Z</time>
    <extensions>
     <gpxtpx:TrackPointExtension>
      <gpxtpx:atemp>28</gpxtpx:atemp>
      <gpxtpx:hr>116</gpxtpx:hr>
     </gpxtpx:TrackPointExtension>
    </extensions>
   </trkpt>
   <trkpt lat="-33.4640920" lon="151.0347040">
    <ele>-45.2</ele>
    <time>2021-09-01T05:59:58Z</time>
    <extensions>
     <gpxtpx:TrackPointExtension>
      <gpxtpx:atemp>28</gpxtpx:atemp>
      <gpxtpx:hr>117</gpxtpx:hr>
     </gpxtpx:TrackPointExtension>
    </extensions>
   </trkpt>
   <trkpt lat="-33.4640640" lon="151.0346640">
    <ele>-45.8</ele>
    <time>2021-09-01T06:00:04Z</time>
    <extensions>
     <gpxtpx:TrackPointExtension>
      <gpxtpx:atemp>28</gpxtpx:atemp>
      <gpxtpx:hr>117</gpxtpx:hr>
     </gpxtpx:TrackPointExtension>
    </extensions>
   </trkpt>
   <trkpt lat="-33.4640630" lon="151.0346660">
    <ele>-45.8</ele>
    <time>2021-09-01T06:00:11Z</time>
    <extensions>
     <gpxtpx:TrackPointExtension>
      <gpxtpx:atemp>28</gpxtpx:atemp>
      <gpxtpx:hr>117</gpxtpx:hr>
     </gpxtpx:TrackPointExtension>
    </extensions>
   </trkpt>
   <trkpt lat="-33.4640640" lon="151.0346690">
    <ele>-45.8</ele>
    <time>2021-09-01T06:00:14Z</time>
    <extensions>
     <gpxtpx:TrackPointExtension>
      <gpxtpx:atemp>28</gpxtpx:atemp>
      <gpxtpx:hr>113</gpxtpx:hr>
     </gpxtpx:TrackPointExtension>
    </extensions>
   </trkpt>
   <trkpt lat="-33.4640620" lon="151.0346680">
    <ele>-46.0</ele>
    <time>2021-09-01T06:00:19Z</time>
    <extensions>
     <gpxtpx:TrackPointExtension>
      <gpxtpx:atemp>28</gpxtpx:atemp>
      <gpxtpx:hr>114</gpxtpx:hr>
     </gpxtpx:TrackPointExtension>
    </extensions>
   </trkpt>
   <trkpt lat="-33.4640610" lon="151.0346680">
    <ele>-46.0</ele>
    <time>2021-09-01T06:00:22Z</time>
    <extensions>
     <gpxtpx:TrackPointExtension>
      <gpxtpx:atemp>28</gpxtpx:atemp>
      <gpxtpx:hr>113</gpxtpx:hr>
     </gpxtpx:TrackPointExtension>
    </extensions>
   </trkpt>
   <trkpt lat="-33.4640610" lon="151.0346670">
    <ele>-45.8</ele>
    <time>2021-09-01T06:00:24Z</time>
    <extensions>
     <gpxtpx:TrackPointExtension>
      <gpxtpx:atemp>28</gpxtpx:atemp>
      <gpxtpx:hr>116</gpxtpx:hr>
     </gpxtpx:TrackPointExtension>
    </extensions>
   </trkpt>
   <trkpt lat="-33.4640610" lon="151.0346670">
    <ele>-46.0</ele>
    <time>2021-09-01T06:00:26Z</time>
    <extensions>
     <gpxtpx:TrackPointExtension>
      <gpxtpx:atemp>28</gpxtpx:atemp>
      <gpxtpx:hr>119</gpxtpx:hr>
     </gpxtpx:TrackPointExtension>
    </extensions>
   </trkpt>
   <trkpt lat="-33.4640610" lon="151.0346660">
    <ele>-46.0</ele>
    <time>2021-09-01T06:00:29Z</time>
    <extensions>
     <gpxtpx:TrackPointExtension>
      <gpxtpx:atemp>28</gpxtpx:atemp>
      <gpxtpx:hr>122</gpxtpx:hr>
     </gpxtpx:TrackPointExtension>
    </extensions>
   </trkpt>
   <trkpt lat="-33.4640640" lon="151.0346660">
    <ele>-46.2</ele>
    <time>2021-09-01T06:00:35Z</time>
    <extensions>
     <gpxtpx:TrackPointExtension>
      <gpxtpx:atemp>28</gpxtpx:atemp>
      <gpxtpx:hr>122</gpxtpx:hr>
     </gpxtpx:TrackPointExtension>
    </extensions>
   </trkpt>
   <trkpt lat="-33.4640570" lon="151.0346570">
    <ele>-46.2</ele>
    <time>2021-09-01T06:00:40Z</time>
    <extensions>
     <gpxtpx:TrackPointExtension>
      <gpxtpx:atemp>28</gpxtpx:atemp>
      <gpxtpx:hr>119</gpxtpx:hr>
     </gpxtpx:TrackPointExtension>
    </extensions>
   </trkpt>
   <trkpt lat="-33.4640540" lon="151.0346550">
    <ele>-46.2</ele>
    <time>2021-09-01T06:00:42Z</time>
    <extensions>
     <gpxtpx:TrackPointExtension>
      <gpxtpx:atemp>28</gpxtpx:atemp>
      <gpxtpx:hr>117</gpxtpx:hr>
     </gpxtpx:TrackPointExtension>
    </extensions>
   </trkpt>
   <trkpt lat="-33.4640460" lon="151.0346100">
    <ele>-47.0</ele>
    <time>2021-09-01T06:00:48Z</time>
    <extensions>
     <gpxtpx:TrackPointExtension>
      <gpxtpx:atemp>28</gpxtpx:atemp>
      <gpxtpx:hr>117</gpxtpx:hr>
     </gpxtpx:TrackPointExtension>
    </extensions>
   </trkpt>
   <trkpt lat="-33.4640190" lon="151.0345740">
    <ele>-48.2</ele>
    <time>2021-09-01T06:00:50Z</time>
    <extensions>
     <gpxtpx:TrackPointExtension>
      <gpxtpx:atemp>28</gpxtpx:atemp>
      <gpxtpx:hr>119</gpxtpx:hr>
     </gpxtpx:TrackPointExtension>
    </extensions>
   </trkpt>
   <trkpt lat="-33.4639970" lon="151.0345180">
    <ele>-49.4</ele>
    <time>2021-09-01T06:00:53Z</time>
    <extensions>
     <gpxtpx:TrackPointExtension>
      <gpxtpx:atemp>28</gpxtpx:atemp>
      <gpxtpx:hr>119</gpxtpx:hr>
     </gpxtpx:TrackPointExtension>
    </extensions>
   </trkpt>
   <trkpt lat="-33.4639990" lon="151.0345090">
    <ele>-49.6</ele>
    <time>2021-09-01T06:00:54Z</time>
    <extensions>
     <gpxtpx:TrackPointExtension>
      <gpxtpx:atemp>28</gpxtpx:atemp>
      <gpxtpx:hr>119</gpxtpx:hr>
     </gpxtpx:TrackPointExtension>
    </extensions>
   </trkpt>
   <trkpt lat="-33.4640060" lon="151.0344930">
    <ele>-50.2</ele>
    <time>2021-09-01T06:00:57Z</time>
    <extensions>
     <gpxtpx:TrackPointExtension>
      <gpxtpx:atemp>28</gpxtpx:atemp>
      <gpxtpx:hr>115</gpxtpx:hr>
     </gpxtpx:TrackPointExtension>
    </extensions>
   </trkpt>
   <trkpt lat="-33.4640080" lon="151.0344860">
    <ele>-50.4</ele>
    <time>2021-09-01T06:00:58Z</time>
    <extensions>
     <gpxtpx:TrackPointExtension>
      <gpxtpx:atemp>28</gpxtpx:atemp>
      <gpxtpx:hr>115</gpxtpx:hr>
     </gpxtpx:TrackPointExtension>
    </extensions>
   </trkpt>
   <trkpt lat="-33.4640110" lon="151.0344780">
    <ele>-50.2</ele>
    <time>2021-09-01T06:01:02Z</time>
    <extensions>
     <gpxtpx:TrackPointExtension>
      <gpxtpx:atemp>28</gpxtpx:atemp>
      <gpxtpx:hr>114</gpxtpx:hr>
     </gpxtpx:TrackPointExtension>
    </extensions>
   </trkpt>
   <trkpt lat="-33.4640050" lon="151.0345170">
    <ele>-50.0</ele>
    <time>2021-09-01T06:01:08Z</time>
    <extensions>
     <gpxtpx:TrackPointExtension>
      <gpxtpx:atemp>28</gpxtpx:atemp>
      <gpxtpx:hr>113</gpxtpx:hr>
     </gpxtpx:TrackPointExtension>
    </extensions>
   </trkpt>
   <trkpt lat="-33.4639870" lon="151.0345520">
    <ele>-50.0</ele>
    <time>2021-09-01T06:01:12Z</time>
    <extensions>
     <gpxtpx:TrackPointExtension>
      <gpxtpx:atemp>28</gpxtpx:atemp>
      <gpxtpx:hr>115</gpxtpx:hr>
     </gpxtpx:TrackPointExtension>
    </extensions>
   </trkpt>
   <trkpt lat="-33.4639730" lon="151.0345710">
    <ele>-50.0</ele>
    <time>2021-09-01T06:01:13Z</time>
    <extensions>
     <gpxtpx:TrackPointExtension>
      <gpxtpx:atemp>28</gpxtpx:atemp>
      <gpxtpx:hr>115</gpxtpx:hr>
     </gpxtpx:TrackPointExtension>
    </extensions>
   </trkpt>
   <trkpt lat="-33.4639360" lon="151.0346500">
    <ele>-49.0</ele>
    <time>2021-09-01T06:01:16Z</time>
    <extensions>
     <gpxtpx:TrackPointExtension>
      <gpxtpx:atemp>28</gpxtpx:atemp>
      <gpxtpx:hr>114</gpxtpx:hr>
     </gpxtpx:TrackPointExtension>
    </extensions>
   </trkpt>
   <trkpt lat="-33.4639400" lon="151.0346930">
    <ele>-48.2</ele>
    <time>2021-09-01T06:01:18Z</time>
    <extensions>
     <gpxtpx:TrackPointExtension>
      <gpxtpx:atemp>28</gpxtpx:atemp>
      <gpxtpx:hr>115</gpxtpx:hr>
     </gpxtpx:TrackPointExtension>
    </extensions>
   </trkpt>
   <trkpt lat="-33.4639450" lon="151.0347240">
    <ele>-46.4</ele>
    <time>2021-09-01T06:01:20Z</time>
    <extensions>
     <gpxtpx:TrackPointExtension>
      <gpxtpx:atemp>28</gpxtpx:atemp>
      <gpxtpx:hr>114</gpxtpx:hr>
     </gpxtpx:TrackPointExtension>
    </extensions>
   </trkpt>
   <trkpt lat="-33.4639540" lon="151.0347390">
    <ele>-45.0</ele>
    <time>2021-09-01T06:01:22Z</time>
    <extensions>
     <gpxtpx:TrackPointExtension>
      <gpxtpx:atemp>28</gpxtpx:atemp>
      <gpxtpx:hr>114</gpxtpx:hr>
     </gpxtpx:TrackPointExtension>
    </extensions>
   </trkpt>
   <trkpt lat="-33.4639500" lon="151.0347420">
    <ele>-44.8</ele>
    <time>2021-09-01T06:01:23Z</time>
    <extensions>
     <gpxtpx:TrackPointExtension>
      <gpxtpx:atemp>28</gpxtpx:atemp>
      <gpxtpx:hr>113</gpxtpx:hr>
     </gpxtpx:TrackPointExtension>
    </extensions>
   </trkpt>
   <trkpt lat="-33.4639580" lon="151.0347480">
    <ele>-44.6</ele>
    <time>2021-09-01T06:01:26Z</time>
    <extensions>
     <gpxtpx:TrackPointExtension>
      <gpxtpx:atemp>28</gpxtpx:atemp>
      <gpxtpx:hr>116</gpxtpx:hr>
     </gpxtpx:TrackPointExtension>
    </extensions>
   </trkpt>
   <trkpt lat="-33.4639910" lon="151.0347630">
    <ele>-44.6</ele>
    <time>2021-09-01T06:01:28Z</time>
    <extensions>
     <gpxtpx:TrackPointExtension>
      <gpxtpx:atemp>28</gpxtpx:atemp>
      <gpxtpx:hr>117</gpxtpx:hr>
     </gpxtpx:TrackPointExtension>
    </extensions>
   </trkpt>
   <trkpt lat="-33.4640970" lon="151.0347500">
    <ele>-44.6</ele>
    <time>2021-09-01T06:01:34Z</time>
    <extensions>
     <gpxtpx:TrackPointExtension>
      <gpxtpx:atemp>28</gpxtpx:atemp>
      <gpxtpx:hr>119</gpxtpx:hr>
     </gpxtpx:TrackPointExtension>
    </extensions>
   </trkpt>
   <trkpt lat="-33.4640970" lon="151.0347100">
    <ele>-46.2</ele>
    <time>2021-09-01T06:01:42Z</time>
    <extensions>
     <gpxtpx:TrackPointExtension>
      <gpxtpx:atemp>28</gpxtpx:atemp>
      <gpxtpx:hr>118</gpxtpx:hr>
     </gpxtpx:TrackPointExtension>
    </extensions>
   </trkpt>
   <trkpt lat="-33.4640960" lon="151.0347020">
    <ele>-46.2</ele>
    <time>2021-09-01T06:01:43Z</time>
    <extensions>
     <gpxtpx:TrackPointExtension>
      <gpxtpx:atemp>28</gpxtpx:atemp>
      <gpxtpx:hr>118</gpxtpx:hr>
     </gpxtpx:TrackPointExtension>
    </extensions>
   </trkpt>
   <trkpt lat="-33.4640620" lon="151.0345910">
    <ele>-47.4</ele>
    <time>2021-09-01T06:01:50Z</time>
    <extensions>
     <gpxtpx:TrackPointExtension>
      <gpxtpx:atemp>28</gpxtpx:atemp>
      <gpxtpx:hr>119</gpxtpx:hr>
     </gpxtpx:TrackPointExtension>
    </extensions>
   </trkpt>
   <trkpt lat="-33.4640620" lon="151.0345730">
    <ele>-47.8</ele>
    <time>2021-09-01T06:01:51Z</time>
    <extensions>
     <gpxtpx:TrackPointExtension>
      <gpxtpx:atemp>28</gpxtpx:atemp>
      <gpxtpx:hr>119</gpxtpx:hr>
     </gpxtpx:TrackPointExtension>
    </extensions>
   </trkpt>
   <trkpt lat="-33.4640530" lon="151.0345410">
    <ele>-48.8</ele>
    <time>2021-09-01T06:01:53Z</time>
    <extensions>
     <gpxtpx:TrackPointExtension>
      <gpxtpx:atemp>28</gpxtpx:atemp>
      <gpxtpx:hr>120</gpxtpx:hr>
     </gpxtpx:TrackPointExtension>
    </extensions>
   </trkpt>
   <trkpt lat="-33.4640580" lon="151.0345230">
    <ele>-49.2</ele>
    <time>2021-09-01T06:01:54Z</time>
    <extensions>
     <gpxtpx:TrackPointExtension>
      <gpxtpx:atemp>28</gpxtpx:atemp>
      <gpxtpx:hr>120</gpxtpx:hr>
     </gpxtpx:TrackPointExtension>
    </extensions>
   </trkpt>
   <trkpt lat="-33.4640700" lon="151.0344860">
    <ele>-49.6</ele>
    <time>2021-09-01T06:01:56Z</time>
    <extensions>
     <gpxtpx:TrackPointExtension>
      <gpxtpx:atemp>28</gpxtpx:atemp>
      <gpxtpx:hr>120</gpxtpx:hr>
     </gpxtpx:TrackPointExtension>
    </extensions>
   </trkpt>
   <trkpt lat="-33.4640840" lon="151.0344700">
    <ele>-50.0</ele>
    <time>2021-09-01T06:01:57Z</time>
    <extensions>
     <gpxtpx:TrackPointExtension>
      <gpxtpx:atemp>28</gpxtpx:atemp>
      <gpxtpx:hr>121</gpxtpx:hr>
     </gpxtpx:TrackPointExtension>
    </extensions>
   </trkpt>
   <trkpt lat="-33.4641260" lon="151.0344340">
    <ele>-51.2</ele>
    <time>2021-09-01T06:01:59Z</time>
    <extensions>
     <gpxtpx:TrackPointExtension>
      <gpxtpx:atemp>28</gpxtpx:atemp>
      <gpxtpx:hr>121</gpxtpx:hr>
     </gpxtpx:TrackPointExtension>
    </extensions>
   </trkpt>
   <trkpt lat="-33.4641760" lon="151.0344070">
    <ele>-52.0</ele>
    <time>2021-09-01T06:02:01Z</time>
    <extensions>
     <gpxtpx:TrackPointExtension>
      <gpxtpx:atemp>28</gpxtpx:atemp>
      <gpxtpx:hr>119</gpxtpx:hr>
     </gpxtpx:TrackPointExtension>
    </extensions>
   </trkpt>
   <trkpt lat="-33.4641970" lon="151.0343900">
    <ele>-52.4</ele>
    <time>2021-09-01T06:02:02Z</time>
    <extensions>
     <gpxtpx:TrackPointExtension>
      <gpxtpx:atemp>28</gpxtpx:atemp>
      <gpxtpx:hr>118</gpxtpx:hr>
     </gpxtpx:TrackPointExtension>
    </extensions>
   </trkpt>
   <trkpt lat="-33.4642210" lon="151.0343430">
    <ele>-52.8</ele>
    <time>2021-09-01T06:02:04Z</time>
    <extensions>
     <gpxtpx:TrackPointExtension>
      <gpxtpx:atemp>28</gpxtpx:atemp>
      <gpxtpx:hr>119</gpxtpx:hr>
     </gpxtpx:TrackPointExtension>
    </extensions>
   </trkpt>
   <trkpt lat="-33.4642150" lon="151.0343200">
    <ele>-53.0</ele>
    <time>2021-09-01T06:02:05Z</time>
    <extensions>
     <gpxtpx:TrackPointExtension>
      <gpxtpx:atemp>28</gpxtpx:atemp>
      <gpxtpx:hr>121</gpxtpx:hr>
     </gpxtpx:TrackPointExtension>
    </extensions>
   </trkpt>
   <trkpt lat="-33.4642040" lon="151.0343040">
    <ele>-53.6</ele>
    <time>2021-09-01T06:02:06Z</time>
    <extensions>
     <gpxtpx:TrackPointExtension>
      <gpxtpx:atemp>28</gpxtpx:atemp>
      <gpxtpx:hr>121</gpxtpx:hr>
     </gpxtpx:TrackPointExtension>
    </extensions>
   </trkpt>
   <trkpt lat="-33.4641510" lon="151.0342610">
    <ele>-54.8</ele>
    <time>2021-09-01T06:02:09Z</time>
    <extensions>
     <gpxtpx:TrackPointExtension>
      <gpxtpx:atemp>28</gpxtpx:atemp>
      <gpxtpx:hr>121</gpxtpx:hr>
     </gpxtpx:TrackPointExtension>
    </extensions>
   </trkpt>
   <trkpt lat="-33.4640960" lon="151.0342790">
    <ele>-55.0</ele>
    <time>2021-09-01T06:02:12Z</time>
    <extensions>
     <gpxtpx:TrackPointExtension>
      <gpxtpx:atemp>28</gpxtpx:atemp>
      <gpxtpx:hr>123</gpxtpx:hr>
     </gpxtpx:TrackPointExtension>
    </extensions>
   </trkpt>
   <trkpt lat="-33.4640490" lon="151.0342530">
    <ele>-55.0</ele>
    <time>2021-09-01T06:02:14Z</time>
    <extensions>
     <gpxtpx:TrackPointExtension>
      <gpxtpx:atemp>28</gpxtpx:atemp>
      <gpxtpx:hr>120</gpxtpx:hr>
     </gpxtpx:TrackPointExtension>
    </extensions>
   </trkpt>
   <trkpt lat="-33.4640110" lon="151.0341400">
    <ele>-54.8</ele>
    <time>2021-09-01T06:02:17Z</time>
    <extensions>
     <gpxtpx:TrackPointExtension>
      <gpxtpx:atemp>28</gpxtpx:atemp>
      <gpxtpx:hr>116</gpxtpx:hr>
     </gpxtpx:TrackPointExtension>
    </extensions>
   </trkpt>
   <trkpt lat="-33.4640100" lon="151.0340050">
    <ele>-54.2</ele>
    <time>2021-09-01T06:02:20Z</time>
    <extensions>
     <gpxtpx:TrackPointExtension>
      <gpxtpx:atemp>28</gpxtpx:atemp>
      <gpxtpx:hr>116</gpxtpx:hr>
     </gpxtpx:TrackPointExtension>
    </extensions>
   </trkpt>
   <trkpt lat="-33.4639880" lon="151.0339360">
    <ele>-54.0</ele>
    <time>2021-09-01T06:02:21Z</time>
    <extensions>
     <gpxtpx:TrackPointExtension>
      <gpxtpx:atemp>28</gpxtpx:atemp>
      <gpxtpx:hr>116</gpxtpx:hr>
     </gpxtpx:TrackPointExtension>
    </extensions>
   </trkpt>
   <trkpt lat="-33.4639710" lon="151.0338900">
    <ele>-53.6</ele>
    <time>2021-09-01T06:02:22Z</time>
    <extensions>
     <gpxtpx:TrackPointExtension>
      <gpxtpx:atemp>28</gpxtpx:atemp>
      <gpxtpx:hr>117</gpxtpx:hr>
     </gpxtpx:TrackPointExtension>
    </extensions>
   </trkpt>
   <trkpt lat="-33.4639650" lon="151.0338390">
    <ele>-53.4</ele>
    <time>2021-09-01T06:02:23Z</time>
    <extensions>
     <gpxtpx:TrackPointExtension>
      <gpxtpx:atemp>28</gpxtpx:atemp>
      <gpxtpx:hr>117</gpxtpx:hr>
     </gpxtpx:TrackPointExtension>
    </extensions>
   </trkpt>
   <trkpt lat="-33.4639650" lon="151.0337200">
    <ele>-52.2</ele>
    <time>2021-09-01T06:02:25Z</time>
    <extensions>
     <gpxtpx:TrackPointExtension>
      <gpxtpx:atemp>28</gpxtpx:atemp>
      <gpxtpx:hr>116</gpxtpx:hr>
     </gpxtpx:TrackPointExtension>
    </extensions>
   </trkpt>
   <trkpt lat="-33.4639700" lon="151.0336460">
    <ele>-51.2</ele>
    <time>2021-09-01T06:02:27Z</time>
    <extensions>
     <gpxtpx:TrackPointExtension>
      <gpxtpx:atemp>28</gpxtpx:atemp>
      <gpxtpx:hr>114</gpxtpx:hr>
     </gpxtpx:TrackPointExtension>
    </extensions>
   </trkpt>
   <trkpt lat="-33.4639600" lon="151.0335940">
    <ele>-50.4</ele>
    <time>2021-09-01T06:02:29Z</time>
    <extensions>
     <gpxtpx:TrackPointExtension>
      <gpxtpx:atemp>28</gpxtpx:atemp>
      <gpxtpx:hr>114</gpxtpx:hr>
     </gpxtpx:TrackPointExtension>
    </extensions>
   </trkpt>
   <trkpt lat="-33.4639320" lon="151.0335510">
    <ele>-50.0</ele>
    <time>2021-09-01T06:02:31Z</time>
    <extensions>
     <gpxtpx:TrackPointExtension>
      <gpxtpx:atemp>28</gpxtpx:atemp>
      <gpxtpx:hr>115</gpxtpx:hr>
     </gpxtpx:TrackPointExtension>
    </extensions>
   </trkpt>
   <trkpt lat="-33.4639340" lon="151.0335110">
    <ele>-49.2</ele>
    <time>2021-09-01T06:02:34Z</time>
    <extensions>
     <gpxtpx:TrackPointExtension>
      <gpxtpx:atemp>28</gpxtpx:atemp>
      <gpxtpx:hr>116</gpxtpx:hr>
     </gpxtpx:TrackPointExtension>
    </extensions>
   </trkpt>
   <trkpt lat="-33.4639340" lon="151.0334780">
    <ele>-49.0</ele>
    <time>2021-09-01T06:02:36Z</time>
    <extensions>
     <gpxtpx:TrackPointExtension>
      <gpxtpx:atemp>28</gpxtpx:atemp>
      <gpxtpx:hr>117</gpxtpx:hr>
     </gpxtpx:TrackPointExtension>
    </extensions>
   </trkpt>
   <trkpt lat="-33.4639250" lon="151.0334550">
    <ele>-49.0</ele>
    <time>2021-09-01T06:02:37Z</time>
    <extensions>
     <gpxtpx:TrackPointExtension>
      <gpxtpx:atemp>28</gpxtpx:atemp>
      <gpxtpx:hr>117</gpxtpx:hr>
     </gpxtpx:TrackPointExtension>
    </extensions>
   </trkpt>
   <trkpt lat="-33.4639210" lon="151.0334190">
    <ele>-49.0</ele>
    <time>2021-09-01T06:02:39Z</time>
    <extensions>
     <gpxtpx:TrackPointExtension>
      <gpxtpx:atemp>28</gpxtpx:atemp>
      <gpxtpx:hr>117</gpxtpx:hr>
     </gpxtpx:TrackPointExtension>
    </extensions>
   </trkpt>
   <trkpt lat="-33.4638900" lon="151.0332920">
    <ele>-48.8</ele>
    <time>2021-09-01T06:02:44Z</time>
    <extensions>
     <gpxtpx:TrackPointExtension>
      <gpxtpx:atemp>28</gpxtpx:atemp>
      <gpxtpx:hr>116</gpxtpx:hr>
     </gpxtpx:TrackPointExtension>
    </extensions>
   </trkpt>
   <trkpt lat="-33.4638960" lon="151.0332610">
    <ele>-48.8</ele>
    <time>2021-09-01T06:02:45Z</time>
    <extensions>
     <gpxtpx:TrackPointExtension>
      <gpxtpx:atemp>28</gpxtpx:atemp>
      <gpxtpx:hr>116</gpxtpx:hr>
     </gpxtpx:TrackPointExtension>
    </extensions>
   </trkpt>
   <trkpt lat="-33.4638560" lon="151.0332830">
    <ele>-49.0</ele>
    <time>2021-09-01T06:02:48Z</time>
    <extensions>
     <gpxtpx:TrackPointExtension>
      <gpxtpx:atemp>28</gpxtpx:atemp>
      <gpxtpx:hr>115</gpxtpx:hr>
     </gpxtpx:TrackPointExtension>
    </extensions>
   </trkpt>
   <trkpt lat="-33.4638250" lon="151.0333520">
    <ele>-49.2</ele>
    <time>2021-09-01T06:02:51Z</time>
    <extensions>
     <gpxtpx:TrackPointExtension>
      <gpxtpx:atemp>28</gpxtpx:atemp>
      <gpxtpx:hr>112</gpxtpx:hr>
     </gpxtpx:TrackPointExtension>
    </extensions>
   </trkpt>
   <trkpt lat="-33.4637800" lon="151.0333790">
    <ele>-49.2</ele>
    <time>2021-09-01T06:02:53Z</time>
    <extensions>
     <gpxtpx:TrackPointExtension>
      <gpxtpx:atemp>28</gpxtpx:atemp>
      <gpxtpx:hr>114</gpxtpx:hr>
     </gpxtpx:TrackPointExtension>
    </extensions>
   </trkpt>
   <trkpt lat="-33.4637480" lon="151.0333830">
    <ele>-49.4</ele>
    <time>2021-09-01T06:02:54Z</time>
    <extensions>
     <gpxtpx:TrackPointExtension>
      <gpxtpx:atemp>28</gpxtpx:atemp>
      <gpxtpx:hr>116</gpxtpx:hr>
     </gpxtpx:TrackPointExtension>
    </extensions>
   </trkpt>
   <trkpt lat="-33.4636570" lon="151.0333600">
    <ele>-49.8</ele>
    <time>2021-09-01T06:02:57Z</time>
    <extensions>
     <gpxtpx:TrackPointExtension>
      <gpxtpx:atemp>28</gpxtpx:atemp>
      <gpxtpx:hr>113</gpxtpx:hr>
     </gpxtpx:TrackPointExtension>
    </extensions>
   </trkpt>
   <trkpt lat="-33.4635440" lon="151.0332380">
    <ele>-50.0</ele>
    <time>2021-09-01T06:03:03Z</time>
    <extensions>
     <gpxtpx:TrackPointExtension>
      <gpxtpx:atemp>28</gpxtpx:atemp>
      <gpxtpx:hr>112</gpxtpx:hr>
     </gpxtpx:TrackPointExtension>
    </extensions>
   </trkpt>
   <trkpt lat="-33.4635270" lon="151.0332180">
    <ele>-50.0</ele>
    <time>2021-09-01T06:03:04Z</time>
    <extensions>
     <gpxtpx:TrackPointExtension>
      <gpxtpx:atemp>28</gpxtpx:atemp>
      <gpxtpx:hr>112</gpxtpx:hr>
     </gpxtpx:TrackPointExtension>
    </extensions>
   </trkpt>
   <trkpt lat="-33.4634620" lon="151.0331200">
    <ele>-50.2</ele>
    <time>2021-09-01T06:03:08Z</time>
    <extensions>
     <gpxtpx:TrackPointExtension>
      <gpxtpx:atemp>28</gpxtpx:atemp>
      <gpxtpx:hr>113</gpxtpx:hr>
     </gpxtpx:TrackPointExtension>
    </extensions>
   </trkpt>
   <trkpt lat="-33.4634340" lon="151.0330700">
    <ele>-50.2</ele>
    <time>2021-09-01T06:03:09Z</time>
    <extensions>
     <gpxtpx:TrackPointExtension>
      <gpxtpx:atemp>28</gpxtpx:atemp>
      <gpxtpx:hr>113</gpxtpx:hr>
     </gpxtpx:TrackPointExtension>
    </extensions>
   </trkpt>
   <trkpt lat="-33.4633990" lon="151.0330490">
    <ele>-50.0</ele>
    <time>2021-09-01T06:03:11Z</time>
    <extensions>
     <gpxtpx:TrackPointExtension>
      <gpxtpx:atemp>28</gpxtpx:atemp>
      <gpxtpx:hr>114</gpxtpx:hr>
     </gpxtpx:TrackPointExtension>
    </extensions>
   </trkpt>
   <trkpt lat="-33.4632850" lon="151.0331080">
    <ele>-49.0</ele>
    <time>2021-09-01T06:03:15Z</time>
    <extensions>
     <gpxtpx:TrackPointExtension>
      <gpxtpx:atemp>28</gpxtpx:atemp>
      <gpxtpx:hr>114</gpxtpx:hr>
     </gpxtpx:TrackPointExtension>
    </extensions>
   </trkpt>
   <trkpt lat="-33.4632570" lon="151.0331270">
    <ele>-48.4</ele>
    <time>2021-09-01T06:03:16Z</time>
    <extensions>
     <gpxtpx:TrackPointExtension>
      <gpxtpx:atemp>28</gpxtpx:atemp>
      <gpxtpx:hr>115</gpxtpx:hr>
     </gpxtpx:TrackPointExtension>
    </extensions>
   </trkpt>
   <trkpt lat="-33.4632280" lon="151.0331620">
    <ele>-47.4</ele>
    <time>2021-09-01T06:03:18Z</time>
    <extensions>
     <gpxtpx:TrackPointExtension>
      <gpxtpx:atemp>28</gpxtpx:atemp>
      <gpxtpx:hr>113</gpxtpx:hr>
     </gpxtpx:TrackPointExtension>
    </extensions>
   </trkpt>
   <trkpt lat="-33.4632120" lon="151.0331790">
    <ele>-47.0</ele>
    <time>2021-09-01T06:03:22Z</time>
    <extensions>
     <gpxtpx:TrackPointExtension>
      <gpxtpx:atemp>28</gpxtpx:atemp>
      <gpxtpx:hr>112</gpxtpx:hr>
     </gpxtpx:TrackPointExtension>
    </extensions>
   </trkpt>
   <trkpt lat="-33.4631910" lon="151.0332010">
    <ele>-47.2</ele>
    <time>2021-09-01T06:03:29Z</time>
    <extensions>
     <gpxtpx:TrackPointExtension>
      <gpxtpx:atemp>28</gpxtpx:atemp>
      <gpxtpx:hr>112</gpxtpx:hr>
     </gpxtpx:TrackPointExtension>
    </extensions>
   </trkpt>
   <trkpt lat="-33.4631690" lon="151.0332220">
    <ele>-47.2</ele>
    <time>2021-09-01T06:03:37Z</time>
    <extensions>
     <gpxtpx:TrackPointExtension>
      <gpxtpx:atemp>28</gpxtpx:atemp>
      <gpxtpx:hr>114</gpxtpx:hr>
     </gpxtpx:TrackPointExtension>
    </extensions>
   </trkpt>
   <trkpt lat="-33.4631590" lon="151.0332240">
    <ele>-47.4</ele>
    <time>2021-09-01T06:03:46Z</time>
    <extensions>
     <gpxtpx:TrackPointExtension>
      <gpxtpx:atemp>28</gpxtpx:atemp>
      <gpxtpx:hr>117</gpxtpx:hr>
     </gpxtpx:TrackPointExtension>
    </extensions>
   </trkpt>
   <trkpt lat="-33.4631500" lon="151.0332060">
    <ele>-47.2</ele>
    <time>2021-09-01T06:03:55Z</time>
    <extensions>
     <gpxtpx:TrackPointExtension>
      <gpxtpx:atemp>28</gpxtpx:atemp>
      <gpxtpx:hr>118</gpxtpx:hr>
     </gpxtpx:TrackPointExtension>
    </extensions>
   </trkpt>
   <trkpt lat="-33.4631850" lon="151.0332330">
    <ele>-47.0</ele>
    <time>2021-09-01T06:03:59Z</time>
    <extensions>
     <gpxtpx:TrackPointExtension>
      <gpxtpx:atemp>28</gpxtpx:atemp>
      <gpxtpx:hr>118</gpxtpx:hr>
     </gpxtpx:TrackPointExtension>
    </extensions>
   </trkpt>
   <trkpt lat="-33.4631920" lon="151.0332450">
    <ele>-47.0</ele>
    <time>2021-09-01T06:04:00Z</time>
    <extensions>
     <gpxtpx:TrackPointExtension>
      <gpxtpx:atemp>28</gpxtpx:atemp>
      <gpxtpx:hr>117</gpxtpx:hr>
     </gpxtpx:TrackPointExtension>
    </extensions>
   </trkpt>
   <trkpt lat="-33.4632040" lon="151.0332460">
    <ele>-47.0</ele>
    <time>2021-09-01T06:04:01Z</time>
    <extensions>
     <gpxtpx:TrackPointExtension>
      <gpxtpx:atemp>28</gpxtpx:atemp>
      <gpxtpx:hr>116</gpxtpx:hr>
     </gpxtpx:TrackPointExtension>
    </extensions>
   </trkpt>
   <trkpt lat="-33.4632230" lon="151.0332160">
    <ele>-46.8</ele>
    <time>2021-09-01T06:04:03Z</time>
    <extensions>
     <gpxtpx:TrackPointExtension>
      <gpxtpx:atemp>28</gpxtpx:atemp>
      <gpxtpx:hr>114</gpxtpx:hr>
     </gpxtpx:TrackPointExtension>
    </extensions>
   </trkpt>
   <trkpt lat="-33.4632070" lon="151.0330990">
    <ele>-47.0</ele>
    <time>2021-09-01T06:04:07Z</time>
    <extensions>
     <gpxtpx:TrackPointExtension>
      <gpxtpx:atemp>28</gpxtpx:atemp>
      <gpxtpx:hr>119</gpxtpx:hr>
     </gpxtpx:TrackPointExtension>
    </extensions>
   </trkpt>
   <trkpt lat="-33.4631920" lon="151.0330540">
    <ele>-47.2</ele>
    <time>2021-09-01T06:04:09Z</time>
    <extensions>
     <gpxtpx:TrackPointExtension>
      <gpxtpx:atemp>28</gpxtpx:atemp>
      <gpxtpx:hr>117</gpxtpx:hr>
     </gpxtpx:TrackPointExtension>
    </extensions>
   </trkpt>
   <trkpt lat="-33.4631720" lon="151.0330260">
    <ele>-47.4</ele>
    <time>2021-09-01T06:04:11Z</time>
    <extensions>
     <gpxtpx:TrackPointExtension>
      <gpxtpx:atemp>28</gpxtpx:atemp>
      <gpxtpx:hr>116</gpxtpx:hr>
     </gpxtpx:TrackPointExtension>
    </extensions>
   </trkpt>
   <trkpt lat="-33.4631530" lon="151.0329660">
    <ele>-47.8</ele>
    <time>2021-09-01T06:04:14Z</time>
    <extensions>
     <gpxtpx:TrackPointExtension>
      <gpxtpx:atemp>28</gpxtpx:atemp>
      <gpxtpx:hr>119</gpxtpx:hr>
     </gpxtpx:TrackPointExtension>
    </extensions>
   </trkpt>
   <trkpt lat="-33.4631480" lon="151.0328850">
    <ele>-48.2</ele>
    <time>2021-09-01T06:04:17Z</time>
    <extensions>
     <gpxtpx:TrackPointExtension>
      <gpxtpx:atemp>28</gpxtpx:atemp>
      <gpxtpx:hr>119</gpxtpx:hr>
     </gpxtpx:TrackPointExtension>
    </extensions>
   </trkpt>
   <trkpt lat="-33.4631430" lon="151.0328590">
    <ele>-48.4</ele>
    <time>2021-09-01T06:04:18Z</time>
    <extensions>
     <gpxtpx:TrackPointExtension>
      <gpxtpx:atemp>28</gpxtpx:atemp>
      <gpxtpx:hr>116</gpxtpx:hr>
     </gpxtpx:TrackPointExtension>
    </extensions>
   </trkpt>
   <trkpt lat="-33.4631310" lon="151.0328420">
    <ele>-48.6</ele>
    <time>2021-09-01T06:04:19Z</time>
    <extensions>
     <gpxtpx:TrackPointExtension>
      <gpxtpx:atemp>28</gpxtpx:atemp>
      <gpxtpx:hr>115</gpxtpx:hr>
     </gpxtpx:TrackPointExtension>
    </extensions>
   </trkpt>
   <trkpt lat="-33.4631130" lon="151.0328250">
    <ele>-48.6</ele>
    <time>2021-09-01T06:04:20Z</time>
    <extensions>
     <gpxtpx:TrackPointExtension>
      <gpxtpx:atemp>28</gpxtpx:atemp>
      <gpxtpx:hr>112</gpxtpx:hr>
     </gpxtpx:TrackPointExtension>
    </extensions>
   </trkpt>
   <trkpt lat="-33.4630620" lon="151.0327750">
    <ele>-48.8</ele>
    <time>2021-09-01T06:04:22Z</time>
    <extensions>
     <gpxtpx:TrackPointExtension>
      <gpxtpx:atemp>28</gpxtpx:atemp>
      <gpxtpx:hr>109</gpxtpx:hr>
     </gpxtpx:TrackPointExtension>
    </extensions>
   </trkpt>
   <trkpt lat="-33.4629860" lon="151.0327260">
    <ele>-49.4</ele>
    <time>2021-09-01T06:04:25Z</time>
    <extensions>
     <gpxtpx:TrackPointExtension>
      <gpxtpx:atemp>28</gpxtpx:atemp>
      <gpxtpx:hr>106</gpxtpx:hr>
     </gpxtpx:TrackPointExtension>
    </extensions>
   </trkpt>
   <trkpt lat="-33.4629630" lon="151.0327170">
    <ele>-49.6</ele>
    <time>2021-09-01T06:04:26Z</time>
    <extensions>
     <gpxtpx:TrackPointExtension>
      <gpxtpx:atemp>28</gpxtpx:atemp>
      <gpxtpx:hr>106</gpxtpx:hr>
     </gpxtpx:TrackPointExtension>
    </extensions>
   </trkpt>
   <trkpt lat="-33.4629400" lon="151.0327090">
    <ele>-49.8</ele>
    <time>2021-09-01T06:04:27Z</time>
    <extensions>
     <gpxtpx:TrackPointExtension>
      <gpxtpx:atemp>28</gpxtpx:atemp>
      <gpxtpx:hr>106</gpxtpx:hr>
     </gpxtpx:TrackPointExtension>
    </extensions>
   </trkpt>
   <trkpt lat="-33.4629090" lon="151.0326860">
    <ele>-50.4</ele>
    <time>2021-09-01T06:04:31Z</time>
    <extensions>
     <gpxtpx:TrackPointExtension>
      <gpxtpx:atemp>28</gpxtpx:atemp>
      <gpxtpx:hr>105</gpxtpx:hr>
     </gpxtpx:TrackPointExtension>
    </extensions>
   </trkpt>
   <trkpt lat="-33.4629100" lon="151.0326780">
    <ele>-51.0</ele>
    <time>2021-09-01T06:04:32Z</time>
    <extensions>
     <gpxtpx:TrackPointExtension>
      <gpxtpx:atemp>28</gpxtpx:atemp>
      <gpxtpx:hr>105</gpxtpx:hr>
     </gpxtpx:TrackPointExtension>
    </extensions>
   </trkpt>
   <trkpt lat="-33.4628990" lon="151.0326400">
    <ele>-52.2</ele>
    <time>2021-09-01T06:04:34Z</time>
    <extensions>
     <gpxtpx:TrackPointExtension>
      <gpxtpx:atemp>28</gpxtpx:atemp>
      <gpxtpx:hr>103</gpxtpx:hr>
     </gpxtpx:TrackPointExtension>
    </extensions>
   </trkpt>
   <trkpt lat="-33.4628860" lon="151.0325930">
    <ele>-53.6</ele>
    <time>2021-09-01T06:04:36Z</time>
    <extensions>
     <gpxtpx:TrackPointExtension>
      <gpxtpx:atemp>28</gpxtpx:atemp>
      <gpxtpx:hr>106</gpxtpx:hr>
     </gpxtpx:TrackPointExtension>
    </extensions>
   </trkpt>
   <trkpt lat="-33.4628700" lon="151.0325450">
    <ele>-53.8</ele>
    <time>2021-09-01T06:04:37Z</time>
    <extensions>
     <gpxtpx:TrackPointExtension>
      <gpxtpx:atemp>28</gpxtpx:atemp>
      <gpxtpx:hr>107</gpxtpx:hr>
     </gpxtpx:TrackPointExtension>
    </extensions>
   </trkpt>
   <trkpt lat="-33.4628340" lon="151.0324650">
    <ele>-55.4</ele>
    <time>2021-09-01T06:04:39Z</time>
    <extensions>
     <gpxtpx:TrackPointExtension>
      <gpxtpx:atemp>28</gpxtpx:atemp>
      <gpxtpx:hr>107</gpxtpx:hr>
     </gpxtpx:TrackPointExtension>
    </extensions>
   </trkpt>
   <trkpt lat="-33.4628180" lon="151.0323990">
    <ele>-56.6</ele>
    <time>2021-09-01T06:04:42Z</time>
    <extensions>
     <gpxtpx:TrackPointExtension>
      <gpxtpx:atemp>28</gpxtpx:atemp>
      <gpxtpx:hr>107</gpxtpx:hr>
     </gpxtpx:TrackPointExtension>
    </extensions>
   </trkpt>
   <trkpt lat="-33.4628190" lon="151.0323550">
    <ele>-57.6</ele>
    <time>2021-09-01T06:04:46Z</time>
    <extensions>
     <gpxtpx:TrackPointExtension>
      <gpxtpx:atemp>28</gpxtpx:atemp>
      <gpxtpx:hr>108</gpxtpx:hr>
     </gpxtpx:TrackPointExtension>
    </extensions>
   </trkpt>
   <trkpt lat="-33.4627960" lon="151.0323010">
    <ele>-57.6</ele>
    <time>2021-09-01T06:04:51Z</time>
    <extensions>
     <gpxtpx:TrackPointExtension>
      <gpxtpx:atemp>28</gpxtpx:atemp>
      <gpxtpx:hr>109</gpxtpx:hr>
     </gpxtpx:TrackPointExtension>
    </extensions>
   </trkpt>
   <trkpt lat="-33.4628080" lon="151.0322870">
    <ele>-57.8</ele>
    <time>2021-09-01T06:04:55Z</time>
    <extensions>
     <gpxtpx:TrackPointExtension>
      <gpxtpx:atemp>28</gpxtpx:atemp>
      <gpxtpx:hr>109</gpxtpx:hr>
     </gpxtpx:TrackPointExtension>
    </extensions>
   </trkpt>
   <trkpt lat="-33.4628170" lon="151.0322880">
    <ele>-57.8</ele>
    <time>2021-09-01T06:05:04Z</time>
    <extensions>
     <gpxtpx:TrackPointExtension>
      <gpxtpx:atemp>28</gpxtpx:atemp>
      <gpxtpx:hr>109</gpxtpx:hr>
     </gpxtpx:TrackPointExtension>
    </extensions>
   </trkpt>
   <trkpt lat="-33.4628310" lon="151.0322810">
    <ele>-57.8</ele>
    <time>2021-09-01T06:05:10Z</time>
    <extensions>
     <gpxtpx:TrackPointExtension>
      <gpxtpx:atemp>28</gpxtpx:atemp>
      <gpxtpx:hr>106</gpxtpx:hr>
     </gpxtpx:TrackPointExtension>
    </extensions>
   </trkpt>
   <trkpt lat="-33.4628380" lon="151.0322790">
    <ele>-57.8</ele>
    <time>2021-09-01T06:05:11Z</time>
    <extensions>
     <gpxtpx:TrackPointExtension>
      <gpxtpx:atemp>28</gpxtpx:atemp>
      <gpxtpx:hr>108</gpxtpx:hr>
     </gpxtpx:TrackPointExtension>
    </extensions>
   </trkpt>
   <trkpt lat="-33.4628490" lon="151.0322690">
    <ele>-57.8</ele>
    <time>2021-09-01T06:05:13Z</time>
    <extensions>
     <gpxtpx:TrackPointExtension>
      <gpxtpx:atemp>28</gpxtpx:atemp>
      <gpxtpx:hr>105</gpxtpx:hr>
     </gpxtpx:TrackPointExtension>
    </extensions>
   </trkpt>
   <trkpt lat="-33.4628320" lon="151.0322810">
    <ele>-57.8</ele>
    <time>2021-09-01T06:05:18Z</time>
    <extensions>
     <gpxtpx:TrackPointExtension>
      <gpxtpx:atemp>28</gpxtpx:atemp>
      <gpxtpx:hr>102</gpxtpx:hr>
     </gpxtpx:TrackPointExtension>
    </extensions>
   </trkpt>
   <trkpt lat="-33.4628250" lon="151.0322840">
    <ele>-57.8</ele>
    <time>2021-09-01T06:05:20Z</time>
    <extensions>
     <gpxtpx:TrackPointExtension>
      <gpxtpx:atemp>28</gpxtpx:atemp>
      <gpxtpx:hr>105</gpxtpx:hr>
     </gpxtpx:TrackPointExtension>
    </extensions>
   </trkpt>
   <trkpt lat="-33.4627990" lon="151.0322970">
    <ele>-57.8</ele>
    <time>2021-09-01T06:05:22Z</time>
    <extensions>
     <gpxtpx:TrackPointExtension>
      <gpxtpx:atemp>28</gpxtpx:atemp>
      <gpxtpx:hr>109</gpxtpx:hr>
     </gpxtpx:TrackPointExtension>
    </extensions>
   </trkpt>
   <trkpt lat="-33.4627850" lon="151.0323070">
    <ele>-57.8</ele>
    <time>2021-09-01T06:05:23Z</time>
    <extensions>
     <gpxtpx:TrackPointExtension>
      <gpxtpx:atemp>28</gpxtpx:atemp>
      <gpxtpx:hr>112</gpxtpx:hr>
     </gpxtpx:TrackPointExtension>
    </extensions>
   </trkpt>
   <trkpt lat="-33.4627700" lon="151.0323150">
    <ele>-57.8</ele>
    <time>2021-09-01T06:05:24Z</time>
    <extensions>
     <gpxtpx:TrackPointExtension>
      <gpxtpx:atemp>28</gpxtpx:atemp>
      <gpxtpx:hr>115</gpxtpx:hr>
     </gpxtpx:TrackPointExtension>
    </extensions>
   </trkpt>
   <trkpt lat="-33.4627510" lon="151.0323250">
    <ele>-57.6</ele>
    <time>2021-09-01T06:05:26Z</time>
    <extensions>
     <gpxtpx:TrackPointExtension>
      <gpxtpx:atemp>28</gpxtpx:atemp>
      <gpxtpx:hr>118</gpxtpx:hr>
     </gpxtpx:TrackPointExtension>
    </extensions>
   </trkpt>
   <trkpt lat="-33.4627390" lon="151.0323240">
    <ele>-57.8</ele>
    <time>2021-09-01T06:05:30Z</time>
    <extensions>
     <gpxtpx:TrackPointExtension>
      <gpxtpx:atemp>28</gpxtpx:atemp>
      <gpxtpx:hr>117</gpxtpx:hr>
     </gpxtpx:TrackPointExtension>
    </extensions>
   </trkpt>
   <trkpt lat="-33.4627150" lon="151.0323080">
    <ele>-57.8</ele>
    <time>2021-09-01T06:05:34Z</time>
    <extensions>
     <gpxtpx:TrackPointExtension>
      <gpxtpx:atemp>28</gpxtpx:atemp>
      <gpxtpx:hr>120</gpxtpx:hr>
     </gpxtpx:TrackPointExtension>
    </extensions>
   </trkpt>
   <trkpt lat="-33.4626990" lon="151.0323130">
    <ele>-57.8</ele>
    <time>2021-09-01T06:05:38Z</time>
    <extensions>
     <gpxtpx:TrackPointExtension>
      <gpxtpx:atemp>29</gpxtpx:atemp>
      <gpxtpx:hr>121</gpxtpx:hr>
     </gpxtpx:TrackPointExtension>
    </extensions>
   </trkpt>
   <trkpt lat="-33.4627050" lon="151.0323120">
    <ele>-57.8</ele>
    <time>2021-09-01T06:05:46Z</time>
    <extensions>
     <gpxtpx:TrackPointExtension>
      <gpxtpx:atemp>29</gpxtpx:atemp>
      <gpxtpx:hr>117</gpxtpx:hr>
     </gpxtpx:TrackPointExtension>
    </extensions>
   </trkpt>
   <trkpt lat="-33.4627050" lon="151.0323120">
    <ele>-57.8</ele>
    <time>2021-09-01T06:05:47Z</time>
    <extensions>
     <gpxtpx:TrackPointExtension>
      <gpxtpx:atemp>29</gpxtpx:atemp>
      <gpxtpx:hr>120</gpxtpx:hr>
     </gpxtpx:TrackPointExtension>
    </extensions>
   </trkpt>
   <trkpt lat="-33.4627050" lon="151.0323110">
    <ele>-58.0</ele>
    <time>2021-09-01T06:05:50Z</time>
    <extensions>
     <gpxtpx:TrackPointExtension>
      <gpxtpx:atemp>29</gpxtpx:atemp>
      <gpxtpx:hr>117</gpxtpx:hr>
     </gpxtpx:TrackPointExtension>
    </extensions>
   </trkpt>
   <trkpt lat="-33.4627100" lon="151.0323150">
    <ele>-57.8</ele>
    <time>2021-09-01T06:05:57Z</time>
    <extensions>
     <gpxtpx:TrackPointExtension>
      <gpxtpx:atemp>29</gpxtpx:atemp>
      <gpxtpx:hr>119</gpxtpx:hr>
     </gpxtpx:TrackPointExtension>
    </extensions>
   </trkpt>
   <trkpt lat="-33.4627060" lon="151.0323050">
    <ele>-57.8</ele>
    <time>2021-09-01T06:06:06Z</time>
    <extensions>
     <gpxtpx:TrackPointExtension>
      <gpxtpx:atemp>29</gpxtpx:atemp>
      <gpxtpx:hr>119</gpxtpx:hr>
     </gpxtpx:TrackPointExtension>
    </extensions>
   </trkpt>
   <trkpt lat="-33.4627110" lon="151.0323020">
    <ele>-57.4</ele>
    <time>2021-09-01T06:06:14Z</time>
    <extensions>
     <gpxtpx:TrackPointExtension>
      <gpxtpx:atemp>29</gpxtpx:atemp>
      <gpxtpx:hr>121</gpxtpx:hr>
     </gpxtpx:TrackPointExtension>
    </extensions>
   </trkpt>
   <trkpt lat="-33.4627200" lon="151.0323270">
    <ele>-57.8</ele>
    <time>2021-09-01T06:06:19Z</time>
    <extensions>
     <gpxtpx:TrackPointExtension>
      <gpxtpx:atemp>29</gpxtpx:atemp>
      <gpxtpx:hr>124</gpxtpx:hr>
     </gpxtpx:TrackPointExtension>
    </extensions>
   </trkpt>
   <trkpt lat="-33.4627170" lon="151.0323270">
    <ele>-57.8</ele>
    <time>2021-09-01T06:06:20Z</time>
    <extensions>
     <gpxtpx:TrackPointExtension>
      <gpxtpx:atemp>29</gpxtpx:atemp>
      <gpxtpx:hr>124</gpxtpx:hr>
     </gpxtpx:TrackPointExtension>
    </extensions>
   </trkpt>
   <trkpt lat="-33.4626930" lon="151.0323330">
    <ele>-57.8</ele>
    <time>2021-09-01T06:06:27Z</time>
    <extensions>
     <gpxtpx:TrackPointExtension>
      <gpxtpx:atemp>29</gpxtpx:atemp>
      <gpxtpx:hr>121</gpxtpx:hr>
     </gpxtpx:TrackPointExtension>
    </extensions>
   </trkpt>
   <trkpt lat="-33.4626950" lon="151.0323240">
    <ele>-57.8</ele>
    <time>2021-09-01T06:06:29Z</time>
    <extensions>
     <gpxtpx:TrackPointExtension>
      <gpxtpx:atemp>29</gpxtpx:atemp>
      <gpxtpx:hr>121</gpxtpx:hr>
     </gpxtpx:TrackPointExtension>
    </extensions>
   </trkpt>
   <trkpt lat="-33.4627170" lon="151.0323070">
    <ele>-57.8</ele>
    <time>2021-09-01T06:06:31Z</time>
    <extensions>
     <gpxtpx:TrackPointExtension>
      <gpxtpx:atemp>29</gpxtpx:atemp>
      <gpxtpx:hr>118</gpxtpx:hr>
     </gpxtpx:TrackPointExtension>
    </extensions>
   </trkpt>
   <trkpt lat="-33.4626970" lon="151.0322670">
    <ele>-57.6</ele>
    <time>2021-09-01T06:06:36Z</time>
    <extensions>
     <gpxtpx:TrackPointExtension>
      <gpxtpx:atemp>29</gpxtpx:atemp>
      <gpxtpx:hr>117</gpxtpx:hr>
     </gpxtpx:TrackPointExtension>
    </extensions>
   </trkpt>
   <trkpt lat="-33.4626930" lon="151.0322560">
    <ele>-57.6</ele>
    <time>2021-09-01T06:06:38Z</time>
    <extensions>
     <gpxtpx:TrackPointExtension>
      <gpxtpx:atemp>29</gpxtpx:atemp>
      <gpxtpx:hr>120</gpxtpx:hr>
     </gpxtpx:TrackPointExtension>
    </extensions>
   </trkpt>
   <trkpt lat="-33.4627090" lon="151.0321550">
    <ele>-57.8</ele>
    <time>2021-09-01T06:06:44Z</time>
    <extensions>
     <gpxtpx:TrackPointExtension>
      <gpxtpx:atemp>29</gpxtpx:atemp>
      <gpxtpx:hr>123</gpxtpx:hr>
     </gpxtpx:TrackPointExtension>
    </extensions>
   </trkpt>
   <trkpt lat="-33.4627100" lon="151.0321360">
    <ele>-57.8</ele>
    <time>2021-09-01T06:06:45Z</time>
    <extensions>
     <gpxtpx:TrackPointExtension>
      <gpxtpx:atemp>29</gpxtpx:atemp>
      <gpxtpx:hr>120</gpxtpx:hr>
     </gpxtpx:TrackPointExtension>
    </extensions>
   </trkpt>
   <trkpt lat="-33.4627100" lon="151.0321360">
    <ele>-57.8</ele>
    <time>2021-09-01T06:06:49Z</time>
    <extensions>
     <gpxtpx:TrackPointExtension>
      <gpxtpx:atemp>29</gpxtpx:atemp>
      <gpxtpx:hr>123</gpxtpx:hr>
     </gpxtpx:TrackPointExtension>
    </extensions>
   </trkpt>
   <trkpt lat="-33.4627100" lon="151.0321360">
    <ele>-58.6</ele>
    <time>2021-09-01T06:07:00Z</time>
    <extensions>
     <gpxtpx:TrackPointExtension>
      <gpxtpx:atemp>29</gpxtpx:atemp>
      <gpxtpx:hr>120</gpxtpx:hr>
     </gpxtpx:TrackPointExtension>
    </extensions>
   </trkpt>
   <trkpt lat="-33.4627100" lon="151.0321360">
    <ele>-58.6</ele>
    <time>2021-09-01T06:07:08Z</time>
    <extensions>
     <gpxtpx:TrackPointExtension>
      <gpxtpx:atemp>29</gpxtpx:atemp>
      <gpxtpx:hr>117</gpxtpx:hr>
     </gpxtpx:TrackPointExtension>
    </extensions>
   </trkpt>
   <trkpt lat="-33.4627100" lon="151.0321360">
    <ele>-58.6</ele>
    <time>2021-09-01T06:07:09Z</time>
    <extensions>
     <gpxtpx:TrackPointExtension>
      <gpxtpx:atemp>29</gpxtpx:atemp>
      <gpxtpx:hr>116</gpxtpx:hr>
     </gpxtpx:TrackPointExtension>
    </extensions>
   </trkpt>
   <trkpt lat="-33.4627100" lon="151.0321360">
    <ele>-58.8</ele>
    <time>2021-09-01T06:07:11Z</time>
    <extensions>
     <gpxtpx:TrackPointExtension>
      <gpxtpx:atemp>29</gpxtpx:atemp>
      <gpxtpx:hr>119</gpxtpx:hr>
     </gpxtpx:TrackPointExtension>
    </extensions>
   </trkpt>
   <trkpt lat="-33.4627100" lon="151.0321360">
    <ele>-58.8</ele>
    <time>2021-09-01T06:07:12Z</time>
    <extensions>
     <gpxtpx:TrackPointExtension>
      <gpxtpx:atemp>29</gpxtpx:atemp>
      <gpxtpx:hr>116</gpxtpx:hr>
     </gpxtpx:TrackPointExtension>
    </extensions>
   </trkpt>
   <trkpt lat="-33.4627100" lon="151.0321360">
    <ele>-58.8</ele>
    <time>2021-09-01T06:07:13Z</time>
    <extensions>
     <gpxtpx:TrackPointExtension>
      <gpxtpx:atemp>29</gpxtpx:atemp>
      <gpxtpx:hr>112</gpxtpx:hr>
     </gpxtpx:TrackPointExtension>
    </extensions>
   </trkpt>
   <trkpt lat="-33.4627100" lon="151.0321360">
    <ele>-58.8</ele>
    <time>2021-09-01T06:07:14Z</time>
    <extensions>
     <gpxtpx:TrackPointExtension>
      <gpxtpx:atemp>29</gpxtpx:atemp>
      <gpxtpx:hr>109</gpxtpx:hr>
     </gpxtpx:TrackPointExtension>
    </extensions>
   </trkpt>
   <trkpt lat="-33.4627100" lon="151.0321360">
    <ele>-58.8</ele>
    <time>2021-09-01T06:07:16Z</time>
    <extensions>
     <gpxtpx:TrackPointExtension>
      <gpxtpx:atemp>29</gpxtpx:atemp>
      <gpxtpx:hr>106</gpxtpx:hr>
     </gpxtpx:TrackPointExtension>
    </extensions>
   </trkpt>
   <trkpt lat="-33.4627720" lon="151.0323830">
    <ele>-58.8</ele>
    <time>2021-09-01T06:07:20Z</time>
    <extensions>
     <gpxtpx:TrackPointExtension>
      <gpxtpx:atemp>29</gpxtpx:atemp>
      <gpxtpx:hr>106</gpxtpx:hr>
     </gpxtpx:TrackPointExtension>
    </extensions>
   </trkpt>
   <trkpt lat="-33.4628820" lon="151.0323930">
    <ele>-58.8</ele>
    <time>2021-09-01T06:07:27Z</time>
    <extensions>
     <gpxtpx:TrackPointExtension>
      <gpxtpx:atemp>29</gpxtpx:atemp>
      <gpxtpx:hr>106</gpxtpx:hr>
     </gpxtpx:TrackPointExtension>
    </extensions>
   </trkpt>
   <trkpt lat="-33.4629300" lon="151.0323390">
    <ele>-58.8</ele>
    <time>2021-09-01T06:07:33Z</time>
    <extensions>
     <gpxtpx:TrackPointExtension>
      <gpxtpx:atemp>29</gpxtpx:atemp>
      <gpxtpx:hr>105</gpxtpx:hr>
     </gpxtpx:TrackPointExtension>
    </extensions>
   </trkpt>
   <trkpt lat="-33.4628820" lon="151.0323250">
    <ele>-58.6</ele>
    <time>2021-09-01T06:07:36Z</time>
    <extensions>
     <gpxtpx:TrackPointExtension>
      <gpxtpx:atemp>29</gpxtpx:atemp>
      <gpxtpx:hr>105</gpxtpx:hr>
     </gpxtpx:TrackPointExtension>
    </extensions>
   </trkpt>
   <trkpt lat="-33.4628710" lon="151.0323240">
    <ele>-58.6</ele>
    <time>2021-09-01T06:07:37Z</time>
    <extensions>
     <gpxtpx:TrackPointExtension>
      <gpxtpx:atemp>29</gpxtpx:atemp>
      <gpxtpx:hr>108</gpxtpx:hr>
     </gpxtpx:TrackPointExtension>
    </extensions>
   </trkpt>
   <trkpt lat="-33.4628540" lon="151.0323300">
    <ele>-57.2</ele>
    <time>2021-09-01T06:07:38Z</time>
    <extensions>
     <gpxtpx:TrackPointExtension>
      <gpxtpx:atemp>29</gpxtpx:atemp>
      <gpxtpx:hr>109</gpxtpx:hr>
     </gpxtpx:TrackPointExtension>
    </extensions>
   </trkpt>
   <trkpt lat="-33.4628670" lon="151.0323870">
    <ele>-58.2</ele>
    <time>2021-09-01T06:07:43Z</time>
    <extensions>
     <gpxtpx:TrackPointExtension>
      <gpxtpx:atemp>29</gpxtpx:atemp>
      <gpxtpx:hr>110</gpxtpx:hr>
     </gpxtpx:TrackPointExtension>
    </extensions>
   </trkpt>
   <trkpt lat="-33.4628630" lon="151.0323880">
    <ele>-58.2</ele>
    <time>2021-09-01T06:07:44Z</time>
    <extensions>
     <gpxtpx:TrackPointExtension>
      <gpxtpx:atemp>29</gpxtpx:atemp>
      <gpxtpx:hr>110</gpxtpx:hr>
     </gpxtpx:TrackPointExtension>
    </extensions>
   </trkpt>
   <trkpt lat="-33.4627500" lon="151.0324310">
    <ele>-58.4</ele>
    <time>2021-09-01T06:07:49Z</time>
    <extensions>
     <gpxtpx:TrackPointExtension>
      <gpxtpx:atemp>29</gpxtpx:atemp>
      <gpxtpx:hr>107</gpxtpx:hr>
     </gpxtpx:TrackPointExtension>
    </extensions>
   </trkpt>
   <trkpt lat="-33.4628580" lon="151.0323560">
    <ele>-58.4</ele>
    <time>2021-09-01T06:08:25Z</time>
    <extensions>
     <gpxtpx:TrackPointExtension>
      <gpxtpx:atemp>29</gpxtpx:atemp>
      <gpxtpx:hr>105</gpxtpx:hr>
     </gpxtpx:TrackPointExtension>
    </extensions>
   </trkpt>
   <trkpt lat="-33.4628410" lon="151.0322990">
    <ele>-58.6</ele>
    <time>2021-09-01T06:08:32Z</time>
    <extensions>
     <gpxtpx:TrackPointExtension>
      <gpxtpx:atemp>29</gpxtpx:atemp>
      <gpxtpx:hr>104</gpxtpx:hr>
     </gpxtpx:TrackPointExtension>
    </extensions>
   </trkpt>
   <trkpt lat="-33.4628010" lon="151.0323830">
    <ele>-58.8</ele>
    <time>2021-09-01T06:08:42Z</time>
    <extensions>
     <gpxtpx:TrackPointExtension>
      <gpxtpx:atemp>29</gpxtpx:atemp>
      <gpxtpx:hr>106</gpxtpx:hr>
     </gpxtpx:TrackPointExtension>
    </extensions>
   </trkpt>
   <trkpt lat="-33.4627900" lon="151.0323910">
    <ele>-58.8</ele>
    <time>2021-09-01T06:08:47Z</time>
    <extensions>
     <gpxtpx:TrackPointExtension>
      <gpxtpx:atemp>29</gpxtpx:atemp>
      <gpxtpx:hr>109</gpxtpx:hr>
     </gpxtpx:TrackPointExtension>
    </extensions>
   </trkpt>
   <trkpt lat="-33.4627130" lon="151.0324810">
    <ele>-58.6</ele>
    <time>2021-09-01T06:08:53Z</time>
    <extensions>
     <gpxtpx:TrackPointExtension>
      <gpxtpx:atemp>29</gpxtpx:atemp>
      <gpxtpx:hr>108</gpxtpx:hr>
     </gpxtpx:TrackPointExtension>
    </extensions>
   </trkpt>
   <trkpt lat="-33.4627000" lon="151.0324910">
    <ele>-58.6</ele>
    <time>2021-09-01T06:08:54Z</time>
    <extensions>
     <gpxtpx:TrackPointExtension>
      <gpxtpx:atemp>29</gpxtpx:atemp>
      <gpxtpx:hr>108</gpxtpx:hr>
     </gpxtpx:TrackPointExtension>
    </extensions>
   </trkpt>
   <trkpt lat="-33.4626680" lon="151.0325150">
    <ele>-58.2</ele>
    <time>2021-09-01T06:08:57Z</time>
    <extensions>
     <gpxtpx:TrackPointExtension>
      <gpxtpx:atemp>29</gpxtpx:atemp>
      <gpxtpx:hr>107</gpxtpx:hr>
     </gpxtpx:TrackPointExtension>
    </extensions>
   </trkpt>
   <trkpt lat="-33.4626530" lon="151.0324950">
    <ele>-58.0</ele>
    <time>2021-09-01T06:08:59Z</time>
    <extensions>
     <gpxtpx:TrackPointExtension>
      <gpxtpx:atemp>29</gpxtpx:atemp>
      <gpxtpx:hr>106</gpxtpx:hr>
     </gpxtpx:TrackPointExtension>
    </extensions>
   </trkpt>
   <trkpt lat="-33.4626540" lon="151.0324770">
    <ele>-58.0</ele>
    <time>2021-09-01T06:09:02Z</time>
    <extensions>
     <gpxtpx:TrackPointExtension>
      <gpxtpx:atemp>29</gpxtpx:atemp>
      <gpxtpx:hr>110</gpxtpx:hr>
     </gpxtpx:TrackPointExtension>
    </extensions>
   </trkpt>
   <trkpt lat="-33.4626410" lon="151.0324560">
    <ele>-57.6</ele>
    <time>2021-09-01T06:09:05Z</time>
    <extensions>
     <gpxtpx:TrackPointExtension>
      <gpxtpx:atemp>29</gpxtpx:atemp>
      <gpxtpx:hr>112</gpxtpx:hr>
     </gpxtpx:TrackPointExtension>
    </extensions>
   </trkpt>
   <trkpt lat="-33.4626880" lon="151.0323760">
    <ele>-57.2</ele>
    <time>2021-09-01T06:09:09Z</time>
    <extensions>
     <gpxtpx:TrackPointExtension>
      <gpxtpx:atemp>29</gpxtpx:atemp>
      <gpxtpx:hr>111</gpxtpx:hr>
     </gpxtpx:TrackPointExtension>
    </extensions>
   </trkpt>
   <trkpt lat="-33.4626920" lon="151.0323900">
    <ele>-57.2</ele>
    <time>2021-09-01T06:09:12Z</time>
    <extensions>
     <gpxtpx:TrackPointExtension>
      <gpxtpx:atemp>29</gpxtpx:atemp>
      <gpxtpx:hr>114</gpxtpx:hr>
     </gpxtpx:TrackPointExtension>
    </extensions>
   </trkpt>
   <trkpt lat="-33.4626840" lon="151.0323790">
    <ele>-57.2</ele>
    <time>2021-09-01T06:09:15Z</time>
    <extensions>
     <gpxtpx:TrackPointExtension>
      <gpxtpx:atemp>29</gpxtpx:atemp>
      <gpxtpx:hr>114</gpxtpx:hr>
     </gpxtpx:TrackPointExtension>
    </extensions>
   </trkpt>
   <trkpt lat="-33.4626760" lon="151.0323660">
    <ele>-57.4</ele>
    <time>2021-09-01T06:09:19Z</time>
    <extensions>
     <gpxtpx:TrackPointExtension>
      <gpxtpx:atemp>29</gpxtpx:atemp>
      <gpxtpx:hr>117</gpxtpx:hr>
     </gpxtpx:TrackPointExtension>
    </extensions>
   </trkpt>
   <trkpt lat="-33.4626820" lon="151.0323720">
    <ele>-57.8</ele>
    <time>2021-09-01T06:09:24Z</time>
    <extensions>
     <gpxtpx:TrackPointExtension>
      <gpxtpx:atemp>29</gpxtpx:atemp>
      <gpxtpx:hr>118</gpxtpx:hr>
     </gpxtpx:TrackPointExtension>
    </extensions>
   </trkpt>
   <trkpt lat="-33.4627120" lon="151.0323400">
    <ele>-57.8</ele>
    <time>2021-09-01T06:09:30Z</time>
    <extensions>
     <gpxtpx:TrackPointExtension>
      <gpxtpx:atemp>29</gpxtpx:atemp>
      <gpxtpx:hr>122</gpxtpx:hr>
     </gpxtpx:TrackPointExtension>
    </extensions>
   </trkpt>
   <trkpt lat="-33.4627310" lon="151.0323400">
    <ele>-58.0</ele>
    <time>2021-09-01T06:09:36Z</time>
    <extensions>
     <gpxtpx:TrackPointExtension>
      <gpxtpx:atemp>29</gpxtpx:atemp>
      <gpxtpx:hr>124</gpxtpx:hr>
     </gpxtpx:TrackPointExtension>
    </extensions>
   </trkpt>
   <trkpt lat="-33.4627580" lon="151.0323170">
    <ele>-58.2</ele>
    <time>2021-09-01T06:09:46Z</time>
    <extensions>
     <gpxtpx:TrackPointExtension>
      <gpxtpx:atemp>29</gpxtpx:atemp>
      <gpxtpx:hr>123</gpxtpx:hr>
     </gpxtpx:TrackPointExtension>
    </extensions>
   </trkpt>
   <trkpt lat="-33.4627980" lon="151.0323270">
    <ele>-58.0</ele>
    <time>2021-09-01T06:09:48Z</time>
    <extensions>
     <gpxtpx:TrackPointExtension>
      <gpxtpx:atemp>29</gpxtpx:atemp>
      <gpxtpx:hr>123</gpxtpx:hr>
     </gpxtpx:TrackPointExtension>
    </extensions>
   </trkpt>
   <trkpt lat="-33.4627990" lon="151.0323410">
    <ele>-58.2</ele>
    <time>2021-09-01T06:09:50Z</time>
    <extensions>
     <gpxtpx:TrackPointExtension>
      <gpxtpx:atemp>29</gpxtpx:atemp>
      <gpxtpx:hr>123</gpxtpx:hr>
     </gpxtpx:TrackPointExtension>
    </extensions>
   </trkpt>
   <trkpt lat="-33.4628220" lon="151.0323550">
    <ele>-58.0</ele>
    <time>2021-09-01T06:09:52Z</time>
    <extensions>
     <gpxtpx:TrackPointExtension>
      <gpxtpx:atemp>29</gpxtpx:atemp>
      <gpxtpx:hr>123</gpxtpx:hr>
     </gpxtpx:TrackPointExtension>
    </extensions>
   </trkpt>
   <trkpt lat="-33.4628220" lon="151.0323840">
    <ele>-57.4</ele>
    <time>2021-09-01T06:09:55Z</time>
    <extensions>
     <gpxtpx:TrackPointExtension>
      <gpxtpx:atemp>29</gpxtpx:atemp>
      <gpxtpx:hr>123</gpxtpx:hr>
     </gpxtpx:TrackPointExtension>
    </extensions>
   </trkpt>
   <trkpt lat="-33.4628350" lon="151.0324200">
    <ele>-56.8</ele>
    <time>2021-09-01T06:09:57Z</time>
    <extensions>
     <gpxtpx:TrackPointExtension>
      <gpxtpx:atemp>29</gpxtpx:atemp>
      <gpxtpx:hr>122</gpxtpx:hr>
     </gpxtpx:TrackPointExtension>
    </extensions>
   </trkpt>
   <trkpt lat="-33.4628410" lon="151.0324520">
    <ele>-56.0</ele>
    <time>2021-09-01T06:09:58Z</time>
    <extensions>
     <gpxtpx:TrackPointExtension>
      <gpxtpx:atemp>29</gpxtpx:atemp>
      <gpxtpx:hr>124</gpxtpx:hr>
     </gpxtpx:TrackPointExtension>
    </extensions>
   </trkpt>
   <trkpt lat="-33.4628520" lon="151.0324760">
    <ele>-54.8</ele>
    <time>2021-09-01T06:09:59Z</time>
    <extensions>
     <gpxtpx:TrackPointExtension>
      <gpxtpx:atemp>29</gpxtpx:atemp>
      <gpxtpx:hr>124</gpxtpx:hr>
     </gpxtpx:TrackPointExtension>
    </extensions>
   </trkpt>
   <trkpt lat="-33.4628640" lon="151.0324950">
    <ele>-53.6</ele>
    <time>2021-09-01T06:10:00Z</time>
    <extensions>
     <gpxtpx:TrackPointExtension>
      <gpxtpx:atemp>29</gpxtpx:atemp>
      <gpxtpx:hr>122</gpxtpx:hr>
     </gpxtpx:TrackPointExtension>
    </extensions>
   </trkpt>
   <trkpt lat="-33.4628770" lon="151.0325070">
    <ele>-52.8</ele>
    <time>2021-09-01T06:10:01Z</time>
    <extensions>
     <gpxtpx:TrackPointExtension>
      <gpxtpx:atemp>29</gpxtpx:atemp>
      <gpxtpx:hr>123</gpxtpx:hr>
     </gpxtpx:TrackPointExtension>
    </extensions>
   </trkpt>
   <trkpt lat="-33.4628870" lon="151.0325180">
    <ele>-52.0</ele>
    <time>2021-09-01T06:10:02Z</time>
    <extensions>
     <gpxtpx:TrackPointExtension>
      <gpxtpx:atemp>29</gpxtpx:atemp>
      <gpxtpx:hr>122</gpxtpx:hr>
     </gpxtpx:TrackPointExtension>
    </extensions>
   </trkpt>
   <trkpt lat="-33.4629090" lon="151.0325500">
    <ele>-51.0</ele>
    <time>2021-09-01T06:10:04Z</time>
    <extensions>
     <gpxtpx:TrackPointExtension>
      <gpxtpx:atemp>29</gpxtpx:atemp>
      <gpxtpx:hr>121</gpxtpx:hr>
     </gpxtpx:TrackPointExtension>
    </extensions>
   </trkpt>
   <trkpt lat="-33.4629180" lon="151.0325750">
    <ele>-50.8</ele>
    <time>2021-09-01T06:10:05Z</time>
    <extensions>
     <gpxtpx:TrackPointExtension>
      <gpxtpx:atemp>29</gpxtpx:atemp>
      <gpxtpx:hr>121</gpxtpx:hr>
     </gpxtpx:TrackPointExtension>
    </extensions>
   </trkpt>
   <trkpt lat="-33.4629400" lon="151.0327070">
    <ele>-50.0</ele>
    <time>2021-09-01T06:10:10Z</time>
    <extensions>
     <gpxtpx:TrackPointExtension>
      <gpxtpx:atemp>29</gpxtpx:atemp>
      <gpxtpx:hr>121</gpxtpx:hr>
     </gpxtpx:TrackPointExtension>
    </extensions>
   </trkpt>
   <trkpt lat="-33.4629990" lon="151.0327440">
    <ele>-49.6</ele>
    <time>2021-09-01T06:10:13Z</time>
    <extensions>
     <gpxtpx:TrackPointExtension>
      <gpxtpx:atemp>29</gpxtpx:atemp>
      <gpxtpx:hr>122</gpxtpx:hr>
     </gpxtpx:TrackPointExtension>
    </extensions>
   </trkpt>
   <trkpt lat="-33.4630370" lon="151.0327640">
    <ele>-49.4</ele>
    <time>2021-09-01T06:10:15Z</time>
    <extensions>
     <gpxtpx:TrackPointExtension>
      <gpxtpx:atemp>29</gpxtpx:atemp>
      <gpxtpx:hr>123</gpxtpx:hr>
     </gpxtpx:TrackPointExtension>
    </extensions>
   </trkpt>
   <trkpt lat="-33.4630510" lon="151.0327670">
    <ele>-49.4</ele>
    <time>2021-09-01T06:10:16Z</time>
    <extensions>
     <gpxtpx:TrackPointExtension>
      <gpxtpx:atemp>29</gpxtpx:atemp>
      <gpxtpx:hr>122</gpxtpx:hr>
     </gpxtpx:TrackPointExtension>
    </extensions>
   </trkpt>
   <trkpt lat="-33.4630710" lon="151.0327520">
    <ele>-49.4</ele>
    <time>2021-09-01T06:10:18Z</time>
    <extensions>
     <gpxtpx:TrackPointExtension>
      <gpxtpx:atemp>29</gpxtpx:atemp>
      <gpxtpx:hr>122</gpxtpx:hr>
     </gpxtpx:TrackPointExtension>
    </extensions>
   </trkpt>
   <trkpt lat="-33.4630790" lon="151.0327430">
    <ele>-49.8</ele>
    <time>2021-09-01T06:10:19Z</time>
    <extensions>
     <gpxtpx:TrackPointExtension>
      <gpxtpx:atemp>29</gpxtpx:atemp>
      <gpxtpx:hr>122</gpxtpx:hr>
     </gpxtpx:TrackPointExtension>
    </extensions>
   </trkpt>
   <trkpt lat="-33.4630800" lon="151.0327300">
    <ele>-49.8</ele>
    <time>2021-09-01T06:10:20Z</time>
    <extensions>
     <gpxtpx:TrackPointExtension>
      <gpxtpx:atemp>29</gpxtpx:atemp>
      <gpxtpx:hr>122</gpxtpx:hr>
     </gpxtpx:TrackPointExtension>
    </extensions>
   </trkpt>
   <trkpt lat="-33.4630590" lon="151.0326790">
    <ele>-50.4</ele>
    <time>2021-09-01T06:10:23Z</time>
    <extensions>
     <gpxtpx:TrackPointExtension>
      <gpxtpx:atemp>29</gpxtpx:atemp>
      <gpxtpx:hr>121</gpxtpx:hr>
     </gpxtpx:TrackPointExtension>
    </extensions>
   </trkpt>
   <trkpt lat="-33.4630520" lon="151.0326680">
    <ele>-50.4</ele>
    <time>2021-09-01T06:10:24Z</time>
    <extensions>
     <gpxtpx:TrackPointExtension>
      <gpxtpx:atemp>29</gpxtpx:atemp>
      <gpxtpx:hr>121</gpxtpx:hr>
     </gpxtpx:TrackPointExtension>
    </extensions>
   </trkpt>
   <trkpt lat="-33.4630330" lon="151.0326370">
    <ele>-50.6</ele>
    <time>2021-09-01T06:10:26Z</time>
    <extensions>
     <gpxtpx:TrackPointExtension>
      <gpxtpx:atemp>29</gpxtpx:atemp>
      <gpxtpx:hr>120</gpxtpx:hr>
     </gpxtpx:TrackPointExtension>
    </extensions>
   </trkpt>
   <trkpt lat="-33.4630110" lon="151.0326340">
    <ele>-50.8</ele>
    <time>2021-09-01T06:10:28Z</time>
    <extensions>
     <gpxtpx:TrackPointExtension>
      <gpxtpx:atemp>29</gpxtpx:atemp>
      <gpxtpx:hr>118</gpxtpx:hr>
     </gpxtpx:TrackPointExtension>
    </extensions>
   </trkpt>
   <trkpt lat="-33.4630410" lon="151.0326640">
    <ele>-50.6</ele>
    <time>2021-09-01T06:10:30Z</time>
    <extensions>
     <gpxtpx:TrackPointExtension>
      <gpxtpx:atemp>29</gpxtpx:atemp>
      <gpxtpx:hr>117</gpxtpx:hr>
     </gpxtpx:TrackPointExtension>
    </extensions>
   </trkpt>
   <trkpt lat="-33.4630690" lon="151.0326780">
    <ele>-50.6</ele>
    <time>2021-09-01T06:10:31Z</time>
    <extensions>
     <gpxtpx:TrackPointExtension>
      <gpxtpx:atemp>29</gpxtpx:atemp>
      <gpxtpx:hr>117</gpxtpx:hr>
     </gpxtpx:TrackPointExtension>
    </extensions>
   </trkpt>
   <trkpt lat="-33.4631370" lon="151.0327200">
    <ele>-50.2</ele>
    <time>2021-09-01T06:10:35Z</time>
    <extensions>
     <gpxtpx:TrackPointExtension>
      <gpxtpx:atemp>29</gpxtpx:atemp>
      <gpxtpx:hr>115</gpxtpx:hr>
     </gpxtpx:TrackPointExtension>
    </extensions>
   </trkpt>
   <trkpt lat="-33.4631870" lon="151.0327090">
    <ele>-50.8</ele>
    <time>2021-09-01T06:10:40Z</time>
    <extensions>
     <gpxtpx:TrackPointExtension>
      <gpxtpx:atemp>29</gpxtpx:atemp>
      <gpxtpx:hr>116</gpxtpx:hr>
     </gpxtpx:TrackPointExtension>
    </extensions>
   </trkpt>
   <trkpt lat="-33.4631850" lon="151.0326480">
    <ele>-51.6</ele>
    <time>2021-09-01T06:10:48Z</time>
    <extensions>
     <gpxtpx:TrackPointExtension>
      <gpxtpx:atemp>29</gpxtpx:atemp>
      <gpxtpx:hr>113</gpxtpx:hr>
     </gpxtpx:TrackPointExtension>
    </extensions>
   </trkpt>
   <trkpt lat="-33.4631360" lon="151.0326680">
    <ele>-51.4</ele>
    <time>2021-09-01T06:10:53Z</time>
    <extensions>
     <gpxtpx:TrackPointExtension>
      <gpxtpx:atemp>29</gpxtpx:atemp>
      <gpxtpx:hr>112</gpxtpx:hr>
     </gpxtpx:TrackPointExtension>
    </extensions>
   </trkpt>
   <trkpt lat="-33.4631060" lon="151.0326950">
    <ele>-50.8</ele>
    <time>2021-09-01T06:10:55Z</time>
    <extensions>
     <gpxtpx:TrackPointExtension>
      <gpxtpx:atemp>29</gpxtpx:atemp>
      <gpxtpx:hr>111</gpxtpx:hr>
     </gpxtpx:TrackPointExtension>
    </extensions>
   </trkpt>
   <trkpt lat="-33.4631130" lon="151.0327320">
    <ele>-50.2</ele>
    <time>2021-09-01T06:10:57Z</time>
    <extensions>
     <gpxtpx:TrackPointExtension>
      <gpxtpx:atemp>29</gpxtpx:atemp>
      <gpxtpx:hr>110</gpxtpx:hr>
     </gpxtpx:TrackPointExtension>
    </extensions>
   </trkpt>
   <trkpt lat="-33.4631200" lon="151.0327690">
    <ele>-49.6</ele>
    <time>2021-09-01T06:10:59Z</time>
    <extensions>
     <gpxtpx:TrackPointExtension>
      <gpxtpx:atemp>29</gpxtpx:atemp>
      <gpxtpx:hr>109</gpxtpx:hr>
     </gpxtpx:TrackPointExtension>
    </extensions>
   </trkpt>
   <trkpt lat="-33.4631280" lon="151.0327870">
    <ele>-49.4</ele>
    <time>2021-09-01T06:11:00Z</time>
    <extensions>
     <gpxtpx:TrackPointExtension>
      <gpxtpx:atemp>29</gpxtpx:atemp>
      <gpxtpx:hr>109</gpxtpx:hr>
     </gpxtpx:TrackPointExtension>
    </extensions>
   </trkpt>
   <trkpt lat="-33.4631980" lon="151.0329210">
    <ele>-48.6</ele>
    <time>2021-09-01T06:11:06Z</time>
    <extensions>
     <gpxtpx:TrackPointExtension>
      <gpxtpx:atemp>29</gpxtpx:atemp>
      <gpxtpx:hr>111</gpxtpx:hr>
     </gpxtpx:TrackPointExtension>
    </extensions>
   </trkpt>
   <trkpt lat="-33.4632070" lon="151.0329380">
    <ele>-48.4</ele>
    <time>2021-09-01T06:11:07Z</time>
    <extensions>
     <gpxtpx:TrackPointExtension>
      <gpxtpx:atemp>29</gpxtpx:atemp>
      <gpxtpx:hr>111</gpxtpx:hr>
     </gpxtpx:TrackPointExtension>
    </extensions>
   </trkpt>
   <trkpt lat="-33.4632340" lon="151.0330800">
    <ele>-48.0</ele>
    <time>2021-09-01T06:11:11Z</time>
    <extensions>
     <gpxtpx:TrackPointExtension>
      <gpxtpx:atemp>29</gpxtpx:atemp>
      <gpxtpx:hr>113</gpxtpx:hr>
     </gpxtpx:TrackPointExtension>
    </extensions>
   </trkpt>
   <trkpt lat="-33.4632450" lon="151.0331000">
    <ele>-48.2</ele>
    <time>2021-09-01T06:11:12Z</time>
    <extensions>
     <gpxtpx:TrackPointExtension>
      <gpxtpx:atemp>29</gpxtpx:atemp>
      <gpxtpx:hr>114</gpxtpx:hr>
     </gpxtpx:TrackPointExtension>
    </extensions>
   </trkpt>
   <trkpt lat="-33.4632750" lon="151.0330840">
    <ele>-48.6</ele>
    <time>2021-09-01T06:11:15Z</time>
    <extensions>
     <gpxtpx:TrackPointExtension>
      <gpxtpx:atemp>29</gpxtpx:atemp>
      <gpxtpx:hr>112</gpxtpx:hr>
     </gpxtpx:TrackPointExtension>
    </extensions>
   </trkpt>
   <trkpt lat="-33.4633020" lon="151.0330590">
    <ele>-49.2</ele>
    <time>2021-09-01T06:11:17Z</time>
    <extensions>
     <gpxtpx:TrackPointExtension>
      <gpxtpx:atemp>29</gpxtpx:atemp>
      <gpxtpx:hr>115</gpxtpx:hr>
     </gpxtpx:TrackPointExtension>
    </extensions>
   </trkpt>
   <trkpt lat="-33.4633370" lon="151.0330230">
    <ele>-49.4</ele>
    <time>2021-09-01T06:11:19Z</time>
    <extensions>
     <gpxtpx:TrackPointExtension>
      <gpxtpx:atemp>29</gpxtpx:atemp>
      <gpxtpx:hr>112</gpxtpx:hr>
     </gpxtpx:TrackPointExtension>
    </extensions>
   </trkpt>
   <trkpt lat="-33.4633520" lon="151.0330130">
    <ele>-49.8</ele>
    <time>2021-09-01T06:11:20Z</time>
    <extensions>
     <gpxtpx:TrackPointExtension>
      <gpxtpx:atemp>29</gpxtpx:atemp>
      <gpxtpx:hr>111</gpxtpx:hr>
     </gpxtpx:TrackPointExtension>
    </extensions>
   </trkpt>
   <trkpt lat="-33.4633960" lon="151.0330060">
    <ele>-50.6</ele>
    <time>2021-09-01T06:11:22Z</time>
    <extensions>
     <gpxtpx:TrackPointExtension>
      <gpxtpx:atemp>29</gpxtpx:atemp>
      <gpxtpx:hr>110</gpxtpx:hr>
     </gpxtpx:TrackPointExtension>
    </extensions>
   </trkpt>
   <trkpt lat="-33.4634110" lon="151.0330050">
    <ele>-50.8</ele>
    <time>2021-09-01T06:11:24Z</time>
    <extensions>
     <gpxtpx:TrackPointExtension>
      <gpxtpx:atemp>29</gpxtpx:atemp>
      <gpxtpx:hr>110</gpxtpx:hr>
     </gpxtpx:TrackPointExtension>
    </extensions>
   </trkpt>
   <trkpt lat="-33.4634310" lon="151.0330290">
    <ele>-50.6</ele>
    <time>2021-09-01T06:11:29Z</time>
    <extensions>
     <gpxtpx:TrackPointExtension>
      <gpxtpx:atemp>29</gpxtpx:atemp>
      <gpxtpx:hr>110</gpxtpx:hr>
     </gpxtpx:TrackPointExtension>
    </extensions>
   </trkpt>
   <trkpt lat="-33.4634640" lon="151.0330510">
    <ele>-51.0</ele>
    <time>2021-09-01T06:11:34Z</time>
    <extensions>
     <gpxtpx:TrackPointExtension>
      <gpxtpx:atemp>29</gpxtpx:atemp>
      <gpxtpx:hr>113</gpxtpx:hr>
     </gpxtpx:TrackPointExtension>
    </extensions>
   </trkpt>
   <trkpt lat="-33.4634830" lon="151.0330670">
    <ele>-51.0</ele>
    <time>2021-09-01T06:11:37Z</time>
    <extensions>
     <gpxtpx:TrackPointExtension>
      <gpxtpx:atemp>29</gpxtpx:atemp>
      <gpxtpx:hr>111</gpxtpx:hr>
     </gpxtpx:TrackPointExtension>
    </extensions>
   </trkpt>
   <trkpt lat="-33.4635100" lon="151.0330600">
    <ele>-50.8</ele>
    <time>2021-09-01T06:11:46Z</time>
    <extensions>
     <gpxtpx:TrackPointExtension>
      <gpxtpx:atemp>29</gpxtpx:atemp>
      <gpxtpx:hr>108</gpxtpx:hr>
     </gpxtpx:TrackPointExtension>
    </extensions>
   </trkpt>
   <trkpt lat="-33.4635090" lon="151.0330550">
    <ele>-50.8</ele>
    <time>2021-09-01T06:11:47Z</time>
    <extensions>
     <gpxtpx:TrackPointExtension>
      <gpxtpx:atemp>29</gpxtpx:atemp>
      <gpxtpx:hr>109</gpxtpx:hr>
     </gpxtpx:TrackPointExtension>
    </extensions>
   </trkpt>
   <trkpt lat="-33.4635130" lon="151.0330490">
    <ele>-51.0</ele>
    <time>2021-09-01T06:11:52Z</time>
    <extensions>
     <gpxtpx:TrackPointExtension>
      <gpxtpx:atemp>29</gpxtpx:atemp>
      <gpxtpx:hr>106</gpxtpx:hr>
     </gpxtpx:TrackPointExtension>
    </extensions>
   </trkpt>
   <trkpt lat="-33.4635090" lon="151.0330590">
    <ele>-51.0</ele>
    <time>2021-09-01T06:11:55Z</time>
    <extensions>
     <gpxtpx:TrackPointExtension>
      <gpxtpx:atemp>29</gpxtpx:atemp>
      <gpxtpx:hr>107</gpxtpx:hr>
     </gpxtpx:TrackPointExtension>
    </extensions>
   </trkpt>
   <trkpt lat="-33.4635250" lon="151.0330860">
    <ele>-50.8</ele>
    <time>2021-09-01T06:12:01Z</time>
    <extensions>
     <gpxtpx:TrackPointExtension>
      <gpxtpx:atemp>29</gpxtpx:atemp>
      <gpxtpx:hr>107</gpxtpx:hr>
     </gpxtpx:TrackPointExtension>
    </extensions>
   </trkpt>
   <trkpt lat="-33.4635570" lon="151.0331190">
    <ele>-50.8</ele>
    <time>2021-09-01T06:12:04Z</time>
    <extensions>
     <gpxtpx:TrackPointExtension>
      <gpxtpx:atemp>29</gpxtpx:atemp>
      <gpxtpx:hr>110</gpxtpx:hr>
     </gpxtpx:TrackPointExtension>
    </extensions>
   </trkpt>
   <trkpt lat="-33.4635600" lon="151.0331310">
    <ele>-50.6</ele>
    <time>2021-09-01T06:12:06Z</time>
    <extensions>
     <gpxtpx:TrackPointExtension>
      <gpxtpx:atemp>29</gpxtpx:atemp>
      <gpxtpx:hr>113</gpxtpx:hr>
     </gpxtpx:TrackPointExtension>
    </extensions>
   </trkpt>
   <trkpt lat="-33.4635710" lon="151.0331390">
    <ele>-50.8</ele>
    <time>2021-09-01T06:12:08Z</time>
    <extensions>
     <gpxtpx:TrackPointExtension>
      <gpxtpx:atemp>29</gpxtpx:atemp>
      <gpxtpx:hr>117</gpxtpx:hr>
     </gpxtpx:TrackPointExtension>
    </extensions>
   </trkpt>
   <trkpt lat="-33.4635790" lon="151.0331490">
    <ele>-50.8</ele>
    <time>2021-09-01T06:12:09Z</time>
    <extensions>
     <gpxtpx:TrackPointExtension>
      <gpxtpx:atemp>29</gpxtpx:atemp>
      <gpxtpx:hr>119</gpxtpx:hr>
     </gpxtpx:TrackPointExtension>
    </extensions>
   </trkpt>
   <trkpt lat="-33.4635900" lon="151.0331800">
    <ele>-50.6</ele>
    <time>2021-09-01T06:12:11Z</time>
    <extensions>
     <gpxtpx:TrackPointExtension>
      <gpxtpx:atemp>29</gpxtpx:atemp>
      <gpxtpx:hr>117</gpxtpx:hr>
     </gpxtpx:TrackPointExtension>
    </extensions>
   </trkpt>
   <trkpt lat="-33.4636550" lon="151.0332860">
    <ele>-50.6</ele>
    <time>2021-09-01T06:12:18Z</time>
    <extensions>
     <gpxtpx:TrackPointExtension>
      <gpxtpx:atemp>29</gpxtpx:atemp>
      <gpxtpx:hr>114</gpxtpx:hr>
     </gpxtpx:TrackPointExtension>
    </extensions>
   </trkpt>
   <trkpt lat="-33.4636460" lon="151.0333290">
    <ele>-50.6</ele>
    <time>2021-09-01T06:12:22Z</time>
    <extensions>
     <gpxtpx:TrackPointExtension>
      <gpxtpx:atemp>29</gpxtpx:atemp>
      <gpxtpx:hr>111</gpxtpx:hr>
     </gpxtpx:TrackPointExtension>
    </extensions>
   </trkpt>
   <trkpt lat="-33.4636230" lon="151.0333150">
    <ele>-50.6</ele>
    <time>2021-09-01T06:12:24Z</time>
    <extensions>
     <gpxtpx:TrackPointExtension>
      <gpxtpx:atemp>29</gpxtpx:atemp>
      <gpxtpx:hr>111</gpxtpx:hr>
     </gpxtpx:TrackPointExtension>
    </extensions>
   </trkpt>
   <trkpt lat="-33.4635270" lon="151.0332280">
    <ele>-50.6</ele>
    <time>2021-09-01T06:12:30Z</time>
    <extensions>
     <gpxtpx:TrackPointExtension>
      <gpxtpx:atemp>29</gpxtpx:atemp>
      <gpxtpx:hr>111</gpxtpx:hr>
     </gpxtpx:TrackPointExtension>
    </extensions>
   </trkpt>
   <trkpt lat="-33.4634160" lon="151.0330890">
    <ele>-50.8</ele>
    <time>2021-09-01T06:12:34Z</time>
    <extensions>
     <gpxtpx:TrackPointExtension>
      <gpxtpx:atemp>29</gpxtpx:atemp>
      <gpxtpx:hr>111</gpxtpx:hr>
     </gpxtpx:TrackPointExtension>
    </extensions>
   </trkpt>
   <trkpt lat="-33.4633900" lon="151.0330890">
    <ele>-50.4</ele>
    <time>2021-09-01T06:12:35Z</time>
    <extensions>
     <gpxtpx:TrackPointExtension>
      <gpxtpx:atemp>29</gpxtpx:atemp>
      <gpxtpx:hr>111</gpxtpx:hr>
     </gpxtpx:TrackPointExtension>
    </extensions>
   </trkpt>
   <trkpt lat="-33.4633050" lon="151.0331160">
    <ele>-49.6</ele>
    <time>2021-09-01T06:12:38Z</time>
    <extensions>
     <gpxtpx:TrackPointExtension>
      <gpxtpx:atemp>29</gpxtpx:atemp>
      <gpxtpx:hr>112</gpxtpx:hr>
     </gpxtpx:TrackPointExtension>
    </extensions>
   </trkpt>
   <trkpt lat="-33.4632590" lon="151.0331510">
    <ele>-49.0</ele>
    <time>2021-09-01T06:12:40Z</time>
    <extensions>
     <gpxtpx:TrackPointExtension>
      <gpxtpx:atemp>29</gpxtpx:atemp>
      <gpxtpx:hr>112</gpxtpx:hr>
     </gpxtpx:TrackPointExtension>
    </extensions>
   </trkpt>
   <trkpt lat="-33.4632380" lon="151.0331730">
    <ele>-48.4</ele>
    <time>2021-09-01T06:12:41Z</time>
    <extensions>
     <gpxtpx:TrackPointExtension>
      <gpxtpx:atemp>29</gpxtpx:atemp>
      <gpxtpx:hr>112</gpxtpx:hr>
     </gpxtpx:TrackPointExtension>
    </extensions>
   </trkpt>
   <trkpt lat="-33.4631540" lon="151.0332860">
    <ele>-47.2</ele>
    <time>2021-09-01T06:12:45Z</time>
    <extensions>
     <gpxtpx:TrackPointExtension>
      <gpxtpx:atemp>29</gpxtpx:atemp>
      <gpxtpx:hr>112</gpxtpx:hr>
     </gpxtpx:TrackPointExtension>
    </extensions>
   </trkpt>
   <trkpt lat="-33.4631240" lon="151.0333100">
    <ele>-46.8</ele>
    <time>2021-09-01T06:12:46Z</time>
    <extensions>
     <gpxtpx:TrackPointExtension>
      <gpxtpx:atemp>29</gpxtpx:atemp>
      <gpxtpx:hr>111</gpxtpx:hr>
     </gpxtpx:TrackPointExtension>
    </extensions>
   </trkpt>
   <trkpt lat="-33.4630540" lon="151.0333540">
    <ele>-46.2</ele>
    <time>2021-09-01T06:12:48Z</time>
    <extensions>
     <gpxtpx:TrackPointExtension>
      <gpxtpx:atemp>29</gpxtpx:atemp>
      <gpxtpx:hr>112</gpxtpx:hr>
     </gpxtpx:TrackPointExtension>
    </extensions>
   </trkpt>
   <trkpt lat="-33.4629250" lon="151.0334130">
    <ele>-45.2</ele>
    <time>2021-09-01T06:12:51Z</time>
    <extensions>
     <gpxtpx:TrackPointExtension>
      <gpxtpx:atemp>29</gpxtpx:atemp>
      <gpxtpx:hr>113</gpxtpx:hr>
     </gpxtpx:TrackPointExtension>
    </extensions>
   </trkpt>
   <trkpt lat="-33.4628830" lon="151.0334220">
    <ele>-45.0</ele>
    <time>2021-09-01T06:12:52Z</time>
    <extensions>
     <gpxtpx:TrackPointExtension>
      <gpxtpx:atemp>29</gpxtpx:atemp>
      <gpxtpx:hr>113</gpxtpx:hr>
     </gpxtpx:TrackPointExtension>
    </extensions>
   </trkpt>
   <trkpt lat="-33.4626900" lon="151.0334820">
    <ele>-44.2</ele>
    <time>2021-09-01T06:12:57Z</time>
    <extensions>
     <gpxtpx:TrackPointExtension>
      <gpxtpx:atemp>29</gpxtpx:atemp>
      <gpxtpx:hr>115</gpxtpx:hr>
     </gpxtpx:TrackPointExtension>
    </extensions>
   </trkpt>
   <trkpt lat="-33.4626500" lon="151.0334990">
    <ele>-43.6</ele>
    <time>2021-09-01T06:12:58Z</time>
    <extensions>
     <gpxtpx:TrackPointExtension>
      <gpxtpx:atemp>29</gpxtpx:atemp>
      <gpxtpx:hr>115</gpxtpx:hr>
     </gpxtpx:TrackPointExtension>
    </extensions>
   </trkpt>
   <trkpt lat="-33.4625600" lon="151.0335490">
    <ele>-43.0</ele>
    <time>2021-09-01T06:13:00Z</time>
    <extensions>
     <gpxtpx:TrackPointExtension>
      <gpxtpx:atemp>29</gpxtpx:atemp>
      <gpxtpx:hr>116</gpxtpx:hr>
     </gpxtpx:TrackPointExtension>
    </extensions>
   </trkpt>
   <trkpt lat="-33.4624550" lon="151.0336020">
    <ele>-42.4</ele>
    <time>2021-09-01T06:13:02Z</time>
    <extensions>
     <gpxtpx:TrackPointExtension>
      <gpxtpx:atemp>29</gpxtpx:atemp>
      <gpxtpx:hr>117</gpxtpx:hr>
     </gpxtpx:TrackPointExtension>
    </extensions>
   </trkpt>
   <trkpt lat="-33.4623930" lon="151.0336470">
    <ele>-42.0</ele>
    <time>2021-09-01T06:13:03Z</time>
    <extensions>
     <gpxtpx:TrackPointExtension>
      <gpxtpx:atemp>29</gpxtpx:atemp>
      <gpxtpx:hr>117</gpxtpx:hr>
     </gpxtpx:TrackPointExtension>
    </extensions>
   </trkpt>
   <trkpt lat="-33.4623040" lon="151.0337550">
    <ele>-41.6</ele>
    <time>2021-09-01T06:13:05Z</time>
    <extensions>
     <gpxtpx:TrackPointExtension>
      <gpxtpx:atemp>29</gpxtpx:atemp>
      <gpxtpx:hr>117</gpxtpx:hr>
     </gpxtpx:TrackPointExtension>
    </extensions>
   </trkpt>
   <trkpt lat="-33.4622520" lon="151.0338030">
    <ele>-41.4</ele>
    <time>2021-09-01T06:13:06Z</time>
    <extensions>
     <gpxtpx:TrackPointExtension>
      <gpxtpx:atemp>29</gpxtpx:atemp>
      <gpxtpx:hr>117</gpxtpx:hr>
     </gpxtpx:TrackPointExtension>
    </extensions>
   </trkpt>
   <trkpt lat="-33.4621690" lon="151.0338690">
    <ele>-40.8</ele>
    <time>2021-09-01T06:13:08Z</time>
    <extensions>
     <gpxtpx:TrackPointExtension>
      <gpxtpx:atemp>29</gpxtpx:atemp>
      <gpxtpx:hr>117</gpxtpx:hr>
     </gpxtpx:TrackPointExtension>
    </extensions>
   </trkpt>
   <trkpt lat="-33.4621070" lon="151.0339160">
    <ele>-40.4</ele>
    <time>2021-09-01T06:13:10Z</time>
    <extensions>
     <gpxtpx:TrackPointExtension>
      <gpxtpx:atemp>29</gpxtpx:atemp>
      <gpxtpx:hr>116</gpxtpx:hr>
     </gpxtpx:TrackPointExtension>
    </extensions>
   </trkpt>
   <trkpt lat="-33.4620610" lon="151.0339430">
    <ele>-40.2</ele>
    <time>2021-09-01T06:13:12Z</time>
    <extensions>
     <gpxtpx:TrackPointExtension>
      <gpxtpx:atemp>29</gpxtpx:atemp>
      <gpxtpx:hr>114</gpxtpx:hr>
     </gpxtpx:TrackPointExtension>
    </extensions>
   </trkpt>
   <trkpt lat="-33.4620450" lon="151.0339550">
    <ele>-40.6</ele>
    <time>2021-09-01T06:13:16Z</time>
    <extensions>
     <gpxtpx:TrackPointExtension>
      <gpxtpx:atemp>29</gpxtpx:atemp>
      <gpxtpx:hr>111</gpxtpx:hr>
     </gpxtpx:TrackPointExtension>
    </extensions>
   </trkpt>
   <trkpt lat="-33.4620440" lon="151.0339550">
    <ele>-40.6</ele>
    <time>2021-09-01T06:13:18Z</time>
    <extensions>
     <gpxtpx:TrackPointExtension>
      <gpxtpx:atemp>29</gpxtpx:atemp>
      <gpxtpx:hr>109</gpxtpx:hr>
     </gpxtpx:TrackPointExtension>
    </extensions>
   </trkpt>
   <trkpt lat="-33.4620370" lon="151.0339550">
    <ele>-40.8</ele>
    <time>2021-09-01T06:13:27Z</time>
    <extensions>
     <gpxtpx:TrackPointExtension>
      <gpxtpx:atemp>29</gpxtpx:atemp>
      <gpxtpx:hr>110</gpxtpx:hr>
     </gpxtpx:TrackPointExtension>
    </extensions>
   </trkpt>
   <trkpt lat="-33.4620310" lon="151.0339560">
    <ele>-40.8</ele>
    <time>2021-09-01T06:13:28Z</time>
    <extensions>
     <gpxtpx:TrackPointExtension>
      <gpxtpx:atemp>29</gpxtpx:atemp>
      <gpxtpx:hr>111</gpxtpx:hr>
     </gpxtpx:TrackPointExtension>
    </extensions>
   </trkpt>
   <trkpt lat="-33.4619980" lon="151.0339690">
    <ele>-41.0</ele>
    <time>2021-09-01T06:13:30Z</time>
    <extensions>
     <gpxtpx:TrackPointExtension>
      <gpxtpx:atemp>29</gpxtpx:atemp>
      <gpxtpx:hr>114</gpxtpx:hr>
     </gpxtpx:TrackPointExtension>
    </extensions>
   </trkpt>
   <trkpt lat="-33.4619730" lon="151.0339820">
    <ele>-40.6</ele>
    <time>2021-09-01T06:13:31Z</time>
    <extensions>
     <gpxtpx:TrackPointExtension>
      <gpxtpx:atemp>29</gpxtpx:atemp>
      <gpxtpx:hr>115</gpxtpx:hr>
     </gpxtpx:TrackPointExtension>
    </extensions>
   </trkpt>
   <trkpt lat="-33.4618770" lon="151.0340590">
    <ele>-39.6</ele>
    <time>2021-09-01T06:13:34Z</time>
    <extensions>
     <gpxtpx:TrackPointExtension>
      <gpxtpx:atemp>29</gpxtpx:atemp>
      <gpxtpx:hr>115</gpxtpx:hr>
     </gpxtpx:TrackPointExtension>
    </extensions>
   </trkpt>
   <trkpt lat="-33.4618400" lon="151.0340870">
    <ele>-39.0</ele>
    <time>2021-09-01T06:13:35Z</time>
    <extensions>
     <gpxtpx:TrackPointExtension>
      <gpxtpx:atemp>29</gpxtpx:atemp>
      <gpxtpx:hr>115</gpxtpx:hr>
     </gpxtpx:TrackPointExtension>
    </extensions>
   </trkpt>
   <trkpt lat="-33.4617190" lon="151.0341560">
    <ele>-37.8</ele>
    <time>2021-09-01T06:13:38Z</time>
    <extensions>
     <gpxtpx:TrackPointExtension>
      <gpxtpx:atemp>29</gpxtpx:atemp>
      <gpxtpx:hr>115</gpxtpx:hr>
     </gpxtpx:TrackPointExtension>
    </extensions>
   </trkpt>
   <trkpt lat="-33.4615760" lon="151.0342460">
    <ele>-37.0</ele>
    <time>2021-09-01T06:13:41Z</time>
    <extensions>
     <gpxtpx:TrackPointExtension>
      <gpxtpx:atemp>29</gpxtpx:atemp>
      <gpxtpx:hr>114</gpxtpx:hr>
     </gpxtpx:TrackPointExtension>
    </extensions>
   </trkpt>
   <trkpt lat="-33.4615300" lon="151.0342660">
    <ele>-36.8</ele>
    <time>2021-09-01T06:13:42Z</time>
    <extensions>
     <gpxtpx:TrackPointExtension>
      <gpxtpx:atemp>29</gpxtpx:atemp>
      <gpxtpx:hr>110</gpxtpx:hr>
     </gpxtpx:TrackPointExtension>
    </extensions>
   </trkpt>
   <trkpt lat="-33.4614260" lon="151.0342500">
    <ele>-36.6</ele>
    <time>2021-09-01T06:13:44Z</time>
    <extensions>
     <gpxtpx:TrackPointExtension>
      <gpxtpx:atemp>29</gpxtpx:atemp>
      <gpxtpx:hr>106</gpxtpx:hr>
     </gpxtpx:TrackPointExtension>
    </extensions>
   </trkpt>
   <trkpt lat="-33.4613630" lon="151.0342270">
    <ele>-36.6</ele>
    <time>2021-09-01T06:13:45Z</time>
    <extensions>
     <gpxtpx:TrackPointExtension>
      <gpxtpx:atemp>29</gpxtpx:atemp>
      <gpxtpx:hr>106</gpxtpx:hr>
     </gpxtpx:TrackPointExtension>
    </extensions>
   </trkpt>
   <trkpt lat="-33.4613020" lon="151.0342050">
    <ele>-36.4</ele>
    <time>2021-09-01T06:13:46Z</time>
    <extensions>
     <gpxtpx:TrackPointExtension>
      <gpxtpx:atemp>29</gpxtpx:atemp>
      <gpxtpx:hr>106</gpxtpx:hr>
     </gpxtpx:TrackPointExtension>
    </extensions>
   </trkpt>
   <trkpt lat="-33.4612250" lon="151.0342120">
    <ele>-35.6</ele>
    <time>2021-09-01T06:13:48Z</time>
    <extensions>
     <gpxtpx:TrackPointExtension>
      <gpxtpx:atemp>29</gpxtpx:atemp>
      <gpxtpx:hr>106</gpxtpx:hr>
     </gpxtpx:TrackPointExtension>
    </extensions>
   </trkpt>
   <trkpt lat="-33.4611990" lon="151.0342640">
    <ele>-35.0</ele>
    <time>2021-09-01T06:13:50Z</time>
    <extensions>
     <gpxtpx:TrackPointExtension>
      <gpxtpx:atemp>29</gpxtpx:atemp>
      <gpxtpx:hr>106</gpxtpx:hr>
     </gpxtpx:TrackPointExtension>
    </extensions>
   </trkpt>
   <trkpt lat="-33.4612130" lon="151.0342960">
    <ele>-34.6</ele>
    <time>2021-09-01T06:13:51Z</time>
    <extensions>
     <gpxtpx:TrackPointExtension>
      <gpxtpx:atemp>29</gpxtpx:atemp>
      <gpxtpx:hr>105</gpxtpx:hr>
     </gpxtpx:TrackPointExtension>
    </extensions>
   </trkpt>
   <trkpt lat="-33.4612320" lon="151.0343290">
    <ele>-34.4</ele>
    <time>2021-09-01T06:13:52Z</time>
    <extensions>
     <gpxtpx:TrackPointExtension>
      <gpxtpx:atemp>29</gpxtpx:atemp>
      <gpxtpx:hr>105</gpxtpx:hr>
     </gpxtpx:TrackPointExtension>
    </extensions>
   </trkpt>
   <trkpt lat="-33.4612600" lon="151.0344040">
    <ele>-32.8</ele>
    <time>2021-09-01T06:13:54Z</time>
    <extensions>
     <gpxtpx:TrackPointExtension>
      <gpxtpx:atemp>29</gpxtpx:atemp>
      <gpxtpx:hr>104</gpxtpx:hr>
     </gpxtpx:TrackPointExtension>
    </extensions>
   </trkpt>
   <trkpt lat="-33.4612630" lon="151.0344420">
    <ele>-32.0</ele>
    <time>2021-09-01T06:13:55Z</time>
    <extensions>
     <gpxtpx:TrackPointExtension>
      <gpxtpx:atemp>29</gpxtpx:atemp>
      <gpxtpx:hr>104</gpxtpx:hr>
     </gpxtpx:TrackPointExtension>
    </extensions>
   </trkpt>
   <trkpt lat="-33.4612590" lon="151.0345240">
    <ele>-31.2</ele>
    <time>2021-09-01T06:13:57Z</time>
    <extensions>
     <gpxtpx:TrackPointExtension>
      <gpxtpx:atemp>29</gpxtpx:atemp>
      <gpxtpx:hr>104</gpxtpx:hr>
     </gpxtpx:TrackPointExtension>
    </extensions>
   </trkpt>
   <trkpt lat="-33.4612460" lon="151.0346490">
    <ele>-30.2</ele>
    <time>2021-09-01T06:14:00Z</time>
    <extensions>
     <gpxtpx:TrackPointExtension>
      <gpxtpx:atemp>29</gpxtpx:atemp>
      <gpxtpx:hr>104</gpxtpx:hr>
     </gpxtpx:TrackPointExtension>
    </extensions>
   </trkpt>
   <trkpt lat="-33.4612270" lon="151.0346850">
    <ele>-29.8</ele>
    <time>2021-09-01T06:14:01Z</time>
    <extensions>
     <gpxtpx:TrackPointExtension>
      <gpxtpx:atemp>29</gpxtpx:atemp>
      <gpxtpx:hr>104</gpxtpx:hr>
     </gpxtpx:TrackPointExtension>
    </extensions>
   </trkpt>
   <trkpt lat="-33.4611730" lon="151.0347530">
    <ele>-28.2</ele>
    <time>2021-09-01T06:14:03Z</time>
    <extensions>
     <gpxtpx:TrackPointExtension>
      <gpxtpx:atemp>29</gpxtpx:atemp>
      <gpxtpx:hr>105</gpxtpx:hr>
     </gpxtpx:TrackPointExtension>
    </extensions>
   </trkpt>
   <trkpt lat="-33.4611110" lon="151.0347840">
    <ele>-27.4</ele>
    <time>2021-09-01T06:14:05Z</time>
    <extensions>
     <gpxtpx:TrackPointExtension>
      <gpxtpx:atemp>29</gpxtpx:atemp>
      <gpxtpx:hr>105</gpxtpx:hr>
     </gpxtpx:TrackPointExtension>
    </extensions>
   </trkpt>
   <trkpt lat="-33.4610740" lon="151.0347960">
    <ele>-27.0</ele>
    <time>2021-09-01T06:14:06Z</time>
    <extensions>
     <gpxtpx:TrackPointExtension>
      <gpxtpx:atemp>29</gpxtpx:atemp>
      <gpxtpx:hr>105</gpxtpx:hr>
     </gpxtpx:TrackPointExtension>
    </extensions>
   </trkpt>
   <trkpt lat="-33.4609550" lon="151.0348530">
    <ele>-26.4</ele>
    <time>2021-09-01T06:14:09Z</time>
    <extensions>
     <gpxtpx:TrackPointExtension>
      <gpxtpx:atemp>28</gpxtpx:atemp>
      <gpxtpx:hr>105</gpxtpx:hr>
     </gpxtpx:TrackPointExtension>
    </extensions>
   </trkpt>
   <trkpt lat="-33.4609160" lon="151.0348810">
    <ele>-26.0</ele>
    <time>2021-09-01T06:14:10Z</time>
    <extensions>
     <gpxtpx:TrackPointExtension>
      <gpxtpx:atemp>28</gpxtpx:atemp>
      <gpxtpx:hr>105</gpxtpx:hr>
     </gpxtpx:TrackPointExtension>
    </extensions>
   </trkpt>
   <trkpt lat="-33.4608840" lon="151.0349070">
    <ele>-25.8</ele>
    <time>2021-09-01T06:14:11Z</time>
    <extensions>
     <gpxtpx:TrackPointExtension>
      <gpxtpx:atemp>28</gpxtpx:atemp>
      <gpxtpx:hr>105</gpxtpx:hr>
     </gpxtpx:TrackPointExtension>
    </extensions>
   </trkpt>
   <trkpt lat="-33.4608190" lon="151.0349760">
    <ele>-25.0</ele>
    <time>2021-09-01T06:14:14Z</time>
    <extensions>
     <gpxtpx:TrackPointExtension>
      <gpxtpx:atemp>28</gpxtpx:atemp>
      <gpxtpx:hr>105</gpxtpx:hr>
     </gpxtpx:TrackPointExtension>
    </extensions>
   </trkpt>
   <trkpt lat="-33.4608070" lon="151.0349940">
    <ele>-24.8</ele>
    <time>2021-09-01T06:14:15Z</time>
    <extensions>
     <gpxtpx:TrackPointExtension>
      <gpxtpx:atemp>28</gpxtpx:atemp>
      <gpxtpx:hr>106</gpxtpx:hr>
     </gpxtpx:TrackPointExtension>
    </extensions>
   </trkpt>
   <trkpt lat="-33.4607530" lon="151.0350370">
    <ele>-23.6</ele>
    <time>2021-09-01T06:14:17Z</time>
    <extensions>
     <gpxtpx:TrackPointExtension>
      <gpxtpx:atemp>28</gpxtpx:atemp>
      <gpxtpx:hr>106</gpxtpx:hr>
     </gpxtpx:TrackPointExtension>
    </extensions>
   </trkpt>
   <trkpt lat="-33.4607230" lon="151.0350580">
    <ele>-23.2</ele>
    <time>2021-09-01T06:14:18Z</time>
    <extensions>
     <gpxtpx:TrackPointExtension>
      <gpxtpx:atemp>28</gpxtpx:atemp>
      <gpxtpx:hr>106</gpxtpx:hr>
     </gpxtpx:TrackPointExtension>
    </extensions>
   </trkpt>
   <trkpt lat="-33.4606660" lon="151.0350980">
    <ele>-22.4</ele>
    <time>2021-09-01T06:14:20Z</time>
    <extensions>
     <gpxtpx:TrackPointExtension>
      <gpxtpx:atemp>28</gpxtpx:atemp>
      <gpxtpx:hr>106</gpxtpx:hr>
     </gpxtpx:TrackPointExtension>
    </extensions>
   </trkpt>
   <trkpt lat="-33.4605290" lon="151.0352120">
    <ele>-21.4</ele>
    <time>2021-09-01T06:14:24Z</time>
    <extensions>
     <gpxtpx:TrackPointExtension>
      <gpxtpx:atemp>28</gpxtpx:atemp>
      <gpxtpx:hr>107</gpxtpx:hr>
     </gpxtpx:TrackPointExtension>
    </extensions>
   </trkpt>
   <trkpt lat="-33.4605020" lon="151.0352420">
    <ele>-21.4</ele>
    <time>2021-09-01T06:14:25Z</time>
    <extensions>
     <gpxtpx:TrackPointExtension>
      <gpxtpx:atemp>28</gpxtpx:atemp>
      <gpxtpx:hr>107</gpxtpx:hr>
     </gpxtpx:TrackPointExtension>
    </extensions>
   </trkpt>
   <trkpt lat="-33.4604070" lon="151.0353610">
    <ele>-19.8</ele>
    <time>2021-09-01T06:14:29Z</time>
    <extensions>
     <gpxtpx:TrackPointExtension>
      <gpxtpx:atemp>28</gpxtpx:atemp>
      <gpxtpx:hr>107</gpxtpx:hr>
     </gpxtpx:TrackPointExtension>
    </extensions>
   </trkpt>
   <trkpt lat="-33.4603360" lon="151.0354010">
    <ele>-18.6</ele>
    <time>2021-09-01T06:14:31Z</time>
    <extensions>
     <gpxtpx:TrackPointExtension>
      <gpxtpx:atemp>28</gpxtpx:atemp>
      <gpxtpx:hr>106</gpxtpx:hr>
     </gpxtpx:TrackPointExtension>
    </extensions>
   </trkpt>
   <trkpt lat="-33.4602330" lon="151.0354370">
    <ele>-18.0</ele>
    <time>2021-09-01T06:14:33Z</time>
    <extensions>
     <gpxtpx:TrackPointExtension>
      <gpxtpx:atemp>28</gpxtpx:atemp>
      <gpxtpx:hr>106</gpxtpx:hr>
     </gpxtpx:TrackPointExtension>
    </extensions>
   </trkpt>
   <trkpt lat="-33.4601380" lon="151.0354650">
    <ele>-17.6</ele>
    <time>2021-09-01T06:14:35Z</time>
    <extensions>
     <gpxtpx:TrackPointExtension>
      <gpxtpx:atemp>28</gpxtpx:atemp>
      <gpxtpx:hr>106</gpxtpx:hr>
     </gpxtpx:TrackPointExtension>
    </extensions>
   </trkpt>
   <trkpt lat="-33.4600760" lon="151.0354970">
    <ele>-16.4</ele>
    <time>2021-09-01T06:14:37Z</time>
    <extensions>
     <gpxtpx:TrackPointExtension>
      <gpxtpx:atemp>28</gpxtpx:atemp>
      <gpxtpx:hr>106</gpxtpx:hr>
     </gpxtpx:TrackPointExtension>
    </extensions>
   </trkpt>
   <trkpt lat="-33.4600530" lon="151.0355200">
    <ele>-15.6</ele>
    <time>2021-09-01T06:14:38Z</time>
    <extensions>
     <gpxtpx:TrackPointExtension>
      <gpxtpx:atemp>28</gpxtpx:atemp>
      <gpxtpx:hr>106</gpxtpx:hr>
     </gpxtpx:TrackPointExtension>
    </extensions>
   </trkpt>
   <trkpt lat="-33.4600320" lon="151.0355420">
    <ele>-15.0</ele>
    <time>2021-09-01T06:14:39Z</time>
    <extensions>
     <gpxtpx:TrackPointExtension>
      <gpxtpx:atemp>28</gpxtpx:atemp>
      <gpxtpx:hr>106</gpxtpx:hr>
     </gpxtpx:TrackPointExtension>
    </extensions>
   </trkpt>
   <trkpt lat="-33.4599830" lon="151.0355960">
    <ele>-13.6</ele>
    <time>2021-09-01T06:14:42Z</time>
    <extensions>
     <gpxtpx:TrackPointExtension>
      <gpxtpx:atemp>28</gpxtpx:atemp>
      <gpxtpx:hr>105</gpxtpx:hr>
     </gpxtpx:TrackPointExtension>
    </extensions>
   </trkpt>
   <trkpt lat="-33.4599870" lon="151.0356230">
    <ele>-13.4</ele>
    <time>2021-09-01T06:14:43Z</time>
    <extensions>
     <gpxtpx:TrackPointExtension>
      <gpxtpx:atemp>28</gpxtpx:atemp>
      <gpxtpx:hr>104</gpxtpx:hr>
     </gpxtpx:TrackPointExtension>
    </extensions>
   </trkpt>
   <trkpt lat="-33.4600310" lon="151.0355940">
    <ele>-13.0</ele>
    <time>2021-09-01T06:14:47Z</time>
    <extensions>
     <gpxtpx:TrackPointExtension>
      <gpxtpx:atemp>28</gpxtpx:atemp>
      <gpxtpx:hr>105</gpxtpx:hr>
     </gpxtpx:TrackPointExtension>
    </extensions>
   </trkpt>
   <trkpt lat="-33.4600850" lon="151.0355140">
    <ele>-14.6</ele>
    <time>2021-09-01T06:14:51Z</time>
    <extensions>
     <gpxtpx:TrackPointExtension>
      <gpxtpx:atemp>28</gpxtpx:atemp>
      <gpxtpx:hr>106</gpxtpx:hr>
     </gpxtpx:TrackPointExtension>
    </extensions>
   </trkpt>
   <trkpt lat="-33.4601040" lon="151.0355030">
    <ele>-15.2</ele>
    <time>2021-09-01T06:14:52Z</time>
    <extensions>
     <gpxtpx:TrackPointExtension>
      <gpxtpx:atemp>28</gpxtpx:atemp>
      <gpxtpx:hr>106</gpxtpx:hr>
     </gpxtpx:TrackPointExtension>
    </extensions>
   </trkpt>
   <trkpt lat="-33.4601340" lon="151.0354960">
    <ele>-15.8</ele>
    <time>2021-09-01T06:14:53Z</time>
    <extensions>
     <gpxtpx:TrackPointExtension>
      <gpxtpx:atemp>28</gpxtpx:atemp>
      <gpxtpx:hr>105</gpxtpx:hr>
     </gpxtpx:TrackPointExtension>
    </extensions>
   </trkpt>
   <trkpt lat="-33.4601580" lon="151.0354840">
    <ele>-16.4</ele>
    <time>2021-09-01T06:14:54Z</time>
    <extensions>
     <gpxtpx:TrackPointExtension>
      <gpxtpx:atemp>28</gpxtpx:atemp>
      <gpxtpx:hr>104</gpxtpx:hr>
     </gpxtpx:TrackPointExtension>
    </extensions>
   </trkpt>
   <trkpt lat="-33.4602240" lon="151.0354510">
    <ele>-17.8</ele>
    <time>2021-09-01T06:14:57Z</time>
    <extensions>
     <gpxtpx:TrackPointExtension>
      <gpxtpx:atemp>28</gpxtpx:atemp>
      <gpxtpx:hr>104</gpxtpx:hr>
     </gpxtpx:TrackPointExtension>
    </extensions>
   </trkpt>
   <trkpt lat="-33.4602460" lon="151.0354470">
    <ele>-18.0</ele>
    <time>2021-09-01T06:14:58Z</time>
    <extensions>
     <gpxtpx:TrackPointExtension>
      <gpxtpx:atemp>28</gpxtpx:atemp>
      <gpxtpx:hr>104</gpxtpx:hr>
     </gpxtpx:TrackPointExtension>
    </extensions>
   </trkpt>
   <trkpt lat="-33.4603130" lon="151.0354550">
    <ele>-18.4</ele>
    <time>2021-09-01T06:15:02Z</time>
    <extensions>
     <gpxtpx:TrackPointExtension>
      <gpxtpx:atemp>28</gpxtpx:atemp>
      <gpxtpx:hr>105</gpxtpx:hr>
     </gpxtpx:TrackPointExtension>
    </extensions>
   </trkpt>
   <trkpt lat="-33.4603330" lon="151.0354480">
    <ele>-18.4</ele>
    <time>2021-09-01T06:15:03Z</time>
    <extensions>
     <gpxtpx:TrackPointExtension>
      <gpxtpx:atemp>28</gpxtpx:atemp>
      <gpxtpx:hr>105</gpxtpx:hr>
     </gpxtpx:TrackPointExtension>
    </extensions>
   </trkpt>
   <trkpt lat="-33.4603830" lon="151.0353900">
    <ele>-19.0</ele>
    <time>2021-09-01T06:15:06Z</time>
    <extensions>
     <gpxtpx:TrackPointExtension>
      <gpxtpx:atemp>28</gpxtpx:atemp>
      <gpxtpx:hr>105</gpxtpx:hr>
     </gpxtpx:TrackPointExtension>
    </extensions>
   </trkpt>
   <trkpt lat="-33.4604090" lon="151.0353570">
    <ele>-20.0</ele>
    <time>2021-09-01T06:15:08Z</time>
    <extensions>
     <gpxtpx:TrackPointExtension>
      <gpxtpx:atemp>28</gpxtpx:atemp>
      <gpxtpx:hr>104</gpxtpx:hr>
     </gpxtpx:TrackPointExtension>
    </extensions>
   </trkpt>
   <trkpt lat="-33.4604070" lon="151.0353440">
    <ele>-21.0</ele>
    <time>2021-09-01T06:15:12Z</time>
    <extensions>
     <gpxtpx:TrackPointExtension>
      <gpxtpx:atemp>28</gpxtpx:atemp>
      <gpxtpx:hr>102</gpxtpx:hr>
     </gpxtpx:TrackPointExtension>
    </extensions>
   </trkpt>
   <trkpt lat="-33.4603970" lon="151.0353360">
    <ele>-21.0</ele>
    <time>2021-09-01T06:15:13Z</time>
    <extensions>
     <gpxtpx:TrackPointExtension>
      <gpxtpx:atemp>28</gpxtpx:atemp>
      <gpxtpx:hr>102</gpxtpx:hr>
     </gpxtpx:TrackPointExtension>
    </extensions>
   </trkpt>
   <trkpt lat="-33.4603850" lon="151.0353330">
    <ele>-21.2</ele>
    <time>2021-09-01T06:15:14Z</time>
    <extensions>
     <gpxtpx:TrackPointExtension>
      <gpxtpx:atemp>28</gpxtpx:atemp>
      <gpxtpx:hr>101</gpxtpx:hr>
     </gpxtpx:TrackPointExtension>
    </extensions>
   </trkpt>
   <trkpt lat="-33.4603750" lon="151.0353500">
    <ele>-21.2</ele>
    <time>2021-09-01T06:15:16Z</time>
    <extensions>
     <gpxtpx:TrackPointExtension>
      <gpxtpx:atemp>28</gpxtpx:atemp>
      <gpxtpx:hr>100</gpxtpx:hr>
     </gpxtpx:TrackPointExtension>
    </extensions>
   </trkpt>
   <trkpt lat="-33.4602960" lon="151.0354400">
    <ele>-20.0</ele>
    <time>2021-09-01T06:15:20Z</time>
    <extensions>
     <gpxtpx:TrackPointExtension>
      <gpxtpx:atemp>28</gpxtpx:atemp>
      <gpxtpx:hr>100</gpxtpx:hr>
     </gpxtpx:TrackPointExtension>
    </extensions>
   </trkpt>
   <trkpt lat="-33.4601980" lon="151.0354730">
    <ele>-18.8</ele>
    <time>2021-09-01T06:15:23Z</time>
    <extensions>
     <gpxtpx:TrackPointExtension>
      <gpxtpx:atemp>28</gpxtpx:atemp>
      <gpxtpx:hr>100</gpxtpx:hr>
     </gpxtpx:TrackPointExtension>
    </extensions>
   </trkpt>
   <trkpt lat="-33.4601620" lon="151.0354940">
    <ele>-18.4</ele>
    <time>2021-09-01T06:15:24Z</time>
    <extensions>
     <gpxtpx:TrackPointExtension>
      <gpxtpx:atemp>28</gpxtpx:atemp>
      <gpxtpx:hr>100</gpxtpx:hr>
     </gpxtpx:TrackPointExtension>
    </extensions>
   </trkpt>
   <trkpt lat="-33.4600750" lon="151.0355310">
    <ele>-17.4</ele>
    <time>2021-09-01T06:15:26Z</time>
    <extensions>
     <gpxtpx:TrackPointExtension>
      <gpxtpx:atemp>28</gpxtpx:atemp>
      <gpxtpx:hr>100</gpxtpx:hr>
     </gpxtpx:TrackPointExtension>
    </extensions>
   </trkpt>
   <trkpt lat="-33.4600370" lon="151.0355550">
    <ele>-16.8</ele>
    <time>2021-09-01T06:15:27Z</time>
    <extensions>
     <gpxtpx:TrackPointExtension>
      <gpxtpx:atemp>28</gpxtpx:atemp>
      <gpxtpx:hr>100</gpxtpx:hr>
     </gpxtpx:TrackPointExtension>
    </extensions>
   </trkpt>
   <trkpt lat="-33.4600090" lon="151.0355830">
    <ele>-15.8</ele>
    <time>2021-09-01T06:15:28Z</time>
    <extensions>
     <gpxtpx:TrackPointExtension>
      <gpxtpx:atemp>28</gpxtpx:atemp>
      <gpxtpx:hr>100</gpxtpx:hr>
     </gpxtpx:TrackPointExtension>
    </extensions>
   </trkpt>
   <trkpt lat="-33.4599670" lon="151.0356550">
    <ele>-14.6</ele>
    <time>2021-09-01T06:15:30Z</time>
    <extensions>
     <gpxtpx:TrackPointExtension>
      <gpxtpx:atemp>28</gpxtpx:atemp>
      <gpxtpx:hr>102</gpxtpx:hr>
     </gpxtpx:TrackPointExtension>
    </extensions>
   </trkpt>
   <trkpt lat="-33.4599630" lon="151.0357280">
    <ele>-13.0</ele>
    <time>2021-09-01T06:15:32Z</time>
    <extensions>
     <gpxtpx:TrackPointExtension>
      <gpxtpx:atemp>28</gpxtpx:atemp>
      <gpxtpx:hr>103</gpxtpx:hr>
     </gpxtpx:TrackPointExtension>
    </extensions>
   </trkpt>
   <trkpt lat="-33.4599690" lon="151.0357850">
    <ele>-12.0</ele>
    <time>2021-09-01T06:15:33Z</time>
    <extensions>
     <gpxtpx:TrackPointExtension>
      <gpxtpx:atemp>28</gpxtpx:atemp>
      <gpxtpx:hr>104</gpxtpx:hr>
     </gpxtpx:TrackPointExtension>
    </extensions>
   </trkpt>
   <trkpt lat="-33.4599770" lon="151.0358420">
    <ele>-11.2</ele>
    <time>2021-09-01T06:15:34Z</time>
    <extensions>
     <gpxtpx:TrackPointExtension>
      <gpxtpx:atemp>28</gpxtpx:atemp>
      <gpxtpx:hr>104</gpxtpx:hr>
     </gpxtpx:TrackPointExtension>
    </extensions>
   </trkpt>
   <trkpt lat="-33.4599840" lon="151.0358980">
    <ele>-10.4</ele>
    <time>2021-09-01T06:15:35Z</time>
    <extensions>
     <gpxtpx:TrackPointExtension>
      <gpxtpx:atemp>28</gpxtpx:atemp>
      <gpxtpx:hr>105</gpxtpx:hr>
     </gpxtpx:TrackPointExtension>
    </extensions>
   </trkpt>
   <trkpt lat="-33.4599800" lon="151.0359510">
    <ele>-9.8</ele>
    <time>2021-09-01T06:15:36Z</time>
    <extensions>
     <gpxtpx:TrackPointExtension>
      <gpxtpx:atemp>28</gpxtpx:atemp>
      <gpxtpx:hr>105</gpxtpx:hr>
     </gpxtpx:TrackPointExtension>
    </extensions>
   </trkpt>
   <trkpt lat="-33.4599590" lon="151.0360300">
    <ele>-8.8</ele>
    <time>2021-09-01T06:15:38Z</time>
    <extensions>
     <gpxtpx:TrackPointExtension>
      <gpxtpx:atemp>28</gpxtpx:atemp>
      <gpxtpx:hr>105</gpxtpx:hr>
     </gpxtpx:TrackPointExtension>
    </extensions>
   </trkpt>
   <trkpt lat="-33.4599120" lon="151.0361250">
    <ele>-7.4</ele>
    <time>2021-09-01T06:15:41Z</time>
    <extensions>
     <gpxtpx:TrackPointExtension>
      <gpxtpx:atemp>28</gpxtpx:atemp>
      <gpxtpx:hr>105</gpxtpx:hr>
     </gpxtpx:TrackPointExtension>
    </extensions>
   </trkpt>
   <trkpt lat="-33.4598710" lon="151.0361770">
    <ele>-7.0</ele>
    <time>2021-09-01T06:15:43Z</time>
    <extensions>
     <gpxtpx:TrackPointExtension>
      <gpxtpx:atemp>28</gpxtpx:atemp>
      <gpxtpx:hr>107</gpxtpx:hr>
     </gpxtpx:TrackPointExtension>
    </extensions>
   </trkpt>
   <trkpt lat="-33.4598240" lon="151.0361980">
    <ele>-7.0</ele>
    <time>2021-09-01T06:15:45Z</time>
    <extensions>
     <gpxtpx:TrackPointExtension>
      <gpxtpx:atemp>28</gpxtpx:atemp>
      <gpxtpx:hr>109</gpxtpx:hr>
     </gpxtpx:TrackPointExtension>
    </extensions>
   </trkpt>
   <trkpt lat="-33.4597070" lon="151.0361230">
    <ele>-6.8</ele>
    <time>2021-09-01T06:15:49Z</time>
    <extensions>
     <gpxtpx:TrackPointExtension>
      <gpxtpx:atemp>28</gpxtpx:atemp>
      <gpxtpx:hr>109</gpxtpx:hr>
     </gpxtpx:TrackPointExtension>
    </extensions>
   </trkpt>
   <trkpt lat="-33.4595030" lon="151.0358960">
    <ele>-6.8</ele>
    <time>2021-09-01T06:15:54Z</time>
    <extensions>
     <gpxtpx:TrackPointExtension>
      <gpxtpx:atemp>28</gpxtpx:atemp>
      <gpxtpx:hr>109</gpxtpx:hr>
     </gpxtpx:TrackPointExtension>
    </extensions>
   </trkpt>
   <trkpt lat="-33.4592580" lon="151.0356390">
    <ele>-6.6</ele>
    <time>2021-09-01T06:16:00Z</time>
    <extensions>
     <gpxtpx:TrackPointExtension>
      <gpxtpx:atemp>28</gpxtpx:atemp>
      <gpxtpx:hr>108</gpxtpx:hr>
     </gpxtpx:TrackPointExtension>
    </extensions>
   </trkpt>
   <trkpt lat="-33.4592090" lon="151.0356120">
    <ele>-6.4</ele>
    <time>2021-09-01T06:16:02Z</time>
    <extensions>
     <gpxtpx:TrackPointExtension>
      <gpxtpx:atemp>28</gpxtpx:atemp>
      <gpxtpx:hr>107</gpxtpx:hr>
     </gpxtpx:TrackPointExtension>
    </extensions>
   </trkpt>
   <trkpt lat="-33.4591900" lon="151.0356050">
    <ele>-6.4</ele>
    <time>2021-09-01T06:16:04Z</time>
    <extensions>
     <gpxtpx:TrackPointExtension>
      <gpxtpx:atemp>28</gpxtpx:atemp>
      <gpxtpx:hr>108</gpxtpx:hr>
     </gpxtpx:TrackPointExtension>
    </extensions>
   </trkpt>
   <trkpt lat="-33.4591940" lon="151.0356110">
    <ele>-6.8</ele>
    <time>2021-09-01T06:16:06Z</time>
    <extensions>
     <gpxtpx:TrackPointExtension>
      <gpxtpx:atemp>28</gpxtpx:atemp>
      <gpxtpx:hr>111</gpxtpx:hr>
     </gpxtpx:TrackPointExtension>
    </extensions>
   </trkpt>
   <trkpt lat="-33.4591950" lon="151.0356100">
    <ele>-7.0</ele>
    <time>2021-09-01T06:16:08Z</time>
    <extensions>
     <gpxtpx:TrackPointExtension>
      <gpxtpx:atemp>28</gpxtpx:atemp>
      <gpxtpx:hr>107</gpxtpx:hr>
     </gpxtpx:TrackPointExtension>
    </extensions>
   </trkpt>
   <trkpt lat="-33.4591930" lon="151.0356110">
    <ele>-7.2</ele>
    <time>2021-09-01T06:16:09Z</time>
    <extensions>
     <gpxtpx:TrackPointExtension>
      <gpxtpx:atemp>28</gpxtpx:atemp>
      <gpxtpx:hr>107</gpxtpx:hr>
     </gpxtpx:TrackPointExtension>
    </extensions>
   </trkpt>
   <trkpt lat="-33.4591840" lon="151.0356100">
    <ele>-7.4</ele>
    <time>2021-09-01T06:16:13Z</time>
    <extensions>
     <gpxtpx:TrackPointExtension>
      <gpxtpx:atemp>28</gpxtpx:atemp>
      <gpxtpx:hr>105</gpxtpx:hr>
     </gpxtpx:TrackPointExtension>
    </extensions>
   </trkpt>
   <trkpt lat="-33.4591840" lon="151.0356080">
    <ele>-7.8</ele>
    <time>2021-09-01T06:16:21Z</time>
    <extensions>
     <gpxtpx:TrackPointExtension>
      <gpxtpx:atemp>28</gpxtpx:atemp>
      <gpxtpx:hr>105</gpxtpx:hr>
     </gpxtpx:TrackPointExtension>
    </extensions>
   </trkpt>
   <trkpt lat="-33.4591840" lon="151.0356090">
    <ele>-8.0</ele>
    <time>2021-09-01T06:16:24Z</time>
    <extensions>
     <gpxtpx:TrackPointExtension>
      <gpxtpx:atemp>28</gpxtpx:atemp>
      <gpxtpx:hr>102</gpxtpx:hr>
     </gpxtpx:TrackPointExtension>
    </extensions>
   </trkpt>
   <trkpt lat="-33.4591790" lon="151.0356010">
    <ele>-8.0</ele>
    <time>2021-09-01T06:16:33Z</time>
    <extensions>
     <gpxtpx:TrackPointExtension>
      <gpxtpx:atemp>28</gpxtpx:atemp>
      <gpxtpx:hr>99</gpxtpx:hr>
     </gpxtpx:TrackPointExtension>
    </extensions>
   </trkpt>
   <trkpt lat="-33.4591770" lon="151.0355950">
    <ele>-8.2</ele>
    <time>2021-09-01T06:16:35Z</time>
    <extensions>
     <gpxtpx:TrackPointExtension>
      <gpxtpx:atemp>28</gpxtpx:atemp>
      <gpxtpx:hr>100</gpxtpx:hr>
     </gpxtpx:TrackPointExtension>
    </extensions>
   </trkpt>
   <trkpt lat="-33.4591770" lon="151.0355950">
    <ele>-8.2</ele>
    <time>2021-09-01T06:16:37Z</time>
    <extensions>
     <gpxtpx:TrackPointExtension>
      <gpxtpx:atemp>28</gpxtpx:atemp>
      <gpxtpx:hr>97</gpxtpx:hr>
     </gpxtpx:TrackPointExtension>
    </extensions>
   </trkpt>
   <trkpt lat="-33.4591760" lon="151.0355950">
    <ele>-8.0</ele>
    <time>2021-09-01T06:16:41Z</time>
    <extensions>
     <gpxtpx:TrackPointExtension>
      <gpxtpx:atemp>28</gpxtpx:atemp>
      <gpxtpx:hr>100</gpxtpx:hr>
     </gpxtpx:TrackPointExtension>
    </extensions>
   </trkpt>
   <trkpt lat="-33.4591780" lon="151.0355970">
    <ele>-8.0</ele>
    <time>2021-09-01T06:16:44Z</time>
    <extensions>
     <gpxtpx:TrackPointExtension>
      <gpxtpx:atemp>28</gpxtpx:atemp>
      <gpxtpx:hr>100</gpxtpx:hr>
     </gpxtpx:TrackPointExtension>
    </extensions>
   </trkpt>
   <trkpt lat="-33.4591780" lon="151.0355970">
    <ele>-8.0</ele>
    <time>2021-09-01T06:16:45Z</time>
    <extensions>
     <gpxtpx:TrackPointExtension>
      <gpxtpx:atemp>28</gpxtpx:atemp>
      <gpxtpx:hr>104</gpxtpx:hr>
     </gpxtpx:TrackPointExtension>
    </extensions>
   </trkpt>
   <trkpt lat="-33.4591780" lon="151.0355970">
    <ele>-8.0</ele>
    <time>2021-09-01T06:16:46Z</time>
    <extensions>
     <gpxtpx:TrackPointExtension>
      <gpxtpx:atemp>28</gpxtpx:atemp>
      <gpxtpx:hr>107</gpxtpx:hr>
     </gpxtpx:TrackPointExtension>
    </extensions>
   </trkpt>
   <trkpt lat="-33.4591770" lon="151.0355960">
    <ele>-8.0</ele>
    <time>2021-09-01T06:16:47Z</time>
    <extensions>
     <gpxtpx:TrackPointExtension>
      <gpxtpx:atemp>28</gpxtpx:atemp>
      <gpxtpx:hr>110</gpxtpx:hr>
     </gpxtpx:TrackPointExtension>
    </extensions>
   </trkpt>
   <trkpt lat="-33.4591780" lon="151.0355960">
    <ele>-8.0</ele>
    <time>2021-09-01T06:16:48Z</time>
    <extensions>
     <gpxtpx:TrackPointExtension>
      <gpxtpx:atemp>28</gpxtpx:atemp>
      <gpxtpx:hr>110</gpxtpx:hr>
     </gpxtpx:TrackPointExtension>
    </extensions>
   </trkpt>
   <trkpt lat="-33.4591900" lon="151.0356100">
    <ele>-8.2</ele>
    <time>2021-09-01T06:16:53Z</time>
    <extensions>
     <gpxtpx:TrackPointExtension>
      <gpxtpx:atemp>28</gpxtpx:atemp>
      <gpxtpx:hr>113</gpxtpx:hr>
     </gpxtpx:TrackPointExtension>
    </extensions>
   </trkpt>
   <trkpt lat="-33.4591900" lon="151.0356100">
    <ele>-8.4</ele>
    <time>2021-09-01T06:16:56Z</time>
    <extensions>
     <gpxtpx:TrackPointExtension>
      <gpxtpx:atemp>28</gpxtpx:atemp>
      <gpxtpx:hr>116</gpxtpx:hr>
     </gpxtpx:TrackPointExtension>
    </extensions>
   </trkpt>
   <trkpt lat="-33.4591900" lon="151.0356110">
    <ele>-8.6</ele>
    <time>2021-09-01T06:16:57Z</time>
    <extensions>
     <gpxtpx:TrackPointExtension>
      <gpxtpx:atemp>28</gpxtpx:atemp>
      <gpxtpx:hr>116</gpxtpx:hr>
     </gpxtpx:TrackPointExtension>
    </extensions>
   </trkpt>
   <trkpt lat="-33.4591970" lon="151.0356240">
    <ele>-8.6</ele>
    <time>2021-09-01T06:17:10Z</time>
    <extensions>
     <gpxtpx:TrackPointExtension>
      <gpxtpx:atemp>28</gpxtpx:atemp>
      <gpxtpx:hr>114</gpxtpx:hr>
     </gpxtpx:TrackPointExtension>
    </extensions>
   </trkpt>
   <trkpt lat="-33.4591970" lon="151.0356300">
    <ele>-8.8</ele>
    <time>2021-09-01T06:17:11Z</time>
    <extensions>
     <gpxtpx:TrackPointExtension>
      <gpxtpx:atemp>29</gpxtpx:atemp>
      <gpxtpx:hr>114</gpxtpx:hr>
     </gpxtpx:TrackPointExtension>
    </extensions>
   </trkpt>
   <trkpt lat="-33.4591960" lon="151.0356400">
    <ele>-8.8</ele>
    <time>2021-09-01T06:17:15Z</time>
    <extensions>
     <gpxtpx:TrackPointExtension>
      <gpxtpx:atemp>29</gpxtpx:atemp>
      <gpxtpx:hr>117</gpxtpx:hr>
     </gpxtpx:TrackPointExtension>
    </extensions>
   </trkpt>
   <trkpt lat="-33.4591980" lon="151.0356440">
    <ele>-8.8</ele>
    <time>2021-09-01T06:17:16Z</time>
    <extensions>
     <gpxtpx:TrackPointExtension>
      <gpxtpx:atemp>29</gpxtpx:atemp>
      <gpxtpx:hr>117</gpxtpx:hr>
     </gpxtpx:TrackPointExtension>
    </extensions>
   </trkpt>
   <trkpt lat="-33.4592020" lon="151.0356470">
    <ele>-9.0</ele>
    <time>2021-09-01T06:17:18Z</time>
    <extensions>
     <gpxtpx:TrackPointExtension>
      <gpxtpx:atemp>29</gpxtpx:atemp>
      <gpxtpx:hr>112</gpxtpx:hr>
     </gpxtpx:TrackPointExtension>
    </extensions>
   </trkpt>
   <trkpt lat="-33.4592040" lon="151.0356450">
    <ele>-8.8</ele>
    <time>2021-09-01T06:17:21Z</time>
    <extensions>
     <gpxtpx:TrackPointExtension>
      <gpxtpx:atemp>29</gpxtpx:atemp>
      <gpxtpx:hr>109</gpxtpx:hr>
     </gpxtpx:TrackPointExtension>
    </extensions>
   </trkpt>
   <trkpt lat="-33.4592000" lon="151.0356370">
    <ele>-8.8</ele>
    <time>2021-09-01T06:17:26Z</time>
    <extensions>
     <gpxtpx:TrackPointExtension>
      <gpxtpx:atemp>29</gpxtpx:atemp>
      <gpxtpx:hr>107</gpxtpx:hr>
     </gpxtpx:TrackPointExtension>
    </extensions>
   </trkpt>
   <trkpt lat="-33.4591870" lon="151.0356240">
    <ele>-9.0</ele>
    <time>2021-09-01T06:17:37Z</time>
    <extensions>
     <gpxtpx:TrackPointExtension>
      <gpxtpx:atemp>29</gpxtpx:atemp>
      <gpxtpx:hr>107</gpxtpx:hr>
     </gpxtpx:TrackPointExtension>
    </extensions>
   </trkpt>
   <trkpt lat="-33.4591790" lon="151.0356180">
    <ele>-9.2</ele>
    <time>2021-09-01T06:17:39Z</time>
    <extensions>
     <gpxtpx:TrackPointExtension>
      <gpxtpx:atemp>29</gpxtpx:atemp>
      <gpxtpx:hr>104</gpxtpx:hr>
     </gpxtpx:TrackPointExtension>
    </extensions>
   </trkpt>
   <trkpt lat="-33.4591680" lon="151.0356100">
    <ele>-9.0</ele>
    <time>2021-09-01T06:17:42Z</time>
    <extensions>
     <gpxtpx:TrackPointExtension>
      <gpxtpx:atemp>29</gpxtpx:atemp>
      <gpxtpx:hr>107</gpxtpx:hr>
     </gpxtpx:TrackPointExtension>
    </extensions>
   </trkpt>
   <trkpt lat="-33.4591650" lon="151.0356340">
    <ele>-8.8</ele>
    <time>2021-09-01T06:17:46Z</time>
    <extensions>
     <gpxtpx:TrackPointExtension>
      <gpxtpx:atemp>29</gpxtpx:atemp>
      <gpxtpx:hr>108</gpxtpx:hr>
     </gpxtpx:TrackPointExtension>
    </extensions>
   </trkpt>
   <trkpt lat="-33.4591700" lon="151.0355920">
    <ele>-8.4</ele>
    <time>2021-09-01T06:17:51Z</time>
    <extensions>
     <gpxtpx:TrackPointExtension>
      <gpxtpx:atemp>29</gpxtpx:atemp>
      <gpxtpx:hr>110</gpxtpx:hr>
     </gpxtpx:TrackPointExtension>
    </extensions>
   </trkpt>
   <trkpt lat="-33.4591560" lon="151.0355830">
    <ele>-8.2</ele>
    <time>2021-09-01T06:17:53Z</time>
    <extensions>
     <gpxtpx:TrackPointExtension>
      <gpxtpx:atemp>29</gpxtpx:atemp>
      <gpxtpx:hr>111</gpxtpx:hr>
     </gpxtpx:TrackPointExtension>
    </extensions>
   </trkpt>
   <trkpt lat="-33.4591130" lon="151.0355670">
    <ele>-8.0</ele>
    <time>2021-09-01T06:17:55Z</time>
    <extensions>
     <gpxtpx:TrackPointExtension>
      <gpxtpx:atemp>29</gpxtpx:atemp>
      <gpxtpx:hr>112</gpxtpx:hr>
     </gpxtpx:TrackPointExtension>
    </extensions>
   </trkpt>
   <trkpt lat="-33.4590100" lon="151.0355500">
    <ele>-7.8</ele>
    <time>2021-09-01T06:17:58Z</time>
    <extensions>
     <gpxtpx:TrackPointExtension>
      <gpxtpx:atemp>29</gpxtpx:atemp>
      <gpxtpx:hr>113</gpxtpx:hr>
     </gpxtpx:TrackPointExtension>
    </extensions>
   </trkpt>
   <trkpt lat="-33.4589710" lon="151.0355300">
    <ele>-7.8</ele>
    <time>2021-09-01T06:17:59Z</time>
    <extensions>
     <gpxtpx:TrackPointExtension>
      <gpxtpx:atemp>29</gpxtpx:atemp>
      <gpxtpx:hr>113</gpxtpx:hr>
     </gpxtpx:TrackPointExtension>
    </extensions>
   </trkpt>
   <trkpt lat="-33.4589300" lon="151.0354930">
    <ele>-7.8</ele>
    <time>2021-09-01T06:18:00Z</time>
    <extensions>
     <gpxtpx:TrackPointExtension>
      <gpxtpx:atemp>29</gpxtpx:atemp>
      <gpxtpx:hr>113</gpxtpx:hr>
     </gpxtpx:TrackPointExtension>
    </extensions>
   </trkpt>
   <trkpt lat="-33.4587820" lon="151.0353430">
    <ele>-7.4</ele>
    <time>2021-09-01T06:18:03Z</time>
    <extensions>
     <gpxtpx:TrackPointExtension>
      <gpxtpx:atemp>29</gpxtpx:atemp>
      <gpxtpx:hr>112</gpxtpx:hr>
     </gpxtpx:TrackPointExtension>
    </extensions>
   </trkpt>
   <trkpt lat="-33.4586730" lon="151.0352340">
    <ele>-6.8</ele>
    <time>2021-09-01T06:18:05Z</time>
    <extensions>
     <gpxtpx:TrackPointExtension>
      <gpxtpx:atemp>29</gpxtpx:atemp>
      <gpxtpx:hr>115</gpxtpx:hr>
     </gpxtpx:TrackPointExtension>
    </extensions>
   </trkpt>
   <trkpt lat="-33.4585680" lon="151.0351280">
    <ele>-6.2</ele>
    <time>2021-09-01T06:18:07Z</time>
    <extensions>
     <gpxtpx:TrackPointExtension>
      <gpxtpx:atemp>29</gpxtpx:atemp>
      <gpxtpx:hr>115</gpxtpx:hr>
     </gpxtpx:TrackPointExtension>
    </extensions>
   </trkpt>
   <trkpt lat="-33.4584650" lon="151.0350360">
    <ele>-6.0</ele>
    <time>2021-09-01T06:18:09Z</time>
    <extensions>
     <gpxtpx:TrackPointExtension>
      <gpxtpx:atemp>29</gpxtpx:atemp>
      <gpxtpx:hr>117</gpxtpx:hr>
     </gpxtpx:TrackPointExtension>
    </extensions>
   </trkpt>
   <trkpt lat="-33.4584160" lon="151.0350010">
    <ele>-5.8</ele>
    <time>2021-09-01T06:18:10Z</time>
    <extensions>
     <gpxtpx:TrackPointExtension>
      <gpxtpx:atemp>29</gpxtpx:atemp>
      <gpxtpx:hr>116</gpxtpx:hr>
     </gpxtpx:TrackPointExtension>
    </extensions>
   </trkpt>
   <trkpt lat="-33.4583140" lon="151.0349290">
    <ele>-5.2</ele>
    <time>2021-09-01T06:18:12Z</time>
    <extensions>
     <gpxtpx:TrackPointExtension>
      <gpxtpx:atemp>29</gpxtpx:atemp>
      <gpxtpx:hr>113</gpxtpx:hr>
     </gpxtpx:TrackPointExtension>
    </extensions>
   </trkpt>
   <trkpt lat="-33.4582190" lon="151.0348500">
    <ele>-4.6</ele>
    <time>2021-09-01T06:18:14Z</time>
    <extensions>
     <gpxtpx:TrackPointExtension>
      <gpxtpx:atemp>29</gpxtpx:atemp>
      <gpxtpx:hr>113</gpxtpx:hr>
     </gpxtpx:TrackPointExtension>
    </extensions>
   </trkpt>
   <trkpt lat="-33.4581700" lon="151.0348130">
    <ele>-4.4</ele>
    <time>2021-09-01T06:18:15Z</time>
    <extensions>
     <gpxtpx:TrackPointExtension>
      <gpxtpx:atemp>29</gpxtpx:atemp>
      <gpxtpx:hr>109</gpxtpx:hr>
     </gpxtpx:TrackPointExtension>
    </extensions>
   </trkpt>
   <trkpt lat="-33.4580630" lon="151.0347420">
    <ele>-4.2</ele>
    <time>2021-09-01T06:18:17Z</time>
    <extensions>
     <gpxtpx:TrackPointExtension>
      <gpxtpx:atemp>29</gpxtpx:atemp>
      <gpxtpx:hr>107</gpxtpx:hr>
     </gpxtpx:TrackPointExtension>
    </extensions>
   </trkpt>
   <trkpt lat="-33.4579000" lon="151.0346170">
    <ele>-3.8</ele>
    <time>2021-09-01T06:18:20Z</time>
    <extensions>
     <gpxtpx:TrackPointExtension>
      <gpxtpx:atemp>29</gpxtpx:atemp>
      <gpxtpx:hr>107</gpxtpx:hr>
     </gpxtpx:TrackPointExtension>
    </extensions>
   </trkpt>
   <trkpt lat="-33.4578410" lon="151.0345690">
    <ele>-3.8</ele>
    <time>2021-09-01T06:18:21Z</time>
    <extensions>
     <gpxtpx:TrackPointExtension>
      <gpxtpx:atemp>29</gpxtpx:atemp>
      <gpxtpx:hr>107</gpxtpx:hr>
     </gpxtpx:TrackPointExtension>
    </extensions>
   </trkpt>
   <trkpt lat="-33.4576530" lon="151.0344650">
    <ele>-3.6</ele>
    <time>2021-09-01T06:18:24Z</time>
    <extensions>
     <gpxtpx:TrackPointExtension>
      <gpxtpx:atemp>29</gpxtpx:atemp>
      <gpxtpx:hr>106</gpxtpx:hr>
     </gpxtpx:TrackPointExtension>
    </extensions>
   </trkpt>
   <trkpt lat="-33.4574680" lon="151.0343770">
    <ele>-3.0</ele>
    <time>2021-09-01T06:18:27Z</time>
    <extensions>
     <gpxtpx:TrackPointExtension>
      <gpxtpx:atemp>29</gpxtpx:atemp>
      <gpxtpx:hr>106</gpxtpx:hr>
     </gpxtpx:TrackPointExtension>
    </extensions>
   </trkpt>
   <trkpt lat="-33.4574140" lon="151.0343350">
    <ele>-2.8</ele>
    <time>2021-09-01T06:18:28Z</time>
    <extensions>
     <gpxtpx:TrackPointExtension>
      <gpxtpx:atemp>29</gpxtpx:atemp>
      <gpxtpx:hr>105</gpxtpx:hr>
     </gpxtpx:TrackPointExtension>
    </extensions>
   </trkpt>
   <trkpt lat="-33.4573630" lon="151.0342910">
    <ele>-2.6</ele>
    <time>2021-09-01T06:18:29Z</time>
    <extensions>
     <gpxtpx:TrackPointExtension>
      <gpxtpx:atemp>29</gpxtpx:atemp>
      <gpxtpx:hr>104</gpxtpx:hr>
     </gpxtpx:TrackPointExtension>
    </extensions>
   </trkpt>
   <trkpt lat="-33.4572680" lon="151.0342110">
    <ele>-2.6</ele>
    <time>2021-09-01T06:18:31Z</time>
    <extensions>
     <gpxtpx:TrackPointExtension>
      <gpxtpx:atemp>29</gpxtpx:atemp>
      <gpxtpx:hr>103</gpxtpx:hr>
     </gpxtpx:TrackPointExtension>
    </extensions>
   </trkpt>
   <trkpt lat="-33.4571710" lon="151.0341470">
    <ele>-1.8</ele>
    <time>2021-09-01T06:18:33Z</time>
    <extensions>
     <gpxtpx:TrackPointExtension>
      <gpxtpx:atemp>29</gpxtpx:atemp>
      <gpxtpx:hr>102</gpxtpx:hr>
     </gpxtpx:TrackPointExtension>
    </extensions>
   </trkpt>
   <trkpt lat="-33.4571200" lon="151.0341190">
    <ele>-1.2</ele>
    <time>2021-09-01T06:18:34Z</time>
    <extensions>
     <gpxtpx:TrackPointExtension>
      <gpxtpx:atemp>29</gpxtpx:atemp>
      <gpxtpx:hr>102</gpxtpx:hr>
     </gpxtpx:TrackPointExtension>
    </extensions>
   </trkpt>
   <trkpt lat="-33.4570710" lon="151.0340990">
    <ele>-0.8</ele>
    <time>2021-09-01T06:18:35Z</time>
    <extensions>
     <gpxtpx:TrackPointExtension>
      <gpxtpx:atemp>29</gpxtpx:atemp>
      <gpxtpx:hr>102</gpxtpx:hr>
     </gpxtpx:TrackPointExtension>
    </extensions>
   </trkpt>
   <trkpt lat="-33.4568940" lon="151.0340060">
    <ele>0.4</ele>
    <time>2021-09-01T06:18:39Z</time>
    <extensions>
     <gpxtpx:TrackPointExtension>
      <gpxtpx:atemp>29</gpxtpx:atemp>
      <gpxtpx:hr>99</gpxtpx:hr>
     </gpxtpx:TrackPointExtension>
    </extensions>
   </trkpt>
   <trkpt lat="-33.4568130" lon="151.0339640">
    <ele>1.8</ele>
    <time>2021-09-01T06:18:41Z</time>
    <extensions>
     <gpxtpx:TrackPointExtension>
      <gpxtpx:atemp>29</gpxtpx:atemp>
      <gpxtpx:hr>99</gpxtpx:hr>
     </gpxtpx:TrackPointExtension>
    </extensions>
   </trkpt>
   <trkpt lat="-33.4566880" lon="151.0338720">
    <ele>3.6</ele>
    <time>2021-09-01T06:18:44Z</time>
    <extensions>
     <gpxtpx:TrackPointExtension>
      <gpxtpx:atemp>29</gpxtpx:atemp>
      <gpxtpx:hr>100</gpxtpx:hr>
     </gpxtpx:TrackPointExtension>
    </extensions>
   </trkpt>
   <trkpt lat="-33.4565960" lon="151.0338410">
    <ele>5.0</ele>
    <time>2021-09-01T06:18:46Z</time>
    <extensions>
     <gpxtpx:TrackPointExtension>
      <gpxtpx:atemp>29</gpxtpx:atemp>
      <gpxtpx:hr>98</gpxtpx:hr>
     </gpxtpx:TrackPointExtension>
    </extensions>
   </trkpt>
   <trkpt lat="-33.4564960" lon="151.0338070">
    <ele>6.8</ele>
    <time>2021-09-01T06:18:48Z</time>
    <extensions>
     <gpxtpx:TrackPointExtension>
      <gpxtpx:atemp>29</gpxtpx:atemp>
      <gpxtpx:hr>99</gpxtpx:hr>
     </gpxtpx:TrackPointExtension>
    </extensions>
   </trkpt>
   <trkpt lat="-33.4563890" lon="151.0337430">
    <ele>8.0</ele>
    <time>2021-09-01T06:18:50Z</time>
    <extensions>
     <gpxtpx:TrackPointExtension>
      <gpxtpx:atemp>29</gpxtpx:atemp>
      <gpxtpx:hr>102</gpxtpx:hr>
     </gpxtpx:TrackPointExtension>
    </extensions>
   </trkpt>
   <trkpt lat="-33.4563400" lon="151.0337200">
    <ele>8.8</ele>
    <time>2021-09-01T06:18:51Z</time>
    <extensions>
     <gpxtpx:TrackPointExtension>
      <gpxtpx:atemp>29</gpxtpx:atemp>
      <gpxtpx:hr>100</gpxtpx:hr>
     </gpxtpx:TrackPointExtension>
    </extensions>
   </trkpt>
   <trkpt lat="-33.4562900" lon="151.0337010">
    <ele>9.8</ele>
    <time>2021-09-01T06:18:52Z</time>
    <extensions>
     <gpxtpx:TrackPointExtension>
      <gpxtpx:atemp>29</gpxtpx:atemp>
      <gpxtpx:hr>101</gpxtpx:hr>
     </gpxtpx:TrackPointExtension>
    </extensions>
   </trkpt>
   <trkpt lat="-33.4562390" lon="151.0336870">
    <ele>11.0</ele>
    <time>2021-09-01T06:18:53Z</time>
    <extensions>
     <gpxtpx:TrackPointExtension>
      <gpxtpx:atemp>29</gpxtpx:atemp>
      <gpxtpx:hr>100</gpxtpx:hr>
     </gpxtpx:TrackPointExtension>
    </extensions>
   </trkpt>
   <trkpt lat="-33.4561910" lon="151.0336730">
    <ele>12.6</ele>
    <time>2021-09-01T06:18:54Z</time>
    <extensions>
     <gpxtpx:TrackPointExtension>
      <gpxtpx:atemp>29</gpxtpx:atemp>
      <gpxtpx:hr>100</gpxtpx:hr>
     </gpxtpx:TrackPointExtension>
    </extensions>
   </trkpt>
   <trkpt lat="-33.4560970" lon="151.0336410">
    <ele>14.2</ele>
    <time>2021-09-01T06:18:56Z</time>
    <extensions>
     <gpxtpx:TrackPointExtension>
      <gpxtpx:atemp>29</gpxtpx:atemp>
      <gpxtpx:hr>99</gpxtpx:hr>
     </gpxtpx:TrackPointExtension>
    </extensions>
   </trkpt>
   <trkpt lat="-33.4560510" lon="151.0336280">
    <ele>15.2</ele>
    <time>2021-09-01T06:18:57Z</time>
    <extensions>
     <gpxtpx:TrackPointExtension>
      <gpxtpx:atemp>29</gpxtpx:atemp>
      <gpxtpx:hr>100</gpxtpx:hr>
     </gpxtpx:TrackPointExtension>
    </extensions>
   </trkpt>
   <trkpt lat="-33.4559970" lon="151.0336030">
    <ele>16.8</ele>
    <time>2021-09-01T06:18:58Z</time>
    <extensions>
     <gpxtpx:TrackPointExtension>
      <gpxtpx:atemp>29</gpxtpx:atemp>
      <gpxtpx:hr>101</gpxtpx:hr>
     </gpxtpx:TrackPointExtension>
    </extensions>
   </trkpt>
   <trkpt lat="-33.4559480" lon="151.0335870">
    <ele>18.2</ele>
    <time>2021-09-01T06:18:59Z</time>
    <extensions>
     <gpxtpx:TrackPointExtension>
      <gpxtpx:atemp>29</gpxtpx:atemp>
      <gpxtpx:hr>103</gpxtpx:hr>
     </gpxtpx:TrackPointExtension>
    </extensions>
   </trkpt>
   <trkpt lat="-33.4559000" lon="151.0335670">
    <ele>18.8</ele>
    <time>2021-09-01T06:19:00Z</time>
    <extensions>
     <gpxtpx:TrackPointExtension>
      <gpxtpx:atemp>29</gpxtpx:atemp>
      <gpxtpx:hr>102</gpxtpx:hr>
     </gpxtpx:TrackPointExtension>
    </extensions>
   </trkpt>
   <trkpt lat="-33.4558550" lon="151.0335430">
    <ele>19.4</ele>
    <time>2021-09-01T06:19:01Z</time>
    <extensions>
     <gpxtpx:TrackPointExtension>
      <gpxtpx:atemp>29</gpxtpx:atemp>
      <gpxtpx:hr>103</gpxtpx:hr>
     </gpxtpx:TrackPointExtension>
    </extensions>
   </trkpt>
   <trkpt lat="-33.4557610" lon="151.0335440">
    <ele>21.0</ele>
    <time>2021-09-01T06:19:03Z</time>
    <extensions>
     <gpxtpx:TrackPointExtension>
      <gpxtpx:atemp>29</gpxtpx:atemp>
      <gpxtpx:hr>104</gpxtpx:hr>
     </gpxtpx:TrackPointExtension>
    </extensions>
   </trkpt>
   <trkpt lat="-33.4557100" lon="151.0335690">
    <ele>21.6</ele>
    <time>2021-09-01T06:19:04Z</time>
    <extensions>
     <gpxtpx:TrackPointExtension>
      <gpxtpx:atemp>29</gpxtpx:atemp>
      <gpxtpx:hr>104</gpxtpx:hr>
     </gpxtpx:TrackPointExtension>
    </extensions>
   </trkpt>
   <trkpt lat="-33.4556550" lon="151.0335840">
    <ele>22.4</ele>
    <time>2021-09-01T06:19:05Z</time>
    <extensions>
     <gpxtpx:TrackPointExtension>
      <gpxtpx:atemp>29</gpxtpx:atemp>
      <gpxtpx:hr>104</gpxtpx:hr>
     </gpxtpx:TrackPointExtension>
    </extensions>
   </trkpt>
   <trkpt lat="-33.4555270" lon="151.0335980">
    <ele>23.2</ele>
    <time>2021-09-01T06:19:07Z</time>
    <extensions>
     <gpxtpx:TrackPointExtension>
      <gpxtpx:atemp>29</gpxtpx:atemp>
      <gpxtpx:hr>104</gpxtpx:hr>
     </gpxtpx:TrackPointExtension>
    </extensions>
   </trkpt>
   <trkpt lat="-33.4554570" lon="151.0335910">
    <ele>23.4</ele>
    <time>2021-09-01T06:19:08Z</time>
    <extensions>
     <gpxtpx:TrackPointExtension>
      <gpxtpx:atemp>29</gpxtpx:atemp>
      <gpxtpx:hr>104</gpxtpx:hr>
     </gpxtpx:TrackPointExtension>
    </extensions>
   </trkpt>
   <trkpt lat="-33.4550850" lon="151.0335440">
    <ele>24.8</ele>
    <time>2021-09-01T06:19:13Z</time>
    <extensions>
     <gpxtpx:TrackPointExtension>
      <gpxtpx:atemp>29</gpxtpx:atemp>
      <gpxtpx:hr>104</gpxtpx:hr>
     </gpxtpx:TrackPointExtension>
    </extensions>
   </trkpt>
   <trkpt lat="-33.4550130" lon="151.0335410">
    <ele>25.0</ele>
    <time>2021-09-01T06:19:14Z</time>
    <extensions>
     <gpxtpx:TrackPointExtension>
      <gpxtpx:atemp>28</gpxtpx:atemp>
      <gpxtpx:hr>104</gpxtpx:hr>
     </gpxtpx:TrackPointExtension>
    </extensions>
   </trkpt>
   <trkpt lat="-33.4549510" lon="151.0335470">
    <ele>25.4</ele>
    <time>2021-09-01T06:19:15Z</time>
    <extensions>
     <gpxtpx:TrackPointExtension>
      <gpxtpx:atemp>28</gpxtpx:atemp>
      <gpxtpx:hr>104</gpxtpx:hr>
     </gpxtpx:TrackPointExtension>
    </extensions>
   </trkpt>
   <trkpt lat="-33.4548560" lon="151.0335810">
    <ele>26.2</ele>
    <time>2021-09-01T06:19:17Z</time>
    <extensions>
     <gpxtpx:TrackPointExtension>
      <gpxtpx:atemp>28</gpxtpx:atemp>
      <gpxtpx:hr>104</gpxtpx:hr>
     </gpxtpx:TrackPointExtension>
    </extensions>
   </trkpt>
   <trkpt lat="-33.4546980" lon="151.0336390">
    <ele>27.6</ele>
    <time>2021-09-01T06:19:21Z</time>
    <extensions>
     <gpxtpx:TrackPointExtension>
      <gpxtpx:atemp>28</gpxtpx:atemp>
      <gpxtpx:hr>103</gpxtpx:hr>
     </gpxtpx:TrackPointExtension>
    </extensions>
   </trkpt>
   <trkpt lat="-33.4546080" lon="151.0335940">
    <ele>27.8</ele>
    <time>2021-09-01T06:19:23Z</time>
    <extensions>
     <gpxtpx:TrackPointExtension>
      <gpxtpx:atemp>28</gpxtpx:atemp>
      <gpxtpx:hr>104</gpxtpx:hr>
     </gpxtpx:TrackPointExtension>
    </extensions>
   </trkpt>
   <trkpt lat="-33.4545120" lon="151.0335870">
    <ele>28.8</ele>
    <time>2021-09-01T06:19:25Z</time>
    <extensions>
     <gpxtpx:TrackPointExtension>
      <gpxtpx:atemp>28</gpxtpx:atemp>
      <gpxtpx:hr>104</gpxtpx:hr>
     </gpxtpx:TrackPointExtension>
    </extensions>
   </trkpt>
   <trkpt lat="-33.4543590" lon="151.0336050">
    <ele>30.4</ele>
    <time>2021-09-01T06:19:28Z</time>
    <extensions>
     <gpxtpx:TrackPointExtension>
      <gpxtpx:atemp>28</gpxtpx:atemp>
      <gpxtpx:hr>103</gpxtpx:hr>
     </gpxtpx:TrackPointExtension>
    </extensions>
   </trkpt>
   <trkpt lat="-33.4543030" lon="151.0336130">
    <ele>31.0</ele>
    <time>2021-09-01T06:19:29Z</time>
    <extensions>
     <gpxtpx:TrackPointExtension>
      <gpxtpx:atemp>28</gpxtpx:atemp>
      <gpxtpx:hr>102</gpxtpx:hr>
     </gpxtpx:TrackPointExtension>
    </extensions>
   </trkpt>
   <trkpt lat="-33.4542470" lon="151.0336120">
    <ele>31.4</ele>
    <time>2021-09-01T06:19:30Z</time>
    <extensions>
     <gpxtpx:TrackPointExtension>
      <gpxtpx:atemp>28</gpxtpx:atemp>
      <gpxtpx:hr>102</gpxtpx:hr>
     </gpxtpx:TrackPointExtension>
    </extensions>
   </trkpt>
   <trkpt lat="-33.4541970" lon="151.0336030">
    <ele>32.0</ele>
    <time>2021-09-01T06:19:31Z</time>
    <extensions>
     <gpxtpx:TrackPointExtension>
      <gpxtpx:atemp>28</gpxtpx:atemp>
      <gpxtpx:hr>102</gpxtpx:hr>
     </gpxtpx:TrackPointExtension>
    </extensions>
   </trkpt>
   <trkpt lat="-33.4541260" lon="151.0335430">
    <ele>33.0</ele>
    <time>2021-09-01T06:19:33Z</time>
    <extensions>
     <gpxtpx:TrackPointExtension>
      <gpxtpx:atemp>28</gpxtpx:atemp>
      <gpxtpx:hr>104</gpxtpx:hr>
     </gpxtpx:TrackPointExtension>
    </extensions>
   </trkpt>
   <trkpt lat="-33.4541160" lon="151.0334240">
    <ele>34.0</ele>
    <time>2021-09-01T06:19:35Z</time>
    <extensions>
     <gpxtpx:TrackPointExtension>
      <gpxtpx:atemp>28</gpxtpx:atemp>
      <gpxtpx:hr>104</gpxtpx:hr>
     </gpxtpx:TrackPointExtension>
    </extensions>
   </trkpt>
   <trkpt lat="-33.4541230" lon="151.0333490">
    <ele>34.4</ele>
    <time>2021-09-01T06:19:36Z</time>
    <extensions>
     <gpxtpx:TrackPointExtension>
      <gpxtpx:atemp>28</gpxtpx:atemp>
      <gpxtpx:hr>105</gpxtpx:hr>
     </gpxtpx:TrackPointExtension>
    </extensions>
   </trkpt>
   <trkpt lat="-33.4541390" lon="151.0331890">
    <ele>35.0</ele>
    <time>2021-09-01T06:19:38Z</time>
    <extensions>
     <gpxtpx:TrackPointExtension>
      <gpxtpx:atemp>28</gpxtpx:atemp>
      <gpxtpx:hr>106</gpxtpx:hr>
     </gpxtpx:TrackPointExtension>
    </extensions>
   </trkpt>
   <trkpt lat="-33.4541210" lon="151.0330370">
    <ele>35.2</ele>
    <time>2021-09-01T06:19:40Z</time>
    <extensions>
     <gpxtpx:TrackPointExtension>
      <gpxtpx:atemp>28</gpxtpx:atemp>
      <gpxtpx:hr>106</gpxtpx:hr>
     </gpxtpx:TrackPointExtension>
    </extensions>
   </trkpt>
   <trkpt lat="-33.4540970" lon="151.0329810">
    <ele>35.6</ele>
    <time>2021-09-01T06:19:41Z</time>
    <extensions>
     <gpxtpx:TrackPointExtension>
      <gpxtpx:atemp>28</gpxtpx:atemp>
      <gpxtpx:hr>106</gpxtpx:hr>
     </gpxtpx:TrackPointExtension>
    </extensions>
   </trkpt>
   <trkpt lat="-33.4540640" lon="151.0329360">
    <ele>36.0</ele>
    <time>2021-09-01T06:19:42Z</time>
    <extensions>
     <gpxtpx:TrackPointExtension>
      <gpxtpx:atemp>28</gpxtpx:atemp>
      <gpxtpx:hr>106</gpxtpx:hr>
     </gpxtpx:TrackPointExtension>
    </extensions>
   </trkpt>
   <trkpt lat="-33.4540210" lon="151.0328990">
    <ele>37.0</ele>
    <time>2021-09-01T06:19:43Z</time>
    <extensions>
     <gpxtpx:TrackPointExtension>
      <gpxtpx:atemp>28</gpxtpx:atemp>
      <gpxtpx:hr>107</gpxtpx:hr>
     </gpxtpx:TrackPointExtension>
    </extensions>
   </trkpt>
   <trkpt lat="-33.4539110" lon="151.0328350">
    <ele>38.2</ele>
    <time>2021-09-01T06:19:45Z</time>
    <extensions>
     <gpxtpx:TrackPointExtension>
      <gpxtpx:atemp>28</gpxtpx:atemp>
      <gpxtpx:hr>106</gpxtpx:hr>
     </gpxtpx:TrackPointExtension>
    </extensions>
   </trkpt>
   <trkpt lat="-33.4537850" lon="151.0327750">
    <ele>39.2</ele>
    <time>2021-09-01T06:19:47Z</time>
    <extensions>
     <gpxtpx:TrackPointExtension>
      <gpxtpx:atemp>28</gpxtpx:atemp>
      <gpxtpx:hr>105</gpxtpx:hr>
     </gpxtpx:TrackPointExtension>
    </extensions>
   </trkpt>
   <trkpt lat="-33.4537270" lon="151.0327220">
    <ele>39.8</ele>
    <time>2021-09-01T06:19:48Z</time>
    <extensions>
     <gpxtpx:TrackPointExtension>
      <gpxtpx:atemp>28</gpxtpx:atemp>
      <gpxtpx:hr>104</gpxtpx:hr>
     </gpxtpx:TrackPointExtension>
    </extensions>
   </trkpt>
   <trkpt lat="-33.4536610" lon="151.0326270">
    <ele>40.2</ele>
    <time>2021-09-01T06:19:49Z</time>
    <extensions>
     <gpxtpx:TrackPointExtension>
      <gpxtpx:atemp>28</gpxtpx:atemp>
      <gpxtpx:hr>104</gpxtpx:hr>
     </gpxtpx:TrackPointExtension>
    </extensions>
   </trkpt>
   <trkpt lat="-33.4536080" lon="151.0325390">
    <ele>40.8</ele>
    <time>2021-09-01T06:19:50Z</time>
    <extensions>
     <gpxtpx:TrackPointExtension>
      <gpxtpx:atemp>28</gpxtpx:atemp>
      <gpxtpx:hr>103</gpxtpx:hr>
     </gpxtpx:TrackPointExtension>
    </extensions>
   </trkpt>
   <trkpt lat="-33.4535530" lon="151.0324600">
    <ele>41.6</ele>
    <time>2021-09-01T06:19:51Z</time>
    <extensions>
     <gpxtpx:TrackPointExtension>
      <gpxtpx:atemp>28</gpxtpx:atemp>
      <gpxtpx:hr>103</gpxtpx:hr>
     </gpxtpx:TrackPointExtension>
    </extensions>
   </trkpt>
   <trkpt lat="-33.4534400" lon="151.0323320">
    <ele>43.0</ele>
    <time>2021-09-01T06:19:53Z</time>
    <extensions>
     <gpxtpx:TrackPointExtension>
      <gpxtpx:atemp>28</gpxtpx:atemp>
      <gpxtpx:hr>102</gpxtpx:hr>
     </gpxtpx:TrackPointExtension>
    </extensions>
   </trkpt>
   <trkpt lat="-33.4533850" lon="151.0322730">
    <ele>43.8</ele>
    <time>2021-09-01T06:19:54Z</time>
    <extensions>
     <gpxtpx:TrackPointExtension>
      <gpxtpx:atemp>28</gpxtpx:atemp>
      <gpxtpx:hr>102</gpxtpx:hr>
     </gpxtpx:TrackPointExtension>
    </extensions>
   </trkpt>
   <trkpt lat="-33.4533260" lon="151.0322270">
    <ele>45.2</ele>
    <time>2021-09-01T06:19:55Z</time>
    <extensions>
     <gpxtpx:TrackPointExtension>
      <gpxtpx:atemp>28</gpxtpx:atemp>
      <gpxtpx:hr>101</gpxtpx:hr>
     </gpxtpx:TrackPointExtension>
    </extensions>
   </trkpt>
   <trkpt lat="-33.4532660" lon="151.0321950">
    <ele>46.6</ele>
    <time>2021-09-01T06:19:56Z</time>
    <extensions>
     <gpxtpx:TrackPointExtension>
      <gpxtpx:atemp>28</gpxtpx:atemp>
      <gpxtpx:hr>101</gpxtpx:hr>
     </gpxtpx:TrackPointExtension>
    </extensions>
   </trkpt>
   <trkpt lat="-33.4532060" lon="151.0321640">
    <ele>47.4</ele>
    <time>2021-09-01T06:19:57Z</time>
    <extensions>
     <gpxtpx:TrackPointExtension>
      <gpxtpx:atemp>28</gpxtpx:atemp>
      <gpxtpx:hr>101</gpxtpx:hr>
     </gpxtpx:TrackPointExtension>
    </extensions>
   </trkpt>
   <trkpt lat="-33.4531510" lon="151.0321210">
    <ele>47.8</ele>
    <time>2021-09-01T06:19:58Z</time>
    <extensions>
     <gpxtpx:TrackPointExtension>
      <gpxtpx:atemp>28</gpxtpx:atemp>
      <gpxtpx:hr>101</gpxtpx:hr>
     </gpxtpx:TrackPointExtension>
    </extensions>
   </trkpt>
   <trkpt lat="-33.4530700" lon="151.0320330">
    <ele>48.8</ele>
    <time>2021-09-01T06:20:00Z</time>
    <extensions>
     <gpxtpx:TrackPointExtension>
      <gpxtpx:atemp>28</gpxtpx:atemp>
      <gpxtpx:hr>104</gpxtpx:hr>
     </gpxtpx:TrackPointExtension>
    </extensions>
   </trkpt>
   <trkpt lat="-33.4530450" lon="151.0319940">
    <ele>49.6</ele>
    <time>2021-09-01T06:20:01Z</time>
    <extensions>
     <gpxtpx:TrackPointExtension>
      <gpxtpx:atemp>28</gpxtpx:atemp>
      <gpxtpx:hr>100</gpxtpx:hr>
     </gpxtpx:TrackPointExtension>
    </extensions>
   </trkpt>
   <trkpt lat="-33.4530100" lon="151.0319380">
    <ele>50.8</ele>
    <time>2021-09-01T06:20:03Z</time>
    <extensions>
     <gpxtpx:TrackPointExtension>
      <gpxtpx:atemp>28</gpxtpx:atemp>
      <gpxtpx:hr>102</gpxtpx:hr>
     </gpxtpx:TrackPointExtension>
    </extensions>
   </trkpt>
   <trkpt lat="-33.4529960" lon="151.0319130">
    <ele>51.4</ele>
    <time>2021-09-01T06:20:04Z</time>
    <extensions>
     <gpxtpx:TrackPointExtension>
      <gpxtpx:atemp>28</gpxtpx:atemp>
      <gpxtpx:hr>100</gpxtpx:hr>
     </gpxtpx:TrackPointExtension>
    </extensions>
   </trkpt>
   <trkpt lat="-33.4529810" lon="151.0318470">
    <ele>52.0</ele>
    <time>2021-09-01T06:20:06Z</time>
    <extensions>
     <gpxtpx:TrackPointExtension>
      <gpxtpx:atemp>28</gpxtpx:atemp>
      <gpxtpx:hr>100</gpxtpx:hr>
     </gpxtpx:TrackPointExtension>
    </extensions>
   </trkpt>
   <trkpt lat="-33.4529820" lon="151.0317840">
    <ele>52.6</ele>
    <time>2021-09-01T06:20:08Z</time>
    <extensions>
     <gpxtpx:TrackPointExtension>
      <gpxtpx:atemp>28</gpxtpx:atemp>
      <gpxtpx:hr>100</gpxtpx:hr>
     </gpxtpx:TrackPointExtension>
    </extensions>
   </trkpt>
   <trkpt lat="-33.4529870" lon="151.0317510">
    <ele>53.0</ele>
    <time>2021-09-01T06:20:10Z</time>
    <extensions>
     <gpxtpx:TrackPointExtension>
      <gpxtpx:atemp>28</gpxtpx:atemp>
      <gpxtpx:hr>99</gpxtpx:hr>
     </gpxtpx:TrackPointExtension>
    </extensions>
   </trkpt>
   <trkpt lat="-33.4530070" lon="151.0317440">
    <ele>53.2</ele>
    <time>2021-09-01T06:20:12Z</time>
    <extensions>
     <gpxtpx:TrackPointExtension>
      <gpxtpx:atemp>28</gpxtpx:atemp>
      <gpxtpx:hr>103</gpxtpx:hr>
     </gpxtpx:TrackPointExtension>
    </extensions>
   </trkpt>
   <trkpt lat="-33.4530120" lon="151.0317460">
    <ele>53.2</ele>
    <time>2021-09-01T06:20:14Z</time>
    <extensions>
     <gpxtpx:TrackPointExtension>
      <gpxtpx:atemp>28</gpxtpx:atemp>
      <gpxtpx:hr>106</gpxtpx:hr>
     </gpxtpx:TrackPointExtension>
    </extensions>
   </trkpt>
   <trkpt lat="-33.4530150" lon="151.0317480">
    <ele>53.0</ele>
    <time>2021-09-01T06:20:21Z</time>
    <extensions>
     <gpxtpx:TrackPointExtension>
      <gpxtpx:atemp>28</gpxtpx:atemp>
      <gpxtpx:hr>107</gpxtpx:hr>
     </gpxtpx:TrackPointExtension>
    </extensions>
   </trkpt>
   <trkpt lat="-33.4530150" lon="151.0317480">
    <ele>53.0</ele>
    <time>2021-09-01T06:20:24Z</time>
    <extensions>
     <gpxtpx:TrackPointExtension>
      <gpxtpx:atemp>28</gpxtpx:atemp>
      <gpxtpx:hr>110</gpxtpx:hr>
     </gpxtpx:TrackPointExtension>
    </extensions>
   </trkpt>
   <trkpt lat="-33.4530140" lon="151.0317460">
    <ele>52.8</ele>
    <time>2021-09-01T06:20:28Z</time>
    <extensions>
     <gpxtpx:TrackPointExtension>
      <gpxtpx:atemp>28</gpxtpx:atemp>
      <gpxtpx:hr>106</gpxtpx:hr>
     </gpxtpx:TrackPointExtension>
    </extensions>
   </trkpt>
   <trkpt lat="-33.4530120" lon="151.0317440">
    <ele>52.6</ele>
    <time>2021-09-01T06:20:33Z</time>
    <extensions>
     <gpxtpx:TrackPointExtension>
      <gpxtpx:atemp>28</gpxtpx:atemp>
      <gpxtpx:hr>105</gpxtpx:hr>
     </gpxtpx:TrackPointExtension>
    </extensions>
   </trkpt>
   <trkpt lat="-33.4530110" lon="151.0317460">
    <ele>52.6</ele>
    <time>2021-09-01T06:20:42Z</time>
    <extensions>
     <gpxtpx:TrackPointExtension>
      <gpxtpx:atemp>28</gpxtpx:atemp>
      <gpxtpx:hr>102</gpxtpx:hr>
     </gpxtpx:TrackPointExtension>
    </extensions>
   </trkpt>
   <trkpt lat="-33.4530110" lon="151.0317470">
    <ele>52.6</ele>
    <time>2021-09-01T06:20:44Z</time>
    <extensions>
     <gpxtpx:TrackPointExtension>
      <gpxtpx:atemp>28</gpxtpx:atemp>
      <gpxtpx:hr>103</gpxtpx:hr>
     </gpxtpx:TrackPointExtension>
    </extensions>
   </trkpt>
   <trkpt lat="-33.4530050" lon="151.0317390">
    <ele>52.6</ele>
    <time>2021-09-01T06:20:50Z</time>
    <extensions>
     <gpxtpx:TrackPointExtension>
      <gpxtpx:atemp>28</gpxtpx:atemp>
      <gpxtpx:hr>102</gpxtpx:hr>
     </gpxtpx:TrackPointExtension>
    </extensions>
   </trkpt>
   <trkpt lat="-33.4529960" lon="151.0317480">
    <ele>52.6</ele>
    <time>2021-09-01T06:20:52Z</time>
    <extensions>
     <gpxtpx:TrackPointExtension>
      <gpxtpx:atemp>28</gpxtpx:atemp>
      <gpxtpx:hr>102</gpxtpx:hr>
     </gpxtpx:TrackPointExtension>
    </extensions>
   </trkpt>
   <trkpt lat="-33.4530180" lon="151.0317920">
    <ele>52.8</ele>
    <time>2021-09-01T06:20:54Z</time>
    <extensions>
     <gpxtpx:TrackPointExtension>
      <gpxtpx:atemp>28</gpxtpx:atemp>
      <gpxtpx:hr>100</gpxtpx:hr>
     </gpxtpx:TrackPointExtension>
    </extensions>
   </trkpt>
   <trkpt lat="-33.4530620" lon="151.0318670">
    <ele>52.8</ele>
    <time>2021-09-01T06:20:56Z</time>
    <extensions>
     <gpxtpx:TrackPointExtension>
      <gpxtpx:atemp>28</gpxtpx:atemp>
      <gpxtpx:hr>101</gpxtpx:hr>
     </gpxtpx:TrackPointExtension>
    </extensions>
   </trkpt>
   <trkpt lat="-33.4530490" lon="151.0320110">
    <ele>52.6</ele>
    <time>2021-09-01T06:20:58Z</time>
    <extensions>
     <gpxtpx:TrackPointExtension>
      <gpxtpx:atemp>28</gpxtpx:atemp>
      <gpxtpx:hr>101</gpxtpx:hr>
     </gpxtpx:TrackPointExtension>
    </extensions>
   </trkpt>
   <trkpt lat="-33.4529700" lon="151.0322040">
    <ele>52.4</ele>
    <time>2021-09-01T06:21:00Z</time>
    <extensions>
     <gpxtpx:TrackPointExtension>
      <gpxtpx:atemp>28</gpxtpx:atemp>
      <gpxtpx:hr>101</gpxtpx:hr>
     </gpxtpx:TrackPointExtension>
    </extensions>
   </trkpt>
   <trkpt lat="-33.4529120" lon="151.0322950">
    <ele>52.0</ele>
    <time>2021-09-01T06:21:01Z</time>
    <extensions>
     <gpxtpx:TrackPointExtension>
      <gpxtpx:atemp>28</gpxtpx:atemp>
      <gpxtpx:hr>101</gpxtpx:hr>
     </gpxtpx:TrackPointExtension>
    </extensions>
   </trkpt>
   <trkpt lat="-33.4528460" lon="151.0323950">
    <ele>51.8</ele>
    <time>2021-09-01T06:21:02Z</time>
    <extensions>
     <gpxtpx:TrackPointExtension>
      <gpxtpx:atemp>28</gpxtpx:atemp>
      <gpxtpx:hr>99</gpxtpx:hr>
     </gpxtpx:TrackPointExtension>
    </extensions>
   </trkpt>
   <trkpt lat="-33.4527710" lon="151.0325060">
    <ele>51.6</ele>
    <time>2021-09-01T06:21:03Z</time>
    <extensions>
     <gpxtpx:TrackPointExtension>
      <gpxtpx:atemp>28</gpxtpx:atemp>
      <gpxtpx:hr>103</gpxtpx:hr>
     </gpxtpx:TrackPointExtension>
    </extensions>
   </trkpt>
   <trkpt lat="-33.4526330" lon="151.0327390">
    <ele>51.2</ele>
    <time>2021-09-01T06:21:05Z</time>
    <extensions>
     <gpxtpx:TrackPointExtension>
      <gpxtpx:atemp>28</gpxtpx:atemp>
      <gpxtpx:hr>102</gpxtpx:hr>
     </gpxtpx:TrackPointExtension>
    </extensions>
   </trkpt>
   <trkpt lat="-33.4524880" lon="151.0329810">
    <ele>50.6</ele>
    <time>2021-09-01T06:21:07Z</time>
    <extensions>
     <gpxtpx:TrackPointExtension>
      <gpxtpx:atemp>28</gpxtpx:atemp>
      <gpxtpx:hr>102</gpxtpx:hr>
     </gpxtpx:TrackPointExtension>
    </extensions>
   </trkpt>
   <trkpt lat="-33.4522170" lon="151.0334370">
    <ele>49.6</ele>
    <time>2021-09-01T06:21:11Z</time>
    <extensions>
     <gpxtpx:TrackPointExtension>
      <gpxtpx:atemp>28</gpxtpx:atemp>
      <gpxtpx:hr>102</gpxtpx:hr>
     </gpxtpx:TrackPointExtension>
    </extensions>
   </trkpt>
   <trkpt lat="-33.4521490" lon="151.0335490">
    <ele>49.2</ele>
    <time>2021-09-01T06:21:12Z</time>
    <extensions>
     <gpxtpx:TrackPointExtension>
      <gpxtpx:atemp>28</gpxtpx:atemp>
      <gpxtpx:hr>102</gpxtpx:hr>
     </gpxtpx:TrackPointExtension>
    </extensions>
   </trkpt>
   <trkpt lat="-33.4518780" lon="151.0340020">
    <ele>48.8</ele>
    <time>2021-09-01T06:21:16Z</time>
    <extensions>
     <gpxtpx:TrackPointExtension>
      <gpxtpx:atemp>28</gpxtpx:atemp>
      <gpxtpx:hr>102</gpxtpx:hr>
     </gpxtpx:TrackPointExtension>
    </extensions>
   </trkpt>
   <trkpt lat="-33.4517550" lon="151.0342260">
    <ele>49.0</ele>
    <time>2021-09-01T06:21:18Z</time>
    <extensions>
     <gpxtpx:TrackPointExtension>
      <gpxtpx:atemp>28</gpxtpx:atemp>
      <gpxtpx:hr>101</gpxtpx:hr>
     </gpxtpx:TrackPointExtension>
    </extensions>
   </trkpt>
   <trkpt lat="-33.4516570" lon="151.0344510">
    <ele>49.6</ele>
    <time>2021-09-01T06:21:20Z</time>
    <extensions>
     <gpxtpx:TrackPointExtension>
      <gpxtpx:atemp>28</gpxtpx:atemp>
      <gpxtpx:hr>100</gpxtpx:hr>
     </gpxtpx:TrackPointExtension>
    </extensions>
   </trkpt>
   <trkpt lat="-33.4515950" lon="151.0346780">
    <ele>50.2</ele>
    <time>2021-09-01T06:21:22Z</time>
    <extensions>
     <gpxtpx:TrackPointExtension>
      <gpxtpx:atemp>28</gpxtpx:atemp>
      <gpxtpx:hr>101</gpxtpx:hr>
     </gpxtpx:TrackPointExtension>
    </extensions>
   </trkpt>
   <trkpt lat="-33.4515810" lon="151.0347740">
    <ele>50.6</ele>
    <time>2021-09-01T06:21:23Z</time>
    <extensions>
     <gpxtpx:TrackPointExtension>
      <gpxtpx:atemp>28</gpxtpx:atemp>
      <gpxtpx:hr>102</gpxtpx:hr>
     </gpxtpx:TrackPointExtension>
    </extensions>
   </trkpt>
   <trkpt lat="-33.4515680" lon="151.0349350">
    <ele>51.8</ele>
    <time>2021-09-01T06:21:25Z</time>
    <extensions>
     <gpxtpx:TrackPointExtension>
      <gpxtpx:atemp>28</gpxtpx:atemp>
      <gpxtpx:hr>103</gpxtpx:hr>
     </gpxtpx:TrackPointExtension>
    </extensions>
   </trkpt>
   <trkpt lat="-33.4515480" lon="151.0350050">
    <ele>52.4</ele>
    <time>2021-09-01T06:21:26Z</time>
    <extensions>
     <gpxtpx:TrackPointExtension>
      <gpxtpx:atemp>28</gpxtpx:atemp>
      <gpxtpx:hr>103</gpxtpx:hr>
     </gpxtpx:TrackPointExtension>
    </extensions>
   </trkpt>
   <trkpt lat="-33.4515150" lon="151.0350630">
    <ele>53.0</ele>
    <time>2021-09-01T06:21:27Z</time>
    <extensions>
     <gpxtpx:TrackPointExtension>
      <gpxtpx:atemp>28</gpxtpx:atemp>
      <gpxtpx:hr>103</gpxtpx:hr>
     </gpxtpx:TrackPointExtension>
    </extensions>
   </trkpt>
   <trkpt lat="-33.4514510" lon="151.0351380">
    <ele>53.6</ele>
    <time>2021-09-01T06:21:28Z</time>
    <extensions>
     <gpxtpx:TrackPointExtension>
      <gpxtpx:atemp>28</gpxtpx:atemp>
      <gpxtpx:hr>103</gpxtpx:hr>
     </gpxtpx:TrackPointExtension>
    </extensions>
   </trkpt>
   <trkpt lat="-33.4513870" lon="151.0351540">
    <ele>54.4</ele>
    <time>2021-09-01T06:21:29Z</time>
    <extensions>
     <gpxtpx:TrackPointExtension>
      <gpxtpx:atemp>28</gpxtpx:atemp>
      <gpxtpx:hr>103</gpxtpx:hr>
     </gpxtpx:TrackPointExtension>
    </extensions>
   </trkpt>
   <trkpt lat="-33.4513180" lon="151.0351540">
    <ele>55.6</ele>
    <time>2021-09-01T06:21:30Z</time>
    <extensions>
     <gpxtpx:TrackPointExtension>
      <gpxtpx:atemp>28</gpxtpx:atemp>
      <gpxtpx:hr>104</gpxtpx:hr>
     </gpxtpx:TrackPointExtension>
    </extensions>
   </trkpt>
   <trkpt lat="-33.4512460" lon="151.0351520">
    <ele>57.2</ele>
    <time>2021-09-01T06:21:31Z</time>
    <extensions>
     <gpxtpx:TrackPointExtension>
      <gpxtpx:atemp>28</gpxtpx:atemp>
      <gpxtpx:hr>103</gpxtpx:hr>
     </gpxtpx:TrackPointExtension>
    </extensions>
   </trkpt>
   <trkpt lat="-33.4511720" lon="151.0351600">
    <ele>58.4</ele>
    <time>2021-09-01T06:21:32Z</time>
    <extensions>
     <gpxtpx:TrackPointExtension>
      <gpxtpx:atemp>28</gpxtpx:atemp>
      <gpxtpx:hr>102</gpxtpx:hr>
     </gpxtpx:TrackPointExtension>
    </extensions>
   </trkpt>
   <trkpt lat="-33.4510250" lon="151.0351950">
    <ele>60.8</ele>
    <time>2021-09-01T06:21:34Z</time>
    <extensions>
     <gpxtpx:TrackPointExtension>
      <gpxtpx:atemp>28</gpxtpx:atemp>
      <gpxtpx:hr>105</gpxtpx:hr>
     </gpxtpx:TrackPointExtension>
    </extensions>
   </trkpt>
   <trkpt lat="-33.4509480" lon="151.0352220">
    <ele>62.8</ele>
    <time>2021-09-01T06:21:35Z</time>
    <extensions>
     <gpxtpx:TrackPointExtension>
      <gpxtpx:atemp>27</gpxtpx:atemp>
      <gpxtpx:hr>105</gpxtpx:hr>
     </gpxtpx:TrackPointExtension>
    </extensions>
   </trkpt>
   <trkpt lat="-33.4508760" lon="151.0352530">
    <ele>64.2</ele>
    <time>2021-09-01T06:21:36Z</time>
    <extensions>
     <gpxtpx:TrackPointExtension>
      <gpxtpx:atemp>27</gpxtpx:atemp>
      <gpxtpx:hr>104</gpxtpx:hr>
     </gpxtpx:TrackPointExtension>
    </extensions>
   </trkpt>
   <trkpt lat="-33.4508080" lon="151.0352850">
    <ele>65.4</ele>
    <time>2021-09-01T06:21:37Z</time>
    <extensions>
     <gpxtpx:TrackPointExtension>
      <gpxtpx:atemp>27</gpxtpx:atemp>
      <gpxtpx:hr>104</gpxtpx:hr>
     </gpxtpx:TrackPointExtension>
    </extensions>
   </trkpt>
   <trkpt lat="-33.4507370" lon="151.0353130">
    <ele>67.0</ele>
    <time>2021-09-01T06:21:38Z</time>
    <extensions>
     <gpxtpx:TrackPointExtension>
      <gpxtpx:atemp>27</gpxtpx:atemp>
      <gpxtpx:hr>104</gpxtpx:hr>
     </gpxtpx:TrackPointExtension>
    </extensions>
   </trkpt>
   <trkpt lat="-33.4506180" lon="151.0353630">
    <ele>69.0</ele>
    <time>2021-09-01T06:21:40Z</time>
    <extensions>
     <gpxtpx:TrackPointExtension>
      <gpxtpx:atemp>27</gpxtpx:atemp>
      <gpxtpx:hr>104</gpxtpx:hr>
     </gpxtpx:TrackPointExtension>
    </extensions>
   </trkpt>
   <trkpt lat="-33.4505670" lon="151.0353970">
    <ele>69.6</ele>
    <time>2021-09-01T06:21:41Z</time>
    <extensions>
     <gpxtpx:TrackPointExtension>
      <gpxtpx:atemp>27</gpxtpx:atemp>
      <gpxtpx:hr>103</gpxtpx:hr>
     </gpxtpx:TrackPointExtension>
    </extensions>
   </trkpt>
   <trkpt lat="-33.4505100" lon="151.0354280">
    <ele>70.0</ele>
    <time>2021-09-01T06:21:42Z</time>
    <extensions>
     <gpxtpx:TrackPointExtension>
      <gpxtpx:atemp>27</gpxtpx:atemp>
      <gpxtpx:hr>102</gpxtpx:hr>
     </gpxtpx:TrackPointExtension>
    </extensions>
   </trkpt>
   <trkpt lat="-33.4503990" lon="151.0354880">
    <ele>71.2</ele>
    <time>2021-09-01T06:21:44Z</time>
    <extensions>
     <gpxtpx:TrackPointExtension>
      <gpxtpx:atemp>27</gpxtpx:atemp>
      <gpxtpx:hr>105</gpxtpx:hr>
     </gpxtpx:TrackPointExtension>
    </extensions>
   </trkpt>
   <trkpt lat="-33.4503590" lon="151.0355340">
    <ele>71.6</ele>
    <time>2021-09-01T06:21:45Z</time>
    <extensions>
     <gpxtpx:TrackPointExtension>
      <gpxtpx:atemp>27</gpxtpx:atemp>
      <gpxtpx:hr>104</gpxtpx:hr>
     </gpxtpx:TrackPointExtension>
    </extensions>
   </trkpt>
   <trkpt lat="-33.4503270" lon="151.0355920">
    <ele>72.2</ele>
    <time>2021-09-01T06:21:46Z</time>
    <extensions>
     <gpxtpx:TrackPointExtension>
      <gpxtpx:atemp>27</gpxtpx:atemp>
      <gpxtpx:hr>105</gpxtpx:hr>
     </gpxtpx:TrackPointExtension>
    </extensions>
   </trkpt>
   <trkpt lat="-33.4503130" lon="151.0356660">
    <ele>72.4</ele>
    <time>2021-09-01T06:21:47Z</time>
    <extensions>
     <gpxtpx:TrackPointExtension>
      <gpxtpx:atemp>27</gpxtpx:atemp>
      <gpxtpx:hr>106</gpxtpx:hr>
     </gpxtpx:TrackPointExtension>
    </extensions>
   </trkpt>
   <trkpt lat="-33.4502940" lon="151.0358090">
    <ele>72.6</ele>
    <time>2021-09-01T06:21:49Z</time>
    <extensions>
     <gpxtpx:TrackPointExtension>
      <gpxtpx:atemp>27</gpxtpx:atemp>
      <gpxtpx:hr>106</gpxtpx:hr>
     </gpxtpx:TrackPointExtension>
    </extensions>
   </trkpt>
   <trkpt lat="-33.4502800" lon="151.0358750">
    <ele>72.6</ele>
    <time>2021-09-01T06:21:50Z</time>
    <extensions>
     <gpxtpx:TrackPointExtension>
      <gpxtpx:atemp>27</gpxtpx:atemp>
      <gpxtpx:hr>105</gpxtpx:hr>
     </gpxtpx:TrackPointExtension>
    </extensions>
   </trkpt>
   <trkpt lat="-33.4502900" lon="151.0359980">
    <ele>72.8</ele>
    <time>2021-09-01T06:21:52Z</time>
    <extensions>
     <gpxtpx:TrackPointExtension>
      <gpxtpx:atemp>27</gpxtpx:atemp>
      <gpxtpx:hr>105</gpxtpx:hr>
     </gpxtpx:TrackPointExtension>
    </extensions>
   </trkpt>
   <trkpt lat="-33.4502950" lon="151.0360600">
    <ele>72.4</ele>
    <time>2021-09-01T06:21:53Z</time>
    <extensions>
     <gpxtpx:TrackPointExtension>
      <gpxtpx:atemp>27</gpxtpx:atemp>
      <gpxtpx:hr>105</gpxtpx:hr>
     </gpxtpx:TrackPointExtension>
    </extensions>
   </trkpt>
   <trkpt lat="-33.4503030" lon="151.0361200">
    <ele>72.2</ele>
    <time>2021-09-01T06:21:54Z</time>
    <extensions>
     <gpxtpx:TrackPointExtension>
      <gpxtpx:atemp>27</gpxtpx:atemp>
      <gpxtpx:hr>106</gpxtpx:hr>
     </gpxtpx:TrackPointExtension>
    </extensions>
   </trkpt>
   <trkpt lat="-33.4503100" lon="151.0361780">
    <ele>71.4</ele>
    <time>2021-09-01T06:21:55Z</time>
    <extensions>
     <gpxtpx:TrackPointExtension>
      <gpxtpx:atemp>27</gpxtpx:atemp>
      <gpxtpx:hr>106</gpxtpx:hr>
     </gpxtpx:TrackPointExtension>
    </extensions>
   </trkpt>
   <trkpt lat="-33.4503260" lon="151.0362950">
    <ele>70.4</ele>
    <time>2021-09-01T06:21:57Z</time>
    <extensions>
     <gpxtpx:TrackPointExtension>
      <gpxtpx:atemp>27</gpxtpx:atemp>
      <gpxtpx:hr>106</gpxtpx:hr>
     </gpxtpx:TrackPointExtension>
    </extensions>
   </trkpt>
   <trkpt lat="-33.4503290" lon="151.0363680">
    <ele>69.8</ele>
    <time>2021-09-01T06:21:58Z</time>
    <extensions>
     <gpxtpx:TrackPointExtension>
      <gpxtpx:atemp>27</gpxtpx:atemp>
      <gpxtpx:hr>106</gpxtpx:hr>
     </gpxtpx:TrackPointExtension>
    </extensions>
   </trkpt>
   <trkpt lat="-33.4503390" lon="151.0364420">
    <ele>69.2</ele>
    <time>2021-09-01T06:21:59Z</time>
    <extensions>
     <gpxtpx:TrackPointExtension>
      <gpxtpx:atemp>27</gpxtpx:atemp>
      <gpxtpx:hr>106</gpxtpx:hr>
     </gpxtpx:TrackPointExtension>
    </extensions>
   </trkpt>
   <trkpt lat="-33.4503480" lon="151.0365940">
    <ele>68.0</ele>
    <time>2021-09-01T06:22:01Z</time>
    <extensions>
     <gpxtpx:TrackPointExtension>
      <gpxtpx:atemp>27</gpxtpx:atemp>
      <gpxtpx:hr>105</gpxtpx:hr>
     </gpxtpx:TrackPointExtension>
    </extensions>
   </trkpt>
   <trkpt lat="-33.4503550" lon="151.0366750">
    <ele>66.8</ele>
    <time>2021-09-01T06:22:02Z</time>
    <extensions>
     <gpxtpx:TrackPointExtension>
      <gpxtpx:atemp>27</gpxtpx:atemp>
      <gpxtpx:hr>104</gpxtpx:hr>
     </gpxtpx:TrackPointExtension>
    </extensions>
   </trkpt>
   <trkpt lat="-33.4503670" lon="151.0367620">
    <ele>66.0</ele>
    <time>2021-09-01T06:22:03Z</time>
    <extensions>
     <gpxtpx:TrackPointExtension>
      <gpxtpx:atemp>27</gpxtpx:atemp>
      <gpxtpx:hr>104</gpxtpx:hr>
     </gpxtpx:TrackPointExtension>
    </extensions>
   </trkpt>
   <trkpt lat="-33.4503870" lon="151.0368500">
    <ele>65.6</ele>
    <time>2021-09-01T06:22:04Z</time>
    <extensions>
     <gpxtpx:TrackPointExtension>
      <gpxtpx:atemp>27</gpxtpx:atemp>
      <gpxtpx:hr>102</gpxtpx:hr>
     </gpxtpx:TrackPointExtension>
    </extensions>
   </trkpt>
   <trkpt lat="-33.4504200" lon="151.0369330">
    <ele>64.2</ele>
    <time>2021-09-01T06:22:05Z</time>
    <extensions>
     <gpxtpx:TrackPointExtension>
      <gpxtpx:atemp>27</gpxtpx:atemp>
      <gpxtpx:hr>103</gpxtpx:hr>
     </gpxtpx:TrackPointExtension>
    </extensions>
   </trkpt>
   <trkpt lat="-33.4504620" lon="151.0370200">
    <ele>63.2</ele>
    <time>2021-09-01T06:22:06Z</time>
    <extensions>
     <gpxtpx:TrackPointExtension>
      <gpxtpx:atemp>27</gpxtpx:atemp>
      <gpxtpx:hr>104</gpxtpx:hr>
     </gpxtpx:TrackPointExtension>
    </extensions>
   </trkpt>
   <trkpt lat="-33.4505000" lon="151.0371120">
    <ele>61.4</ele>
    <time>2021-09-01T06:22:07Z</time>
    <extensions>
     <gpxtpx:TrackPointExtension>
      <gpxtpx:atemp>27</gpxtpx:atemp>
      <gpxtpx:hr>104</gpxtpx:hr>
     </gpxtpx:TrackPointExtension>
    </extensions>
   </trkpt>
   <trkpt lat="-33.4505320" lon="151.0372090">
    <ele>60.2</ele>
    <time>2021-09-01T06:22:08Z</time>
    <extensions>
     <gpxtpx:TrackPointExtension>
      <gpxtpx:atemp>27</gpxtpx:atemp>
      <gpxtpx:hr>104</gpxtpx:hr>
     </gpxtpx:TrackPointExtension>
    </extensions>
   </trkpt>
   <trkpt lat="-33.4505730" lon="151.0373010">
    <ele>59.4</ele>
    <time>2021-09-01T06:22:09Z</time>
    <extensions>
     <gpxtpx:TrackPointExtension>
      <gpxtpx:atemp>27</gpxtpx:atemp>
      <gpxtpx:hr>103</gpxtpx:hr>
     </gpxtpx:TrackPointExtension>
    </extensions>
   </trkpt>
   <trkpt lat="-33.4506150" lon="151.0373880">
    <ele>58.2</ele>
    <time>2021-09-01T06:22:10Z</time>
    <extensions>
     <gpxtpx:TrackPointExtension>
      <gpxtpx:atemp>27</gpxtpx:atemp>
      <gpxtpx:hr>104</gpxtpx:hr>
     </gpxtpx:TrackPointExtension>
    </extensions>
   </trkpt>
   <trkpt lat="-33.4506720" lon="151.0375570">
    <ele>56.0</ele>
    <time>2021-09-01T06:22:12Z</time>
    <extensions>
     <gpxtpx:TrackPointExtension>
      <gpxtpx:atemp>27</gpxtpx:atemp>
      <gpxtpx:hr>104</gpxtpx:hr>
     </gpxtpx:TrackPointExtension>
    </extensions>
   </trkpt>
   <trkpt lat="-33.4506760" lon="151.0377050">
    <ele>55.0</ele>
    <time>2021-09-01T06:22:14Z</time>
    <extensions>
     <gpxtpx:TrackPointExtension>
      <gpxtpx:atemp>27</gpxtpx:atemp>
      <gpxtpx:hr>102</gpxtpx:hr>
     </gpxtpx:TrackPointExtension>
    </extensions>
   </trkpt>
   <trkpt lat="-33.4506650" lon="151.0378290">
    <ele>55.0</ele>
    <time>2021-09-01T06:22:15Z</time>
    <extensions>
     <gpxtpx:TrackPointExtension>
      <gpxtpx:atemp>27</gpxtpx:atemp>
      <gpxtpx:hr>101</gpxtpx:hr>
     </gpxtpx:TrackPointExtension>
    </extensions>
   </trkpt>
   <trkpt lat="-33.4506760" lon="151.0379050">
    <ele>55.4</ele>
    <time>2021-09-01T06:22:16Z</time>
    <extensions>
     <gpxtpx:TrackPointExtension>
      <gpxtpx:atemp>27</gpxtpx:atemp>
      <gpxtpx:hr>101</gpxtpx:hr>
     </gpxtpx:TrackPointExtension>
    </extensions>
   </trkpt>
   <trkpt lat="-33.4507000" lon="151.0379950">
    <ele>56.4</ele>
    <time>2021-09-01T06:22:17Z</time>
    <extensions>
     <gpxtpx:TrackPointExtension>
      <gpxtpx:atemp>27</gpxtpx:atemp>
      <gpxtpx:hr>101</gpxtpx:hr>
     </gpxtpx:TrackPointExtension>
    </extensions>
   </trkpt>
   <trkpt lat="-33.4507570" lon="151.0380650">
    <ele>57.2</ele>
    <time>2021-09-01T06:22:18Z</time>
    <extensions>
     <gpxtpx:TrackPointExtension>
      <gpxtpx:atemp>27</gpxtpx:atemp>
      <gpxtpx:hr>101</gpxtpx:hr>
     </gpxtpx:TrackPointExtension>
    </extensions>
   </trkpt>
   <trkpt lat="-33.4508110" lon="151.0381440">
    <ele>57.6</ele>
    <time>2021-09-01T06:22:19Z</time>
    <extensions>
     <gpxtpx:TrackPointExtension>
      <gpxtpx:atemp>27</gpxtpx:atemp>
      <gpxtpx:hr>101</gpxtpx:hr>
     </gpxtpx:TrackPointExtension>
    </extensions>
   </trkpt>
   <trkpt lat="-33.4508630" lon="151.0382250">
    <ele>58.0</ele>
    <time>2021-09-01T06:22:20Z</time>
    <extensions>
     <gpxtpx:TrackPointExtension>
      <gpxtpx:atemp>27</gpxtpx:atemp>
      <gpxtpx:hr>101</gpxtpx:hr>
     </gpxtpx:TrackPointExtension>
    </extensions>
   </trkpt>
   <trkpt lat="-33.4509660" lon="151.0383810">
    <ele>59.0</ele>
    <time>2021-09-01T06:22:22Z</time>
    <extensions>
     <gpxtpx:TrackPointExtension>
      <gpxtpx:atemp>27</gpxtpx:atemp>
      <gpxtpx:hr>101</gpxtpx:hr>
     </gpxtpx:TrackPointExtension>
    </extensions>
   </trkpt>
   <trkpt lat="-33.4510830" lon="151.0386150">
    <ele>59.8</ele>
    <time>2021-09-01T06:22:25Z</time>
    <extensions>
     <gpxtpx:TrackPointExtension>
      <gpxtpx:atemp>27</gpxtpx:atemp>
      <gpxtpx:hr>104</gpxtpx:hr>
     </gpxtpx:TrackPointExtension>
    </extensions>
   </trkpt>
   <trkpt lat="-33.4511010" lon="151.0386940">
    <ele>60.6</ele>
    <time>2021-09-01T06:22:26Z</time>
    <extensions>
     <gpxtpx:TrackPointExtension>
      <gpxtpx:atemp>27</gpxtpx:atemp>
      <gpxtpx:hr>105</gpxtpx:hr>
     </gpxtpx:TrackPointExtension>
    </extensions>
   </trkpt>
   <trkpt lat="-33.4510880" lon="151.0388860">
    <ele>62.0</ele>
    <time>2021-09-01T06:22:28Z</time>
    <extensions>
     <gpxtpx:TrackPointExtension>
      <gpxtpx:atemp>27</gpxtpx:atemp>
      <gpxtpx:hr>105</gpxtpx:hr>
     </gpxtpx:TrackPointExtension>
    </extensions>
   </trkpt>
   <trkpt lat="-33.4510780" lon="151.0389680">
    <ele>62.6</ele>
    <time>2021-09-01T06:22:29Z</time>
    <extensions>
     <gpxtpx:TrackPointExtension>
      <gpxtpx:atemp>27</gpxtpx:atemp>
      <gpxtpx:hr>105</gpxtpx:hr>
     </gpxtpx:TrackPointExtension>
    </extensions>
   </trkpt>
   <trkpt lat="-33.4509750" lon="151.0393140">
    <ele>63.0</ele>
    <time>2021-09-01T06:22:32Z</time>
    <extensions>
     <gpxtpx:TrackPointExtension>
      <gpxtpx:atemp>27</gpxtpx:atemp>
      <gpxtpx:hr>106</gpxtpx:hr>
     </gpxtpx:TrackPointExtension>
    </extensions>
   </trkpt>
   <trkpt lat="-33.4509220" lon="151.0395640">
    <ele>60.4</ele>
    <time>2021-09-01T06:22:34Z</time>
    <extensions>
     <gpxtpx:TrackPointExtension>
      <gpxtpx:atemp>27</gpxtpx:atemp>
      <gpxtpx:hr>106</gpxtpx:hr>
     </gpxtpx:TrackPointExtension>
    </extensions>
   </trkpt>
   <trkpt lat="-33.4509170" lon="151.0396620">
    <ele>59.8</ele>
    <time>2021-09-01T06:22:35Z</time>
    <extensions>
     <gpxtpx:TrackPointExtension>
      <gpxtpx:atemp>27</gpxtpx:atemp>
      <gpxtpx:hr>106</gpxtpx:hr>
     </gpxtpx:TrackPointExtension>
    </extensions>
   </trkpt>
   <trkpt lat="-33.4509160" lon="151.0397620">
    <ele>59.4</ele>
    <time>2021-09-01T06:22:36Z</time>
    <extensions>
     <gpxtpx:TrackPointExtension>
      <gpxtpx:atemp>27</gpxtpx:atemp>
      <gpxtpx:hr>106</gpxtpx:hr>
     </gpxtpx:TrackPointExtension>
    </extensions>
   </trkpt>
   <trkpt lat="-33.4509070" lon="151.0398900">
    <ele>58.2</ele>
    <time>2021-09-01T06:22:37Z</time>
    <extensions>
     <gpxtpx:TrackPointExtension>
      <gpxtpx:atemp>27</gpxtpx:atemp>
      <gpxtpx:hr>106</gpxtpx:hr>
     </gpxtpx:TrackPointExtension>
    </extensions>
   </trkpt>
   <trkpt lat="-33.4508910" lon="151.0401430">
    <ele>56.8</ele>
    <time>2021-09-01T06:22:39Z</time>
    <extensions>
     <gpxtpx:TrackPointExtension>
      <gpxtpx:atemp>27</gpxtpx:atemp>
      <gpxtpx:hr>108</gpxtpx:hr>
     </gpxtpx:TrackPointExtension>
    </extensions>
   </trkpt>
   <trkpt lat="-33.4508790" lon="151.0402530">
    <ele>54.6</ele>
    <time>2021-09-01T06:22:40Z</time>
    <extensions>
     <gpxtpx:TrackPointExtension>
      <gpxtpx:atemp>27</gpxtpx:atemp>
      <gpxtpx:hr>106</gpxtpx:hr>
     </gpxtpx:TrackPointExtension>
    </extensions>
   </trkpt>
   <trkpt lat="-33.4508550" lon="151.0403700">
    <ele>53.6</ele>
    <time>2021-09-01T06:22:41Z</time>
    <extensions>
     <gpxtpx:TrackPointExtension>
      <gpxtpx:atemp>27</gpxtpx:atemp>
      <gpxtpx:hr>108</gpxtpx:hr>
     </gpxtpx:TrackPointExtension>
    </extensions>
   </trkpt>
   <trkpt lat="-33.4508040" lon="151.0406180">
    <ele>51.6</ele>
    <time>2021-09-01T06:22:43Z</time>
    <extensions>
     <gpxtpx:TrackPointExtension>
      <gpxtpx:atemp>27</gpxtpx:atemp>
      <gpxtpx:hr>106</gpxtpx:hr>
     </gpxtpx:TrackPointExtension>
    </extensions>
   </trkpt>
   <trkpt lat="-33.4507640" lon="151.0408690">
    <ele>50.0</ele>
    <time>2021-09-01T06:22:45Z</time>
    <extensions>
     <gpxtpx:TrackPointExtension>
      <gpxtpx:atemp>27</gpxtpx:atemp>
      <gpxtpx:hr>105</gpxtpx:hr>
     </gpxtpx:TrackPointExtension>
    </extensions>
   </trkpt>
   <trkpt lat="-33.4507490" lon="151.0409890">
    <ele>49.6</ele>
    <time>2021-09-01T06:22:46Z</time>
    <extensions>
     <gpxtpx:TrackPointExtension>
      <gpxtpx:atemp>27</gpxtpx:atemp>
      <gpxtpx:hr>104</gpxtpx:hr>
     </gpxtpx:TrackPointExtension>
    </extensions>
   </trkpt>
   <trkpt lat="-33.4507100" lon="151.0413360">
    <ele>49.6</ele>
    <time>2021-09-01T06:22:49Z</time>
    <extensions>
     <gpxtpx:TrackPointExtension>
      <gpxtpx:atemp>27</gpxtpx:atemp>
      <gpxtpx:hr>107</gpxtpx:hr>
     </gpxtpx:TrackPointExtension>
    </extensions>
   </trkpt>
   <trkpt lat="-33.4506010" lon="151.0418330">
    <ele>50.6</ele>
    <time>2021-09-01T06:22:54Z</time>
    <extensions>
     <gpxtpx:TrackPointExtension>
      <gpxtpx:atemp>26</gpxtpx:atemp>
      <gpxtpx:hr>106</gpxtpx:hr>
     </gpxtpx:TrackPointExtension>
    </extensions>
   </trkpt>
   <trkpt lat="-33.4505800" lon="151.0419970">
    <ele>51.4</ele>
    <time>2021-09-01T06:22:56Z</time>
    <extensions>
     <gpxtpx:TrackPointExtension>
      <gpxtpx:atemp>26</gpxtpx:atemp>
      <gpxtpx:hr>107</gpxtpx:hr>
     </gpxtpx:TrackPointExtension>
    </extensions>
   </trkpt>
   <trkpt lat="-33.4505770" lon="151.0421540">
    <ele>53.0</ele>
    <time>2021-09-01T06:22:58Z</time>
    <extensions>
     <gpxtpx:TrackPointExtension>
      <gpxtpx:atemp>26</gpxtpx:atemp>
      <gpxtpx:hr>107</gpxtpx:hr>
     </gpxtpx:TrackPointExtension>
    </extensions>
   </trkpt>
   <trkpt lat="-33.4505840" lon="151.0422220">
    <ele>54.0</ele>
    <time>2021-09-01T06:22:59Z</time>
    <extensions>
     <gpxtpx:TrackPointExtension>
      <gpxtpx:atemp>26</gpxtpx:atemp>
      <gpxtpx:hr>109</gpxtpx:hr>
     </gpxtpx:TrackPointExtension>
    </extensions>
   </trkpt>
   <trkpt lat="-33.4505910" lon="151.0423680">
    <ele>55.0</ele>
    <time>2021-09-01T06:23:01Z</time>
    <extensions>
     <gpxtpx:TrackPointExtension>
      <gpxtpx:atemp>26</gpxtpx:atemp>
      <gpxtpx:hr>107</gpxtpx:hr>
     </gpxtpx:TrackPointExtension>
    </extensions>
   </trkpt>
   <trkpt lat="-33.4505950" lon="151.0425300">
    <ele>56.0</ele>
    <time>2021-09-01T06:23:03Z</time>
    <extensions>
     <gpxtpx:TrackPointExtension>
      <gpxtpx:atemp>26</gpxtpx:atemp>
      <gpxtpx:hr>104</gpxtpx:hr>
     </gpxtpx:TrackPointExtension>
    </extensions>
   </trkpt>
   <trkpt lat="-33.4506010" lon="151.0426100">
    <ele>56.4</ele>
    <time>2021-09-01T06:23:04Z</time>
    <extensions>
     <gpxtpx:TrackPointExtension>
      <gpxtpx:atemp>26</gpxtpx:atemp>
      <gpxtpx:hr>102</gpxtpx:hr>
     </gpxtpx:TrackPointExtension>
    </extensions>
   </trkpt>
   <trkpt lat="-33.4506270" lon="151.0427660">
    <ele>57.6</ele>
    <time>2021-09-01T06:23:06Z</time>
    <extensions>
     <gpxtpx:TrackPointExtension>
      <gpxtpx:atemp>26</gpxtpx:atemp>
      <gpxtpx:hr>101</gpxtpx:hr>
     </gpxtpx:TrackPointExtension>
    </extensions>
   </trkpt>
   <trkpt lat="-33.4506300" lon="151.0428440">
    <ele>58.2</ele>
    <time>2021-09-01T06:23:07Z</time>
    <extensions>
     <gpxtpx:TrackPointExtension>
      <gpxtpx:atemp>26</gpxtpx:atemp>
      <gpxtpx:hr>101</gpxtpx:hr>
     </gpxtpx:TrackPointExtension>
    </extensions>
   </trkpt>
   <trkpt lat="-33.4506290" lon="151.0429210">
    <ele>58.6</ele>
    <time>2021-09-01T06:23:08Z</time>
    <extensions>
     <gpxtpx:TrackPointExtension>
      <gpxtpx:atemp>26</gpxtpx:atemp>
      <gpxtpx:hr>100</gpxtpx:hr>
     </gpxtpx:TrackPointExtension>
    </extensions>
   </trkpt>
   <trkpt lat="-33.4506220" lon="151.0429940">
    <ele>59.0</ele>
    <time>2021-09-01T06:23:09Z</time>
    <extensions>
     <gpxtpx:TrackPointExtension>
      <gpxtpx:atemp>26</gpxtpx:atemp>
      <gpxtpx:hr>102</gpxtpx:hr>
     </gpxtpx:TrackPointExtension>
    </extensions>
   </trkpt>
   <trkpt lat="-33.4506060" lon="151.0430600">
    <ele>59.4</ele>
    <time>2021-09-01T06:23:10Z</time>
    <extensions>
     <gpxtpx:TrackPointExtension>
      <gpxtpx:atemp>26</gpxtpx:atemp>
      <gpxtpx:hr>101</gpxtpx:hr>
     </gpxtpx:TrackPointExtension>
    </extensions>
   </trkpt>
   <trkpt lat="-33.4505480" lon="151.0431730">
    <ele>60.2</ele>
    <time>2021-09-01T06:23:12Z</time>
    <extensions>
     <gpxtpx:TrackPointExtension>
      <gpxtpx:atemp>26</gpxtpx:atemp>
      <gpxtpx:hr>101</gpxtpx:hr>
     </gpxtpx:TrackPointExtension>
    </extensions>
   </trkpt>
   <trkpt lat="-33.4504760" lon="151.0432720">
    <ele>61.6</ele>
    <time>2021-09-01T06:23:14Z</time>
    <extensions>
     <gpxtpx:TrackPointExtension>
      <gpxtpx:atemp>26</gpxtpx:atemp>
      <gpxtpx:hr>101</gpxtpx:hr>
     </gpxtpx:TrackPointExtension>
    </extensions>
   </trkpt>
   <trkpt lat="-33.4504420" lon="151.0433290">
    <ele>62.0</ele>
    <time>2021-09-01T06:23:15Z</time>
    <extensions>
     <gpxtpx:TrackPointExtension>
      <gpxtpx:atemp>26</gpxtpx:atemp>
      <gpxtpx:hr>99</gpxtpx:hr>
     </gpxtpx:TrackPointExtension>
    </extensions>
   </trkpt>
   <trkpt lat="-33.4504070" lon="151.0434080">
    <ele>62.2</ele>
    <time>2021-09-01T06:23:16Z</time>
    <extensions>
     <gpxtpx:TrackPointExtension>
      <gpxtpx:atemp>26</gpxtpx:atemp>
      <gpxtpx:hr>99</gpxtpx:hr>
     </gpxtpx:TrackPointExtension>
    </extensions>
   </trkpt>
   <trkpt lat="-33.4503550" lon="151.0435670">
    <ele>62.8</ele>
    <time>2021-09-01T06:23:18Z</time>
    <extensions>
     <gpxtpx:TrackPointExtension>
      <gpxtpx:atemp>26</gpxtpx:atemp>
      <gpxtpx:hr>101</gpxtpx:hr>
     </gpxtpx:TrackPointExtension>
    </extensions>
   </trkpt>
   <trkpt lat="-33.4503480" lon="151.0436290">
    <ele>63.0</ele>
    <time>2021-09-01T06:23:19Z</time>
    <extensions>
     <gpxtpx:TrackPointExtension>
      <gpxtpx:atemp>26</gpxtpx:atemp>
      <gpxtpx:hr>101</gpxtpx:hr>
     </gpxtpx:TrackPointExtension>
    </extensions>
   </trkpt>
   <trkpt lat="-33.4503410" lon="151.0436840">
    <ele>64.2</ele>
    <time>2021-09-01T06:23:20Z</time>
    <extensions>
     <gpxtpx:TrackPointExtension>
      <gpxtpx:atemp>26</gpxtpx:atemp>
      <gpxtpx:hr>102</gpxtpx:hr>
     </gpxtpx:TrackPointExtension>
    </extensions>
   </trkpt>
   <trkpt lat="-33.4503260" lon="151.0437400">
    <ele>65.0</ele>
    <time>2021-09-01T06:23:21Z</time>
    <extensions>
     <gpxtpx:TrackPointExtension>
      <gpxtpx:atemp>26</gpxtpx:atemp>
      <gpxtpx:hr>102</gpxtpx:hr>
     </gpxtpx:TrackPointExtension>
    </extensions>
   </trkpt>
   <trkpt lat="-33.4503040" lon="151.0437870">
    <ele>65.4</ele>
    <time>2021-09-01T06:23:22Z</time>
    <extensions>
     <gpxtpx:TrackPointExtension>
      <gpxtpx:atemp>26</gpxtpx:atemp>
      <gpxtpx:hr>102</gpxtpx:hr>
     </gpxtpx:TrackPointExtension>
    </extensions>
   </trkpt>
   <trkpt lat="-33.4502700" lon="151.0438340">
    <ele>65.8</ele>
    <time>2021-09-01T06:23:23Z</time>
    <extensions>
     <gpxtpx:TrackPointExtension>
      <gpxtpx:atemp>26</gpxtpx:atemp>
      <gpxtpx:hr>101</gpxtpx:hr>
     </gpxtpx:TrackPointExtension>
    </extensions>
   </trkpt>
   <trkpt lat="-33.4502250" lon="151.0438870">
    <ele>65.8</ele>
    <time>2021-09-01T06:23:24Z</time>
    <extensions>
     <gpxtpx:TrackPointExtension>
      <gpxtpx:atemp>26</gpxtpx:atemp>
      <gpxtpx:hr>101</gpxtpx:hr>
     </gpxtpx:TrackPointExtension>
    </extensions>
   </trkpt>
   <trkpt lat="-33.4501410" lon="151.0440200">
    <ele>65.8</ele>
    <time>2021-09-01T06:23:26Z</time>
    <extensions>
     <gpxtpx:TrackPointExtension>
      <gpxtpx:atemp>26</gpxtpx:atemp>
      <gpxtpx:hr>101</gpxtpx:hr>
     </gpxtpx:TrackPointExtension>
    </extensions>
   </trkpt>
   <trkpt lat="-33.4501080" lon="151.0441620">
    <ele>65.6</ele>
    <time>2021-09-01T06:23:28Z</time>
    <extensions>
     <gpxtpx:TrackPointExtension>
      <gpxtpx:atemp>26</gpxtpx:atemp>
      <gpxtpx:hr>101</gpxtpx:hr>
     </gpxtpx:TrackPointExtension>
    </extensions>
   </trkpt>
   <trkpt lat="-33.4500970" lon="151.0442720">
    <ele>65.4</ele>
    <time>2021-09-01T06:23:30Z</time>
    <extensions>
     <gpxtpx:TrackPointExtension>
      <gpxtpx:atemp>26</gpxtpx:atemp>
      <gpxtpx:hr>98</gpxtpx:hr>
     </gpxtpx:TrackPointExtension>
    </extensions>
   </trkpt>
   <trkpt lat="-33.4500920" lon="151.0443160">
    <ele>65.4</ele>
    <time>2021-09-01T06:23:31Z</time>
    <extensions>
     <gpxtpx:TrackPointExtension>
      <gpxtpx:atemp>26</gpxtpx:atemp>
      <gpxtpx:hr>101</gpxtpx:hr>
     </gpxtpx:TrackPointExtension>
    </extensions>
   </trkpt>
   <trkpt lat="-33.4500850" lon="151.0443590">
    <ele>65.2</ele>
    <time>2021-09-01T06:23:32Z</time>
    <extensions>
     <gpxtpx:TrackPointExtension>
      <gpxtpx:atemp>26</gpxtpx:atemp>
      <gpxtpx:hr>101</gpxtpx:hr>
     </gpxtpx:TrackPointExtension>
    </extensions>
   </trkpt>
   <trkpt lat="-33.4500640" lon="151.0444400">
    <ele>64.8</ele>
    <time>2021-09-01T06:23:35Z</time>
    <extensions>
     <gpxtpx:TrackPointExtension>
      <gpxtpx:atemp>26</gpxtpx:atemp>
      <gpxtpx:hr>104</gpxtpx:hr>
     </gpxtpx:TrackPointExtension>
    </extensions>
   </trkpt>
   <trkpt lat="-33.4500570" lon="151.0444550">
    <ele>64.8</ele>
    <time>2021-09-01T06:23:36Z</time>
    <extensions>
     <gpxtpx:TrackPointExtension>
      <gpxtpx:atemp>26</gpxtpx:atemp>
      <gpxtpx:hr>105</gpxtpx:hr>
     </gpxtpx:TrackPointExtension>
    </extensions>
   </trkpt>
   <trkpt lat="-33.4500380" lon="151.0444810">
    <ele>64.2</ele>
    <time>2021-09-01T06:23:38Z</time>
    <extensions>
     <gpxtpx:TrackPointExtension>
      <gpxtpx:atemp>26</gpxtpx:atemp>
      <gpxtpx:hr>106</gpxtpx:hr>
     </gpxtpx:TrackPointExtension>
    </extensions>
   </trkpt>
   <trkpt lat="-33.4500190" lon="151.0445010">
    <ele>63.6</ele>
    <time>2021-09-01T06:23:42Z</time>
    <extensions>
     <gpxtpx:TrackPointExtension>
      <gpxtpx:atemp>26</gpxtpx:atemp>
      <gpxtpx:hr>106</gpxtpx:hr>
     </gpxtpx:TrackPointExtension>
    </extensions>
   </trkpt>
   <trkpt lat="-33.4500160" lon="151.0444990">
    <ele>63.2</ele>
    <time>2021-09-01T06:23:46Z</time>
    <extensions>
     <gpxtpx:TrackPointExtension>
      <gpxtpx:atemp>26</gpxtpx:atemp>
      <gpxtpx:hr>108</gpxtpx:hr>
     </gpxtpx:TrackPointExtension>
    </extensions>
   </trkpt>
   <trkpt lat="-33.4500140" lon="151.0444980">
    <ele>63.2</ele>
    <time>2021-09-01T06:23:47Z</time>
    <extensions>
     <gpxtpx:TrackPointExtension>
      <gpxtpx:atemp>26</gpxtpx:atemp>
      <gpxtpx:hr>108</gpxtpx:hr>
     </gpxtpx:TrackPointExtension>
    </extensions>
   </trkpt>
   <trkpt lat="-33.4500240" lon="151.0444630">
    <ele>63.2</ele>
    <time>2021-09-01T06:23:52Z</time>
    <extensions>
     <gpxtpx:TrackPointExtension>
      <gpxtpx:atemp>26</gpxtpx:atemp>
      <gpxtpx:hr>109</gpxtpx:hr>
     </gpxtpx:TrackPointExtension>
    </extensions>
   </trkpt>
   <trkpt lat="-33.4500590" lon="151.0443850">
    <ele>63.8</ele>
    <time>2021-09-01T06:23:57Z</time>
    <extensions>
     <gpxtpx:TrackPointExtension>
      <gpxtpx:atemp>26</gpxtpx:atemp>
      <gpxtpx:hr>106</gpxtpx:hr>
     </gpxtpx:TrackPointExtension>
    </extensions>
   </trkpt>
   <trkpt lat="-33.4500560" lon="151.0443590">
    <ele>64.0</ele>
    <time>2021-09-01T06:23:58Z</time>
    <extensions>
     <gpxtpx:TrackPointExtension>
      <gpxtpx:atemp>26</gpxtpx:atemp>
      <gpxtpx:hr>109</gpxtpx:hr>
     </gpxtpx:TrackPointExtension>
    </extensions>
   </trkpt>
   <trkpt lat="-33.4500340" lon="151.0443220">
    <ele>64.2</ele>
    <time>2021-09-01T06:24:02Z</time>
    <extensions>
     <gpxtpx:TrackPointExtension>
      <gpxtpx:atemp>26</gpxtpx:atemp>
      <gpxtpx:hr>110</gpxtpx:hr>
     </gpxtpx:TrackPointExtension>
    </extensions>
   </trkpt>
   <trkpt lat="-33.4500150" lon="151.0442990">
    <ele>63.4</ele>
    <time>2021-09-01T06:24:08Z</time>
    <extensions>
     <gpxtpx:TrackPointExtension>
      <gpxtpx:atemp>26</gpxtpx:atemp>
      <gpxtpx:hr>111</gpxtpx:hr>
     </gpxtpx:TrackPointExtension>
    </extensions>
   </trkpt>
   <trkpt lat="-33.4500040" lon="151.0442880">
    <ele>63.2</ele>
    <time>2021-09-01T06:24:14Z</time>
    <extensions>
     <gpxtpx:TrackPointExtension>
      <gpxtpx:atemp>26</gpxtpx:atemp>
      <gpxtpx:hr>108</gpxtpx:hr>
     </gpxtpx:TrackPointExtension>
    </extensions>
   </trkpt>
   <trkpt lat="-33.4499960" lon="151.0442750">
    <ele>62.8</ele>
    <time>2021-09-01T06:24:17Z</time>
    <extensions>
     <gpxtpx:TrackPointExtension>
      <gpxtpx:atemp>26</gpxtpx:atemp>
      <gpxtpx:hr>109</gpxtpx:hr>
     </gpxtpx:TrackPointExtension>
    </extensions>
   </trkpt>
   <trkpt lat="-33.4500090" lon="151.0442660">
    <ele>62.8</ele>
    <time>2021-09-01T06:24:24Z</time>
    <extensions>
     <gpxtpx:TrackPointExtension>
      <gpxtpx:atemp>26</gpxtpx:atemp>
      <gpxtpx:hr>112</gpxtpx:hr>
     </gpxtpx:TrackPointExtension>
    </extensions>
   </trkpt>
   <trkpt lat="-33.4500020" lon="151.0442740">
    <ele>62.8</ele>
    <time>2021-09-01T06:24:26Z</time>
    <extensions>
     <gpxtpx:TrackPointExtension>
      <gpxtpx:atemp>26</gpxtpx:atemp>
      <gpxtpx:hr>112</gpxtpx:hr>
     </gpxtpx:TrackPointExtension>
    </extensions>
   </trkpt>
   <trkpt lat="-33.4500130" lon="151.0442780">
    <ele>62.8</ele>
    <time>2021-09-01T06:24:34Z</time>
    <extensions>
     <gpxtpx:TrackPointExtension>
      <gpxtpx:atemp>26</gpxtpx:atemp>
      <gpxtpx:hr>113</gpxtpx:hr>
     </gpxtpx:TrackPointExtension>
    </extensions>
   </trkpt>
   <trkpt lat="-33.4500090" lon="151.0442650">
    <ele>62.8</ele>
    <time>2021-09-01T06:24:39Z</time>
    <extensions>
     <gpxtpx:TrackPointExtension>
      <gpxtpx:atemp>26</gpxtpx:atemp>
      <gpxtpx:hr>109</gpxtpx:hr>
     </gpxtpx:TrackPointExtension>
    </extensions>
   </trkpt>
   <trkpt lat="-33.4500060" lon="151.0442610">
    <ele>62.8</ele>
    <time>2021-09-01T06:24:40Z</time>
    <extensions>
     <gpxtpx:TrackPointExtension>
      <gpxtpx:atemp>26</gpxtpx:atemp>
      <gpxtpx:hr>110</gpxtpx:hr>
     </gpxtpx:TrackPointExtension>
    </extensions>
   </trkpt>
   <trkpt lat="-33.4500030" lon="151.0442630">
    <ele>59.4</ele>
    <time>2021-09-01T06:24:42Z</time>
    <extensions>
     <gpxtpx:TrackPointExtension>
      <gpxtpx:atemp>26</gpxtpx:atemp>
      <gpxtpx:hr>109</gpxtpx:hr>
     </gpxtpx:TrackPointExtension>
    </extensions>
   </trkpt>
   <trkpt lat="-33.4500080" lon="151.0442610">
    <ele>59.4</ele>
    <time>2021-09-01T06:24:44Z</time>
    <extensions>
     <gpxtpx:TrackPointExtension>
      <gpxtpx:atemp>26</gpxtpx:atemp>
      <gpxtpx:hr>104</gpxtpx:hr>
     </gpxtpx:TrackPointExtension>
    </extensions>
   </trkpt>
   <trkpt lat="-33.4500060" lon="151.0442530">
    <ele>61.2</ele>
    <time>2021-09-01T06:24:46Z</time>
    <extensions>
     <gpxtpx:TrackPointExtension>
      <gpxtpx:atemp>26</gpxtpx:atemp>
      <gpxtpx:hr>104</gpxtpx:hr>
     </gpxtpx:TrackPointExtension>
    </extensions>
   </trkpt>
   <trkpt lat="-33.4500060" lon="151.0442540">
    <ele>62.0</ele>
    <time>2021-09-01T06:24:47Z</time>
    <extensions>
     <gpxtpx:TrackPointExtension>
      <gpxtpx:atemp>26</gpxtpx:atemp>
      <gpxtpx:hr>103</gpxtpx:hr>
     </gpxtpx:TrackPointExtension>
    </extensions>
   </trkpt>
   <trkpt lat="-33.4500080" lon="151.0442560">
    <ele>62.4</ele>
    <time>2021-09-01T06:24:48Z</time>
    <extensions>
     <gpxtpx:TrackPointExtension>
      <gpxtpx:atemp>26</gpxtpx:atemp>
      <gpxtpx:hr>105</gpxtpx:hr>
     </gpxtpx:TrackPointExtension>
    </extensions>
   </trkpt>
   <trkpt lat="-33.4500100" lon="151.0442690">
    <ele>62.8</ele>
    <time>2021-09-01T06:24:52Z</time>
    <extensions>
     <gpxtpx:TrackPointExtension>
      <gpxtpx:atemp>26</gpxtpx:atemp>
      <gpxtpx:hr>102</gpxtpx:hr>
     </gpxtpx:TrackPointExtension>
    </extensions>
   </trkpt>
   <trkpt lat="-33.4500120" lon="151.0442660">
    <ele>63.0</ele>
    <time>2021-09-01T06:24:54Z</time>
    <extensions>
     <gpxtpx:TrackPointExtension>
      <gpxtpx:atemp>26</gpxtpx:atemp>
      <gpxtpx:hr>100</gpxtpx:hr>
     </gpxtpx:TrackPointExtension>
    </extensions>
   </trkpt>
   <trkpt lat="-33.4500240" lon="151.0442730">
    <ele>63.0</ele>
    <time>2021-09-01T06:24:56Z</time>
    <extensions>
     <gpxtpx:TrackPointExtension>
      <gpxtpx:atemp>27</gpxtpx:atemp>
      <gpxtpx:hr>98</gpxtpx:hr>
     </gpxtpx:TrackPointExtension>
    </extensions>
   </trkpt>
   <trkpt lat="-33.4500610" lon="151.0442850">
    <ele>63.0</ele>
    <time>2021-09-01T06:24:58Z</time>
    <extensions>
     <gpxtpx:TrackPointExtension>
      <gpxtpx:atemp>27</gpxtpx:atemp>
      <gpxtpx:hr>99</gpxtpx:hr>
     </gpxtpx:TrackPointExtension>
    </extensions>
   </trkpt>
   <trkpt lat="-33.4500890" lon="151.0442580">
    <ele>63.0</ele>
    <time>2021-09-01T06:25:00Z</time>
    <extensions>
     <gpxtpx:TrackPointExtension>
      <gpxtpx:atemp>27</gpxtpx:atemp>
      <gpxtpx:hr>100</gpxtpx:hr>
     </gpxtpx:TrackPointExtension>
    </extensions>
   </trkpt>
   <trkpt lat="-33.4500910" lon="151.0442270">
    <ele>62.8</ele>
    <time>2021-09-01T06:25:01Z</time>
    <extensions>
     <gpxtpx:TrackPointExtension>
      <gpxtpx:atemp>27</gpxtpx:atemp>
      <gpxtpx:hr>101</gpxtpx:hr>
     </gpxtpx:TrackPointExtension>
    </extensions>
   </trkpt>
   <trkpt lat="-33.4500960" lon="151.0441310">
    <ele>62.8</ele>
    <time>2021-09-01T06:25:03Z</time>
    <extensions>
     <gpxtpx:TrackPointExtension>
      <gpxtpx:atemp>27</gpxtpx:atemp>
      <gpxtpx:hr>101</gpxtpx:hr>
     </gpxtpx:TrackPointExtension>
    </extensions>
   </trkpt>
   <trkpt lat="-33.4501300" lon="151.0440020">
    <ele>62.6</ele>
    <time>2021-09-01T06:25:05Z</time>
    <extensions>
     <gpxtpx:TrackPointExtension>
      <gpxtpx:atemp>27</gpxtpx:atemp>
      <gpxtpx:hr>100</gpxtpx:hr>
     </gpxtpx:TrackPointExtension>
    </extensions>
   </trkpt>
   <trkpt lat="-33.4502040" lon="151.0438720">
    <ele>62.6</ele>
    <time>2021-09-01T06:25:07Z</time>
    <extensions>
     <gpxtpx:TrackPointExtension>
      <gpxtpx:atemp>27</gpxtpx:atemp>
      <gpxtpx:hr>101</gpxtpx:hr>
     </gpxtpx:TrackPointExtension>
    </extensions>
   </trkpt>
   <trkpt lat="-33.4502910" lon="151.0437540">
    <ele>63.2</ele>
    <time>2021-09-01T06:25:09Z</time>
    <extensions>
     <gpxtpx:TrackPointExtension>
      <gpxtpx:atemp>27</gpxtpx:atemp>
      <gpxtpx:hr>100</gpxtpx:hr>
     </gpxtpx:TrackPointExtension>
    </extensions>
   </trkpt>
   <trkpt lat="-33.4503420" lon="151.0436280">
    <ele>63.4</ele>
    <time>2021-09-01T06:25:11Z</time>
    <extensions>
     <gpxtpx:TrackPointExtension>
      <gpxtpx:atemp>27</gpxtpx:atemp>
      <gpxtpx:hr>105</gpxtpx:hr>
     </gpxtpx:TrackPointExtension>
    </extensions>
   </trkpt>
   <trkpt lat="-33.4503690" lon="151.0435000">
    <ele>63.6</ele>
    <time>2021-09-01T06:25:13Z</time>
    <extensions>
     <gpxtpx:TrackPointExtension>
      <gpxtpx:atemp>27</gpxtpx:atemp>
      <gpxtpx:hr>109</gpxtpx:hr>
     </gpxtpx:TrackPointExtension>
    </extensions>
   </trkpt>
   <trkpt lat="-33.4503850" lon="151.0434370">
    <ele>63.0</ele>
    <time>2021-09-01T06:25:14Z</time>
    <extensions>
     <gpxtpx:TrackPointExtension>
      <gpxtpx:atemp>27</gpxtpx:atemp>
      <gpxtpx:hr>110</gpxtpx:hr>
     </gpxtpx:TrackPointExtension>
    </extensions>
   </trkpt>
   <trkpt lat="-33.4504410" lon="151.0433080">
    <ele>62.0</ele>
    <time>2021-09-01T06:25:16Z</time>
    <extensions>
     <gpxtpx:TrackPointExtension>
      <gpxtpx:atemp>27</gpxtpx:atemp>
      <gpxtpx:hr>112</gpxtpx:hr>
     </gpxtpx:TrackPointExtension>
    </extensions>
   </trkpt>
   <trkpt lat="-33.4504810" lon="151.0432450">
    <ele>61.6</ele>
    <time>2021-09-01T06:25:17Z</time>
    <extensions>
     <gpxtpx:TrackPointExtension>
      <gpxtpx:atemp>27</gpxtpx:atemp>
      <gpxtpx:hr>112</gpxtpx:hr>
     </gpxtpx:TrackPointExtension>
    </extensions>
   </trkpt>
   <trkpt lat="-33.4505470" lon="151.0431450">
    <ele>60.8</ele>
    <time>2021-09-01T06:25:19Z</time>
    <extensions>
     <gpxtpx:TrackPointExtension>
      <gpxtpx:atemp>27</gpxtpx:atemp>
      <gpxtpx:hr>113</gpxtpx:hr>
     </gpxtpx:TrackPointExtension>
    </extensions>
   </trkpt>
   <trkpt lat="-33.4505700" lon="151.0431050">
    <ele>60.4</ele>
    <time>2021-09-01T06:25:20Z</time>
    <extensions>
     <gpxtpx:TrackPointExtension>
      <gpxtpx:atemp>27</gpxtpx:atemp>
      <gpxtpx:hr>113</gpxtpx:hr>
     </gpxtpx:TrackPointExtension>
    </extensions>
   </trkpt>
   <trkpt lat="-33.4505840" lon="151.0430620">
    <ele>60.0</ele>
    <time>2021-09-01T06:25:21Z</time>
    <extensions>
     <gpxtpx:TrackPointExtension>
      <gpxtpx:atemp>27</gpxtpx:atemp>
      <gpxtpx:hr>113</gpxtpx:hr>
     </gpxtpx:TrackPointExtension>
    </extensions>
   </trkpt>
   <trkpt lat="-33.4505830" lon="151.0430140">
    <ele>59.8</ele>
    <time>2021-09-01T06:25:22Z</time>
    <extensions>
     <gpxtpx:TrackPointExtension>
      <gpxtpx:atemp>27</gpxtpx:atemp>
      <gpxtpx:hr>113</gpxtpx:hr>
     </gpxtpx:TrackPointExtension>
    </extensions>
   </trkpt>
   <trkpt lat="-33.4505750" lon="151.0428120">
    <ele>58.8</ele>
    <time>2021-09-01T06:25:25Z</time>
    <extensions>
     <gpxtpx:TrackPointExtension>
      <gpxtpx:atemp>27</gpxtpx:atemp>
      <gpxtpx:hr>113</gpxtpx:hr>
     </gpxtpx:TrackPointExtension>
    </extensions>
   </trkpt>
   <trkpt lat="-33.4505640" lon="151.0426880">
    <ele>57.6</ele>
    <time>2021-09-01T06:25:27Z</time>
    <extensions>
     <gpxtpx:TrackPointExtension>
      <gpxtpx:atemp>27</gpxtpx:atemp>
      <gpxtpx:hr>113</gpxtpx:hr>
     </gpxtpx:TrackPointExtension>
    </extensions>
   </trkpt>
   <trkpt lat="-33.4505470" lon="151.0425790">
    <ele>56.4</ele>
    <time>2021-09-01T06:25:29Z</time>
    <extensions>
     <gpxtpx:TrackPointExtension>
      <gpxtpx:atemp>27</gpxtpx:atemp>
      <gpxtpx:hr>115</gpxtpx:hr>
     </gpxtpx:TrackPointExtension>
    </extensions>
   </trkpt>
   <trkpt lat="-33.4505350" lon="151.0424840">
    <ele>55.6</ele>
    <time>2021-09-01T06:25:31Z</time>
    <extensions>
     <gpxtpx:TrackPointExtension>
      <gpxtpx:atemp>27</gpxtpx:atemp>
      <gpxtpx:hr>115</gpxtpx:hr>
     </gpxtpx:TrackPointExtension>
    </extensions>
   </trkpt>
   <trkpt lat="-33.4505350" lon="151.0424380">
    <ele>55.0</ele>
    <time>2021-09-01T06:25:32Z</time>
    <extensions>
     <gpxtpx:TrackPointExtension>
      <gpxtpx:atemp>27</gpxtpx:atemp>
      <gpxtpx:hr>116</gpxtpx:hr>
     </gpxtpx:TrackPointExtension>
    </extensions>
   </trkpt>
   <trkpt lat="-33.4505300" lon="151.0422740">
    <ele>54.0</ele>
    <time>2021-09-01T06:25:35Z</time>
    <extensions>
     <gpxtpx:TrackPointExtension>
      <gpxtpx:atemp>27</gpxtpx:atemp>
      <gpxtpx:hr>118</gpxtpx:hr>
     </gpxtpx:TrackPointExtension>
    </extensions>
   </trkpt>
   <trkpt lat="-33.4505310" lon="151.0422070">
    <ele>53.8</ele>
    <time>2021-09-01T06:25:36Z</time>
    <extensions>
     <gpxtpx:TrackPointExtension>
      <gpxtpx:atemp>27</gpxtpx:atemp>
      <gpxtpx:hr>116</gpxtpx:hr>
     </gpxtpx:TrackPointExtension>
    </extensions>
   </trkpt>
   <trkpt lat="-33.4505240" lon="151.0419410">
    <ele>52.6</ele>
    <time>2021-09-01T06:25:39Z</time>
    <extensions>
     <gpxtpx:TrackPointExtension>
      <gpxtpx:atemp>27</gpxtpx:atemp>
      <gpxtpx:hr>116</gpxtpx:hr>
     </gpxtpx:TrackPointExtension>
    </extensions>
   </trkpt>
   <trkpt lat="-33.4505390" lon="151.0418310">
    <ele>52.2</ele>
    <time>2021-09-01T06:25:40Z</time>
    <extensions>
     <gpxtpx:TrackPointExtension>
      <gpxtpx:atemp>27</gpxtpx:atemp>
      <gpxtpx:hr>116</gpxtpx:hr>
     </gpxtpx:TrackPointExtension>
    </extensions>
   </trkpt>
   <trkpt lat="-33.4505940" lon="151.0415880">
    <ele>51.4</ele>
    <time>2021-09-01T06:25:42Z</time>
    <extensions>
     <gpxtpx:TrackPointExtension>
      <gpxtpx:atemp>27</gpxtpx:atemp>
      <gpxtpx:hr>116</gpxtpx:hr>
     </gpxtpx:TrackPointExtension>
    </extensions>
   </trkpt>
   <trkpt lat="-33.4506470" lon="151.0413420">
    <ele>50.2</ele>
    <time>2021-09-01T06:25:44Z</time>
    <extensions>
     <gpxtpx:TrackPointExtension>
      <gpxtpx:atemp>27</gpxtpx:atemp>
      <gpxtpx:hr>115</gpxtpx:hr>
     </gpxtpx:TrackPointExtension>
    </extensions>
   </trkpt>
   <trkpt lat="-33.4506750" lon="151.0409620">
    <ele>48.8</ele>
    <time>2021-09-01T06:25:47Z</time>
    <extensions>
     <gpxtpx:TrackPointExtension>
      <gpxtpx:atemp>27</gpxtpx:atemp>
      <gpxtpx:hr>114</gpxtpx:hr>
     </gpxtpx:TrackPointExtension>
    </extensions>
   </trkpt>
   <trkpt lat="-33.4506970" lon="151.0407100">
    <ele>48.0</ele>
    <time>2021-09-01T06:25:49Z</time>
    <extensions>
     <gpxtpx:TrackPointExtension>
      <gpxtpx:atemp>27</gpxtpx:atemp>
      <gpxtpx:hr>116</gpxtpx:hr>
     </gpxtpx:TrackPointExtension>
    </extensions>
   </trkpt>
   <trkpt lat="-33.4507130" lon="151.0405880">
    <ele>47.8</ele>
    <time>2021-09-01T06:25:50Z</time>
    <extensions>
     <gpxtpx:TrackPointExtension>
      <gpxtpx:atemp>27</gpxtpx:atemp>
      <gpxtpx:hr>116</gpxtpx:hr>
     </gpxtpx:TrackPointExtension>
    </extensions>
   </trkpt>
   <trkpt lat="-33.4507360" lon="151.0404730">
    <ele>47.8</ele>
    <time>2021-09-01T06:25:51Z</time>
    <extensions>
     <gpxtpx:TrackPointExtension>
      <gpxtpx:atemp>27</gpxtpx:atemp>
      <gpxtpx:hr>116</gpxtpx:hr>
     </gpxtpx:TrackPointExtension>
    </extensions>
   </trkpt>
   <trkpt lat="-33.4507850" lon="151.0402880">
    <ele>48.4</ele>
    <time>2021-09-01T06:25:53Z</time>
    <extensions>
     <gpxtpx:TrackPointExtension>
      <gpxtpx:atemp>27</gpxtpx:atemp>
      <gpxtpx:hr>118</gpxtpx:hr>
     </gpxtpx:TrackPointExtension>
    </extensions>
   </trkpt>
   <trkpt lat="-33.4507930" lon="151.0402010">
    <ele>49.0</ele>
    <time>2021-09-01T06:25:54Z</time>
    <extensions>
     <gpxtpx:TrackPointExtension>
      <gpxtpx:atemp>27</gpxtpx:atemp>
      <gpxtpx:hr>117</gpxtpx:hr>
     </gpxtpx:TrackPointExtension>
    </extensions>
   </trkpt>
   <trkpt lat="-33.4507930" lon="151.0400320">
    <ele>50.2</ele>
    <time>2021-09-01T06:25:56Z</time>
    <extensions>
     <gpxtpx:TrackPointExtension>
      <gpxtpx:atemp>26</gpxtpx:atemp>
      <gpxtpx:hr>115</gpxtpx:hr>
     </gpxtpx:TrackPointExtension>
    </extensions>
   </trkpt>
   <trkpt lat="-33.4507940" lon="151.0399520">
    <ele>51.0</ele>
    <time>2021-09-01T06:25:57Z</time>
    <extensions>
     <gpxtpx:TrackPointExtension>
      <gpxtpx:atemp>26</gpxtpx:atemp>
      <gpxtpx:hr>115</gpxtpx:hr>
     </gpxtpx:TrackPointExtension>
    </extensions>
   </trkpt>
   <trkpt lat="-33.4507960" lon="151.0398690">
    <ele>51.6</ele>
    <time>2021-09-01T06:25:58Z</time>
    <extensions>
     <gpxtpx:TrackPointExtension>
      <gpxtpx:atemp>26</gpxtpx:atemp>
      <gpxtpx:hr>115</gpxtpx:hr>
     </gpxtpx:TrackPointExtension>
    </extensions>
   </trkpt>
   <trkpt lat="-33.4507960" lon="151.0397900">
    <ele>53.4</ele>
    <time>2021-09-01T06:25:59Z</time>
    <extensions>
     <gpxtpx:TrackPointExtension>
      <gpxtpx:atemp>26</gpxtpx:atemp>
      <gpxtpx:hr>116</gpxtpx:hr>
     </gpxtpx:TrackPointExtension>
    </extensions>
   </trkpt>
   <trkpt lat="-33.4507980" lon="151.0397130">
    <ele>54.4</ele>
    <time>2021-09-01T06:26:00Z</time>
    <extensions>
     <gpxtpx:TrackPointExtension>
      <gpxtpx:atemp>26</gpxtpx:atemp>
      <gpxtpx:hr>117</gpxtpx:hr>
     </gpxtpx:TrackPointExtension>
    </extensions>
   </trkpt>
   <trkpt lat="-33.4508270" lon="151.0395050">
    <ele>55.6</ele>
    <time>2021-09-01T06:26:03Z</time>
    <extensions>
     <gpxtpx:TrackPointExtension>
      <gpxtpx:atemp>26</gpxtpx:atemp>
      <gpxtpx:hr>120</gpxtpx:hr>
     </gpxtpx:TrackPointExtension>
    </extensions>
   </trkpt>
   <trkpt lat="-33.4509030" lon="151.0393170">
    <ele>57.0</ele>
    <time>2021-09-01T06:26:06Z</time>
    <extensions>
     <gpxtpx:TrackPointExtension>
      <gpxtpx:atemp>26</gpxtpx:atemp>
      <gpxtpx:hr>120</gpxtpx:hr>
     </gpxtpx:TrackPointExtension>
    </extensions>
   </trkpt>
   <trkpt lat="-33.4509270" lon="151.0392120">
    <ele>58.6</ele>
    <time>2021-09-01T06:26:08Z</time>
    <extensions>
     <gpxtpx:TrackPointExtension>
      <gpxtpx:atemp>26</gpxtpx:atemp>
      <gpxtpx:hr>120</gpxtpx:hr>
     </gpxtpx:TrackPointExtension>
    </extensions>
   </trkpt>
   <trkpt lat="-33.4509460" lon="151.0389650">
    <ele>59.6</ele>
    <time>2021-09-01T06:26:12Z</time>
    <extensions>
     <gpxtpx:TrackPointExtension>
      <gpxtpx:atemp>26</gpxtpx:atemp>
      <gpxtpx:hr>118</gpxtpx:hr>
     </gpxtpx:TrackPointExtension>
    </extensions>
   </trkpt>
   <trkpt lat="-33.4509360" lon="151.0388940">
    <ele>59.6</ele>
    <time>2021-09-01T06:26:13Z</time>
    <extensions>
     <gpxtpx:TrackPointExtension>
      <gpxtpx:atemp>26</gpxtpx:atemp>
      <gpxtpx:hr>117</gpxtpx:hr>
     </gpxtpx:TrackPointExtension>
    </extensions>
   </trkpt>
   <trkpt lat="-33.4509230" lon="151.0388230">
    <ele>59.4</ele>
    <time>2021-09-01T06:26:14Z</time>
    <extensions>
     <gpxtpx:TrackPointExtension>
      <gpxtpx:atemp>26</gpxtpx:atemp>
      <gpxtpx:hr>116</gpxtpx:hr>
     </gpxtpx:TrackPointExtension>
    </extensions>
   </trkpt>
   <trkpt lat="-33.4508660" lon="151.0386710">
    <ele>59.0</ele>
    <time>2021-09-01T06:26:16Z</time>
    <extensions>
     <gpxtpx:TrackPointExtension>
      <gpxtpx:atemp>26</gpxtpx:atemp>
      <gpxtpx:hr>112</gpxtpx:hr>
     </gpxtpx:TrackPointExtension>
    </extensions>
   </trkpt>
   <trkpt lat="-33.4508320" lon="151.0386030">
    <ele>58.4</ele>
    <time>2021-09-01T06:26:17Z</time>
    <extensions>
     <gpxtpx:TrackPointExtension>
      <gpxtpx:atemp>26</gpxtpx:atemp>
      <gpxtpx:hr>112</gpxtpx:hr>
     </gpxtpx:TrackPointExtension>
    </extensions>
   </trkpt>
   <trkpt lat="-33.4506910" lon="151.0383150">
    <ele>57.0</ele>
    <time>2021-09-01T06:26:21Z</time>
    <extensions>
     <gpxtpx:TrackPointExtension>
      <gpxtpx:atemp>26</gpxtpx:atemp>
      <gpxtpx:hr>110</gpxtpx:hr>
     </gpxtpx:TrackPointExtension>
    </extensions>
   </trkpt>
   <trkpt lat="-33.4506440" lon="151.0382440">
    <ele>56.8</ele>
    <time>2021-09-01T06:26:22Z</time>
    <extensions>
     <gpxtpx:TrackPointExtension>
      <gpxtpx:atemp>26</gpxtpx:atemp>
      <gpxtpx:hr>110</gpxtpx:hr>
     </gpxtpx:TrackPointExtension>
    </extensions>
   </trkpt>
   <trkpt lat="-33.4505380" lon="151.0380480">
    <ele>56.2</ele>
    <time>2021-09-01T06:26:25Z</time>
    <extensions>
     <gpxtpx:TrackPointExtension>
      <gpxtpx:atemp>26</gpxtpx:atemp>
      <gpxtpx:hr>110</gpxtpx:hr>
     </gpxtpx:TrackPointExtension>
    </extensions>
   </trkpt>
   <trkpt lat="-33.4505310" lon="151.0379800">
    <ele>55.6</ele>
    <time>2021-09-01T06:26:26Z</time>
    <extensions>
     <gpxtpx:TrackPointExtension>
      <gpxtpx:atemp>26</gpxtpx:atemp>
      <gpxtpx:hr>109</gpxtpx:hr>
     </gpxtpx:TrackPointExtension>
    </extensions>
   </trkpt>
   <trkpt lat="-33.4505340" lon="151.0378150">
    <ele>54.8</ele>
    <time>2021-09-01T06:26:28Z</time>
    <extensions>
     <gpxtpx:TrackPointExtension>
      <gpxtpx:atemp>26</gpxtpx:atemp>
      <gpxtpx:hr>110</gpxtpx:hr>
     </gpxtpx:TrackPointExtension>
    </extensions>
   </trkpt>
   <trkpt lat="-33.4505240" lon="151.0377210">
    <ele>54.4</ele>
    <time>2021-09-01T06:26:29Z</time>
    <extensions>
     <gpxtpx:TrackPointExtension>
      <gpxtpx:atemp>26</gpxtpx:atemp>
      <gpxtpx:hr>109</gpxtpx:hr>
     </gpxtpx:TrackPointExtension>
    </extensions>
   </trkpt>
   <trkpt lat="-33.4505030" lon="151.0376300">
    <ele>54.2</ele>
    <time>2021-09-01T06:26:30Z</time>
    <extensions>
     <gpxtpx:TrackPointExtension>
      <gpxtpx:atemp>26</gpxtpx:atemp>
      <gpxtpx:hr>110</gpxtpx:hr>
     </gpxtpx:TrackPointExtension>
    </extensions>
   </trkpt>
   <trkpt lat="-33.4504120" lon="151.0373900">
    <ele>54.0</ele>
    <time>2021-09-01T06:26:33Z</time>
    <extensions>
     <gpxtpx:TrackPointExtension>
      <gpxtpx:atemp>26</gpxtpx:atemp>
      <gpxtpx:hr>109</gpxtpx:hr>
     </gpxtpx:TrackPointExtension>
    </extensions>
   </trkpt>
   <trkpt lat="-33.4502640" lon="151.0370850">
    <ele>56.0</ele>
    <time>2021-09-01T06:26:38Z</time>
    <extensions>
     <gpxtpx:TrackPointExtension>
      <gpxtpx:atemp>26</gpxtpx:atemp>
      <gpxtpx:hr>107</gpxtpx:hr>
     </gpxtpx:TrackPointExtension>
    </extensions>
   </trkpt>
   <trkpt lat="-33.4502160" lon="151.0369690">
    <ele>57.6</ele>
    <time>2021-09-01T06:26:40Z</time>
    <extensions>
     <gpxtpx:TrackPointExtension>
      <gpxtpx:atemp>26</gpxtpx:atemp>
      <gpxtpx:hr>106</gpxtpx:hr>
     </gpxtpx:TrackPointExtension>
    </extensions>
   </trkpt>
   <trkpt lat="-33.4501980" lon="151.0369140">
    <ele>58.8</ele>
    <time>2021-09-01T06:26:41Z</time>
    <extensions>
     <gpxtpx:TrackPointExtension>
      <gpxtpx:atemp>26</gpxtpx:atemp>
      <gpxtpx:hr>107</gpxtpx:hr>
     </gpxtpx:TrackPointExtension>
    </extensions>
   </trkpt>
   <trkpt lat="-33.4501800" lon="151.0367960">
    <ele>60.2</ele>
    <time>2021-09-01T06:26:43Z</time>
    <extensions>
     <gpxtpx:TrackPointExtension>
      <gpxtpx:atemp>26</gpxtpx:atemp>
      <gpxtpx:hr>108</gpxtpx:hr>
     </gpxtpx:TrackPointExtension>
    </extensions>
   </trkpt>
   <trkpt lat="-33.4501720" lon="151.0366870">
    <ele>62.0</ele>
    <time>2021-09-01T06:26:45Z</time>
    <extensions>
     <gpxtpx:TrackPointExtension>
      <gpxtpx:atemp>26</gpxtpx:atemp>
      <gpxtpx:hr>109</gpxtpx:hr>
     </gpxtpx:TrackPointExtension>
    </extensions>
   </trkpt>
   <trkpt lat="-33.4501720" lon="151.0365650">
    <ele>63.4</ele>
    <time>2021-09-01T06:26:47Z</time>
    <extensions>
     <gpxtpx:TrackPointExtension>
      <gpxtpx:atemp>26</gpxtpx:atemp>
      <gpxtpx:hr>110</gpxtpx:hr>
     </gpxtpx:TrackPointExtension>
    </extensions>
   </trkpt>
   <trkpt lat="-33.4501670" lon="151.0365070">
    <ele>63.6</ele>
    <time>2021-09-01T06:26:48Z</time>
    <extensions>
     <gpxtpx:TrackPointExtension>
      <gpxtpx:atemp>26</gpxtpx:atemp>
      <gpxtpx:hr>110</gpxtpx:hr>
     </gpxtpx:TrackPointExtension>
    </extensions>
   </trkpt>
   <trkpt lat="-33.4501600" lon="151.0364540">
    <ele>64.6</ele>
    <time>2021-09-01T06:26:49Z</time>
    <extensions>
     <gpxtpx:TrackPointExtension>
      <gpxtpx:atemp>26</gpxtpx:atemp>
      <gpxtpx:hr>110</gpxtpx:hr>
     </gpxtpx:TrackPointExtension>
    </extensions>
   </trkpt>
   <trkpt lat="-33.4501710" lon="151.0363310">
    <ele>66.0</ele>
    <time>2021-09-01T06:26:51Z</time>
    <extensions>
     <gpxtpx:TrackPointExtension>
      <gpxtpx:atemp>26</gpxtpx:atemp>
      <gpxtpx:hr>110</gpxtpx:hr>
     </gpxtpx:TrackPointExtension>
    </extensions>
   </trkpt>
   <trkpt lat="-33.4501770" lon="151.0361590">
    <ele>67.2</ele>
    <time>2021-09-01T06:26:54Z</time>
    <extensions>
     <gpxtpx:TrackPointExtension>
      <gpxtpx:atemp>26</gpxtpx:atemp>
      <gpxtpx:hr>109</gpxtpx:hr>
     </gpxtpx:TrackPointExtension>
    </extensions>
   </trkpt>
   <trkpt lat="-33.4501760" lon="151.0361070">
    <ele>67.8</ele>
    <time>2021-09-01T06:26:55Z</time>
    <extensions>
     <gpxtpx:TrackPointExtension>
      <gpxtpx:atemp>26</gpxtpx:atemp>
      <gpxtpx:hr>109</gpxtpx:hr>
     </gpxtpx:TrackPointExtension>
    </extensions>
   </trkpt>
   <trkpt lat="-33.4501780" lon="151.0360460">
    <ele>68.2</ele>
    <time>2021-09-01T06:26:56Z</time>
    <extensions>
     <gpxtpx:TrackPointExtension>
      <gpxtpx:atemp>26</gpxtpx:atemp>
      <gpxtpx:hr>109</gpxtpx:hr>
     </gpxtpx:TrackPointExtension>
    </extensions>
   </trkpt>
   <trkpt lat="-33.4502400" lon="151.0358090">
    <ele>69.2</ele>
    <time>2021-09-01T06:27:00Z</time>
    <extensions>
     <gpxtpx:TrackPointExtension>
      <gpxtpx:atemp>26</gpxtpx:atemp>
      <gpxtpx:hr>111</gpxtpx:hr>
     </gpxtpx:TrackPointExtension>
    </extensions>
   </trkpt>
   <trkpt lat="-33.4502610" lon="151.0357560">
    <ele>69.2</ele>
    <time>2021-09-01T06:27:01Z</time>
    <extensions>
     <gpxtpx:TrackPointExtension>
      <gpxtpx:atemp>26</gpxtpx:atemp>
      <gpxtpx:hr>112</gpxtpx:hr>
     </gpxtpx:TrackPointExtension>
    </extensions>
   </trkpt>
   <trkpt lat="-33.4503190" lon="151.0356390">
    <ele>69.2</ele>
    <time>2021-09-01T06:27:03Z</time>
    <extensions>
     <gpxtpx:TrackPointExtension>
      <gpxtpx:atemp>26</gpxtpx:atemp>
      <gpxtpx:hr>112</gpxtpx:hr>
     </gpxtpx:TrackPointExtension>
    </extensions>
   </trkpt>
   <trkpt lat="-33.4504010" lon="151.0355400">
    <ele>69.2</ele>
    <time>2021-09-01T06:27:05Z</time>
    <extensions>
     <gpxtpx:TrackPointExtension>
      <gpxtpx:atemp>26</gpxtpx:atemp>
      <gpxtpx:hr>112</gpxtpx:hr>
     </gpxtpx:TrackPointExtension>
    </extensions>
   </trkpt>
   <trkpt lat="-33.4504490" lon="151.0354940">
    <ele>69.2</ele>
    <time>2021-09-01T06:27:06Z</time>
    <extensions>
     <gpxtpx:TrackPointExtension>
      <gpxtpx:atemp>26</gpxtpx:atemp>
      <gpxtpx:hr>112</gpxtpx:hr>
     </gpxtpx:TrackPointExtension>
    </extensions>
   </trkpt>
   <trkpt lat="-33.4506350" lon="151.0353530">
    <ele>68.4</ele>
    <time>2021-09-01T06:27:10Z</time>
    <extensions>
     <gpxtpx:TrackPointExtension>
      <gpxtpx:atemp>26</gpxtpx:atemp>
      <gpxtpx:hr>111</gpxtpx:hr>
     </gpxtpx:TrackPointExtension>
    </extensions>
   </trkpt>
   <trkpt lat="-33.4506870" lon="151.0353250">
    <ele>68.2</ele>
    <time>2021-09-01T06:27:11Z</time>
    <extensions>
     <gpxtpx:TrackPointExtension>
      <gpxtpx:atemp>26</gpxtpx:atemp>
      <gpxtpx:hr>109</gpxtpx:hr>
     </gpxtpx:TrackPointExtension>
    </extensions>
   </trkpt>
   <trkpt lat="-33.4508400" lon="151.0352400">
    <ele>67.0</ele>
    <time>2021-09-01T06:27:14Z</time>
    <extensions>
     <gpxtpx:TrackPointExtension>
      <gpxtpx:atemp>26</gpxtpx:atemp>
      <gpxtpx:hr>110</gpxtpx:hr>
     </gpxtpx:TrackPointExtension>
    </extensions>
   </trkpt>
   <trkpt lat="-33.4509640" lon="151.0351790">
    <ele>66.0</ele>
    <time>2021-09-01T06:27:16Z</time>
    <extensions>
     <gpxtpx:TrackPointExtension>
      <gpxtpx:atemp>26</gpxtpx:atemp>
      <gpxtpx:hr>111</gpxtpx:hr>
     </gpxtpx:TrackPointExtension>
    </extensions>
   </trkpt>
   <trkpt lat="-33.4510390" lon="151.0351490">
    <ele>65.2</ele>
    <time>2021-09-01T06:27:17Z</time>
    <extensions>
     <gpxtpx:TrackPointExtension>
      <gpxtpx:atemp>26</gpxtpx:atemp>
      <gpxtpx:hr>110</gpxtpx:hr>
     </gpxtpx:TrackPointExtension>
    </extensions>
   </trkpt>
   <trkpt lat="-33.4511130" lon="151.0351330">
    <ele>64.0</ele>
    <time>2021-09-01T06:27:18Z</time>
    <extensions>
     <gpxtpx:TrackPointExtension>
      <gpxtpx:atemp>26</gpxtpx:atemp>
      <gpxtpx:hr>110</gpxtpx:hr>
     </gpxtpx:TrackPointExtension>
    </extensions>
   </trkpt>
   <trkpt lat="-33.4512660" lon="151.0351050">
    <ele>62.0</ele>
    <time>2021-09-01T06:27:20Z</time>
    <extensions>
     <gpxtpx:TrackPointExtension>
      <gpxtpx:atemp>26</gpxtpx:atemp>
      <gpxtpx:hr>112</gpxtpx:hr>
     </gpxtpx:TrackPointExtension>
    </extensions>
   </trkpt>
   <trkpt lat="-33.4513370" lon="151.0350940">
    <ele>60.8</ele>
    <time>2021-09-01T06:27:21Z</time>
    <extensions>
     <gpxtpx:TrackPointExtension>
      <gpxtpx:atemp>26</gpxtpx:atemp>
      <gpxtpx:hr>110</gpxtpx:hr>
     </gpxtpx:TrackPointExtension>
    </extensions>
   </trkpt>
   <trkpt lat="-33.4514230" lon="151.0350790">
    <ele>57.6</ele>
    <time>2021-09-01T06:27:22Z</time>
    <extensions>
     <gpxtpx:TrackPointExtension>
      <gpxtpx:atemp>26</gpxtpx:atemp>
      <gpxtpx:hr>109</gpxtpx:hr>
     </gpxtpx:TrackPointExtension>
    </extensions>
   </trkpt>
   <trkpt lat="-33.4514960" lon="151.0350450">
    <ele>56.0</ele>
    <time>2021-09-01T06:27:23Z</time>
    <extensions>
     <gpxtpx:TrackPointExtension>
      <gpxtpx:atemp>26</gpxtpx:atemp>
      <gpxtpx:hr>110</gpxtpx:hr>
     </gpxtpx:TrackPointExtension>
    </extensions>
   </trkpt>
   <trkpt lat="-33.4515380" lon="151.0349810">
    <ele>54.4</ele>
    <time>2021-09-01T06:27:24Z</time>
    <extensions>
     <gpxtpx:TrackPointExtension>
      <gpxtpx:atemp>26</gpxtpx:atemp>
      <gpxtpx:hr>111</gpxtpx:hr>
     </gpxtpx:TrackPointExtension>
    </extensions>
   </trkpt>
   <trkpt lat="-33.4515570" lon="151.0348960">
    <ele>53.2</ele>
    <time>2021-09-01T06:27:25Z</time>
    <extensions>
     <gpxtpx:TrackPointExtension>
      <gpxtpx:atemp>26</gpxtpx:atemp>
      <gpxtpx:hr>111</gpxtpx:hr>
     </gpxtpx:TrackPointExtension>
    </extensions>
   </trkpt>
   <trkpt lat="-33.4515750" lon="151.0347100">
    <ele>51.8</ele>
    <time>2021-09-01T06:27:27Z</time>
    <extensions>
     <gpxtpx:TrackPointExtension>
      <gpxtpx:atemp>26</gpxtpx:atemp>
      <gpxtpx:hr>112</gpxtpx:hr>
     </gpxtpx:TrackPointExtension>
    </extensions>
   </trkpt>
   <trkpt lat="-33.4515920" lon="151.0346080">
    <ele>51.4</ele>
    <time>2021-09-01T06:27:28Z</time>
    <extensions>
     <gpxtpx:TrackPointExtension>
      <gpxtpx:atemp>26</gpxtpx:atemp>
      <gpxtpx:hr>112</gpxtpx:hr>
     </gpxtpx:TrackPointExtension>
    </extensions>
   </trkpt>
   <trkpt lat="-33.4516240" lon="151.0344940">
    <ele>50.6</ele>
    <time>2021-09-01T06:27:29Z</time>
    <extensions>
     <gpxtpx:TrackPointExtension>
      <gpxtpx:atemp>26</gpxtpx:atemp>
      <gpxtpx:hr>113</gpxtpx:hr>
     </gpxtpx:TrackPointExtension>
    </extensions>
   </trkpt>
   <trkpt lat="-33.4517220" lon="151.0342640">
    <ele>49.2</ele>
    <time>2021-09-01T06:27:31Z</time>
    <extensions>
     <gpxtpx:TrackPointExtension>
      <gpxtpx:atemp>26</gpxtpx:atemp>
      <gpxtpx:hr>114</gpxtpx:hr>
     </gpxtpx:TrackPointExtension>
    </extensions>
   </trkpt>
   <trkpt lat="-33.4518450" lon="151.0340510">
    <ele>48.0</ele>
    <time>2021-09-01T06:27:33Z</time>
    <extensions>
     <gpxtpx:TrackPointExtension>
      <gpxtpx:atemp>26</gpxtpx:atemp>
      <gpxtpx:hr>114</gpxtpx:hr>
     </gpxtpx:TrackPointExtension>
    </extensions>
   </trkpt>
   <trkpt lat="-33.4520220" lon="151.0337670">
    <ele>47.0</ele>
    <time>2021-09-01T06:27:36Z</time>
    <extensions>
     <gpxtpx:TrackPointExtension>
      <gpxtpx:atemp>26</gpxtpx:atemp>
      <gpxtpx:hr>114</gpxtpx:hr>
     </gpxtpx:TrackPointExtension>
    </extensions>
   </trkpt>
   <trkpt lat="-33.4521120" lon="151.0336120">
    <ele>45.6</ele>
    <time>2021-09-01T06:27:38Z</time>
    <extensions>
     <gpxtpx:TrackPointExtension>
      <gpxtpx:atemp>26</gpxtpx:atemp>
      <gpxtpx:hr>116</gpxtpx:hr>
     </gpxtpx:TrackPointExtension>
    </extensions>
   </trkpt>
   <trkpt lat="-33.4521910" lon="151.0334770">
    <ele>44.4</ele>
    <time>2021-09-01T06:27:40Z</time>
    <extensions>
     <gpxtpx:TrackPointExtension>
      <gpxtpx:atemp>26</gpxtpx:atemp>
      <gpxtpx:hr>114</gpxtpx:hr>
     </gpxtpx:TrackPointExtension>
    </extensions>
   </trkpt>
   <trkpt lat="-33.4523020" lon="151.0332800">
    <ele>44.2</ele>
    <time>2021-09-01T06:27:43Z</time>
    <extensions>
     <gpxtpx:TrackPointExtension>
      <gpxtpx:atemp>26</gpxtpx:atemp>
      <gpxtpx:hr>114</gpxtpx:hr>
     </gpxtpx:TrackPointExtension>
    </extensions>
   </trkpt>
   <trkpt lat="-33.4525880" lon="151.0328440">
    <ele>45.0</ele>
    <time>2021-09-01T06:27:50Z</time>
    <extensions>
     <gpxtpx:TrackPointExtension>
      <gpxtpx:atemp>26</gpxtpx:atemp>
      <gpxtpx:hr>111</gpxtpx:hr>
     </gpxtpx:TrackPointExtension>
    </extensions>
   </trkpt>
   <trkpt lat="-33.4526710" lon="151.0327240">
    <ele>45.4</ele>
    <time>2021-09-01T06:27:52Z</time>
    <extensions>
     <gpxtpx:TrackPointExtension>
      <gpxtpx:atemp>26</gpxtpx:atemp>
      <gpxtpx:hr>110</gpxtpx:hr>
     </gpxtpx:TrackPointExtension>
    </extensions>
   </trkpt>
   <trkpt lat="-33.4528350" lon="151.0324600">
    <ele>46.4</ele>
    <time>2021-09-01T06:27:57Z</time>
    <extensions>
     <gpxtpx:TrackPointExtension>
      <gpxtpx:atemp>26</gpxtpx:atemp>
      <gpxtpx:hr>111</gpxtpx:hr>
     </gpxtpx:TrackPointExtension>
    </extensions>
   </trkpt>
   <trkpt lat="-33.4528670" lon="151.0324060">
    <ele>47.0</ele>
    <time>2021-09-01T06:27:58Z</time>
    <extensions>
     <gpxtpx:TrackPointExtension>
      <gpxtpx:atemp>26</gpxtpx:atemp>
      <gpxtpx:hr>111</gpxtpx:hr>
     </gpxtpx:TrackPointExtension>
    </extensions>
   </trkpt>
   <trkpt lat="-33.4529900" lon="151.0322060">
    <ele>48.4</ele>
    <time>2021-09-01T06:28:02Z</time>
    <extensions>
     <gpxtpx:TrackPointExtension>
      <gpxtpx:atemp>26</gpxtpx:atemp>
      <gpxtpx:hr>109</gpxtpx:hr>
     </gpxtpx:TrackPointExtension>
    </extensions>
   </trkpt>
   <trkpt lat="-33.4530140" lon="151.0321490">
    <ele>48.6</ele>
    <time>2021-09-01T06:28:03Z</time>
    <extensions>
     <gpxtpx:TrackPointExtension>
      <gpxtpx:atemp>26</gpxtpx:atemp>
      <gpxtpx:hr>108</gpxtpx:hr>
     </gpxtpx:TrackPointExtension>
    </extensions>
   </trkpt>
   <trkpt lat="-33.4530360" lon="151.0320320">
    <ele>49.2</ele>
    <time>2021-09-01T06:28:05Z</time>
    <extensions>
     <gpxtpx:TrackPointExtension>
      <gpxtpx:atemp>26</gpxtpx:atemp>
      <gpxtpx:hr>107</gpxtpx:hr>
     </gpxtpx:TrackPointExtension>
    </extensions>
   </trkpt>
   <trkpt lat="-33.4530350" lon="151.0319690">
    <ele>49.4</ele>
    <time>2021-09-01T06:28:06Z</time>
    <extensions>
     <gpxtpx:TrackPointExtension>
      <gpxtpx:atemp>26</gpxtpx:atemp>
      <gpxtpx:hr>106</gpxtpx:hr>
     </gpxtpx:TrackPointExtension>
    </extensions>
   </trkpt>
   <trkpt lat="-33.4530190" lon="151.0318020">
    <ele>50.2</ele>
    <time>2021-09-01T06:28:09Z</time>
    <extensions>
     <gpxtpx:TrackPointExtension>
      <gpxtpx:atemp>26</gpxtpx:atemp>
      <gpxtpx:hr>105</gpxtpx:hr>
     </gpxtpx:TrackPointExtension>
    </extensions>
   </trkpt>
   <trkpt lat="-33.4530030" lon="151.0316910">
    <ele>50.8</ele>
    <time>2021-09-01T06:28:11Z</time>
    <extensions>
     <gpxtpx:TrackPointExtension>
      <gpxtpx:atemp>26</gpxtpx:atemp>
      <gpxtpx:hr>105</gpxtpx:hr>
     </gpxtpx:TrackPointExtension>
    </extensions>
   </trkpt>
   <trkpt lat="-33.4529980" lon="151.0316380">
    <ele>51.0</ele>
    <time>2021-09-01T06:28:12Z</time>
    <extensions>
     <gpxtpx:TrackPointExtension>
      <gpxtpx:atemp>26</gpxtpx:atemp>
      <gpxtpx:hr>107</gpxtpx:hr>
     </gpxtpx:TrackPointExtension>
    </extensions>
   </trkpt>
   <trkpt lat="-33.4530020" lon="151.0315820">
    <ele>51.4</ele>
    <time>2021-09-01T06:28:13Z</time>
    <extensions>
     <gpxtpx:TrackPointExtension>
      <gpxtpx:atemp>26</gpxtpx:atemp>
      <gpxtpx:hr>108</gpxtpx:hr>
     </gpxtpx:TrackPointExtension>
    </extensions>
   </trkpt>
   <trkpt lat="-33.4530080" lon="151.0315330">
    <ele>51.8</ele>
    <time>2021-09-01T06:28:14Z</time>
    <extensions>
     <gpxtpx:TrackPointExtension>
      <gpxtpx:atemp>26</gpxtpx:atemp>
      <gpxtpx:hr>108</gpxtpx:hr>
     </gpxtpx:TrackPointExtension>
    </extensions>
   </trkpt>
   <trkpt lat="-33.4530280" lon="151.0314880">
    <ele>52.2</ele>
    <time>2021-09-01T06:28:15Z</time>
    <extensions>
     <gpxtpx:TrackPointExtension>
      <gpxtpx:atemp>26</gpxtpx:atemp>
      <gpxtpx:hr>107</gpxtpx:hr>
     </gpxtpx:TrackPointExtension>
    </extensions>
   </trkpt>
   <trkpt lat="-33.4530750" lon="151.0314030">
    <ele>53.2</ele>
    <time>2021-09-01T06:28:17Z</time>
    <extensions>
     <gpxtpx:TrackPointExtension>
      <gpxtpx:atemp>26</gpxtpx:atemp>
      <gpxtpx:hr>105</gpxtpx:hr>
     </gpxtpx:TrackPointExtension>
    </extensions>
   </trkpt>
   <trkpt lat="-33.4531100" lon="151.0313160">
    <ele>54.6</ele>
    <time>2021-09-01T06:28:19Z</time>
    <extensions>
     <gpxtpx:TrackPointExtension>
      <gpxtpx:atemp>26</gpxtpx:atemp>
      <gpxtpx:hr>105</gpxtpx:hr>
     </gpxtpx:TrackPointExtension>
    </extensions>
   </trkpt>
   <trkpt lat="-33.4531180" lon="151.0312810">
    <ele>55.0</ele>
    <time>2021-09-01T06:28:20Z</time>
    <extensions>
     <gpxtpx:TrackPointExtension>
      <gpxtpx:atemp>26</gpxtpx:atemp>
      <gpxtpx:hr>105</gpxtpx:hr>
     </gpxtpx:TrackPointExtension>
    </extensions>
   </trkpt>
   <trkpt lat="-33.4531200" lon="151.0312420">
    <ele>55.6</ele>
    <time>2021-09-01T06:28:22Z</time>
    <extensions>
     <gpxtpx:TrackPointExtension>
      <gpxtpx:atemp>26</gpxtpx:atemp>
      <gpxtpx:hr>105</gpxtpx:hr>
     </gpxtpx:TrackPointExtension>
    </extensions>
   </trkpt>
   <trkpt lat="-33.4531220" lon="151.0312170">
    <ele>56.4</ele>
    <time>2021-09-01T06:28:24Z</time>
    <extensions>
     <gpxtpx:TrackPointExtension>
      <gpxtpx:atemp>26</gpxtpx:atemp>
      <gpxtpx:hr>105</gpxtpx:hr>
     </gpxtpx:TrackPointExtension>
    </extensions>
   </trkpt>
   <trkpt lat="-33.4531170" lon="151.0311990">
    <ele>56.6</ele>
    <time>2021-09-01T06:28:25Z</time>
    <extensions>
     <gpxtpx:TrackPointExtension>
      <gpxtpx:atemp>26</gpxtpx:atemp>
      <gpxtpx:hr>106</gpxtpx:hr>
     </gpxtpx:TrackPointExtension>
    </extensions>
   </trkpt>
   <trkpt lat="-33.4531140" lon="151.0311510">
    <ele>57.4</ele>
    <time>2021-09-01T06:28:28Z</time>
    <extensions>
     <gpxtpx:TrackPointExtension>
      <gpxtpx:atemp>26</gpxtpx:atemp>
      <gpxtpx:hr>103</gpxtpx:hr>
     </gpxtpx:TrackPointExtension>
    </extensions>
   </trkpt>
   <trkpt lat="-33.4531140" lon="151.0311390">
    <ele>57.6</ele>
    <time>2021-09-01T06:28:29Z</time>
    <extensions>
     <gpxtpx:TrackPointExtension>
      <gpxtpx:atemp>26</gpxtpx:atemp>
      <gpxtpx:hr>104</gpxtpx:hr>
     </gpxtpx:TrackPointExtension>
    </extensions>
   </trkpt>
   <trkpt lat="-33.4531140" lon="151.0310960">
    <ele>58.6</ele>
    <time>2021-09-01T06:28:33Z</time>
    <extensions>
     <gpxtpx:TrackPointExtension>
      <gpxtpx:atemp>26</gpxtpx:atemp>
      <gpxtpx:hr>105</gpxtpx:hr>
     </gpxtpx:TrackPointExtension>
    </extensions>
   </trkpt>
   <trkpt lat="-33.4531110" lon="151.0310810">
    <ele>58.6</ele>
    <time>2021-09-01T06:28:34Z</time>
    <extensions>
     <gpxtpx:TrackPointExtension>
      <gpxtpx:atemp>26</gpxtpx:atemp>
      <gpxtpx:hr>104</gpxtpx:hr>
     </gpxtpx:TrackPointExtension>
    </extensions>
   </trkpt>
   <trkpt lat="-33.4531080" lon="151.0310590">
    <ele>59.0</ele>
    <time>2021-09-01T06:28:36Z</time>
    <extensions>
     <gpxtpx:TrackPointExtension>
      <gpxtpx:atemp>26</gpxtpx:atemp>
      <gpxtpx:hr>101</gpxtpx:hr>
     </gpxtpx:TrackPointExtension>
    </extensions>
   </trkpt>
   <trkpt lat="-33.4531210" lon="151.0310010">
    <ele>60.0</ele>
    <time>2021-09-01T06:28:39Z</time>
    <extensions>
     <gpxtpx:TrackPointExtension>
      <gpxtpx:atemp>26</gpxtpx:atemp>
      <gpxtpx:hr>100</gpxtpx:hr>
     </gpxtpx:TrackPointExtension>
    </extensions>
   </trkpt>
   <trkpt lat="-33.4531340" lon="151.0309380">
    <ele>61.2</ele>
    <time>2021-09-01T06:28:43Z</time>
    <extensions>
     <gpxtpx:TrackPointExtension>
      <gpxtpx:atemp>26</gpxtpx:atemp>
      <gpxtpx:hr>101</gpxtpx:hr>
     </gpxtpx:TrackPointExtension>
    </extensions>
   </trkpt>
   <trkpt lat="-33.4531360" lon="151.0309120">
    <ele>61.4</ele>
    <time>2021-09-01T06:28:45Z</time>
    <extensions>
     <gpxtpx:TrackPointExtension>
      <gpxtpx:atemp>26</gpxtpx:atemp>
      <gpxtpx:hr>100</gpxtpx:hr>
     </gpxtpx:TrackPointExtension>
    </extensions>
   </trkpt>
   <trkpt lat="-33.4531350" lon="151.0308610">
    <ele>62.0</ele>
    <time>2021-09-01T06:28:47Z</time>
    <extensions>
     <gpxtpx:TrackPointExtension>
      <gpxtpx:atemp>26</gpxtpx:atemp>
      <gpxtpx:hr>100</gpxtpx:hr>
     </gpxtpx:TrackPointExtension>
    </extensions>
   </trkpt>
   <trkpt lat="-33.4531320" lon="151.0308300">
    <ele>62.2</ele>
    <time>2021-09-01T06:28:48Z</time>
    <extensions>
     <gpxtpx:TrackPointExtension>
      <gpxtpx:atemp>26</gpxtpx:atemp>
      <gpxtpx:hr>100</gpxtpx:hr>
     </gpxtpx:TrackPointExtension>
    </extensions>
   </trkpt>
   <trkpt lat="-33.4531090" lon="151.0306430">
    <ele>62.8</ele>
    <time>2021-09-01T06:28:52Z</time>
    <extensions>
     <gpxtpx:TrackPointExtension>
      <gpxtpx:atemp>26</gpxtpx:atemp>
      <gpxtpx:hr>101</gpxtpx:hr>
     </gpxtpx:TrackPointExtension>
    </extensions>
   </trkpt>
   <trkpt lat="-33.4530820" lon="151.0305080">
    <ele>63.4</ele>
    <time>2021-09-01T06:28:55Z</time>
    <extensions>
     <gpxtpx:TrackPointExtension>
      <gpxtpx:atemp>26</gpxtpx:atemp>
      <gpxtpx:hr>101</gpxtpx:hr>
     </gpxtpx:TrackPointExtension>
    </extensions>
   </trkpt>
   <trkpt lat="-33.4530810" lon="151.0304290">
    <ele>64.2</ele>
    <time>2021-09-01T06:28:57Z</time>
    <extensions>
     <gpxtpx:TrackPointExtension>
      <gpxtpx:atemp>26</gpxtpx:atemp>
      <gpxtpx:hr>101</gpxtpx:hr>
     </gpxtpx:TrackPointExtension>
    </extensions>
   </trkpt>
   <trkpt lat="-33.4530800" lon="151.0303870">
    <ele>64.8</ele>
    <time>2021-09-01T06:28:58Z</time>
    <extensions>
     <gpxtpx:TrackPointExtension>
      <gpxtpx:atemp>26</gpxtpx:atemp>
      <gpxtpx:hr>104</gpxtpx:hr>
     </gpxtpx:TrackPointExtension>
    </extensions>
   </trkpt>
   <trkpt lat="-33.4530850" lon="151.0302340">
    <ele>65.8</ele>
    <time>2021-09-01T06:29:01Z</time>
    <extensions>
     <gpxtpx:TrackPointExtension>
      <gpxtpx:atemp>26</gpxtpx:atemp>
      <gpxtpx:hr>107</gpxtpx:hr>
     </gpxtpx:TrackPointExtension>
    </extensions>
   </trkpt>
   <trkpt lat="-33.4530810" lon="151.0301790">
    <ele>66.0</ele>
    <time>2021-09-01T06:29:02Z</time>
    <extensions>
     <gpxtpx:TrackPointExtension>
      <gpxtpx:atemp>26</gpxtpx:atemp>
      <gpxtpx:hr>108</gpxtpx:hr>
     </gpxtpx:TrackPointExtension>
    </extensions>
   </trkpt>
   <trkpt lat="-33.4530470" lon="151.0297640">
    <ele>67.2</ele>
    <time>2021-09-01T06:29:09Z</time>
    <extensions>
     <gpxtpx:TrackPointExtension>
      <gpxtpx:atemp>26</gpxtpx:atemp>
      <gpxtpx:hr>107</gpxtpx:hr>
     </gpxtpx:TrackPointExtension>
    </extensions>
   </trkpt>
   <trkpt lat="-33.4530750" lon="151.0295690">
    <ele>68.2</ele>
    <time>2021-09-01T06:29:13Z</time>
    <extensions>
     <gpxtpx:TrackPointExtension>
      <gpxtpx:atemp>26</gpxtpx:atemp>
      <gpxtpx:hr>106</gpxtpx:hr>
     </gpxtpx:TrackPointExtension>
    </extensions>
   </trkpt>
   <trkpt lat="-33.4530880" lon="151.0295210">
    <ele>68.6</ele>
    <time>2021-09-01T06:29:14Z</time>
    <extensions>
     <gpxtpx:TrackPointExtension>
      <gpxtpx:atemp>26</gpxtpx:atemp>
      <gpxtpx:hr>106</gpxtpx:hr>
     </gpxtpx:TrackPointExtension>
    </extensions>
   </trkpt>
   <trkpt lat="-33.4531850" lon="151.0293180">
    <ele>69.2</ele>
    <time>2021-09-01T06:29:19Z</time>
    <extensions>
     <gpxtpx:TrackPointExtension>
      <gpxtpx:atemp>26</gpxtpx:atemp>
      <gpxtpx:hr>107</gpxtpx:hr>
     </gpxtpx:TrackPointExtension>
    </extensions>
   </trkpt>
   <trkpt lat="-33.4532310" lon="151.0292230">
    <ele>69.2</ele>
    <time>2021-09-01T06:29:21Z</time>
    <extensions>
     <gpxtpx:TrackPointExtension>
      <gpxtpx:atemp>26</gpxtpx:atemp>
      <gpxtpx:hr>107</gpxtpx:hr>
     </gpxtpx:TrackPointExtension>
    </extensions>
   </trkpt>
   <trkpt lat="-33.4532990" lon="151.0290770">
    <ele>69.4</ele>
    <time>2021-09-01T06:29:24Z</time>
    <extensions>
     <gpxtpx:TrackPointExtension>
      <gpxtpx:atemp>26</gpxtpx:atemp>
      <gpxtpx:hr>106</gpxtpx:hr>
     </gpxtpx:TrackPointExtension>
    </extensions>
   </trkpt>
   <trkpt lat="-33.4533300" lon="151.0290340">
    <ele>69.4</ele>
    <time>2021-09-01T06:29:25Z</time>
    <extensions>
     <gpxtpx:TrackPointExtension>
      <gpxtpx:atemp>26</gpxtpx:atemp>
      <gpxtpx:hr>107</gpxtpx:hr>
     </gpxtpx:TrackPointExtension>
    </extensions>
   </trkpt>
   <trkpt lat="-33.4533680" lon="151.0290010">
    <ele>69.4</ele>
    <time>2021-09-01T06:29:26Z</time>
    <extensions>
     <gpxtpx:TrackPointExtension>
      <gpxtpx:atemp>26</gpxtpx:atemp>
      <gpxtpx:hr>108</gpxtpx:hr>
     </gpxtpx:TrackPointExtension>
    </extensions>
   </trkpt>
   <trkpt lat="-33.4534540" lon="151.0289380">
    <ele>69.4</ele>
    <time>2021-09-01T06:29:28Z</time>
    <extensions>
     <gpxtpx:TrackPointExtension>
      <gpxtpx:atemp>26</gpxtpx:atemp>
      <gpxtpx:hr>117</gpxtpx:hr>
     </gpxtpx:TrackPointExtension>
    </extensions>
   </trkpt>
   <trkpt lat="-33.4534990" lon="151.0289170">
    <ele>69.6</ele>
    <time>2021-09-01T06:29:29Z</time>
    <extensions>
     <gpxtpx:TrackPointExtension>
      <gpxtpx:atemp>26</gpxtpx:atemp>
      <gpxtpx:hr>118</gpxtpx:hr>
     </gpxtpx:TrackPointExtension>
    </extensions>
   </trkpt>
   <trkpt lat="-33.4536520" lon="151.0288790">
    <ele>69.4</ele>
    <time>2021-09-01T06:29:32Z</time>
    <extensions>
     <gpxtpx:TrackPointExtension>
      <gpxtpx:atemp>26</gpxtpx:atemp>
      <gpxtpx:hr>116</gpxtpx:hr>
     </gpxtpx:TrackPointExtension>
    </extensions>
   </trkpt>
   <trkpt lat="-33.4537490" lon="151.0287930">
    <ele>69.2</ele>
    <time>2021-09-01T06:29:34Z</time>
    <extensions>
     <gpxtpx:TrackPointExtension>
      <gpxtpx:atemp>26</gpxtpx:atemp>
      <gpxtpx:hr>115</gpxtpx:hr>
     </gpxtpx:TrackPointExtension>
    </extensions>
   </trkpt>
   <trkpt lat="-33.4538060" lon="151.0286690">
    <ele>69.0</ele>
    <time>2021-09-01T06:29:36Z</time>
    <extensions>
     <gpxtpx:TrackPointExtension>
      <gpxtpx:atemp>26</gpxtpx:atemp>
      <gpxtpx:hr>115</gpxtpx:hr>
     </gpxtpx:TrackPointExtension>
    </extensions>
   </trkpt>
   <trkpt lat="-33.4538230" lon="151.0286100">
    <ele>68.8</ele>
    <time>2021-09-01T06:29:37Z</time>
    <extensions>
     <gpxtpx:TrackPointExtension>
      <gpxtpx:atemp>26</gpxtpx:atemp>
      <gpxtpx:hr>115</gpxtpx:hr>
     </gpxtpx:TrackPointExtension>
    </extensions>
   </trkpt>
   <trkpt lat="-33.4538460" lon="151.0284960">
    <ele>68.8</ele>
    <time>2021-09-01T06:29:39Z</time>
    <extensions>
     <gpxtpx:TrackPointExtension>
      <gpxtpx:atemp>26</gpxtpx:atemp>
      <gpxtpx:hr>114</gpxtpx:hr>
     </gpxtpx:TrackPointExtension>
    </extensions>
   </trkpt>
   <trkpt lat="-33.4538450" lon="151.0283940">
    <ele>68.2</ele>
    <time>2021-09-01T06:29:41Z</time>
    <extensions>
     <gpxtpx:TrackPointExtension>
      <gpxtpx:atemp>26</gpxtpx:atemp>
      <gpxtpx:hr>114</gpxtpx:hr>
     </gpxtpx:TrackPointExtension>
    </extensions>
   </trkpt>
   <trkpt lat="-33.4538440" lon="151.0283510">
    <ele>67.8</ele>
    <time>2021-09-01T06:29:42Z</time>
    <extensions>
     <gpxtpx:TrackPointExtension>
      <gpxtpx:atemp>26</gpxtpx:atemp>
      <gpxtpx:hr>113</gpxtpx:hr>
     </gpxtpx:TrackPointExtension>
    </extensions>
   </trkpt>
   <trkpt lat="-33.4538710" lon="151.0281400">
    <ele>66.8</ele>
    <time>2021-09-01T06:29:46Z</time>
    <extensions>
     <gpxtpx:TrackPointExtension>
      <gpxtpx:atemp>26</gpxtpx:atemp>
      <gpxtpx:hr>112</gpxtpx:hr>
     </gpxtpx:TrackPointExtension>
    </extensions>
   </trkpt>
   <trkpt lat="-33.4538900" lon="151.0280780">
    <ele>66.4</ele>
    <time>2021-09-01T06:29:47Z</time>
    <extensions>
     <gpxtpx:TrackPointExtension>
      <gpxtpx:atemp>26</gpxtpx:atemp>
      <gpxtpx:hr>112</gpxtpx:hr>
     </gpxtpx:TrackPointExtension>
    </extensions>
   </trkpt>
   <trkpt lat="-33.4539080" lon="151.0280100">
    <ele>65.8</ele>
    <time>2021-09-01T06:29:48Z</time>
    <extensions>
     <gpxtpx:TrackPointExtension>
      <gpxtpx:atemp>26</gpxtpx:atemp>
      <gpxtpx:hr>113</gpxtpx:hr>
     </gpxtpx:TrackPointExtension>
    </extensions>
   </trkpt>
   <trkpt lat="-33.4539140" lon="151.0279420">
    <ele>65.6</ele>
    <time>2021-09-01T06:29:49Z</time>
    <extensions>
     <gpxtpx:TrackPointExtension>
      <gpxtpx:atemp>26</gpxtpx:atemp>
      <gpxtpx:hr>113</gpxtpx:hr>
     </gpxtpx:TrackPointExtension>
    </extensions>
   </trkpt>
   <trkpt lat="-33.4539010" lon="151.0278010">
    <ele>64.6</ele>
    <time>2021-09-01T06:29:50Z</time>
    <extensions>
     <gpxtpx:TrackPointExtension>
      <gpxtpx:atemp>26</gpxtpx:atemp>
      <gpxtpx:hr>114</gpxtpx:hr>
     </gpxtpx:TrackPointExtension>
    </extensions>
   </trkpt>
   <trkpt lat="-33.4539020" lon="151.0277630">
    <ele>63.4</ele>
    <time>2021-09-01T06:29:51Z</time>
    <extensions>
     <gpxtpx:TrackPointExtension>
      <gpxtpx:atemp>26</gpxtpx:atemp>
      <gpxtpx:hr>114</gpxtpx:hr>
     </gpxtpx:TrackPointExtension>
    </extensions>
   </trkpt>
   <trkpt lat="-33.4539020" lon="151.0277240">
    <ele>62.4</ele>
    <time>2021-09-01T06:29:52Z</time>
    <extensions>
     <gpxtpx:TrackPointExtension>
      <gpxtpx:atemp>26</gpxtpx:atemp>
      <gpxtpx:hr>115</gpxtpx:hr>
     </gpxtpx:TrackPointExtension>
    </extensions>
   </trkpt>
   <trkpt lat="-33.4539580" lon="151.0274780">
    <ele>60.6</ele>
    <time>2021-09-01T06:29:54Z</time>
    <extensions>
     <gpxtpx:TrackPointExtension>
      <gpxtpx:atemp>26</gpxtpx:atemp>
      <gpxtpx:hr>115</gpxtpx:hr>
     </gpxtpx:TrackPointExtension>
    </extensions>
   </trkpt>
   <trkpt lat="-33.4539850" lon="151.0273860">
    <ele>59.8</ele>
    <time>2021-09-01T06:29:55Z</time>
    <extensions>
     <gpxtpx:TrackPointExtension>
      <gpxtpx:atemp>26</gpxtpx:atemp>
      <gpxtpx:hr>115</gpxtpx:hr>
     </gpxtpx:TrackPointExtension>
    </extensions>
   </trkpt>
   <trkpt lat="-33.4540220" lon="151.0273010">
    <ele>59.0</ele>
    <time>2021-09-01T06:29:56Z</time>
    <extensions>
     <gpxtpx:TrackPointExtension>
      <gpxtpx:atemp>26</gpxtpx:atemp>
      <gpxtpx:hr>113</gpxtpx:hr>
     </gpxtpx:TrackPointExtension>
    </extensions>
   </trkpt>
   <trkpt lat="-33.4540670" lon="151.0272150">
    <ele>57.8</ele>
    <time>2021-09-01T06:29:57Z</time>
    <extensions>
     <gpxtpx:TrackPointExtension>
      <gpxtpx:atemp>26</gpxtpx:atemp>
      <gpxtpx:hr>113</gpxtpx:hr>
     </gpxtpx:TrackPointExtension>
    </extensions>
   </trkpt>
   <trkpt lat="-33.4541150" lon="151.0271320">
    <ele>56.6</ele>
    <time>2021-09-01T06:29:58Z</time>
    <extensions>
     <gpxtpx:TrackPointExtension>
      <gpxtpx:atemp>26</gpxtpx:atemp>
      <gpxtpx:hr>114</gpxtpx:hr>
     </gpxtpx:TrackPointExtension>
    </extensions>
   </trkpt>
   <trkpt lat="-33.4541440" lon="151.0270950">
    <ele>55.2</ele>
    <time>2021-09-01T06:29:59Z</time>
    <extensions>
     <gpxtpx:TrackPointExtension>
      <gpxtpx:atemp>26</gpxtpx:atemp>
      <gpxtpx:hr>114</gpxtpx:hr>
     </gpxtpx:TrackPointExtension>
    </extensions>
   </trkpt>
   <trkpt lat="-33.4541720" lon="151.0270570">
    <ele>54.0</ele>
    <time>2021-09-01T06:30:00Z</time>
    <extensions>
     <gpxtpx:TrackPointExtension>
      <gpxtpx:atemp>26</gpxtpx:atemp>
      <gpxtpx:hr>114</gpxtpx:hr>
     </gpxtpx:TrackPointExtension>
    </extensions>
   </trkpt>
   <trkpt lat="-33.4542900" lon="151.0269070">
    <ele>52.4</ele>
    <time>2021-09-01T06:30:02Z</time>
    <extensions>
     <gpxtpx:TrackPointExtension>
      <gpxtpx:atemp>26</gpxtpx:atemp>
      <gpxtpx:hr>115</gpxtpx:hr>
     </gpxtpx:TrackPointExtension>
    </extensions>
   </trkpt>
   <trkpt lat="-33.4543320" lon="151.0268240">
    <ele>51.2</ele>
    <time>2021-09-01T06:30:03Z</time>
    <extensions>
     <gpxtpx:TrackPointExtension>
      <gpxtpx:atemp>26</gpxtpx:atemp>
      <gpxtpx:hr>116</gpxtpx:hr>
     </gpxtpx:TrackPointExtension>
    </extensions>
   </trkpt>
   <trkpt lat="-33.4543460" lon="151.0267430">
    <ele>50.4</ele>
    <time>2021-09-01T06:30:04Z</time>
    <extensions>
     <gpxtpx:TrackPointExtension>
      <gpxtpx:atemp>26</gpxtpx:atemp>
      <gpxtpx:hr>117</gpxtpx:hr>
     </gpxtpx:TrackPointExtension>
    </extensions>
   </trkpt>
   <trkpt lat="-33.4543430" lon="151.0266660">
    <ele>49.2</ele>
    <time>2021-09-01T06:30:05Z</time>
    <extensions>
     <gpxtpx:TrackPointExtension>
      <gpxtpx:atemp>26</gpxtpx:atemp>
      <gpxtpx:hr>115</gpxtpx:hr>
     </gpxtpx:TrackPointExtension>
    </extensions>
   </trkpt>
   <trkpt lat="-33.4543370" lon="151.0265920">
    <ele>48.6</ele>
    <time>2021-09-01T06:30:06Z</time>
    <extensions>
     <gpxtpx:TrackPointExtension>
      <gpxtpx:atemp>26</gpxtpx:atemp>
      <gpxtpx:hr>116</gpxtpx:hr>
     </gpxtpx:TrackPointExtension>
    </extensions>
   </trkpt>
   <trkpt lat="-33.4543270" lon="151.0265230">
    <ele>48.2</ele>
    <time>2021-09-01T06:30:07Z</time>
    <extensions>
     <gpxtpx:TrackPointExtension>
      <gpxtpx:atemp>26</gpxtpx:atemp>
      <gpxtpx:hr>118</gpxtpx:hr>
     </gpxtpx:TrackPointExtension>
    </extensions>
   </trkpt>
   <trkpt lat="-33.4543120" lon="151.0263830">
    <ele>47.0</ele>
    <time>2021-09-01T06:30:09Z</time>
    <extensions>
     <gpxtpx:TrackPointExtension>
      <gpxtpx:atemp>26</gpxtpx:atemp>
      <gpxtpx:hr>120</gpxtpx:hr>
     </gpxtpx:TrackPointExtension>
    </extensions>
   </trkpt>
   <trkpt lat="-33.4543090" lon="151.0263160">
    <ele>46.6</ele>
    <time>2021-09-01T06:30:10Z</time>
    <extensions>
     <gpxtpx:TrackPointExtension>
      <gpxtpx:atemp>25</gpxtpx:atemp>
      <gpxtpx:hr>119</gpxtpx:hr>
     </gpxtpx:TrackPointExtension>
    </extensions>
   </trkpt>
   <trkpt lat="-33.4543040" lon="151.0262500">
    <ele>46.4</ele>
    <time>2021-09-01T06:30:11Z</time>
    <extensions>
     <gpxtpx:TrackPointExtension>
      <gpxtpx:atemp>25</gpxtpx:atemp>
      <gpxtpx:hr>119</gpxtpx:hr>
     </gpxtpx:TrackPointExtension>
    </extensions>
   </trkpt>
   <trkpt lat="-33.4542990" lon="151.0261850">
    <ele>45.8</ele>
    <time>2021-09-01T06:30:12Z</time>
    <extensions>
     <gpxtpx:TrackPointExtension>
      <gpxtpx:atemp>25</gpxtpx:atemp>
      <gpxtpx:hr>119</gpxtpx:hr>
     </gpxtpx:TrackPointExtension>
    </extensions>
   </trkpt>
   <trkpt lat="-33.4542990" lon="151.0261080">
    <ele>45.4</ele>
    <time>2021-09-01T06:30:13Z</time>
    <extensions>
     <gpxtpx:TrackPointExtension>
      <gpxtpx:atemp>25</gpxtpx:atemp>
      <gpxtpx:hr>119</gpxtpx:hr>
     </gpxtpx:TrackPointExtension>
    </extensions>
   </trkpt>
   <trkpt lat="-33.4543100" lon="151.0260290">
    <ele>44.2</ele>
    <time>2021-09-01T06:30:14Z</time>
    <extensions>
     <gpxtpx:TrackPointExtension>
      <gpxtpx:atemp>25</gpxtpx:atemp>
      <gpxtpx:hr>119</gpxtpx:hr>
     </gpxtpx:TrackPointExtension>
    </extensions>
   </trkpt>
   <trkpt lat="-33.4543660" lon="151.0258640">
    <ele>43.6</ele>
    <time>2021-09-01T06:30:15Z</time>
    <extensions>
     <gpxtpx:TrackPointExtension>
      <gpxtpx:atemp>25</gpxtpx:atemp>
      <gpxtpx:hr>118</gpxtpx:hr>
     </gpxtpx:TrackPointExtension>
    </extensions>
   </trkpt>
   <trkpt lat="-33.4543970" lon="151.0257850">
    <ele>43.2</ele>
    <time>2021-09-01T06:30:16Z</time>
    <extensions>
     <gpxtpx:TrackPointExtension>
      <gpxtpx:atemp>25</gpxtpx:atemp>
      <gpxtpx:hr>117</gpxtpx:hr>
     </gpxtpx:TrackPointExtension>
    </extensions>
   </trkpt>
   <trkpt lat="-33.4544100" lon="151.0257220">
    <ele>42.0</ele>
    <time>2021-09-01T06:30:17Z</time>
    <extensions>
     <gpxtpx:TrackPointExtension>
      <gpxtpx:atemp>25</gpxtpx:atemp>
      <gpxtpx:hr>116</gpxtpx:hr>
     </gpxtpx:TrackPointExtension>
    </extensions>
   </trkpt>
   <trkpt lat="-33.4544000" lon="151.0256770">
    <ele>40.6</ele>
    <time>2021-09-01T06:30:18Z</time>
    <extensions>
     <gpxtpx:TrackPointExtension>
      <gpxtpx:atemp>25</gpxtpx:atemp>
      <gpxtpx:hr>116</gpxtpx:hr>
     </gpxtpx:TrackPointExtension>
    </extensions>
   </trkpt>
   <trkpt lat="-33.4543760" lon="151.0256610">
    <ele>39.2</ele>
    <time>2021-09-01T06:30:19Z</time>
    <extensions>
     <gpxtpx:TrackPointExtension>
      <gpxtpx:atemp>25</gpxtpx:atemp>
      <gpxtpx:hr>116</gpxtpx:hr>
     </gpxtpx:TrackPointExtension>
    </extensions>
   </trkpt>
   <trkpt lat="-33.4543450" lon="151.0256480">
    <ele>37.8</ele>
    <time>2021-09-01T06:30:20Z</time>
    <extensions>
     <gpxtpx:TrackPointExtension>
      <gpxtpx:atemp>25</gpxtpx:atemp>
      <gpxtpx:hr>116</gpxtpx:hr>
     </gpxtpx:TrackPointExtension>
    </extensions>
   </trkpt>
   <trkpt lat="-33.4543110" lon="151.0256160">
    <ele>37.2</ele>
    <time>2021-09-01T06:30:21Z</time>
    <extensions>
     <gpxtpx:TrackPointExtension>
      <gpxtpx:atemp>25</gpxtpx:atemp>
      <gpxtpx:hr>117</gpxtpx:hr>
     </gpxtpx:TrackPointExtension>
    </extensions>
   </trkpt>
   <trkpt lat="-33.4542730" lon="151.0255600">
    <ele>36.8</ele>
    <time>2021-09-01T06:30:22Z</time>
    <extensions>
     <gpxtpx:TrackPointExtension>
      <gpxtpx:atemp>25</gpxtpx:atemp>
      <gpxtpx:hr>117</gpxtpx:hr>
     </gpxtpx:TrackPointExtension>
    </extensions>
   </trkpt>
   <trkpt lat="-33.4542460" lon="151.0254980">
    <ele>35.8</ele>
    <time>2021-09-01T06:30:23Z</time>
    <extensions>
     <gpxtpx:TrackPointExtension>
      <gpxtpx:atemp>25</gpxtpx:atemp>
      <gpxtpx:hr>116</gpxtpx:hr>
     </gpxtpx:TrackPointExtension>
    </extensions>
   </trkpt>
   <trkpt lat="-33.4542400" lon="151.0254680">
    <ele>34.6</ele>
    <time>2021-09-01T06:30:24Z</time>
    <extensions>
     <gpxtpx:TrackPointExtension>
      <gpxtpx:atemp>25</gpxtpx:atemp>
      <gpxtpx:hr>116</gpxtpx:hr>
     </gpxtpx:TrackPointExtension>
    </extensions>
   </trkpt>
   <trkpt lat="-33.4542330" lon="151.0254380">
    <ele>33.8</ele>
    <time>2021-09-01T06:30:25Z</time>
    <extensions>
     <gpxtpx:TrackPointExtension>
      <gpxtpx:atemp>25</gpxtpx:atemp>
      <gpxtpx:hr>116</gpxtpx:hr>
     </gpxtpx:TrackPointExtension>
    </extensions>
   </trkpt>
   <trkpt lat="-33.4542330" lon="151.0253110">
    <ele>33.4</ele>
    <time>2021-09-01T06:30:26Z</time>
    <extensions>
     <gpxtpx:TrackPointExtension>
      <gpxtpx:atemp>25</gpxtpx:atemp>
      <gpxtpx:hr>116</gpxtpx:hr>
     </gpxtpx:TrackPointExtension>
    </extensions>
   </trkpt>
   <trkpt lat="-33.4542280" lon="151.0251870">
    <ele>32.4</ele>
    <time>2021-09-01T06:30:28Z</time>
    <extensions>
     <gpxtpx:TrackPointExtension>
      <gpxtpx:atemp>25</gpxtpx:atemp>
      <gpxtpx:hr>116</gpxtpx:hr>
     </gpxtpx:TrackPointExtension>
    </extensions>
   </trkpt>
   <trkpt lat="-33.4542150" lon="151.0251200">
    <ele>31.8</ele>
    <time>2021-09-01T06:30:29Z</time>
    <extensions>
     <gpxtpx:TrackPointExtension>
      <gpxtpx:atemp>25</gpxtpx:atemp>
      <gpxtpx:hr>114</gpxtpx:hr>
     </gpxtpx:TrackPointExtension>
    </extensions>
   </trkpt>
   <trkpt lat="-33.4541890" lon="151.0250510">
    <ele>31.4</ele>
    <time>2021-09-01T06:30:30Z</time>
    <extensions>
     <gpxtpx:TrackPointExtension>
      <gpxtpx:atemp>25</gpxtpx:atemp>
      <gpxtpx:hr>117</gpxtpx:hr>
     </gpxtpx:TrackPointExtension>
    </extensions>
   </trkpt>
   <trkpt lat="-33.4541500" lon="151.0249800">
    <ele>31.0</ele>
    <time>2021-09-01T06:30:31Z</time>
    <extensions>
     <gpxtpx:TrackPointExtension>
      <gpxtpx:atemp>25</gpxtpx:atemp>
      <gpxtpx:hr>117</gpxtpx:hr>
     </gpxtpx:TrackPointExtension>
    </extensions>
   </trkpt>
   <trkpt lat="-33.4540900" lon="151.0249150">
    <ele>29.8</ele>
    <time>2021-09-01T06:30:32Z</time>
    <extensions>
     <gpxtpx:TrackPointExtension>
      <gpxtpx:atemp>25</gpxtpx:atemp>
      <gpxtpx:hr>118</gpxtpx:hr>
     </gpxtpx:TrackPointExtension>
    </extensions>
   </trkpt>
   <trkpt lat="-33.4540290" lon="151.0248540">
    <ele>29.2</ele>
    <time>2021-09-01T06:30:33Z</time>
    <extensions>
     <gpxtpx:TrackPointExtension>
      <gpxtpx:atemp>25</gpxtpx:atemp>
      <gpxtpx:hr>118</gpxtpx:hr>
     </gpxtpx:TrackPointExtension>
    </extensions>
   </trkpt>
   <trkpt lat="-33.4539660" lon="151.0247890">
    <ele>28.8</ele>
    <time>2021-09-01T06:30:34Z</time>
    <extensions>
     <gpxtpx:TrackPointExtension>
      <gpxtpx:atemp>25</gpxtpx:atemp>
      <gpxtpx:hr>118</gpxtpx:hr>
     </gpxtpx:TrackPointExtension>
    </extensions>
   </trkpt>
   <trkpt lat="-33.4538660" lon="151.0246570">
    <ele>27.6</ele>
    <time>2021-09-01T06:30:36Z</time>
    <extensions>
     <gpxtpx:TrackPointExtension>
      <gpxtpx:atemp>25</gpxtpx:atemp>
      <gpxtpx:hr>120</gpxtpx:hr>
     </gpxtpx:TrackPointExtension>
    </extensions>
   </trkpt>
   <trkpt lat="-33.4538250" lon="151.0245790">
    <ele>27.0</ele>
    <time>2021-09-01T06:30:37Z</time>
    <extensions>
     <gpxtpx:TrackPointExtension>
      <gpxtpx:atemp>25</gpxtpx:atemp>
      <gpxtpx:hr>120</gpxtpx:hr>
     </gpxtpx:TrackPointExtension>
    </extensions>
   </trkpt>
   <trkpt lat="-33.4537360" lon="151.0244470">
    <ele>26.2</ele>
    <time>2021-09-01T06:30:39Z</time>
    <extensions>
     <gpxtpx:TrackPointExtension>
      <gpxtpx:atemp>25</gpxtpx:atemp>
      <gpxtpx:hr>118</gpxtpx:hr>
     </gpxtpx:TrackPointExtension>
    </extensions>
   </trkpt>
   <trkpt lat="-33.4536850" lon="151.0243940">
    <ele>25.8</ele>
    <time>2021-09-01T06:30:41Z</time>
    <extensions>
     <gpxtpx:TrackPointExtension>
      <gpxtpx:atemp>25</gpxtpx:atemp>
      <gpxtpx:hr>118</gpxtpx:hr>
     </gpxtpx:TrackPointExtension>
    </extensions>
   </trkpt>
   <trkpt lat="-33.4536340" lon="151.0243470">
    <ele>25.4</ele>
    <time>2021-09-01T06:30:42Z</time>
    <extensions>
     <gpxtpx:TrackPointExtension>
      <gpxtpx:atemp>25</gpxtpx:atemp>
      <gpxtpx:hr>116</gpxtpx:hr>
     </gpxtpx:TrackPointExtension>
    </extensions>
   </trkpt>
   <trkpt lat="-33.4535860" lon="151.0242910">
    <ele>25.2</ele>
    <time>2021-09-01T06:30:43Z</time>
    <extensions>
     <gpxtpx:TrackPointExtension>
      <gpxtpx:atemp>25</gpxtpx:atemp>
      <gpxtpx:hr>114</gpxtpx:hr>
     </gpxtpx:TrackPointExtension>
    </extensions>
   </trkpt>
   <trkpt lat="-33.4534540" lon="151.0241020">
    <ele>24.4</ele>
    <time>2021-09-01T06:30:46Z</time>
    <extensions>
     <gpxtpx:TrackPointExtension>
      <gpxtpx:atemp>25</gpxtpx:atemp>
      <gpxtpx:hr>111</gpxtpx:hr>
     </gpxtpx:TrackPointExtension>
    </extensions>
   </trkpt>
   <trkpt lat="-33.4534240" lon="151.0240280">
    <ele>24.0</ele>
    <time>2021-09-01T06:30:47Z</time>
    <extensions>
     <gpxtpx:TrackPointExtension>
      <gpxtpx:atemp>25</gpxtpx:atemp>
      <gpxtpx:hr>111</gpxtpx:hr>
     </gpxtpx:TrackPointExtension>
    </extensions>
   </trkpt>
   <trkpt lat="-33.4533980" lon="151.0239470">
    <ele>23.8</ele>
    <time>2021-09-01T06:30:48Z</time>
    <extensions>
     <gpxtpx:TrackPointExtension>
      <gpxtpx:atemp>25</gpxtpx:atemp>
      <gpxtpx:hr>111</gpxtpx:hr>
     </gpxtpx:TrackPointExtension>
    </extensions>
   </trkpt>
   <trkpt lat="-33.4533650" lon="151.0237810">
    <ele>23.2</ele>
    <time>2021-09-01T06:30:50Z</time>
    <extensions>
     <gpxtpx:TrackPointExtension>
      <gpxtpx:atemp>25</gpxtpx:atemp>
      <gpxtpx:hr>110</gpxtpx:hr>
     </gpxtpx:TrackPointExtension>
    </extensions>
   </trkpt>
   <trkpt lat="-33.4533450" lon="151.0237130">
    <ele>23.0</ele>
    <time>2021-09-01T06:30:51Z</time>
    <extensions>
     <gpxtpx:TrackPointExtension>
      <gpxtpx:atemp>25</gpxtpx:atemp>
      <gpxtpx:hr>110</gpxtpx:hr>
     </gpxtpx:TrackPointExtension>
    </extensions>
   </trkpt>
   <trkpt lat="-33.4533020" lon="151.0235620">
    <ele>22.8</ele>
    <time>2021-09-01T06:30:53Z</time>
    <extensions>
     <gpxtpx:TrackPointExtension>
      <gpxtpx:atemp>25</gpxtpx:atemp>
      <gpxtpx:hr>110</gpxtpx:hr>
     </gpxtpx:TrackPointExtension>
    </extensions>
   </trkpt>
   <trkpt lat="-33.4532220" lon="151.0234210">
    <ele>21.8</ele>
    <time>2021-09-01T06:30:55Z</time>
    <extensions>
     <gpxtpx:TrackPointExtension>
      <gpxtpx:atemp>25</gpxtpx:atemp>
      <gpxtpx:hr>110</gpxtpx:hr>
     </gpxtpx:TrackPointExtension>
    </extensions>
   </trkpt>
   <trkpt lat="-33.4531450" lon="151.0232580">
    <ele>21.6</ele>
    <time>2021-09-01T06:30:56Z</time>
    <extensions>
     <gpxtpx:TrackPointExtension>
      <gpxtpx:atemp>25</gpxtpx:atemp>
      <gpxtpx:hr>110</gpxtpx:hr>
     </gpxtpx:TrackPointExtension>
    </extensions>
   </trkpt>
   <trkpt lat="-33.4531160" lon="151.0230740">
    <ele>20.6</ele>
    <time>2021-09-01T06:30:58Z</time>
    <extensions>
     <gpxtpx:TrackPointExtension>
      <gpxtpx:atemp>25</gpxtpx:atemp>
      <gpxtpx:hr>110</gpxtpx:hr>
     </gpxtpx:TrackPointExtension>
    </extensions>
   </trkpt>
   <trkpt lat="-33.4531220" lon="151.0228880">
    <ele>19.4</ele>
    <time>2021-09-01T06:31:00Z</time>
    <extensions>
     <gpxtpx:TrackPointExtension>
      <gpxtpx:atemp>25</gpxtpx:atemp>
      <gpxtpx:hr>110</gpxtpx:hr>
     </gpxtpx:TrackPointExtension>
    </extensions>
   </trkpt>
   <trkpt lat="-33.4531340" lon="151.0226170">
    <ele>18.8</ele>
    <time>2021-09-01T06:31:03Z</time>
    <extensions>
     <gpxtpx:TrackPointExtension>
      <gpxtpx:atemp>25</gpxtpx:atemp>
      <gpxtpx:hr>110</gpxtpx:hr>
     </gpxtpx:TrackPointExtension>
    </extensions>
   </trkpt>
   <trkpt lat="-33.4531160" lon="151.0221660">
    <ele>18.4</ele>
    <time>2021-09-01T06:31:09Z</time>
    <extensions>
     <gpxtpx:TrackPointExtension>
      <gpxtpx:atemp>25</gpxtpx:atemp>
      <gpxtpx:hr>110</gpxtpx:hr>
     </gpxtpx:TrackPointExtension>
    </extensions>
   </trkpt>
   <trkpt lat="-33.4530410" lon="151.0217620">
    <ele>19.4</ele>
    <time>2021-09-01T06:31:14Z</time>
    <extensions>
     <gpxtpx:TrackPointExtension>
      <gpxtpx:atemp>25</gpxtpx:atemp>
      <gpxtpx:hr>109</gpxtpx:hr>
     </gpxtpx:TrackPointExtension>
    </extensions>
   </trkpt>
   <trkpt lat="-33.4530280" lon="151.0216850">
    <ele>19.6</ele>
    <time>2021-09-01T06:31:15Z</time>
    <extensions>
     <gpxtpx:TrackPointExtension>
      <gpxtpx:atemp>25</gpxtpx:atemp>
      <gpxtpx:hr>108</gpxtpx:hr>
     </gpxtpx:TrackPointExtension>
    </extensions>
   </trkpt>
   <trkpt lat="-33.4529990" lon="151.0214530">
    <ele>20.2</ele>
    <time>2021-09-01T06:31:18Z</time>
    <extensions>
     <gpxtpx:TrackPointExtension>
      <gpxtpx:atemp>25</gpxtpx:atemp>
      <gpxtpx:hr>109</gpxtpx:hr>
     </gpxtpx:TrackPointExtension>
    </extensions>
   </trkpt>
   <trkpt lat="-33.4529950" lon="151.0213130">
    <ele>20.6</ele>
    <time>2021-09-01T06:31:20Z</time>
    <extensions>
     <gpxtpx:TrackPointExtension>
      <gpxtpx:atemp>25</gpxtpx:atemp>
      <gpxtpx:hr>108</gpxtpx:hr>
     </gpxtpx:TrackPointExtension>
    </extensions>
   </trkpt>
   <trkpt lat="-33.4530020" lon="151.0212440">
    <ele>21.0</ele>
    <time>2021-09-01T06:31:21Z</time>
    <extensions>
     <gpxtpx:TrackPointExtension>
      <gpxtpx:atemp>25</gpxtpx:atemp>
      <gpxtpx:hr>108</gpxtpx:hr>
     </gpxtpx:TrackPointExtension>
    </extensions>
   </trkpt>
   <trkpt lat="-33.4530170" lon="151.0211760">
    <ele>21.2</ele>
    <time>2021-09-01T06:31:22Z</time>
    <extensions>
     <gpxtpx:TrackPointExtension>
      <gpxtpx:atemp>25</gpxtpx:atemp>
      <gpxtpx:hr>109</gpxtpx:hr>
     </gpxtpx:TrackPointExtension>
    </extensions>
   </trkpt>
   <trkpt lat="-33.4530460" lon="151.0210970">
    <ele>21.6</ele>
    <time>2021-09-01T06:31:23Z</time>
    <extensions>
     <gpxtpx:TrackPointExtension>
      <gpxtpx:atemp>25</gpxtpx:atemp>
      <gpxtpx:hr>110</gpxtpx:hr>
     </gpxtpx:TrackPointExtension>
    </extensions>
   </trkpt>
   <trkpt lat="-33.4530790" lon="151.0210100">
    <ele>22.0</ele>
    <time>2021-09-01T06:31:24Z</time>
    <extensions>
     <gpxtpx:TrackPointExtension>
      <gpxtpx:atemp>25</gpxtpx:atemp>
      <gpxtpx:hr>111</gpxtpx:hr>
     </gpxtpx:TrackPointExtension>
    </extensions>
   </trkpt>
   <trkpt lat="-33.4531030" lon="151.0209200">
    <ele>22.6</ele>
    <time>2021-09-01T06:31:25Z</time>
    <extensions>
     <gpxtpx:TrackPointExtension>
      <gpxtpx:atemp>25</gpxtpx:atemp>
      <gpxtpx:hr>110</gpxtpx:hr>
     </gpxtpx:TrackPointExtension>
    </extensions>
   </trkpt>
   <trkpt lat="-33.4531400" lon="151.0207500">
    <ele>23.0</ele>
    <time>2021-09-01T06:31:27Z</time>
    <extensions>
     <gpxtpx:TrackPointExtension>
      <gpxtpx:atemp>25</gpxtpx:atemp>
      <gpxtpx:hr>109</gpxtpx:hr>
     </gpxtpx:TrackPointExtension>
    </extensions>
   </trkpt>
   <trkpt lat="-33.4531670" lon="151.0206680">
    <ele>23.2</ele>
    <time>2021-09-01T06:31:28Z</time>
    <extensions>
     <gpxtpx:TrackPointExtension>
      <gpxtpx:atemp>25</gpxtpx:atemp>
      <gpxtpx:hr>108</gpxtpx:hr>
     </gpxtpx:TrackPointExtension>
    </extensions>
   </trkpt>
   <trkpt lat="-33.4532040" lon="151.0205930">
    <ele>23.4</ele>
    <time>2021-09-01T06:31:29Z</time>
    <extensions>
     <gpxtpx:TrackPointExtension>
      <gpxtpx:atemp>25</gpxtpx:atemp>
      <gpxtpx:hr>109</gpxtpx:hr>
     </gpxtpx:TrackPointExtension>
    </extensions>
   </trkpt>
   <trkpt lat="-33.4533010" lon="151.0204610">
    <ele>23.6</ele>
    <time>2021-09-01T06:31:31Z</time>
    <extensions>
     <gpxtpx:TrackPointExtension>
      <gpxtpx:atemp>26</gpxtpx:atemp>
      <gpxtpx:hr>109</gpxtpx:hr>
     </gpxtpx:TrackPointExtension>
    </extensions>
   </trkpt>
   <trkpt lat="-33.4534540" lon="151.0203010">
    <ele>23.4</ele>
    <time>2021-09-01T06:31:34Z</time>
    <extensions>
     <gpxtpx:TrackPointExtension>
      <gpxtpx:atemp>26</gpxtpx:atemp>
      <gpxtpx:hr>110</gpxtpx:hr>
     </gpxtpx:TrackPointExtension>
    </extensions>
   </trkpt>
   <trkpt lat="-33.4535110" lon="151.0202620">
    <ele>23.4</ele>
    <time>2021-09-01T06:31:35Z</time>
    <extensions>
     <gpxtpx:TrackPointExtension>
      <gpxtpx:atemp>26</gpxtpx:atemp>
      <gpxtpx:hr>110</gpxtpx:hr>
     </gpxtpx:TrackPointExtension>
    </extensions>
   </trkpt>
   <trkpt lat="-33.4537370" lon="151.0200760">
    <ele>22.6</ele>
    <time>2021-09-01T06:31:39Z</time>
    <extensions>
     <gpxtpx:TrackPointExtension>
      <gpxtpx:atemp>26</gpxtpx:atemp>
      <gpxtpx:hr>113</gpxtpx:hr>
     </gpxtpx:TrackPointExtension>
    </extensions>
   </trkpt>
   <trkpt lat="-33.4538010" lon="151.0200360">
    <ele>22.4</ele>
    <time>2021-09-01T06:31:40Z</time>
    <extensions>
     <gpxtpx:TrackPointExtension>
      <gpxtpx:atemp>26</gpxtpx:atemp>
      <gpxtpx:hr>114</gpxtpx:hr>
     </gpxtpx:TrackPointExtension>
    </extensions>
   </trkpt>
   <trkpt lat="-33.4538670" lon="151.0200080">
    <ele>21.4</ele>
    <time>2021-09-01T06:31:41Z</time>
    <extensions>
     <gpxtpx:TrackPointExtension>
      <gpxtpx:atemp>26</gpxtpx:atemp>
      <gpxtpx:hr>115</gpxtpx:hr>
     </gpxtpx:TrackPointExtension>
    </extensions>
   </trkpt>
   <trkpt lat="-33.4540020" lon="151.0199810">
    <ele>20.4</ele>
    <time>2021-09-01T06:31:43Z</time>
    <extensions>
     <gpxtpx:TrackPointExtension>
      <gpxtpx:atemp>26</gpxtpx:atemp>
      <gpxtpx:hr>115</gpxtpx:hr>
     </gpxtpx:TrackPointExtension>
    </extensions>
   </trkpt>
   <trkpt lat="-33.4540750" lon="151.0199610">
    <ele>20.0</ele>
    <time>2021-09-01T06:31:44Z</time>
    <extensions>
     <gpxtpx:TrackPointExtension>
      <gpxtpx:atemp>26</gpxtpx:atemp>
      <gpxtpx:hr>115</gpxtpx:hr>
     </gpxtpx:TrackPointExtension>
    </extensions>
   </trkpt>
   <trkpt lat="-33.4542960" lon="151.0199000">
    <ele>18.8</ele>
    <time>2021-09-01T06:31:47Z</time>
    <extensions>
     <gpxtpx:TrackPointExtension>
      <gpxtpx:atemp>26</gpxtpx:atemp>
      <gpxtpx:hr>112</gpxtpx:hr>
     </gpxtpx:TrackPointExtension>
    </extensions>
   </trkpt>
   <trkpt lat="-33.4544570" lon="151.0198590">
    <ele>16.6</ele>
    <time>2021-09-01T06:31:49Z</time>
    <extensions>
     <gpxtpx:TrackPointExtension>
      <gpxtpx:atemp>25</gpxtpx:atemp>
      <gpxtpx:hr>113</gpxtpx:hr>
     </gpxtpx:TrackPointExtension>
    </extensions>
   </trkpt>
   <trkpt lat="-33.4545860" lon="151.0197550">
    <ele>15.0</ele>
    <time>2021-09-01T06:31:51Z</time>
    <extensions>
     <gpxtpx:TrackPointExtension>
      <gpxtpx:atemp>25</gpxtpx:atemp>
      <gpxtpx:hr>113</gpxtpx:hr>
     </gpxtpx:TrackPointExtension>
    </extensions>
   </trkpt>
   <trkpt lat="-33.4546480" lon="151.0196850">
    <ele>14.0</ele>
    <time>2021-09-01T06:31:52Z</time>
    <extensions>
     <gpxtpx:TrackPointExtension>
      <gpxtpx:atemp>25</gpxtpx:atemp>
      <gpxtpx:hr>113</gpxtpx:hr>
     </gpxtpx:TrackPointExtension>
    </extensions>
   </trkpt>
   <trkpt lat="-33.4547140" lon="151.0196180">
    <ele>13.6</ele>
    <time>2021-09-01T06:31:53Z</time>
    <extensions>
     <gpxtpx:TrackPointExtension>
      <gpxtpx:atemp>25</gpxtpx:atemp>
      <gpxtpx:hr>113</gpxtpx:hr>
     </gpxtpx:TrackPointExtension>
    </extensions>
   </trkpt>
   <trkpt lat="-33.4550050" lon="151.0192850">
    <ele>12.6</ele>
    <time>2021-09-01T06:31:58Z</time>
    <extensions>
     <gpxtpx:TrackPointExtension>
      <gpxtpx:atemp>25</gpxtpx:atemp>
      <gpxtpx:hr>115</gpxtpx:hr>
     </gpxtpx:TrackPointExtension>
    </extensions>
   </trkpt>
   <trkpt lat="-33.4550700" lon="151.0192310">
    <ele>12.4</ele>
    <time>2021-09-01T06:31:59Z</time>
    <extensions>
     <gpxtpx:TrackPointExtension>
      <gpxtpx:atemp>25</gpxtpx:atemp>
      <gpxtpx:hr>114</gpxtpx:hr>
     </gpxtpx:TrackPointExtension>
    </extensions>
   </trkpt>
   <trkpt lat="-33.4553430" lon="151.0189830">
    <ele>11.4</ele>
    <time>2021-09-01T06:32:03Z</time>
    <extensions>
     <gpxtpx:TrackPointExtension>
      <gpxtpx:atemp>25</gpxtpx:atemp>
      <gpxtpx:hr>116</gpxtpx:hr>
     </gpxtpx:TrackPointExtension>
    </extensions>
   </trkpt>
   <trkpt lat="-33.4554840" lon="151.0188650">
    <ele>11.4</ele>
    <time>2021-09-01T06:32:05Z</time>
    <extensions>
     <gpxtpx:TrackPointExtension>
      <gpxtpx:atemp>25</gpxtpx:atemp>
      <gpxtpx:hr>115</gpxtpx:hr>
     </gpxtpx:TrackPointExtension>
    </extensions>
   </trkpt>
   <trkpt lat="-33.4556360" lon="151.0187830">
    <ele>12.0</ele>
    <time>2021-09-01T06:32:07Z</time>
    <extensions>
     <gpxtpx:TrackPointExtension>
      <gpxtpx:atemp>25</gpxtpx:atemp>
      <gpxtpx:hr>113</gpxtpx:hr>
     </gpxtpx:TrackPointExtension>
    </extensions>
   </trkpt>
   <trkpt lat="-33.4557050" lon="151.0187470">
    <ele>12.6</ele>
    <time>2021-09-01T06:32:08Z</time>
    <extensions>
     <gpxtpx:TrackPointExtension>
      <gpxtpx:atemp>25</gpxtpx:atemp>
      <gpxtpx:hr>113</gpxtpx:hr>
     </gpxtpx:TrackPointExtension>
    </extensions>
   </trkpt>
   <trkpt lat="-33.4558390" lon="151.0186990">
    <ele>13.0</ele>
    <time>2021-09-01T06:32:10Z</time>
    <extensions>
     <gpxtpx:TrackPointExtension>
      <gpxtpx:atemp>25</gpxtpx:atemp>
      <gpxtpx:hr>114</gpxtpx:hr>
     </gpxtpx:TrackPointExtension>
    </extensions>
   </trkpt>
   <trkpt lat="-33.4559140" lon="151.0186910">
    <ele>13.2</ele>
    <time>2021-09-01T06:32:11Z</time>
    <extensions>
     <gpxtpx:TrackPointExtension>
      <gpxtpx:atemp>25</gpxtpx:atemp>
      <gpxtpx:hr>115</gpxtpx:hr>
     </gpxtpx:TrackPointExtension>
    </extensions>
   </trkpt>
   <trkpt lat="-33.4559860" lon="151.0186880">
    <ele>13.6</ele>
    <time>2021-09-01T06:32:12Z</time>
    <extensions>
     <gpxtpx:TrackPointExtension>
      <gpxtpx:atemp>25</gpxtpx:atemp>
      <gpxtpx:hr>115</gpxtpx:hr>
     </gpxtpx:TrackPointExtension>
    </extensions>
   </trkpt>
   <trkpt lat="-33.4561430" lon="151.0186850">
    <ele>15.2</ele>
    <time>2021-09-01T06:32:14Z</time>
    <extensions>
     <gpxtpx:TrackPointExtension>
      <gpxtpx:atemp>25</gpxtpx:atemp>
      <gpxtpx:hr>114</gpxtpx:hr>
     </gpxtpx:TrackPointExtension>
    </extensions>
   </trkpt>
   <trkpt lat="-33.4563060" lon="151.0186760">
    <ele>16.2</ele>
    <time>2021-09-01T06:32:16Z</time>
    <extensions>
     <gpxtpx:TrackPointExtension>
      <gpxtpx:atemp>25</gpxtpx:atemp>
      <gpxtpx:hr>113</gpxtpx:hr>
     </gpxtpx:TrackPointExtension>
    </extensions>
   </trkpt>
   <trkpt lat="-33.4563830" lon="151.0186610">
    <ele>16.6</ele>
    <time>2021-09-01T06:32:17Z</time>
    <extensions>
     <gpxtpx:TrackPointExtension>
      <gpxtpx:atemp>25</gpxtpx:atemp>
      <gpxtpx:hr>112</gpxtpx:hr>
     </gpxtpx:TrackPointExtension>
    </extensions>
   </trkpt>
   <trkpt lat="-33.4565320" lon="151.0186100">
    <ele>17.2</ele>
    <time>2021-09-01T06:32:19Z</time>
    <extensions>
     <gpxtpx:TrackPointExtension>
      <gpxtpx:atemp>25</gpxtpx:atemp>
      <gpxtpx:hr>112</gpxtpx:hr>
     </gpxtpx:TrackPointExtension>
    </extensions>
   </trkpt>
   <trkpt lat="-33.4566000" lon="151.0185970">
    <ele>17.4</ele>
    <time>2021-09-01T06:32:20Z</time>
    <extensions>
     <gpxtpx:TrackPointExtension>
      <gpxtpx:atemp>25</gpxtpx:atemp>
      <gpxtpx:hr>112</gpxtpx:hr>
     </gpxtpx:TrackPointExtension>
    </extensions>
   </trkpt>
   <trkpt lat="-33.4566640" lon="151.0185930">
    <ele>17.8</ele>
    <time>2021-09-01T06:32:21Z</time>
    <extensions>
     <gpxtpx:TrackPointExtension>
      <gpxtpx:atemp>25</gpxtpx:atemp>
      <gpxtpx:hr>112</gpxtpx:hr>
     </gpxtpx:TrackPointExtension>
    </extensions>
   </trkpt>
   <trkpt lat="-33.4568120" lon="151.0186040">
    <ele>18.6</ele>
    <time>2021-09-01T06:32:23Z</time>
    <extensions>
     <gpxtpx:TrackPointExtension>
      <gpxtpx:atemp>25</gpxtpx:atemp>
      <gpxtpx:hr>112</gpxtpx:hr>
     </gpxtpx:TrackPointExtension>
    </extensions>
   </trkpt>
   <trkpt lat="-33.4570770" lon="151.0186280">
    <ele>19.4</ele>
    <time>2021-09-01T06:32:26Z</time>
    <extensions>
     <gpxtpx:TrackPointExtension>
      <gpxtpx:atemp>25</gpxtpx:atemp>
      <gpxtpx:hr>112</gpxtpx:hr>
     </gpxtpx:TrackPointExtension>
    </extensions>
   </trkpt>
   <trkpt lat="-33.4571640" lon="151.0186250">
    <ele>19.8</ele>
    <time>2021-09-01T06:32:27Z</time>
    <extensions>
     <gpxtpx:TrackPointExtension>
      <gpxtpx:atemp>25</gpxtpx:atemp>
      <gpxtpx:hr>111</gpxtpx:hr>
     </gpxtpx:TrackPointExtension>
    </extensions>
   </trkpt>
   <trkpt lat="-33.4574650" lon="151.0185740">
    <ele>20.0</ele>
    <time>2021-09-01T06:32:30Z</time>
    <extensions>
     <gpxtpx:TrackPointExtension>
      <gpxtpx:atemp>25</gpxtpx:atemp>
      <gpxtpx:hr>110</gpxtpx:hr>
     </gpxtpx:TrackPointExtension>
    </extensions>
   </trkpt>
   <trkpt lat="-33.4579070" lon="151.0183700">
    <ele>19.6</ele>
    <time>2021-09-01T06:32:35Z</time>
    <extensions>
     <gpxtpx:TrackPointExtension>
      <gpxtpx:atemp>25</gpxtpx:atemp>
      <gpxtpx:hr>109</gpxtpx:hr>
     </gpxtpx:TrackPointExtension>
    </extensions>
   </trkpt>
   <trkpt lat="-33.4579870" lon="151.0183180">
    <ele>19.6</ele>
    <time>2021-09-01T06:32:36Z</time>
    <extensions>
     <gpxtpx:TrackPointExtension>
      <gpxtpx:atemp>25</gpxtpx:atemp>
      <gpxtpx:hr>109</gpxtpx:hr>
     </gpxtpx:TrackPointExtension>
    </extensions>
   </trkpt>
   <trkpt lat="-33.4581910" lon="151.0181300">
    <ele>19.6</ele>
    <time>2021-09-01T06:32:39Z</time>
    <extensions>
     <gpxtpx:TrackPointExtension>
      <gpxtpx:atemp>25</gpxtpx:atemp>
      <gpxtpx:hr>109</gpxtpx:hr>
     </gpxtpx:TrackPointExtension>
    </extensions>
   </trkpt>
   <trkpt lat="-33.4583930" lon="151.0179540">
    <ele>20.8</ele>
    <time>2021-09-01T06:32:42Z</time>
    <extensions>
     <gpxtpx:TrackPointExtension>
      <gpxtpx:atemp>25</gpxtpx:atemp>
      <gpxtpx:hr>108</gpxtpx:hr>
     </gpxtpx:TrackPointExtension>
    </extensions>
   </trkpt>
   <trkpt lat="-33.4584690" lon="151.0178950">
    <ele>21.0</ele>
    <time>2021-09-01T06:32:43Z</time>
    <extensions>
     <gpxtpx:TrackPointExtension>
      <gpxtpx:atemp>25</gpxtpx:atemp>
      <gpxtpx:hr>107</gpxtpx:hr>
     </gpxtpx:TrackPointExtension>
    </extensions>
   </trkpt>
   <trkpt lat="-33.4585370" lon="151.0178460">
    <ele>21.2</ele>
    <time>2021-09-01T06:32:44Z</time>
    <extensions>
     <gpxtpx:TrackPointExtension>
      <gpxtpx:atemp>25</gpxtpx:atemp>
      <gpxtpx:hr>106</gpxtpx:hr>
     </gpxtpx:TrackPointExtension>
    </extensions>
   </trkpt>
   <trkpt lat="-33.4586790" lon="151.0177710">
    <ele>21.2</ele>
    <time>2021-09-01T06:32:46Z</time>
    <extensions>
     <gpxtpx:TrackPointExtension>
      <gpxtpx:atemp>25</gpxtpx:atemp>
      <gpxtpx:hr>104</gpxtpx:hr>
     </gpxtpx:TrackPointExtension>
    </extensions>
   </trkpt>
   <trkpt lat="-33.4587800" lon="151.0176720">
    <ele>21.0</ele>
    <time>2021-09-01T06:32:48Z</time>
    <extensions>
     <gpxtpx:TrackPointExtension>
      <gpxtpx:atemp>25</gpxtpx:atemp>
      <gpxtpx:hr>104</gpxtpx:hr>
     </gpxtpx:TrackPointExtension>
    </extensions>
   </trkpt>
   <trkpt lat="-33.4588300" lon="151.0175920">
    <ele>20.4</ele>
    <time>2021-09-01T06:32:50Z</time>
    <extensions>
     <gpxtpx:TrackPointExtension>
      <gpxtpx:atemp>25</gpxtpx:atemp>
      <gpxtpx:hr>104</gpxtpx:hr>
     </gpxtpx:TrackPointExtension>
    </extensions>
   </trkpt>
   <trkpt lat="-33.4588430" lon="151.0175870">
    <ele>20.0</ele>
    <time>2021-09-01T06:32:51Z</time>
    <extensions>
     <gpxtpx:TrackPointExtension>
      <gpxtpx:atemp>25</gpxtpx:atemp>
      <gpxtpx:hr>104</gpxtpx:hr>
     </gpxtpx:TrackPointExtension>
    </extensions>
   </trkpt>
   <trkpt lat="-33.4588450" lon="151.0176040">
    <ele>19.8</ele>
    <time>2021-09-01T06:32:52Z</time>
    <extensions>
     <gpxtpx:TrackPointExtension>
      <gpxtpx:atemp>25</gpxtpx:atemp>
      <gpxtpx:hr>104</gpxtpx:hr>
     </gpxtpx:TrackPointExtension>
    </extensions>
   </trkpt>
   <trkpt lat="-33.4587960" lon="151.0176540">
    <ele>19.6</ele>
    <time>2021-09-01T06:32:54Z</time>
    <extensions>
     <gpxtpx:TrackPointExtension>
      <gpxtpx:atemp>25</gpxtpx:atemp>
      <gpxtpx:hr>103</gpxtpx:hr>
     </gpxtpx:TrackPointExtension>
    </extensions>
   </trkpt>
   <trkpt lat="-33.4587410" lon="151.0177320">
    <ele>19.6</ele>
    <time>2021-09-01T06:32:57Z</time>
    <extensions>
     <gpxtpx:TrackPointExtension>
      <gpxtpx:atemp>25</gpxtpx:atemp>
      <gpxtpx:hr>103</gpxtpx:hr>
     </gpxtpx:TrackPointExtension>
    </extensions>
   </trkpt>
   <trkpt lat="-33.4587380" lon="151.0177530">
    <ele>19.8</ele>
    <time>2021-09-01T06:32:58Z</time>
    <extensions>
     <gpxtpx:TrackPointExtension>
      <gpxtpx:atemp>25</gpxtpx:atemp>
      <gpxtpx:hr>103</gpxtpx:hr>
     </gpxtpx:TrackPointExtension>
    </extensions>
   </trkpt>
   <trkpt lat="-33.4587390" lon="151.0177660">
    <ele>19.8</ele>
    <time>2021-09-01T06:33:02Z</time>
    <extensions>
     <gpxtpx:TrackPointExtension>
      <gpxtpx:atemp>25</gpxtpx:atemp>
      <gpxtpx:hr>104</gpxtpx:hr>
     </gpxtpx:TrackPointExtension>
    </extensions>
   </trkpt>
   <trkpt lat="-33.4587530" lon="151.0177670">
    <ele>19.8</ele>
    <time>2021-09-01T06:33:09Z</time>
    <extensions>
     <gpxtpx:TrackPointExtension>
      <gpxtpx:atemp>25</gpxtpx:atemp>
      <gpxtpx:hr>104</gpxtpx:hr>
     </gpxtpx:TrackPointExtension>
    </extensions>
   </trkpt>
   <trkpt lat="-33.4587490" lon="151.0177720">
    <ele>19.4</ele>
    <time>2021-09-01T06:33:16Z</time>
    <extensions>
     <gpxtpx:TrackPointExtension>
      <gpxtpx:atemp>25</gpxtpx:atemp>
      <gpxtpx:hr>104</gpxtpx:hr>
     </gpxtpx:TrackPointExtension>
    </extensions>
   </trkpt>
   <trkpt lat="-33.4587410" lon="151.0177780">
    <ele>19.4</ele>
    <time>2021-09-01T06:33:20Z</time>
    <extensions>
     <gpxtpx:TrackPointExtension>
      <gpxtpx:atemp>25</gpxtpx:atemp>
      <gpxtpx:hr>101</gpxtpx:hr>
     </gpxtpx:TrackPointExtension>
    </extensions>
   </trkpt>
   <trkpt lat="-33.4587370" lon="151.0177840">
    <ele>19.4</ele>
    <time>2021-09-01T06:33:24Z</time>
    <extensions>
     <gpxtpx:TrackPointExtension>
      <gpxtpx:atemp>25</gpxtpx:atemp>
      <gpxtpx:hr>101</gpxtpx:hr>
     </gpxtpx:TrackPointExtension>
    </extensions>
   </trkpt>
   <trkpt lat="-33.4587230" lon="151.0177790">
    <ele>19.2</ele>
    <time>2021-09-01T06:33:30Z</time>
    <extensions>
     <gpxtpx:TrackPointExtension>
      <gpxtpx:atemp>25</gpxtpx:atemp>
      <gpxtpx:hr>101</gpxtpx:hr>
     </gpxtpx:TrackPointExtension>
    </extensions>
   </trkpt>
   <trkpt lat="-33.4587180" lon="151.0177800">
    <ele>19.0</ele>
    <time>2021-09-01T06:33:34Z</time>
    <extensions>
     <gpxtpx:TrackPointExtension>
      <gpxtpx:atemp>25</gpxtpx:atemp>
      <gpxtpx:hr>98</gpxtpx:hr>
     </gpxtpx:TrackPointExtension>
    </extensions>
   </trkpt>
   <trkpt lat="-33.4587180" lon="151.0177840">
    <ele>19.2</ele>
    <time>2021-09-01T06:33:38Z</time>
    <extensions>
     <gpxtpx:TrackPointExtension>
      <gpxtpx:atemp>25</gpxtpx:atemp>
      <gpxtpx:hr>98</gpxtpx:hr>
     </gpxtpx:TrackPointExtension>
    </extensions>
   </trkpt>
   <trkpt lat="-33.4587130" lon="151.0177860">
    <ele>18.8</ele>
    <time>2021-09-01T06:33:45Z</time>
    <extensions>
     <gpxtpx:TrackPointExtension>
      <gpxtpx:atemp>25</gpxtpx:atemp>
      <gpxtpx:hr>96</gpxtpx:hr>
     </gpxtpx:TrackPointExtension>
    </extensions>
   </trkpt>
   <trkpt lat="-33.4587210" lon="151.0178120">
    <ele>18.6</ele>
    <time>2021-09-01T06:33:55Z</time>
    <extensions>
     <gpxtpx:TrackPointExtension>
      <gpxtpx:atemp>25</gpxtpx:atemp>
      <gpxtpx:hr>93</gpxtpx:hr>
     </gpxtpx:TrackPointExtension>
    </extensions>
   </trkpt>
   <trkpt lat="-33.4587190" lon="151.0178150">
    <ele>18.6</ele>
    <time>2021-09-01T06:33:56Z</time>
    <extensions>
     <gpxtpx:TrackPointExtension>
      <gpxtpx:atemp>25</gpxtpx:atemp>
      <gpxtpx:hr>93</gpxtpx:hr>
     </gpxtpx:TrackPointExtension>
    </extensions>
   </trkpt>
   <trkpt lat="-33.4587240" lon="151.0178170">
    <ele>18.6</ele>
    <time>2021-09-01T06:33:59Z</time>
    <extensions>
     <gpxtpx:TrackPointExtension>
      <gpxtpx:atemp>25</gpxtpx:atemp>
      <gpxtpx:hr>90</gpxtpx:hr>
     </gpxtpx:TrackPointExtension>
    </extensions>
   </trkpt>
   <trkpt lat="-33.4587290" lon="151.0178220">
    <ele>18.4</ele>
    <time>2021-09-01T06:34:02Z</time>
    <extensions>
     <gpxtpx:TrackPointExtension>
      <gpxtpx:atemp>25</gpxtpx:atemp>
      <gpxtpx:hr>93</gpxtpx:hr>
     </gpxtpx:TrackPointExtension>
    </extensions>
   </trkpt>
   <trkpt lat="-33.4587290" lon="151.0178210">
    <ele>18.4</ele>
    <time>2021-09-01T06:34:04Z</time>
    <extensions>
     <gpxtpx:TrackPointExtension>
      <gpxtpx:atemp>25</gpxtpx:atemp>
      <gpxtpx:hr>90</gpxtpx:hr>
     </gpxtpx:TrackPointExtension>
    </extensions>
   </trkpt>
   <trkpt lat="-33.4587290" lon="151.0178200">
    <ele>18.4</ele>
    <time>2021-09-01T06:34:05Z</time>
    <extensions>
     <gpxtpx:TrackPointExtension>
      <gpxtpx:atemp>25</gpxtpx:atemp>
      <gpxtpx:hr>92</gpxtpx:hr>
     </gpxtpx:TrackPointExtension>
    </extensions>
   </trkpt>
   <trkpt lat="-33.4587380" lon="151.0178290">
    <ele>18.6</ele>
    <time>2021-09-01T06:34:10Z</time>
    <extensions>
     <gpxtpx:TrackPointExtension>
      <gpxtpx:atemp>25</gpxtpx:atemp>
      <gpxtpx:hr>91</gpxtpx:hr>
     </gpxtpx:TrackPointExtension>
    </extensions>
   </trkpt>
   <trkpt lat="-33.4587730" lon="151.0178570">
    <ele>18.8</ele>
    <time>2021-09-01T06:34:12Z</time>
    <extensions>
     <gpxtpx:TrackPointExtension>
      <gpxtpx:atemp>26</gpxtpx:atemp>
      <gpxtpx:hr>95</gpxtpx:hr>
     </gpxtpx:TrackPointExtension>
    </extensions>
   </trkpt>
   <trkpt lat="-33.4588300" lon="151.0178990">
    <ele>19.4</ele>
    <time>2021-09-01T06:34:15Z</time>
    <extensions>
     <gpxtpx:TrackPointExtension>
      <gpxtpx:atemp>26</gpxtpx:atemp>
      <gpxtpx:hr>98</gpxtpx:hr>
     </gpxtpx:TrackPointExtension>
    </extensions>
   </trkpt>
   <trkpt lat="-33.4588590" lon="151.0179450">
    <ele>19.8</ele>
    <time>2021-09-01T06:34:17Z</time>
    <extensions>
     <gpxtpx:TrackPointExtension>
      <gpxtpx:atemp>26</gpxtpx:atemp>
      <gpxtpx:hr>96</gpxtpx:hr>
     </gpxtpx:TrackPointExtension>
    </extensions>
   </trkpt>
   <trkpt lat="-33.4588790" lon="151.0179500">
    <ele>20.0</ele>
    <time>2021-09-01T06:34:18Z</time>
    <extensions>
     <gpxtpx:TrackPointExtension>
      <gpxtpx:atemp>26</gpxtpx:atemp>
      <gpxtpx:hr>98</gpxtpx:hr>
     </gpxtpx:TrackPointExtension>
    </extensions>
   </trkpt>
   <trkpt lat="-33.4588920" lon="151.0179530">
    <ele>20.2</ele>
    <time>2021-09-01T06:34:19Z</time>
    <extensions>
     <gpxtpx:TrackPointExtension>
      <gpxtpx:atemp>26</gpxtpx:atemp>
      <gpxtpx:hr>98</gpxtpx:hr>
     </gpxtpx:TrackPointExtension>
    </extensions>
   </trkpt>
   <trkpt lat="-33.4589180" lon="151.0179520">
    <ele>20.2</ele>
    <time>2021-09-01T06:34:20Z</time>
    <extensions>
     <gpxtpx:TrackPointExtension>
      <gpxtpx:atemp>26</gpxtpx:atemp>
      <gpxtpx:hr>97</gpxtpx:hr>
     </gpxtpx:TrackPointExtension>
    </extensions>
   </trkpt>
   <trkpt lat="-33.4589140" lon="151.0179740">
    <ele>20.0</ele>
    <time>2021-09-01T06:34:23Z</time>
    <extensions>
     <gpxtpx:TrackPointExtension>
      <gpxtpx:atemp>26</gpxtpx:atemp>
      <gpxtpx:hr>99</gpxtpx:hr>
     </gpxtpx:TrackPointExtension>
    </extensions>
   </trkpt>
   <trkpt lat="-33.4589010" lon="151.0179700">
    <ele>19.8</ele>
    <time>2021-09-01T06:34:24Z</time>
    <extensions>
     <gpxtpx:TrackPointExtension>
      <gpxtpx:atemp>26</gpxtpx:atemp>
      <gpxtpx:hr>102</gpxtpx:hr>
     </gpxtpx:TrackPointExtension>
    </extensions>
   </trkpt>
   <trkpt lat="-33.4588890" lon="151.0179520">
    <ele>19.8</ele>
    <time>2021-09-01T06:34:25Z</time>
    <extensions>
     <gpxtpx:TrackPointExtension>
      <gpxtpx:atemp>26</gpxtpx:atemp>
      <gpxtpx:hr>100</gpxtpx:hr>
     </gpxtpx:TrackPointExtension>
    </extensions>
   </trkpt>
   <trkpt lat="-33.4588500" lon="151.0179000">
    <ele>19.8</ele>
    <time>2021-09-01T06:34:27Z</time>
    <extensions>
     <gpxtpx:TrackPointExtension>
      <gpxtpx:atemp>26</gpxtpx:atemp>
      <gpxtpx:hr>100</gpxtpx:hr>
     </gpxtpx:TrackPointExtension>
    </extensions>
   </trkpt>
   <trkpt lat="-33.4587830" lon="151.0178320">
    <ele>19.2</ele>
    <time>2021-09-01T06:34:30Z</time>
    <extensions>
     <gpxtpx:TrackPointExtension>
      <gpxtpx:atemp>26</gpxtpx:atemp>
      <gpxtpx:hr>101</gpxtpx:hr>
     </gpxtpx:TrackPointExtension>
    </extensions>
   </trkpt>
   <trkpt lat="-33.4587790" lon="151.0177850">
    <ele>19.2</ele>
    <time>2021-09-01T06:34:31Z</time>
    <extensions>
     <gpxtpx:TrackPointExtension>
      <gpxtpx:atemp>26</gpxtpx:atemp>
      <gpxtpx:hr>103</gpxtpx:hr>
     </gpxtpx:TrackPointExtension>
    </extensions>
   </trkpt>
   <trkpt lat="-33.4587990" lon="151.0177260">
    <ele>19.0</ele>
    <time>2021-09-01T06:34:32Z</time>
    <extensions>
     <gpxtpx:TrackPointExtension>
      <gpxtpx:atemp>26</gpxtpx:atemp>
      <gpxtpx:hr>101</gpxtpx:hr>
     </gpxtpx:TrackPointExtension>
    </extensions>
   </trkpt>
   <trkpt lat="-33.4588360" lon="151.0176600">
    <ele>19.0</ele>
    <time>2021-09-01T06:34:33Z</time>
    <extensions>
     <gpxtpx:TrackPointExtension>
      <gpxtpx:atemp>26</gpxtpx:atemp>
      <gpxtpx:hr>102</gpxtpx:hr>
     </gpxtpx:TrackPointExtension>
    </extensions>
   </trkpt>
   <trkpt lat="-33.4589260" lon="151.0175350">
    <ele>19.0</ele>
    <time>2021-09-01T06:34:35Z</time>
    <extensions>
     <gpxtpx:TrackPointExtension>
      <gpxtpx:atemp>26</gpxtpx:atemp>
      <gpxtpx:hr>104</gpxtpx:hr>
     </gpxtpx:TrackPointExtension>
    </extensions>
   </trkpt>
   <trkpt lat="-33.4590370" lon="151.0174130">
    <ele>19.0</ele>
    <time>2021-09-01T06:34:37Z</time>
    <extensions>
     <gpxtpx:TrackPointExtension>
      <gpxtpx:atemp>26</gpxtpx:atemp>
      <gpxtpx:hr>100</gpxtpx:hr>
     </gpxtpx:TrackPointExtension>
    </extensions>
   </trkpt>
   <trkpt lat="-33.4590920" lon="151.0173480">
    <ele>18.8</ele>
    <time>2021-09-01T06:34:38Z</time>
    <extensions>
     <gpxtpx:TrackPointExtension>
      <gpxtpx:atemp>26</gpxtpx:atemp>
      <gpxtpx:hr>102</gpxtpx:hr>
     </gpxtpx:TrackPointExtension>
    </extensions>
   </trkpt>
   <trkpt lat="-33.4592140" lon="151.0171380">
    <ele>18.2</ele>
    <time>2021-09-01T06:34:41Z</time>
    <extensions>
     <gpxtpx:TrackPointExtension>
      <gpxtpx:atemp>26</gpxtpx:atemp>
      <gpxtpx:hr>103</gpxtpx:hr>
     </gpxtpx:TrackPointExtension>
    </extensions>
   </trkpt>
   <trkpt lat="-33.4592560" lon="151.0170680">
    <ele>18.2</ele>
    <time>2021-09-01T06:34:42Z</time>
    <extensions>
     <gpxtpx:TrackPointExtension>
      <gpxtpx:atemp>26</gpxtpx:atemp>
      <gpxtpx:hr>103</gpxtpx:hr>
     </gpxtpx:TrackPointExtension>
    </extensions>
   </trkpt>
   <trkpt lat="-33.4594170" lon="151.0168620">
    <ele>17.8</ele>
    <time>2021-09-01T06:34:45Z</time>
    <extensions>
     <gpxtpx:TrackPointExtension>
      <gpxtpx:atemp>26</gpxtpx:atemp>
      <gpxtpx:hr>104</gpxtpx:hr>
     </gpxtpx:TrackPointExtension>
    </extensions>
   </trkpt>
   <trkpt lat="-33.4595370" lon="151.0167380">
    <ele>17.4</ele>
    <time>2021-09-01T06:34:47Z</time>
    <extensions>
     <gpxtpx:TrackPointExtension>
      <gpxtpx:atemp>26</gpxtpx:atemp>
      <gpxtpx:hr>105</gpxtpx:hr>
     </gpxtpx:TrackPointExtension>
    </extensions>
   </trkpt>
   <trkpt lat="-33.4596600" lon="151.0166330">
    <ele>17.2</ele>
    <time>2021-09-01T06:34:49Z</time>
    <extensions>
     <gpxtpx:TrackPointExtension>
      <gpxtpx:atemp>26</gpxtpx:atemp>
      <gpxtpx:hr>105</gpxtpx:hr>
     </gpxtpx:TrackPointExtension>
    </extensions>
   </trkpt>
   <trkpt lat="-33.4598460" lon="151.0164990">
    <ele>16.8</ele>
    <time>2021-09-01T06:34:52Z</time>
    <extensions>
     <gpxtpx:TrackPointExtension>
      <gpxtpx:atemp>26</gpxtpx:atemp>
      <gpxtpx:hr>105</gpxtpx:hr>
     </gpxtpx:TrackPointExtension>
    </extensions>
   </trkpt>
   <trkpt lat="-33.4598900" lon="151.0164310">
    <ele>16.6</ele>
    <time>2021-09-01T06:34:53Z</time>
    <extensions>
     <gpxtpx:TrackPointExtension>
      <gpxtpx:atemp>26</gpxtpx:atemp>
      <gpxtpx:hr>104</gpxtpx:hr>
     </gpxtpx:TrackPointExtension>
    </extensions>
   </trkpt>
   <trkpt lat="-33.4600200" lon="151.0162270">
    <ele>16.4</ele>
    <time>2021-09-01T06:34:56Z</time>
    <extensions>
     <gpxtpx:TrackPointExtension>
      <gpxtpx:atemp>26</gpxtpx:atemp>
      <gpxtpx:hr>104</gpxtpx:hr>
     </gpxtpx:TrackPointExtension>
    </extensions>
   </trkpt>
   <trkpt lat="-33.4600720" lon="151.0160940">
    <ele>16.2</ele>
    <time>2021-09-01T06:34:58Z</time>
    <extensions>
     <gpxtpx:TrackPointExtension>
      <gpxtpx:atemp>26</gpxtpx:atemp>
      <gpxtpx:hr>104</gpxtpx:hr>
     </gpxtpx:TrackPointExtension>
    </extensions>
   </trkpt>
   <trkpt lat="-33.4601030" lon="151.0159780">
    <ele>15.6</ele>
    <time>2021-09-01T06:35:00Z</time>
    <extensions>
     <gpxtpx:TrackPointExtension>
      <gpxtpx:atemp>26</gpxtpx:atemp>
      <gpxtpx:hr>104</gpxtpx:hr>
     </gpxtpx:TrackPointExtension>
    </extensions>
   </trkpt>
   <trkpt lat="-33.4601360" lon="151.0158430">
    <ele>15.2</ele>
    <time>2021-09-01T06:35:04Z</time>
    <extensions>
     <gpxtpx:TrackPointExtension>
      <gpxtpx:atemp>26</gpxtpx:atemp>
      <gpxtpx:hr>103</gpxtpx:hr>
     </gpxtpx:TrackPointExtension>
    </extensions>
   </trkpt>
   <trkpt lat="-33.4601460" lon="151.0158130">
    <ele>15.0</ele>
    <time>2021-09-01T06:35:08Z</time>
    <extensions>
     <gpxtpx:TrackPointExtension>
      <gpxtpx:atemp>26</gpxtpx:atemp>
      <gpxtpx:hr>102</gpxtpx:hr>
     </gpxtpx:TrackPointExtension>
    </extensions>
   </trkpt>
   <trkpt lat="-33.4601650" lon="151.0158000">
    <ele>14.8</ele>
    <time>2021-09-01T06:35:16Z</time>
    <extensions>
     <gpxtpx:TrackPointExtension>
      <gpxtpx:atemp>26</gpxtpx:atemp>
      <gpxtpx:hr>103</gpxtpx:hr>
     </gpxtpx:TrackPointExtension>
    </extensions>
   </trkpt>
   <trkpt lat="-33.4601750" lon="151.0158250">
    <ele>15.0</ele>
    <time>2021-09-01T06:35:23Z</time>
    <extensions>
     <gpxtpx:TrackPointExtension>
      <gpxtpx:atemp>26</gpxtpx:atemp>
      <gpxtpx:hr>100</gpxtpx:hr>
     </gpxtpx:TrackPointExtension>
    </extensions>
   </trkpt>
   <trkpt lat="-33.4601740" lon="151.0158260">
    <ele>15.0</ele>
    <time>2021-09-01T06:35:25Z</time>
    <extensions>
     <gpxtpx:TrackPointExtension>
      <gpxtpx:atemp>26</gpxtpx:atemp>
      <gpxtpx:hr>100</gpxtpx:hr>
     </gpxtpx:TrackPointExtension>
    </extensions>
   </trkpt>
   <trkpt lat="-33.4601730" lon="151.0158280">
    <ele>15.0</ele>
    <time>2021-09-01T06:35:27Z</time>
    <extensions>
     <gpxtpx:TrackPointExtension>
      <gpxtpx:atemp>26</gpxtpx:atemp>
      <gpxtpx:hr>97</gpxtpx:hr>
     </gpxtpx:TrackPointExtension>
    </extensions>
   </trkpt>
   <trkpt lat="-33.4601730" lon="151.0158250">
    <ele>15.2</ele>
    <time>2021-09-01T06:35:29Z</time>
    <extensions>
     <gpxtpx:TrackPointExtension>
      <gpxtpx:atemp>26</gpxtpx:atemp>
      <gpxtpx:hr>100</gpxtpx:hr>
     </gpxtpx:TrackPointExtension>
    </extensions>
   </trkpt>
   <trkpt lat="-33.4601710" lon="151.0158330">
    <ele>15.0</ele>
    <time>2021-09-01T06:35:34Z</time>
    <extensions>
     <gpxtpx:TrackPointExtension>
      <gpxtpx:atemp>26</gpxtpx:atemp>
      <gpxtpx:hr>99</gpxtpx:hr>
     </gpxtpx:TrackPointExtension>
    </extensions>
   </trkpt>
   <trkpt lat="-33.4601490" lon="151.0158440">
    <ele>14.8</ele>
    <time>2021-09-01T06:35:43Z</time>
    <extensions>
     <gpxtpx:TrackPointExtension>
      <gpxtpx:atemp>26</gpxtpx:atemp>
      <gpxtpx:hr>100</gpxtpx:hr>
     </gpxtpx:TrackPointExtension>
    </extensions>
   </trkpt>
   <trkpt lat="-33.4601060" lon="151.0158400">
    <ele>14.8</ele>
    <time>2021-09-01T06:35:44Z</time>
    <extensions>
     <gpxtpx:TrackPointExtension>
      <gpxtpx:atemp>26</gpxtpx:atemp>
      <gpxtpx:hr>102</gpxtpx:hr>
     </gpxtpx:TrackPointExtension>
    </extensions>
   </trkpt>
   <trkpt lat="-33.4600970" lon="151.0158390">
    <ele>14.8</ele>
    <time>2021-09-01T06:35:45Z</time>
    <extensions>
     <gpxtpx:TrackPointExtension>
      <gpxtpx:atemp>26</gpxtpx:atemp>
      <gpxtpx:hr>99</gpxtpx:hr>
     </gpxtpx:TrackPointExtension>
    </extensions>
   </trkpt>
   <trkpt lat="-33.4600940" lon="151.0158530">
    <ele>15.0</ele>
    <time>2021-09-01T06:35:46Z</time>
    <extensions>
     <gpxtpx:TrackPointExtension>
      <gpxtpx:atemp>26</gpxtpx:atemp>
      <gpxtpx:hr>100</gpxtpx:hr>
     </gpxtpx:TrackPointExtension>
    </extensions>
   </trkpt>
   <trkpt lat="-33.4600950" lon="151.0158760">
    <ele>15.0</ele>
    <time>2021-09-01T06:35:47Z</time>
    <extensions>
     <gpxtpx:TrackPointExtension>
      <gpxtpx:atemp>26</gpxtpx:atemp>
      <gpxtpx:hr>98</gpxtpx:hr>
     </gpxtpx:TrackPointExtension>
    </extensions>
   </trkpt>
   <trkpt lat="-33.4600890" lon="151.0160410">
    <ele>15.0</ele>
    <time>2021-09-01T06:35:53Z</time>
    <extensions>
     <gpxtpx:TrackPointExtension>
      <gpxtpx:atemp>26</gpxtpx:atemp>
      <gpxtpx:hr>97</gpxtpx:hr>
     </gpxtpx:TrackPointExtension>
    </extensions>
   </trkpt>
   <trkpt lat="-33.4601040" lon="151.0160460">
    <ele>15.0</ele>
    <time>2021-09-01T06:35:54Z</time>
    <extensions>
     <gpxtpx:TrackPointExtension>
      <gpxtpx:atemp>26</gpxtpx:atemp>
      <gpxtpx:hr>100</gpxtpx:hr>
     </gpxtpx:TrackPointExtension>
    </extensions>
   </trkpt>
   <trkpt lat="-33.4601430" lon="151.0160580">
    <ele>15.0</ele>
    <time>2021-09-01T06:35:57Z</time>
    <extensions>
     <gpxtpx:TrackPointExtension>
      <gpxtpx:atemp>26</gpxtpx:atemp>
      <gpxtpx:hr>100</gpxtpx:hr>
     </gpxtpx:TrackPointExtension>
    </extensions>
   </trkpt>
   <trkpt lat="-33.4601830" lon="151.0160740">
    <ele>15.2</ele>
    <time>2021-09-01T06:35:59Z</time>
    <extensions>
     <gpxtpx:TrackPointExtension>
      <gpxtpx:atemp>26</gpxtpx:atemp>
      <gpxtpx:hr>104</gpxtpx:hr>
     </gpxtpx:TrackPointExtension>
    </extensions>
   </trkpt>
   <trkpt lat="-33.4602290" lon="151.0160750">
    <ele>15.6</ele>
    <time>2021-09-01T06:36:01Z</time>
    <extensions>
     <gpxtpx:TrackPointExtension>
      <gpxtpx:atemp>26</gpxtpx:atemp>
      <gpxtpx:hr>107</gpxtpx:hr>
     </gpxtpx:TrackPointExtension>
    </extensions>
   </trkpt>
   <trkpt lat="-33.4602540" lon="151.0160760">
    <ele>15.8</ele>
    <time>2021-09-01T06:36:02Z</time>
    <extensions>
     <gpxtpx:TrackPointExtension>
      <gpxtpx:atemp>26</gpxtpx:atemp>
      <gpxtpx:hr>106</gpxtpx:hr>
     </gpxtpx:TrackPointExtension>
    </extensions>
   </trkpt>
   <trkpt lat="-33.4603280" lon="151.0160880">
    <ele>16.4</ele>
    <time>2021-09-01T06:36:07Z</time>
    <extensions>
     <gpxtpx:TrackPointExtension>
      <gpxtpx:atemp>26</gpxtpx:atemp>
      <gpxtpx:hr>105</gpxtpx:hr>
     </gpxtpx:TrackPointExtension>
    </extensions>
   </trkpt>
   <trkpt lat="-33.4603420" lon="151.0160910">
    <ele>16.6</ele>
    <time>2021-09-01T06:36:08Z</time>
    <extensions>
     <gpxtpx:TrackPointExtension>
      <gpxtpx:atemp>26</gpxtpx:atemp>
      <gpxtpx:hr>105</gpxtpx:hr>
     </gpxtpx:TrackPointExtension>
    </extensions>
   </trkpt>
   <trkpt lat="-33.4603700" lon="151.0161200">
    <ele>17.0</ele>
    <time>2021-09-01T06:36:12Z</time>
    <extensions>
     <gpxtpx:TrackPointExtension>
      <gpxtpx:atemp>26</gpxtpx:atemp>
      <gpxtpx:hr>103</gpxtpx:hr>
     </gpxtpx:TrackPointExtension>
    </extensions>
   </trkpt>
   <trkpt lat="-33.4603820" lon="151.0161140">
    <ele>16.8</ele>
    <time>2021-09-01T06:36:15Z</time>
    <extensions>
     <gpxtpx:TrackPointExtension>
      <gpxtpx:atemp>26</gpxtpx:atemp>
      <gpxtpx:hr>100</gpxtpx:hr>
     </gpxtpx:TrackPointExtension>
    </extensions>
   </trkpt>
   <trkpt lat="-33.4603880" lon="151.0161110">
    <ele>16.8</ele>
    <time>2021-09-01T06:36:16Z</time>
    <extensions>
     <gpxtpx:TrackPointExtension>
      <gpxtpx:atemp>26</gpxtpx:atemp>
      <gpxtpx:hr>104</gpxtpx:hr>
     </gpxtpx:TrackPointExtension>
    </extensions>
   </trkpt>
   <trkpt lat="-33.4603870" lon="151.0161130">
    <ele>16.8</ele>
    <time>2021-09-01T06:36:17Z</time>
    <extensions>
     <gpxtpx:TrackPointExtension>
      <gpxtpx:atemp>26</gpxtpx:atemp>
      <gpxtpx:hr>101</gpxtpx:hr>
     </gpxtpx:TrackPointExtension>
    </extensions>
   </trkpt>
   <trkpt lat="-33.4604040" lon="151.0160910">
    <ele>16.8</ele>
    <time>2021-09-01T06:36:20Z</time>
    <extensions>
     <gpxtpx:TrackPointExtension>
      <gpxtpx:atemp>26</gpxtpx:atemp>
      <gpxtpx:hr>103</gpxtpx:hr>
     </gpxtpx:TrackPointExtension>
    </extensions>
   </trkpt>
   <trkpt lat="-33.4603220" lon="151.0162200">
    <ele>16.8</ele>
    <time>2021-09-01T06:36:27Z</time>
    <extensions>
     <gpxtpx:TrackPointExtension>
      <gpxtpx:atemp>26</gpxtpx:atemp>
      <gpxtpx:hr>102</gpxtpx:hr>
     </gpxtpx:TrackPointExtension>
    </extensions>
   </trkpt>
   <trkpt lat="-33.4603200" lon="151.0162300">
    <ele>17.0</ele>
    <time>2021-09-01T06:36:36Z</time>
    <extensions>
     <gpxtpx:TrackPointExtension>
      <gpxtpx:atemp>26</gpxtpx:atemp>
      <gpxtpx:hr>101</gpxtpx:hr>
     </gpxtpx:TrackPointExtension>
    </extensions>
   </trkpt>
   <trkpt lat="-33.4603270" lon="151.0162210">
    <ele>16.8</ele>
    <time>2021-09-01T06:36:39Z</time>
    <extensions>
     <gpxtpx:TrackPointExtension>
      <gpxtpx:atemp>26</gpxtpx:atemp>
      <gpxtpx:hr>105</gpxtpx:hr>
     </gpxtpx:TrackPointExtension>
    </extensions>
   </trkpt>
   <trkpt lat="-33.4603340" lon="151.0162110">
    <ele>16.8</ele>
    <time>2021-09-01T06:36:42Z</time>
    <extensions>
     <gpxtpx:TrackPointExtension>
      <gpxtpx:atemp>26</gpxtpx:atemp>
      <gpxtpx:hr>108</gpxtpx:hr>
     </gpxtpx:TrackPointExtension>
    </extensions>
   </trkpt>
   <trkpt lat="-33.4603430" lon="151.0161920">
    <ele>16.8</ele>
    <time>2021-09-01T06:36:46Z</time>
    <extensions>
     <gpxtpx:TrackPointExtension>
      <gpxtpx:atemp>26</gpxtpx:atemp>
      <gpxtpx:hr>109</gpxtpx:hr>
     </gpxtpx:TrackPointExtension>
    </extensions>
   </trkpt>
   <trkpt lat="-33.4603550" lon="151.0161350">
    <ele>16.6</ele>
    <time>2021-09-01T06:36:54Z</time>
    <extensions>
     <gpxtpx:TrackPointExtension>
      <gpxtpx:atemp>26</gpxtpx:atemp>
      <gpxtpx:hr>108</gpxtpx:hr>
     </gpxtpx:TrackPointExtension>
    </extensions>
   </trkpt>
   <trkpt lat="-33.4603380" lon="151.0161390">
    <ele>16.8</ele>
    <time>2021-09-01T06:37:01Z</time>
    <extensions>
     <gpxtpx:TrackPointExtension>
      <gpxtpx:atemp>26</gpxtpx:atemp>
      <gpxtpx:hr>109</gpxtpx:hr>
     </gpxtpx:TrackPointExtension>
    </extensions>
   </trkpt>
   <trkpt lat="-33.4603540" lon="151.0162090">
    <ele>16.8</ele>
    <time>2021-09-01T06:37:13Z</time>
    <extensions>
     <gpxtpx:TrackPointExtension>
      <gpxtpx:atemp>26</gpxtpx:atemp>
      <gpxtpx:hr>106</gpxtpx:hr>
     </gpxtpx:TrackPointExtension>
    </extensions>
   </trkpt>
   <trkpt lat="-33.4603510" lon="151.0162200">
    <ele>18.2</ele>
    <time>2021-09-01T06:37:14Z</time>
    <extensions>
     <gpxtpx:TrackPointExtension>
      <gpxtpx:atemp>26</gpxtpx:atemp>
      <gpxtpx:hr>104</gpxtpx:hr>
     </gpxtpx:TrackPointExtension>
    </extensions>
   </trkpt>
   <trkpt lat="-33.4603300" lon="151.0162700">
    <ele>17.2</ele>
    <time>2021-09-01T06:37:20Z</time>
    <extensions>
     <gpxtpx:TrackPointExtension>
      <gpxtpx:atemp>26</gpxtpx:atemp>
      <gpxtpx:hr>102</gpxtpx:hr>
     </gpxtpx:TrackPointExtension>
    </extensions>
   </trkpt>
   <trkpt lat="-33.4603320" lon="151.0162840">
    <ele>17.0</ele>
    <time>2021-09-01T06:37:23Z</time>
    <extensions>
     <gpxtpx:TrackPointExtension>
      <gpxtpx:atemp>26</gpxtpx:atemp>
      <gpxtpx:hr>103</gpxtpx:hr>
     </gpxtpx:TrackPointExtension>
    </extensions>
   </trkpt>
   <trkpt lat="-33.4603160" lon="151.0163320">
    <ele>17.0</ele>
    <time>2021-09-01T06:37:34Z</time>
    <extensions>
     <gpxtpx:TrackPointExtension>
      <gpxtpx:atemp>26</gpxtpx:atemp>
      <gpxtpx:hr>101</gpxtpx:hr>
     </gpxtpx:TrackPointExtension>
    </extensions>
   </trkpt>
   <trkpt lat="-33.4602990" lon="151.0163480">
    <ele>17.0</ele>
    <time>2021-09-01T06:37:40Z</time>
    <extensions>
     <gpxtpx:TrackPointExtension>
      <gpxtpx:atemp>26</gpxtpx:atemp>
      <gpxtpx:hr>102</gpxtpx:hr>
     </gpxtpx:TrackPointExtension>
    </extensions>
   </trkpt>
   <trkpt lat="-33.4602990" lon="151.0163540">
    <ele>17.0</ele>
    <time>2021-09-01T06:37:43Z</time>
    <extensions>
     <gpxtpx:TrackPointExtension>
      <gpxtpx:atemp>26</gpxtpx:atemp>
      <gpxtpx:hr>103</gpxtpx:hr>
     </gpxtpx:TrackPointExtension>
    </extensions>
   </trkpt>
   <trkpt lat="-33.4603150" lon="151.0163390">
    <ele>17.0</ele>
    <time>2021-09-01T06:37:53Z</time>
    <extensions>
     <gpxtpx:TrackPointExtension>
      <gpxtpx:atemp>26</gpxtpx:atemp>
      <gpxtpx:hr>105</gpxtpx:hr>
     </gpxtpx:TrackPointExtension>
    </extensions>
   </trkpt>
   <trkpt lat="-33.4603220" lon="151.0163280">
    <ele>17.0</ele>
    <time>2021-09-01T06:38:02Z</time>
    <extensions>
     <gpxtpx:TrackPointExtension>
      <gpxtpx:atemp>27</gpxtpx:atemp>
      <gpxtpx:hr>103</gpxtpx:hr>
     </gpxtpx:TrackPointExtension>
    </extensions>
   </trkpt>
   <trkpt lat="-33.4603340" lon="151.0163010">
    <ele>17.0</ele>
    <time>2021-09-01T06:38:13Z</time>
    <extensions>
     <gpxtpx:TrackPointExtension>
      <gpxtpx:atemp>27</gpxtpx:atemp>
      <gpxtpx:hr>101</gpxtpx:hr>
     </gpxtpx:TrackPointExtension>
    </extensions>
   </trkpt>
   <trkpt lat="-33.4603660" lon="151.0162420">
    <ele>17.0</ele>
    <time>2021-09-01T06:38:21Z</time>
    <extensions>
     <gpxtpx:TrackPointExtension>
      <gpxtpx:atemp>27</gpxtpx:atemp>
      <gpxtpx:hr>100</gpxtpx:hr>
     </gpxtpx:TrackPointExtension>
    </extensions>
   </trkpt>
   <trkpt lat="-33.4603680" lon="151.0162380">
    <ele>17.0</ele>
    <time>2021-09-01T06:38:22Z</time>
    <extensions>
     <gpxtpx:TrackPointExtension>
      <gpxtpx:atemp>27</gpxtpx:atemp>
      <gpxtpx:hr>103</gpxtpx:hr>
     </gpxtpx:TrackPointExtension>
    </extensions>
   </trkpt>
   <trkpt lat="-33.4603760" lon="151.0162190">
    <ele>17.0</ele>
    <time>2021-09-01T06:38:24Z</time>
    <extensions>
     <gpxtpx:TrackPointExtension>
      <gpxtpx:atemp>27</gpxtpx:atemp>
      <gpxtpx:hr>101</gpxtpx:hr>
     </gpxtpx:TrackPointExtension>
    </extensions>
   </trkpt>
   <trkpt lat="-33.4603800" lon="151.0162060">
    <ele>17.0</ele>
    <time>2021-09-01T06:38:28Z</time>
    <extensions>
     <gpxtpx:TrackPointExtension>
      <gpxtpx:atemp>27</gpxtpx:atemp>
      <gpxtpx:hr>100</gpxtpx:hr>
     </gpxtpx:TrackPointExtension>
    </extensions>
   </trkpt>
   <trkpt lat="-33.4603800" lon="151.0161480">
    <ele>17.0</ele>
    <time>2021-09-01T06:38:35Z</time>
    <extensions>
     <gpxtpx:TrackPointExtension>
      <gpxtpx:atemp>27</gpxtpx:atemp>
      <gpxtpx:hr>101</gpxtpx:hr>
     </gpxtpx:TrackPointExtension>
    </extensions>
   </trkpt>
   <trkpt lat="-33.4603630" lon="151.0161440">
    <ele>17.0</ele>
    <time>2021-09-01T06:38:37Z</time>
    <extensions>
     <gpxtpx:TrackPointExtension>
      <gpxtpx:atemp>27</gpxtpx:atemp>
      <gpxtpx:hr>100</gpxtpx:hr>
     </gpxtpx:TrackPointExtension>
    </extensions>
   </trkpt>
   <trkpt lat="-33.4603240" lon="151.0161120">
    <ele>17.0</ele>
    <time>2021-09-01T06:38:39Z</time>
    <extensions>
     <gpxtpx:TrackPointExtension>
      <gpxtpx:atemp>27</gpxtpx:atemp>
      <gpxtpx:hr>98</gpxtpx:hr>
     </gpxtpx:TrackPointExtension>
    </extensions>
   </trkpt>
   <trkpt lat="-33.4602980" lon="151.0161110">
    <ele>17.0</ele>
    <time>2021-09-01T06:38:40Z</time>
    <extensions>
     <gpxtpx:TrackPointExtension>
      <gpxtpx:atemp>27</gpxtpx:atemp>
      <gpxtpx:hr>94</gpxtpx:hr>
     </gpxtpx:TrackPointExtension>
    </extensions>
   </trkpt>
   <trkpt lat="-33.4602280" lon="151.0161100">
    <ele>16.4</ele>
    <time>2021-09-01T06:38:43Z</time>
    <extensions>
     <gpxtpx:TrackPointExtension>
      <gpxtpx:atemp>27</gpxtpx:atemp>
      <gpxtpx:hr>94</gpxtpx:hr>
     </gpxtpx:TrackPointExtension>
    </extensions>
   </trkpt>
   <trkpt lat="-33.4601850" lon="151.0160910">
    <ele>16.0</ele>
    <time>2021-09-01T06:38:45Z</time>
    <extensions>
     <gpxtpx:TrackPointExtension>
      <gpxtpx:atemp>27</gpxtpx:atemp>
      <gpxtpx:hr>95</gpxtpx:hr>
     </gpxtpx:TrackPointExtension>
    </extensions>
   </trkpt>
   <trkpt lat="-33.4601440" lon="151.0160290">
    <ele>15.6</ele>
    <time>2021-09-01T06:38:47Z</time>
    <extensions>
     <gpxtpx:TrackPointExtension>
      <gpxtpx:atemp>27</gpxtpx:atemp>
      <gpxtpx:hr>95</gpxtpx:hr>
     </gpxtpx:TrackPointExtension>
    </extensions>
   </trkpt>
   <trkpt lat="-33.4601410" lon="151.0160010">
    <ele>15.6</ele>
    <time>2021-09-01T06:38:48Z</time>
    <extensions>
     <gpxtpx:TrackPointExtension>
      <gpxtpx:atemp>27</gpxtpx:atemp>
      <gpxtpx:hr>96</gpxtpx:hr>
     </gpxtpx:TrackPointExtension>
    </extensions>
   </trkpt>
   <trkpt lat="-33.4601370" lon="151.0159210">
    <ele>15.6</ele>
    <time>2021-09-01T06:38:50Z</time>
    <extensions>
     <gpxtpx:TrackPointExtension>
      <gpxtpx:atemp>27</gpxtpx:atemp>
      <gpxtpx:hr>92</gpxtpx:hr>
     </gpxtpx:TrackPointExtension>
    </extensions>
   </trkpt>
   <trkpt lat="-33.4601370" lon="151.0158120">
    <ele>15.8</ele>
    <time>2021-09-01T06:38:52Z</time>
    <extensions>
     <gpxtpx:TrackPointExtension>
      <gpxtpx:atemp>27</gpxtpx:atemp>
      <gpxtpx:hr>96</gpxtpx:hr>
     </gpxtpx:TrackPointExtension>
    </extensions>
   </trkpt>
   <trkpt lat="-33.4601420" lon="151.0157530">
    <ele>15.8</ele>
    <time>2021-09-01T06:38:53Z</time>
    <extensions>
     <gpxtpx:TrackPointExtension>
      <gpxtpx:atemp>27</gpxtpx:atemp>
      <gpxtpx:hr>94</gpxtpx:hr>
     </gpxtpx:TrackPointExtension>
    </extensions>
   </trkpt>
   <trkpt lat="-33.4601450" lon="151.0156950">
    <ele>16.2</ele>
    <time>2021-09-01T06:38:54Z</time>
    <extensions>
     <gpxtpx:TrackPointExtension>
      <gpxtpx:atemp>27</gpxtpx:atemp>
      <gpxtpx:hr>97</gpxtpx:hr>
     </gpxtpx:TrackPointExtension>
    </extensions>
   </trkpt>
   <trkpt lat="-33.4601460" lon="151.0155180">
    <ele>16.6</ele>
    <time>2021-09-01T06:38:58Z</time>
    <extensions>
     <gpxtpx:TrackPointExtension>
      <gpxtpx:atemp>27</gpxtpx:atemp>
      <gpxtpx:hr>100</gpxtpx:hr>
     </gpxtpx:TrackPointExtension>
    </extensions>
   </trkpt>
   <trkpt lat="-33.4601540" lon="151.0153140">
    <ele>16.0</ele>
    <time>2021-09-01T06:39:05Z</time>
    <extensions>
     <gpxtpx:TrackPointExtension>
      <gpxtpx:atemp>27</gpxtpx:atemp>
      <gpxtpx:hr>101</gpxtpx:hr>
     </gpxtpx:TrackPointExtension>
    </extensions>
   </trkpt>
   <trkpt lat="-33.4601780" lon="151.0152180">
    <ele>15.2</ele>
    <time>2021-09-01T06:39:12Z</time>
    <extensions>
     <gpxtpx:TrackPointExtension>
      <gpxtpx:atemp>27</gpxtpx:atemp>
      <gpxtpx:hr>101</gpxtpx:hr>
     </gpxtpx:TrackPointExtension>
    </extensions>
   </trkpt>
   <trkpt lat="-33.4601970" lon="151.0151980">
    <ele>15.0</ele>
    <time>2021-09-01T06:39:14Z</time>
    <extensions>
     <gpxtpx:TrackPointExtension>
      <gpxtpx:atemp>27</gpxtpx:atemp>
      <gpxtpx:hr>99</gpxtpx:hr>
     </gpxtpx:TrackPointExtension>
    </extensions>
   </trkpt>
   <trkpt lat="-33.4602140" lon="151.0151800">
    <ele>15.0</ele>
    <time>2021-09-01T06:39:19Z</time>
    <extensions>
     <gpxtpx:TrackPointExtension>
      <gpxtpx:atemp>27</gpxtpx:atemp>
      <gpxtpx:hr>102</gpxtpx:hr>
     </gpxtpx:TrackPointExtension>
    </extensions>
   </trkpt>
   <trkpt lat="-33.4602220" lon="151.0151700">
    <ele>15.0</ele>
    <time>2021-09-01T06:39:20Z</time>
    <extensions>
     <gpxtpx:TrackPointExtension>
      <gpxtpx:atemp>27</gpxtpx:atemp>
      <gpxtpx:hr>102</gpxtpx:hr>
     </gpxtpx:TrackPointExtension>
    </extensions>
   </trkpt>
   <trkpt lat="-33.4602350" lon="151.0151010">
    <ele>14.8</ele>
    <time>2021-09-01T06:39:23Z</time>
    <extensions>
     <gpxtpx:TrackPointExtension>
      <gpxtpx:atemp>27</gpxtpx:atemp>
      <gpxtpx:hr>102</gpxtpx:hr>
     </gpxtpx:TrackPointExtension>
    </extensions>
   </trkpt>
   <trkpt lat="-33.4602370" lon="151.0149660">
    <ele>14.2</ele>
    <time>2021-09-01T06:39:27Z</time>
    <extensions>
     <gpxtpx:TrackPointExtension>
      <gpxtpx:atemp>27</gpxtpx:atemp>
      <gpxtpx:hr>99</gpxtpx:hr>
     </gpxtpx:TrackPointExtension>
    </extensions>
   </trkpt>
   <trkpt lat="-33.4602400" lon="151.0149300">
    <ele>14.0</ele>
    <time>2021-09-01T06:39:28Z</time>
    <extensions>
     <gpxtpx:TrackPointExtension>
      <gpxtpx:atemp>27</gpxtpx:atemp>
      <gpxtpx:hr>99</gpxtpx:hr>
     </gpxtpx:TrackPointExtension>
    </extensions>
   </trkpt>
   <trkpt lat="-33.4602470" lon="151.0146960">
    <ele>12.8</ele>
    <time>2021-09-01T06:39:33Z</time>
    <extensions>
     <gpxtpx:TrackPointExtension>
      <gpxtpx:atemp>27</gpxtpx:atemp>
      <gpxtpx:hr>99</gpxtpx:hr>
     </gpxtpx:TrackPointExtension>
    </extensions>
   </trkpt>
   <trkpt lat="-33.4602490" lon="151.0146440">
    <ele>12.6</ele>
    <time>2021-09-01T06:39:34Z</time>
    <extensions>
     <gpxtpx:TrackPointExtension>
      <gpxtpx:atemp>27</gpxtpx:atemp>
      <gpxtpx:hr>99</gpxtpx:hr>
     </gpxtpx:TrackPointExtension>
    </extensions>
   </trkpt>
   <trkpt lat="-33.4602300" lon="151.0144650">
    <ele>11.2</ele>
    <time>2021-09-01T06:39:38Z</time>
    <extensions>
     <gpxtpx:TrackPointExtension>
      <gpxtpx:atemp>27</gpxtpx:atemp>
      <gpxtpx:hr>101</gpxtpx:hr>
     </gpxtpx:TrackPointExtension>
    </extensions>
   </trkpt>
   <trkpt lat="-33.4602240" lon="151.0144160">
    <ele>10.8</ele>
    <time>2021-09-01T06:39:39Z</time>
    <extensions>
     <gpxtpx:TrackPointExtension>
      <gpxtpx:atemp>27</gpxtpx:atemp>
      <gpxtpx:hr>102</gpxtpx:hr>
     </gpxtpx:TrackPointExtension>
    </extensions>
   </trkpt>
   <trkpt lat="-33.4602150" lon="151.0143710">
    <ele>10.4</ele>
    <time>2021-09-01T06:39:40Z</time>
    <extensions>
     <gpxtpx:TrackPointExtension>
      <gpxtpx:atemp>27</gpxtpx:atemp>
      <gpxtpx:hr>102</gpxtpx:hr>
     </gpxtpx:TrackPointExtension>
    </extensions>
   </trkpt>
   <trkpt lat="-33.4601700" lon="151.0141690">
    <ele>10.0</ele>
    <time>2021-09-01T06:39:44Z</time>
    <extensions>
     <gpxtpx:TrackPointExtension>
      <gpxtpx:atemp>27</gpxtpx:atemp>
      <gpxtpx:hr>104</gpxtpx:hr>
     </gpxtpx:TrackPointExtension>
    </extensions>
   </trkpt>
   <trkpt lat="-33.4601560" lon="151.0141090">
    <ele>10.0</ele>
    <time>2021-09-01T06:39:45Z</time>
    <extensions>
     <gpxtpx:TrackPointExtension>
      <gpxtpx:atemp>27</gpxtpx:atemp>
      <gpxtpx:hr>104</gpxtpx:hr>
     </gpxtpx:TrackPointExtension>
    </extensions>
   </trkpt>
   <trkpt lat="-33.4601640" lon="151.0138470">
    <ele>9.8</ele>
    <time>2021-09-01T06:39:50Z</time>
    <extensions>
     <gpxtpx:TrackPointExtension>
      <gpxtpx:atemp>27</gpxtpx:atemp>
      <gpxtpx:hr>103</gpxtpx:hr>
     </gpxtpx:TrackPointExtension>
    </extensions>
   </trkpt>
   <trkpt lat="-33.4602320" lon="151.0137440">
    <ele>9.8</ele>
    <time>2021-09-01T06:39:52Z</time>
    <extensions>
     <gpxtpx:TrackPointExtension>
      <gpxtpx:atemp>27</gpxtpx:atemp>
      <gpxtpx:hr>101</gpxtpx:hr>
     </gpxtpx:TrackPointExtension>
    </extensions>
   </trkpt>
   <trkpt lat="-33.4602780" lon="151.0137030">
    <ele>9.8</ele>
    <time>2021-09-01T06:39:53Z</time>
    <extensions>
     <gpxtpx:TrackPointExtension>
      <gpxtpx:atemp>27</gpxtpx:atemp>
      <gpxtpx:hr>102</gpxtpx:hr>
     </gpxtpx:TrackPointExtension>
    </extensions>
   </trkpt>
   <trkpt lat="-33.4603360" lon="151.0136740">
    <ele>10.4</ele>
    <time>2021-09-01T06:39:54Z</time>
    <extensions>
     <gpxtpx:TrackPointExtension>
      <gpxtpx:atemp>27</gpxtpx:atemp>
      <gpxtpx:hr>102</gpxtpx:hr>
     </gpxtpx:TrackPointExtension>
    </extensions>
   </trkpt>
   <trkpt lat="-33.4604450" lon="151.0136290">
    <ele>11.2</ele>
    <time>2021-09-01T06:39:56Z</time>
    <extensions>
     <gpxtpx:TrackPointExtension>
      <gpxtpx:atemp>27</gpxtpx:atemp>
      <gpxtpx:hr>102</gpxtpx:hr>
     </gpxtpx:TrackPointExtension>
    </extensions>
   </trkpt>
   <trkpt lat="-33.4605030" lon="151.0136090">
    <ele>11.6</ele>
    <time>2021-09-01T06:39:57Z</time>
    <extensions>
     <gpxtpx:TrackPointExtension>
      <gpxtpx:atemp>27</gpxtpx:atemp>
      <gpxtpx:hr>100</gpxtpx:hr>
     </gpxtpx:TrackPointExtension>
    </extensions>
   </trkpt>
   <trkpt lat="-33.4606220" lon="151.0135690">
    <ele>12.2</ele>
    <time>2021-09-01T06:39:59Z</time>
    <extensions>
     <gpxtpx:TrackPointExtension>
      <gpxtpx:atemp>27</gpxtpx:atemp>
      <gpxtpx:hr>103</gpxtpx:hr>
     </gpxtpx:TrackPointExtension>
    </extensions>
   </trkpt>
   <trkpt lat="-33.4608110" lon="151.0135200">
    <ele>13.6</ele>
    <time>2021-09-01T06:40:02Z</time>
    <extensions>
     <gpxtpx:TrackPointExtension>
      <gpxtpx:atemp>27</gpxtpx:atemp>
      <gpxtpx:hr>105</gpxtpx:hr>
     </gpxtpx:TrackPointExtension>
    </extensions>
   </trkpt>
   <trkpt lat="-33.4609300" lon="151.0134820">
    <ele>14.0</ele>
    <time>2021-09-01T06:40:04Z</time>
    <extensions>
     <gpxtpx:TrackPointExtension>
      <gpxtpx:atemp>27</gpxtpx:atemp>
      <gpxtpx:hr>104</gpxtpx:hr>
     </gpxtpx:TrackPointExtension>
    </extensions>
   </trkpt>
   <trkpt lat="-33.4611010" lon="151.0134590">
    <ele>14.0</ele>
    <time>2021-09-01T06:40:07Z</time>
    <extensions>
     <gpxtpx:TrackPointExtension>
      <gpxtpx:atemp>27</gpxtpx:atemp>
      <gpxtpx:hr>102</gpxtpx:hr>
     </gpxtpx:TrackPointExtension>
    </extensions>
   </trkpt>
   <trkpt lat="-33.4611920" lon="151.0134720">
    <ele>13.6</ele>
    <time>2021-09-01T06:40:09Z</time>
    <extensions>
     <gpxtpx:TrackPointExtension>
      <gpxtpx:atemp>27</gpxtpx:atemp>
      <gpxtpx:hr>102</gpxtpx:hr>
     </gpxtpx:TrackPointExtension>
    </extensions>
   </trkpt>
   <trkpt lat="-33.4613790" lon="151.0134820">
    <ele>12.4</ele>
    <time>2021-09-01T06:40:14Z</time>
    <extensions>
     <gpxtpx:TrackPointExtension>
      <gpxtpx:atemp>27</gpxtpx:atemp>
      <gpxtpx:hr>101</gpxtpx:hr>
     </gpxtpx:TrackPointExtension>
    </extensions>
   </trkpt>
   <trkpt lat="-33.4614090" lon="151.0134690">
    <ele>12.2</ele>
    <time>2021-09-01T06:40:15Z</time>
    <extensions>
     <gpxtpx:TrackPointExtension>
      <gpxtpx:atemp>27</gpxtpx:atemp>
      <gpxtpx:hr>101</gpxtpx:hr>
     </gpxtpx:TrackPointExtension>
    </extensions>
   </trkpt>
   <trkpt lat="-33.4614950" lon="151.0133850">
    <ele>11.8</ele>
    <time>2021-09-01T06:40:19Z</time>
    <extensions>
     <gpxtpx:TrackPointExtension>
      <gpxtpx:atemp>27</gpxtpx:atemp>
      <gpxtpx:hr>101</gpxtpx:hr>
     </gpxtpx:TrackPointExtension>
    </extensions>
   </trkpt>
   <trkpt lat="-33.4615040" lon="151.0133570">
    <ele>11.8</ele>
    <time>2021-09-01T06:40:20Z</time>
    <extensions>
     <gpxtpx:TrackPointExtension>
      <gpxtpx:atemp>27</gpxtpx:atemp>
      <gpxtpx:hr>101</gpxtpx:hr>
     </gpxtpx:TrackPointExtension>
    </extensions>
   </trkpt>
   <trkpt lat="-33.4614990" lon="151.0131990">
    <ele>12.2</ele>
    <time>2021-09-01T06:40:24Z</time>
    <extensions>
     <gpxtpx:TrackPointExtension>
      <gpxtpx:atemp>27</gpxtpx:atemp>
      <gpxtpx:hr>102</gpxtpx:hr>
     </gpxtpx:TrackPointExtension>
    </extensions>
   </trkpt>
   <trkpt lat="-33.4614500" lon="151.0130420">
    <ele>14.4</ele>
    <time>2021-09-01T06:40:27Z</time>
    <extensions>
     <gpxtpx:TrackPointExtension>
      <gpxtpx:atemp>27</gpxtpx:atemp>
      <gpxtpx:hr>101</gpxtpx:hr>
     </gpxtpx:TrackPointExtension>
    </extensions>
   </trkpt>
   <trkpt lat="-33.4614320" lon="151.0129900">
    <ele>16.2</ele>
    <time>2021-09-01T06:40:28Z</time>
    <extensions>
     <gpxtpx:TrackPointExtension>
      <gpxtpx:atemp>27</gpxtpx:atemp>
      <gpxtpx:hr>100</gpxtpx:hr>
     </gpxtpx:TrackPointExtension>
    </extensions>
   </trkpt>
   <trkpt lat="-33.4614170" lon="151.0129330">
    <ele>17.2</ele>
    <time>2021-09-01T06:40:29Z</time>
    <extensions>
     <gpxtpx:TrackPointExtension>
      <gpxtpx:atemp>27</gpxtpx:atemp>
      <gpxtpx:hr>99</gpxtpx:hr>
     </gpxtpx:TrackPointExtension>
    </extensions>
   </trkpt>
   <trkpt lat="-33.4614050" lon="151.0128750">
    <ele>18.2</ele>
    <time>2021-09-01T06:40:30Z</time>
    <extensions>
     <gpxtpx:TrackPointExtension>
      <gpxtpx:atemp>27</gpxtpx:atemp>
      <gpxtpx:hr>100</gpxtpx:hr>
     </gpxtpx:TrackPointExtension>
    </extensions>
   </trkpt>
   <trkpt lat="-33.4613910" lon="151.0127590">
    <ele>19.8</ele>
    <time>2021-09-01T06:40:32Z</time>
    <extensions>
     <gpxtpx:TrackPointExtension>
      <gpxtpx:atemp>27</gpxtpx:atemp>
      <gpxtpx:hr>103</gpxtpx:hr>
     </gpxtpx:TrackPointExtension>
    </extensions>
   </trkpt>
   <trkpt lat="-33.4613850" lon="151.0127000">
    <ele>21.2</ele>
    <time>2021-09-01T06:40:33Z</time>
    <extensions>
     <gpxtpx:TrackPointExtension>
      <gpxtpx:atemp>27</gpxtpx:atemp>
      <gpxtpx:hr>104</gpxtpx:hr>
     </gpxtpx:TrackPointExtension>
    </extensions>
   </trkpt>
   <trkpt lat="-33.4613770" lon="151.0126440">
    <ele>22.0</ele>
    <time>2021-09-01T06:40:34Z</time>
    <extensions>
     <gpxtpx:TrackPointExtension>
      <gpxtpx:atemp>27</gpxtpx:atemp>
      <gpxtpx:hr>105</gpxtpx:hr>
     </gpxtpx:TrackPointExtension>
    </extensions>
   </trkpt>
   <trkpt lat="-33.4613720" lon="151.0126020">
    <ele>22.8</ele>
    <time>2021-09-01T06:40:35Z</time>
    <extensions>
     <gpxtpx:TrackPointExtension>
      <gpxtpx:atemp>27</gpxtpx:atemp>
      <gpxtpx:hr>104</gpxtpx:hr>
     </gpxtpx:TrackPointExtension>
    </extensions>
   </trkpt>
   <trkpt lat="-33.4613610" lon="151.0125260">
    <ele>24.2</ele>
    <time>2021-09-01T06:40:37Z</time>
    <extensions>
     <gpxtpx:TrackPointExtension>
      <gpxtpx:atemp>27</gpxtpx:atemp>
      <gpxtpx:hr>104</gpxtpx:hr>
     </gpxtpx:TrackPointExtension>
    </extensions>
   </trkpt>
   <trkpt lat="-33.4613550" lon="151.0124560">
    <ele>25.0</ele>
    <time>2021-09-01T06:40:39Z</time>
    <extensions>
     <gpxtpx:TrackPointExtension>
      <gpxtpx:atemp>27</gpxtpx:atemp>
      <gpxtpx:hr>104</gpxtpx:hr>
     </gpxtpx:TrackPointExtension>
    </extensions>
   </trkpt>
   <trkpt lat="-33.4613600" lon="151.0124360">
    <ele>25.2</ele>
    <time>2021-09-01T06:40:40Z</time>
    <extensions>
     <gpxtpx:TrackPointExtension>
      <gpxtpx:atemp>27</gpxtpx:atemp>
      <gpxtpx:hr>104</gpxtpx:hr>
     </gpxtpx:TrackPointExtension>
    </extensions>
   </trkpt>
   <trkpt lat="-33.4613680" lon="151.0124240">
    <ele>25.2</ele>
    <time>2021-09-01T06:40:41Z</time>
    <extensions>
     <gpxtpx:TrackPointExtension>
      <gpxtpx:atemp>27</gpxtpx:atemp>
      <gpxtpx:hr>104</gpxtpx:hr>
     </gpxtpx:TrackPointExtension>
    </extensions>
   </trkpt>
   <trkpt lat="-33.4613770" lon="151.0124030">
    <ele>25.2</ele>
    <time>2021-09-01T06:40:43Z</time>
    <extensions>
     <gpxtpx:TrackPointExtension>
      <gpxtpx:atemp>27</gpxtpx:atemp>
      <gpxtpx:hr>104</gpxtpx:hr>
     </gpxtpx:TrackPointExtension>
    </extensions>
   </trkpt>
   <trkpt lat="-33.4613660" lon="151.0124110">
    <ele>24.8</ele>
    <time>2021-09-01T06:40:49Z</time>
    <extensions>
     <gpxtpx:TrackPointExtension>
      <gpxtpx:atemp>27</gpxtpx:atemp>
      <gpxtpx:hr>107</gpxtpx:hr>
     </gpxtpx:TrackPointExtension>
    </extensions>
   </trkpt>
   <trkpt lat="-33.4613530" lon="151.0124240">
    <ele>24.8</ele>
    <time>2021-09-01T06:40:54Z</time>
    <extensions>
     <gpxtpx:TrackPointExtension>
      <gpxtpx:atemp>27</gpxtpx:atemp>
      <gpxtpx:hr>104</gpxtpx:hr>
     </gpxtpx:TrackPointExtension>
    </extensions>
   </trkpt>
   <trkpt lat="-33.4613560" lon="151.0124360">
    <ele>24.8</ele>
    <time>2021-09-01T06:40:57Z</time>
    <extensions>
     <gpxtpx:TrackPointExtension>
      <gpxtpx:atemp>27</gpxtpx:atemp>
      <gpxtpx:hr>105</gpxtpx:hr>
     </gpxtpx:TrackPointExtension>
    </extensions>
   </trkpt>
   <trkpt lat="-33.4613580" lon="151.0124400">
    <ele>24.6</ele>
    <time>2021-09-01T06:40:58Z</time>
    <extensions>
     <gpxtpx:TrackPointExtension>
      <gpxtpx:atemp>27</gpxtpx:atemp>
      <gpxtpx:hr>102</gpxtpx:hr>
     </gpxtpx:TrackPointExtension>
    </extensions>
   </trkpt>
   <trkpt lat="-33.4613590" lon="151.0124530">
    <ele>24.6</ele>
    <time>2021-09-01T06:41:07Z</time>
    <extensions>
     <gpxtpx:TrackPointExtension>
      <gpxtpx:atemp>27</gpxtpx:atemp>
      <gpxtpx:hr>101</gpxtpx:hr>
     </gpxtpx:TrackPointExtension>
    </extensions>
   </trkpt>
   <trkpt lat="-33.4613510" lon="151.0124650">
    <ele>24.6</ele>
    <time>2021-09-01T06:41:15Z</time>
    <extensions>
     <gpxtpx:TrackPointExtension>
      <gpxtpx:atemp>27</gpxtpx:atemp>
      <gpxtpx:hr>100</gpxtpx:hr>
     </gpxtpx:TrackPointExtension>
    </extensions>
   </trkpt>
   <trkpt lat="-33.4612850" lon="151.0124510">
    <ele>24.6</ele>
    <time>2021-09-01T06:41:23Z</time>
    <extensions>
     <gpxtpx:TrackPointExtension>
      <gpxtpx:atemp>27</gpxtpx:atemp>
      <gpxtpx:hr>101</gpxtpx:hr>
     </gpxtpx:TrackPointExtension>
    </extensions>
   </trkpt>
   <trkpt lat="-33.4612940" lon="151.0124360">
    <ele>24.6</ele>
    <time>2021-09-01T06:41:26Z</time>
    <extensions>
     <gpxtpx:TrackPointExtension>
      <gpxtpx:atemp>27</gpxtpx:atemp>
      <gpxtpx:hr>100</gpxtpx:hr>
     </gpxtpx:TrackPointExtension>
    </extensions>
   </trkpt>
   <trkpt lat="-33.4613000" lon="151.0123900">
    <ele>24.8</ele>
    <time>2021-09-01T06:41:28Z</time>
    <extensions>
     <gpxtpx:TrackPointExtension>
      <gpxtpx:atemp>27</gpxtpx:atemp>
      <gpxtpx:hr>98</gpxtpx:hr>
     </gpxtpx:TrackPointExtension>
    </extensions>
   </trkpt>
   <trkpt lat="-33.4613020" lon="151.0122700">
    <ele>25.4</ele>
    <time>2021-09-01T06:41:31Z</time>
    <extensions>
     <gpxtpx:TrackPointExtension>
      <gpxtpx:atemp>27</gpxtpx:atemp>
      <gpxtpx:hr>96</gpxtpx:hr>
     </gpxtpx:TrackPointExtension>
    </extensions>
   </trkpt>
   <trkpt lat="-33.4613100" lon="151.0122090">
    <ele>25.6</ele>
    <time>2021-09-01T06:41:32Z</time>
    <extensions>
     <gpxtpx:TrackPointExtension>
      <gpxtpx:atemp>27</gpxtpx:atemp>
      <gpxtpx:hr>97</gpxtpx:hr>
     </gpxtpx:TrackPointExtension>
    </extensions>
   </trkpt>
   <trkpt lat="-33.4613500" lon="151.0119790">
    <ele>26.2</ele>
    <time>2021-09-01T06:41:35Z</time>
    <extensions>
     <gpxtpx:TrackPointExtension>
      <gpxtpx:atemp>27</gpxtpx:atemp>
      <gpxtpx:hr>98</gpxtpx:hr>
     </gpxtpx:TrackPointExtension>
    </extensions>
   </trkpt>
   <trkpt lat="-33.4613720" lon="151.0118990">
    <ele>26.2</ele>
    <time>2021-09-01T06:41:36Z</time>
    <extensions>
     <gpxtpx:TrackPointExtension>
      <gpxtpx:atemp>27</gpxtpx:atemp>
      <gpxtpx:hr>100</gpxtpx:hr>
     </gpxtpx:TrackPointExtension>
    </extensions>
   </trkpt>
   <trkpt lat="-33.4614020" lon="151.0118200">
    <ele>26.4</ele>
    <time>2021-09-01T06:41:37Z</time>
    <extensions>
     <gpxtpx:TrackPointExtension>
      <gpxtpx:atemp>27</gpxtpx:atemp>
      <gpxtpx:hr>101</gpxtpx:hr>
     </gpxtpx:TrackPointExtension>
    </extensions>
   </trkpt>
   <trkpt lat="-33.4614420" lon="151.0117520">
    <ele>26.4</ele>
    <time>2021-09-01T06:41:38Z</time>
    <extensions>
     <gpxtpx:TrackPointExtension>
      <gpxtpx:atemp>27</gpxtpx:atemp>
      <gpxtpx:hr>102</gpxtpx:hr>
     </gpxtpx:TrackPointExtension>
    </extensions>
   </trkpt>
   <trkpt lat="-33.4615740" lon="151.0115790">
    <ele>26.2</ele>
    <time>2021-09-01T06:41:41Z</time>
    <extensions>
     <gpxtpx:TrackPointExtension>
      <gpxtpx:atemp>27</gpxtpx:atemp>
      <gpxtpx:hr>100</gpxtpx:hr>
     </gpxtpx:TrackPointExtension>
    </extensions>
   </trkpt>
   <trkpt lat="-33.4616150" lon="151.0115270">
    <ele>26.0</ele>
    <time>2021-09-01T06:41:42Z</time>
    <extensions>
     <gpxtpx:TrackPointExtension>
      <gpxtpx:atemp>27</gpxtpx:atemp>
      <gpxtpx:hr>101</gpxtpx:hr>
     </gpxtpx:TrackPointExtension>
    </extensions>
   </trkpt>
   <trkpt lat="-33.4617950" lon="151.0112320">
    <ele>26.6</ele>
    <time>2021-09-01T06:41:47Z</time>
    <extensions>
     <gpxtpx:TrackPointExtension>
      <gpxtpx:atemp>27</gpxtpx:atemp>
      <gpxtpx:hr>101</gpxtpx:hr>
     </gpxtpx:TrackPointExtension>
    </extensions>
   </trkpt>
   <trkpt lat="-33.4618840" lon="151.0110300">
    <ele>27.2</ele>
    <time>2021-09-01T06:41:50Z</time>
    <extensions>
     <gpxtpx:TrackPointExtension>
      <gpxtpx:atemp>27</gpxtpx:atemp>
      <gpxtpx:hr>100</gpxtpx:hr>
     </gpxtpx:TrackPointExtension>
    </extensions>
   </trkpt>
   <trkpt lat="-33.4620100" lon="151.0108480">
    <ele>27.2</ele>
    <time>2021-09-01T06:41:53Z</time>
    <extensions>
     <gpxtpx:TrackPointExtension>
      <gpxtpx:atemp>27</gpxtpx:atemp>
      <gpxtpx:hr>99</gpxtpx:hr>
     </gpxtpx:TrackPointExtension>
    </extensions>
   </trkpt>
   <trkpt lat="-33.4620570" lon="151.0107950">
    <ele>27.2</ele>
    <time>2021-09-01T06:41:54Z</time>
    <extensions>
     <gpxtpx:TrackPointExtension>
      <gpxtpx:atemp>27</gpxtpx:atemp>
      <gpxtpx:hr>99</gpxtpx:hr>
     </gpxtpx:TrackPointExtension>
    </extensions>
   </trkpt>
   <trkpt lat="-33.4621540" lon="151.0107060">
    <ele>27.2</ele>
    <time>2021-09-01T06:41:56Z</time>
    <extensions>
     <gpxtpx:TrackPointExtension>
      <gpxtpx:atemp>27</gpxtpx:atemp>
      <gpxtpx:hr>99</gpxtpx:hr>
     </gpxtpx:TrackPointExtension>
    </extensions>
   </trkpt>
   <trkpt lat="-33.4622070" lon="151.0106650">
    <ele>27.4</ele>
    <time>2021-09-01T06:41:57Z</time>
    <extensions>
     <gpxtpx:TrackPointExtension>
      <gpxtpx:atemp>27</gpxtpx:atemp>
      <gpxtpx:hr>98</gpxtpx:hr>
     </gpxtpx:TrackPointExtension>
    </extensions>
   </trkpt>
   <trkpt lat="-33.4622630" lon="151.0106320">
    <ele>27.4</ele>
    <time>2021-09-01T06:41:58Z</time>
    <extensions>
     <gpxtpx:TrackPointExtension>
      <gpxtpx:atemp>27</gpxtpx:atemp>
      <gpxtpx:hr>98</gpxtpx:hr>
     </gpxtpx:TrackPointExtension>
    </extensions>
   </trkpt>
   <trkpt lat="-33.4623310" lon="151.0106050">
    <ele>27.6</ele>
    <time>2021-09-01T06:41:59Z</time>
    <extensions>
     <gpxtpx:TrackPointExtension>
      <gpxtpx:atemp>27</gpxtpx:atemp>
      <gpxtpx:hr>98</gpxtpx:hr>
     </gpxtpx:TrackPointExtension>
    </extensions>
   </trkpt>
   <trkpt lat="-33.4624720" lon="151.0105820">
    <ele>28.4</ele>
    <time>2021-09-01T06:42:01Z</time>
    <extensions>
     <gpxtpx:TrackPointExtension>
      <gpxtpx:atemp>27</gpxtpx:atemp>
      <gpxtpx:hr>98</gpxtpx:hr>
     </gpxtpx:TrackPointExtension>
    </extensions>
   </trkpt>
   <trkpt lat="-33.4625420" lon="151.0105740">
    <ele>28.8</ele>
    <time>2021-09-01T06:42:02Z</time>
    <extensions>
     <gpxtpx:TrackPointExtension>
      <gpxtpx:atemp>27</gpxtpx:atemp>
      <gpxtpx:hr>98</gpxtpx:hr>
     </gpxtpx:TrackPointExtension>
    </extensions>
   </trkpt>
   <trkpt lat="-33.4626970" lon="151.0105540">
    <ele>30.0</ele>
    <time>2021-09-01T06:42:04Z</time>
    <extensions>
     <gpxtpx:TrackPointExtension>
      <gpxtpx:atemp>27</gpxtpx:atemp>
      <gpxtpx:hr>98</gpxtpx:hr>
     </gpxtpx:TrackPointExtension>
    </extensions>
   </trkpt>
   <trkpt lat="-33.4627760" lon="151.0105370">
    <ele>31.0</ele>
    <time>2021-09-01T06:42:05Z</time>
    <extensions>
     <gpxtpx:TrackPointExtension>
      <gpxtpx:atemp>27</gpxtpx:atemp>
      <gpxtpx:hr>98</gpxtpx:hr>
     </gpxtpx:TrackPointExtension>
    </extensions>
   </trkpt>
   <trkpt lat="-33.4629380" lon="151.0104930">
    <ele>32.4</ele>
    <time>2021-09-01T06:42:07Z</time>
    <extensions>
     <gpxtpx:TrackPointExtension>
      <gpxtpx:atemp>27</gpxtpx:atemp>
      <gpxtpx:hr>99</gpxtpx:hr>
     </gpxtpx:TrackPointExtension>
    </extensions>
   </trkpt>
   <trkpt lat="-33.4631050" lon="151.0104630">
    <ele>34.2</ele>
    <time>2021-09-01T06:42:09Z</time>
    <extensions>
     <gpxtpx:TrackPointExtension>
      <gpxtpx:atemp>27</gpxtpx:atemp>
      <gpxtpx:hr>98</gpxtpx:hr>
     </gpxtpx:TrackPointExtension>
    </extensions>
   </trkpt>
   <trkpt lat="-33.4632670" lon="151.0104300">
    <ele>36.2</ele>
    <time>2021-09-01T06:42:11Z</time>
    <extensions>
     <gpxtpx:TrackPointExtension>
      <gpxtpx:atemp>27</gpxtpx:atemp>
      <gpxtpx:hr>99</gpxtpx:hr>
     </gpxtpx:TrackPointExtension>
    </extensions>
   </trkpt>
   <trkpt lat="-33.4634200" lon="151.0104000">
    <ele>38.6</ele>
    <time>2021-09-01T06:42:13Z</time>
    <extensions>
     <gpxtpx:TrackPointExtension>
      <gpxtpx:atemp>27</gpxtpx:atemp>
      <gpxtpx:hr>103</gpxtpx:hr>
     </gpxtpx:TrackPointExtension>
    </extensions>
   </trkpt>
   <trkpt lat="-33.4634890" lon="151.0103880">
    <ele>39.8</ele>
    <time>2021-09-01T06:42:14Z</time>
    <extensions>
     <gpxtpx:TrackPointExtension>
      <gpxtpx:atemp>27</gpxtpx:atemp>
      <gpxtpx:hr>103</gpxtpx:hr>
     </gpxtpx:TrackPointExtension>
    </extensions>
   </trkpt>
   <trkpt lat="-33.4635490" lon="151.0103780">
    <ele>40.8</ele>
    <time>2021-09-01T06:42:15Z</time>
    <extensions>
     <gpxtpx:TrackPointExtension>
      <gpxtpx:atemp>27</gpxtpx:atemp>
      <gpxtpx:hr>102</gpxtpx:hr>
     </gpxtpx:TrackPointExtension>
    </extensions>
   </trkpt>
   <trkpt lat="-33.4636600" lon="151.0103640">
    <ele>41.6</ele>
    <time>2021-09-01T06:42:17Z</time>
    <extensions>
     <gpxtpx:TrackPointExtension>
      <gpxtpx:atemp>27</gpxtpx:atemp>
      <gpxtpx:hr>102</gpxtpx:hr>
     </gpxtpx:TrackPointExtension>
    </extensions>
   </trkpt>
   <trkpt lat="-33.4637120" lon="151.0103620">
    <ele>42.0</ele>
    <time>2021-09-01T06:42:18Z</time>
    <extensions>
     <gpxtpx:TrackPointExtension>
      <gpxtpx:atemp>27</gpxtpx:atemp>
      <gpxtpx:hr>102</gpxtpx:hr>
     </gpxtpx:TrackPointExtension>
    </extensions>
   </trkpt>
   <trkpt lat="-33.4638080" lon="151.0103520">
    <ele>42.6</ele>
    <time>2021-09-01T06:42:20Z</time>
    <extensions>
     <gpxtpx:TrackPointExtension>
      <gpxtpx:atemp>27</gpxtpx:atemp>
      <gpxtpx:hr>102</gpxtpx:hr>
     </gpxtpx:TrackPointExtension>
    </extensions>
   </trkpt>
   <trkpt lat="-33.4638720" lon="151.0103090">
    <ele>42.8</ele>
    <time>2021-09-01T06:42:22Z</time>
    <extensions>
     <gpxtpx:TrackPointExtension>
      <gpxtpx:atemp>27</gpxtpx:atemp>
      <gpxtpx:hr>102</gpxtpx:hr>
     </gpxtpx:TrackPointExtension>
    </extensions>
   </trkpt>
   <trkpt lat="-33.4638880" lon="151.0102730">
    <ele>43.2</ele>
    <time>2021-09-01T06:42:23Z</time>
    <extensions>
     <gpxtpx:TrackPointExtension>
      <gpxtpx:atemp>27</gpxtpx:atemp>
      <gpxtpx:hr>102</gpxtpx:hr>
     </gpxtpx:TrackPointExtension>
    </extensions>
   </trkpt>
   <trkpt lat="-33.4639100" lon="151.0102220">
    <ele>43.4</ele>
    <time>2021-09-01T06:42:25Z</time>
    <extensions>
     <gpxtpx:TrackPointExtension>
      <gpxtpx:atemp>27</gpxtpx:atemp>
      <gpxtpx:hr>100</gpxtpx:hr>
     </gpxtpx:TrackPointExtension>
    </extensions>
   </trkpt>
   <trkpt lat="-33.4639250" lon="151.0102350">
    <ele>43.6</ele>
    <time>2021-09-01T06:42:29Z</time>
    <extensions>
     <gpxtpx:TrackPointExtension>
      <gpxtpx:atemp>27</gpxtpx:atemp>
      <gpxtpx:hr>100</gpxtpx:hr>
     </gpxtpx:TrackPointExtension>
    </extensions>
   </trkpt>
   <trkpt lat="-33.4639220" lon="151.0102410">
    <ele>43.6</ele>
    <time>2021-09-01T06:42:33Z</time>
    <extensions>
     <gpxtpx:TrackPointExtension>
      <gpxtpx:atemp>27</gpxtpx:atemp>
      <gpxtpx:hr>100</gpxtpx:hr>
     </gpxtpx:TrackPointExtension>
    </extensions>
   </trkpt>
   <trkpt lat="-33.4638990" lon="151.0102180">
    <ele>43.0</ele>
    <time>2021-09-01T06:42:41Z</time>
    <extensions>
     <gpxtpx:TrackPointExtension>
      <gpxtpx:atemp>27</gpxtpx:atemp>
      <gpxtpx:hr>102</gpxtpx:hr>
     </gpxtpx:TrackPointExtension>
    </extensions>
   </trkpt>
   <trkpt lat="-33.4639060" lon="151.0102460">
    <ele>43.0</ele>
    <time>2021-09-01T06:42:48Z</time>
    <extensions>
     <gpxtpx:TrackPointExtension>
      <gpxtpx:atemp>27</gpxtpx:atemp>
      <gpxtpx:hr>99</gpxtpx:hr>
     </gpxtpx:TrackPointExtension>
    </extensions>
   </trkpt>
   <trkpt lat="-33.4639180" lon="151.0102800">
    <ele>43.0</ele>
    <time>2021-09-01T06:42:51Z</time>
    <extensions>
     <gpxtpx:TrackPointExtension>
      <gpxtpx:atemp>27</gpxtpx:atemp>
      <gpxtpx:hr>97</gpxtpx:hr>
     </gpxtpx:TrackPointExtension>
    </extensions>
   </trkpt>
   <trkpt lat="-33.4638940" lon="151.0102710">
    <ele>42.6</ele>
    <time>2021-09-01T06:43:01Z</time>
    <extensions>
     <gpxtpx:TrackPointExtension>
      <gpxtpx:atemp>27</gpxtpx:atemp>
      <gpxtpx:hr>95</gpxtpx:hr>
     </gpxtpx:TrackPointExtension>
    </extensions>
   </trkpt>
   <trkpt lat="-33.4638880" lon="151.0102680">
    <ele>42.8</ele>
    <time>2021-09-01T06:43:11Z</time>
    <extensions>
     <gpxtpx:TrackPointExtension>
      <gpxtpx:atemp>27</gpxtpx:atemp>
      <gpxtpx:hr>98</gpxtpx:hr>
     </gpxtpx:TrackPointExtension>
    </extensions>
   </trkpt>
   <trkpt lat="-33.4638830" lon="151.0102670">
    <ele>42.6</ele>
    <time>2021-09-01T06:43:14Z</time>
    <extensions>
     <gpxtpx:TrackPointExtension>
      <gpxtpx:atemp>27</gpxtpx:atemp>
      <gpxtpx:hr>95</gpxtpx:hr>
     </gpxtpx:TrackPointExtension>
    </extensions>
   </trkpt>
   <trkpt lat="-33.4638820" lon="151.0102660">
    <ele>42.6</ele>
    <time>2021-09-01T06:43:19Z</time>
    <extensions>
     <gpxtpx:TrackPointExtension>
      <gpxtpx:atemp>27</gpxtpx:atemp>
      <gpxtpx:hr>95</gpxtpx:hr>
     </gpxtpx:TrackPointExtension>
    </extensions>
   </trkpt>
   <trkpt lat="-33.4638810" lon="151.0102660">
    <ele>42.6</ele>
    <time>2021-09-01T06:43:33Z</time>
    <extensions>
     <gpxtpx:TrackPointExtension>
      <gpxtpx:atemp>27</gpxtpx:atemp>
      <gpxtpx:hr>98</gpxtpx:hr>
     </gpxtpx:TrackPointExtension>
    </extensions>
   </trkpt>
   <trkpt lat="-33.4638810" lon="151.0102660">
    <ele>42.6</ele>
    <time>2021-09-01T06:43:34Z</time>
    <extensions>
     <gpxtpx:TrackPointExtension>
      <gpxtpx:atemp>27</gpxtpx:atemp>
      <gpxtpx:hr>95</gpxtpx:hr>
     </gpxtpx:TrackPointExtension>
    </extensions>
   </trkpt>
   <trkpt lat="-33.4638810" lon="151.0102660">
    <ele>42.4</ele>
    <time>2021-09-01T06:43:37Z</time>
    <extensions>
     <gpxtpx:TrackPointExtension>
      <gpxtpx:atemp>27</gpxtpx:atemp>
      <gpxtpx:hr>92</gpxtpx:hr>
     </gpxtpx:TrackPointExtension>
    </extensions>
   </trkpt>
   <trkpt lat="-33.4638810" lon="151.0102670">
    <ele>42.4</ele>
    <time>2021-09-01T06:43:39Z</time>
    <extensions>
     <gpxtpx:TrackPointExtension>
      <gpxtpx:atemp>27</gpxtpx:atemp>
      <gpxtpx:hr>90</gpxtpx:hr>
     </gpxtpx:TrackPointExtension>
    </extensions>
   </trkpt>
   <trkpt lat="-33.4638740" lon="151.0102530">
    <ele>42.6</ele>
    <time>2021-09-01T06:43:48Z</time>
    <extensions>
     <gpxtpx:TrackPointExtension>
      <gpxtpx:atemp>27</gpxtpx:atemp>
      <gpxtpx:hr>91</gpxtpx:hr>
     </gpxtpx:TrackPointExtension>
    </extensions>
   </trkpt>
   <trkpt lat="-33.4638520" lon="151.0102300">
    <ele>42.4</ele>
    <time>2021-09-01T06:43:52Z</time>
    <extensions>
     <gpxtpx:TrackPointExtension>
      <gpxtpx:atemp>27</gpxtpx:atemp>
      <gpxtpx:hr>89</gpxtpx:hr>
     </gpxtpx:TrackPointExtension>
    </extensions>
   </trkpt>
   <trkpt lat="-33.4638510" lon="151.0101940">
    <ele>42.4</ele>
    <time>2021-09-01T06:43:53Z</time>
    <extensions>
     <gpxtpx:TrackPointExtension>
      <gpxtpx:atemp>27</gpxtpx:atemp>
      <gpxtpx:hr>89</gpxtpx:hr>
     </gpxtpx:TrackPointExtension>
    </extensions>
   </trkpt>
   <trkpt lat="-33.4638500" lon="151.0101460">
    <ele>42.4</ele>
    <time>2021-09-01T06:43:54Z</time>
    <extensions>
     <gpxtpx:TrackPointExtension>
      <gpxtpx:atemp>27</gpxtpx:atemp>
      <gpxtpx:hr>90</gpxtpx:hr>
     </gpxtpx:TrackPointExtension>
    </extensions>
   </trkpt>
   <trkpt lat="-33.4638460" lon="151.0099580">
    <ele>42.4</ele>
    <time>2021-09-01T06:43:57Z</time>
    <extensions>
     <gpxtpx:TrackPointExtension>
      <gpxtpx:atemp>27</gpxtpx:atemp>
      <gpxtpx:hr>92</gpxtpx:hr>
     </gpxtpx:TrackPointExtension>
    </extensions>
   </trkpt>
   <trkpt lat="-33.4638150" lon="151.0097290">
    <ele>42.2</ele>
    <time>2021-09-01T06:44:00Z</time>
    <extensions>
     <gpxtpx:TrackPointExtension>
      <gpxtpx:atemp>27</gpxtpx:atemp>
      <gpxtpx:hr>92</gpxtpx:hr>
     </gpxtpx:TrackPointExtension>
    </extensions>
   </trkpt>
   <trkpt lat="-33.4637960" lon="151.0095510">
    <ele>42.2</ele>
    <time>2021-09-01T06:44:02Z</time>
    <extensions>
     <gpxtpx:TrackPointExtension>
      <gpxtpx:atemp>27</gpxtpx:atemp>
      <gpxtpx:hr>94</gpxtpx:hr>
     </gpxtpx:TrackPointExtension>
    </extensions>
   </trkpt>
   <trkpt lat="-33.4637130" lon="151.0089540">
    <ele>42.2</ele>
    <time>2021-09-01T06:44:09Z</time>
    <extensions>
     <gpxtpx:TrackPointExtension>
      <gpxtpx:atemp>27</gpxtpx:atemp>
      <gpxtpx:hr>97</gpxtpx:hr>
     </gpxtpx:TrackPointExtension>
    </extensions>
   </trkpt>
   <trkpt lat="-33.4636390" lon="151.0084740">
    <ele>43.2</ele>
    <time>2021-09-01T06:44:15Z</time>
    <extensions>
     <gpxtpx:TrackPointExtension>
      <gpxtpx:atemp>27</gpxtpx:atemp>
      <gpxtpx:hr>99</gpxtpx:hr>
     </gpxtpx:TrackPointExtension>
    </extensions>
   </trkpt>
   <trkpt lat="-33.4636330" lon="151.0084020">
    <ele>43.6</ele>
    <time>2021-09-01T06:44:16Z</time>
    <extensions>
     <gpxtpx:TrackPointExtension>
      <gpxtpx:atemp>27</gpxtpx:atemp>
      <gpxtpx:hr>98</gpxtpx:hr>
     </gpxtpx:TrackPointExtension>
    </extensions>
   </trkpt>
   <trkpt lat="-33.4636170" lon="151.0082120">
    <ele>44.8</ele>
    <time>2021-09-01T06:44:19Z</time>
    <extensions>
     <gpxtpx:TrackPointExtension>
      <gpxtpx:atemp>27</gpxtpx:atemp>
      <gpxtpx:hr>97</gpxtpx:hr>
     </gpxtpx:TrackPointExtension>
    </extensions>
   </trkpt>
   <trkpt lat="-33.4636020" lon="151.0081250">
    <ele>45.8</ele>
    <time>2021-09-01T06:44:21Z</time>
    <extensions>
     <gpxtpx:TrackPointExtension>
      <gpxtpx:atemp>27</gpxtpx:atemp>
      <gpxtpx:hr>98</gpxtpx:hr>
     </gpxtpx:TrackPointExtension>
    </extensions>
   </trkpt>
   <trkpt lat="-33.4635910" lon="151.0080980">
    <ele>46.0</ele>
    <time>2021-09-01T06:44:22Z</time>
    <extensions>
     <gpxtpx:TrackPointExtension>
      <gpxtpx:atemp>27</gpxtpx:atemp>
      <gpxtpx:hr>99</gpxtpx:hr>
     </gpxtpx:TrackPointExtension>
    </extensions>
   </trkpt>
   <trkpt lat="-33.4635900" lon="151.0080790">
    <ele>46.4</ele>
    <time>2021-09-01T06:44:24Z</time>
    <extensions>
     <gpxtpx:TrackPointExtension>
      <gpxtpx:atemp>27</gpxtpx:atemp>
      <gpxtpx:hr>99</gpxtpx:hr>
     </gpxtpx:TrackPointExtension>
    </extensions>
   </trkpt>
   <trkpt lat="-33.4635930" lon="151.0080820">
    <ele>46.2</ele>
    <time>2021-09-01T06:44:31Z</time>
    <extensions>
     <gpxtpx:TrackPointExtension>
      <gpxtpx:atemp>27</gpxtpx:atemp>
      <gpxtpx:hr>99</gpxtpx:hr>
     </gpxtpx:TrackPointExtension>
    </extensions>
   </trkpt>
   <trkpt lat="-33.4635960" lon="151.0080850">
    <ele>46.0</ele>
    <time>2021-09-01T06:44:38Z</time>
    <extensions>
     <gpxtpx:TrackPointExtension>
      <gpxtpx:atemp>27</gpxtpx:atemp>
      <gpxtpx:hr>98</gpxtpx:hr>
     </gpxtpx:TrackPointExtension>
    </extensions>
   </trkpt>
   <trkpt lat="-33.4635990" lon="151.0080880">
    <ele>46.2</ele>
    <time>2021-09-01T06:44:45Z</time>
    <extensions>
     <gpxtpx:TrackPointExtension>
      <gpxtpx:atemp>27</gpxtpx:atemp>
      <gpxtpx:hr>96</gpxtpx:hr>
     </gpxtpx:TrackPointExtension>
    </extensions>
   </trkpt>
   <trkpt lat="-33.4636020" lon="151.0080910">
    <ele>46.0</ele>
    <time>2021-09-01T06:44:47Z</time>
    <extensions>
     <gpxtpx:TrackPointExtension>
      <gpxtpx:atemp>27</gpxtpx:atemp>
      <gpxtpx:hr>93</gpxtpx:hr>
     </gpxtpx:TrackPointExtension>
    </extensions>
   </trkpt>
   <trkpt lat="-33.4636050" lon="151.0080940">
    <ele>46.0</ele>
    <time>2021-09-01T06:44:53Z</time>
    <extensions>
     <gpxtpx:TrackPointExtension>
      <gpxtpx:atemp>27</gpxtpx:atemp>
      <gpxtpx:hr>96</gpxtpx:hr>
     </gpxtpx:TrackPointExtension>
    </extensions>
   </trkpt>
   <trkpt lat="-33.4636080" lon="151.0080970">
    <ele>46.0</ele>
    <time>2021-09-01T06:44:54Z</time>
    <extensions>
     <gpxtpx:TrackPointExtension>
      <gpxtpx:atemp>27</gpxtpx:atemp>
      <gpxtpx:hr>93</gpxtpx:hr>
     </gpxtpx:TrackPointExtension>
    </extensions>
   </trkpt>
   <trkpt lat="-33.4636120" lon="151.0081000">
    <ele>45.6</ele>
    <time>2021-09-01T06:45:02Z</time>
    <extensions>
     <gpxtpx:TrackPointExtension>
      <gpxtpx:atemp>27</gpxtpx:atemp>
      <gpxtpx:hr>94</gpxtpx:hr>
     </gpxtpx:TrackPointExtension>
    </extensions>
   </trkpt>
   <trkpt lat="-33.4636150" lon="151.0081030">
    <ele>45.8</ele>
    <time>2021-09-01T06:45:04Z</time>
    <extensions>
     <gpxtpx:TrackPointExtension>
      <gpxtpx:atemp>27</gpxtpx:atemp>
      <gpxtpx:hr>91</gpxtpx:hr>
     </gpxtpx:TrackPointExtension>
    </extensions>
   </trkpt>
   <trkpt lat="-33.4636180" lon="151.0081060">
    <ele>45.8</ele>
    <time>2021-09-01T06:45:06Z</time>
    <extensions>
     <gpxtpx:TrackPointExtension>
      <gpxtpx:atemp>27</gpxtpx:atemp>
      <gpxtpx:hr>95</gpxtpx:hr>
     </gpxtpx:TrackPointExtension>
    </extensions>
   </trkpt>
   <trkpt lat="-33.4636210" lon="151.0081090">
    <ele>45.8</ele>
    <time>2021-09-01T06:45:08Z</time>
    <extensions>
     <gpxtpx:TrackPointExtension>
      <gpxtpx:atemp>27</gpxtpx:atemp>
      <gpxtpx:hr>98</gpxtpx:hr>
     </gpxtpx:TrackPointExtension>
    </extensions>
   </trkpt>
   <trkpt lat="-33.4636240" lon="151.0081120">
    <ele>45.8</ele>
    <time>2021-09-01T06:45:09Z</time>
    <extensions>
     <gpxtpx:TrackPointExtension>
      <gpxtpx:atemp>27</gpxtpx:atemp>
      <gpxtpx:hr>96</gpxtpx:hr>
     </gpxtpx:TrackPointExtension>
    </extensions>
   </trkpt>
   <trkpt lat="-33.4636270" lon="151.0081150">
    <ele>45.8</ele>
    <time>2021-09-01T06:45:10Z</time>
    <extensions>
     <gpxtpx:TrackPointExtension>
      <gpxtpx:atemp>27</gpxtpx:atemp>
      <gpxtpx:hr>99</gpxtpx:hr>
     </gpxtpx:TrackPointExtension>
    </extensions>
   </trkpt>
   <trkpt lat="-33.4636300" lon="151.0081180">
    <ele>45.8</ele>
    <time>2021-09-01T06:45:12Z</time>
    <extensions>
     <gpxtpx:TrackPointExtension>
      <gpxtpx:atemp>27</gpxtpx:atemp>
      <gpxtpx:hr>96</gpxtpx:hr>
     </gpxtpx:TrackPointExtension>
    </extensions>
   </trkpt>
   <trkpt lat="-33.4636330" lon="151.0081200">
    <ele>45.6</ele>
    <time>2021-09-01T06:45:16Z</time>
    <extensions>
     <gpxtpx:TrackPointExtension>
      <gpxtpx:atemp>27</gpxtpx:atemp>
      <gpxtpx:hr>95</gpxtpx:hr>
     </gpxtpx:TrackPointExtension>
    </extensions>
   </trkpt>
   <trkpt lat="-33.4636360" lon="151.0081230">
    <ele>45.6</ele>
    <time>2021-09-01T06:45:22Z</time>
    <extensions>
     <gpxtpx:TrackPointExtension>
      <gpxtpx:atemp>27</gpxtpx:atemp>
      <gpxtpx:hr>96</gpxtpx:hr>
     </gpxtpx:TrackPointExtension>
    </extensions>
   </trkpt>
   <trkpt lat="-33.4636390" lon="151.0081260">
    <ele>45.6</ele>
    <time>2021-09-01T06:45:23Z</time>
    <extensions>
     <gpxtpx:TrackPointExtension>
      <gpxtpx:atemp>27</gpxtpx:atemp>
      <gpxtpx:hr>97</gpxtpx:hr>
     </gpxtpx:TrackPointExtension>
    </extensions>
   </trkpt>
   <trkpt lat="-33.4636420" lon="151.0081290">
    <ele>45.6</ele>
    <time>2021-09-01T06:45:28Z</time>
    <extensions>
     <gpxtpx:TrackPointExtension>
      <gpxtpx:atemp>27</gpxtpx:atemp>
      <gpxtpx:hr>94</gpxtpx:hr>
     </gpxtpx:TrackPointExtension>
    </extensions>
   </trkpt>
   <trkpt lat="-33.4636450" lon="151.0081320">
    <ele>45.8</ele>
    <time>2021-09-01T06:45:30Z</time>
    <extensions>
     <gpxtpx:TrackPointExtension>
      <gpxtpx:atemp>27</gpxtpx:atemp>
      <gpxtpx:hr>95</gpxtpx:hr>
     </gpxtpx:TrackPointExtension>
    </extensions>
   </trkpt>
   <trkpt lat="-33.4636480" lon="151.0081350">
    <ele>45.8</ele>
    <time>2021-09-01T06:45:34Z</time>
    <extensions>
     <gpxtpx:TrackPointExtension>
      <gpxtpx:atemp>28</gpxtpx:atemp>
      <gpxtpx:hr>99</gpxtpx:hr>
     </gpxtpx:TrackPointExtension>
    </extensions>
   </trkpt>
   <trkpt lat="-33.4636510" lon="151.0081380">
    <ele>45.8</ele>
    <time>2021-09-01T06:45:35Z</time>
    <extensions>
     <gpxtpx:TrackPointExtension>
      <gpxtpx:atemp>28</gpxtpx:atemp>
      <gpxtpx:hr>102</gpxtpx:hr>
     </gpxtpx:TrackPointExtension>
    </extensions>
   </trkpt>
   <trkpt lat="-33.4636540" lon="151.0081410">
    <ele>45.8</ele>
    <time>2021-09-01T06:45:36Z</time>
    <extensions>
     <gpxtpx:TrackPointExtension>
      <gpxtpx:atemp>28</gpxtpx:atemp>
      <gpxtpx:hr>100</gpxtpx:hr>
     </gpxtpx:TrackPointExtension>
    </extensions>
   </trkpt>
   <trkpt lat="-33.4636580" lon="151.0081440">
    <ele>45.6</ele>
    <time>2021-09-01T06:45:38Z</time>
    <extensions>
     <gpxtpx:TrackPointExtension>
      <gpxtpx:atemp>28</gpxtpx:atemp>
      <gpxtpx:hr>101</gpxtpx:hr>
     </gpxtpx:TrackPointExtension>
    </extensions>
   </trkpt>
   <trkpt lat="-33.4636610" lon="151.0081470">
    <ele>45.4</ele>
    <time>2021-09-01T06:45:45Z</time>
    <extensions>
     <gpxtpx:TrackPointExtension>
      <gpxtpx:atemp>28</gpxtpx:atemp>
      <gpxtpx:hr>104</gpxtpx:hr>
     </gpxtpx:TrackPointExtension>
    </extensions>
   </trkpt>
   <trkpt lat="-33.4636640" lon="151.0081500">
    <ele>45.4</ele>
    <time>2021-09-01T06:45:46Z</time>
    <extensions>
     <gpxtpx:TrackPointExtension>
      <gpxtpx:atemp>28</gpxtpx:atemp>
      <gpxtpx:hr>107</gpxtpx:hr>
     </gpxtpx:TrackPointExtension>
    </extensions>
   </trkpt>
   <trkpt lat="-33.4636670" lon="151.0081530">
    <ele>45.2</ele>
    <time>2021-09-01T06:45:48Z</time>
    <extensions>
     <gpxtpx:TrackPointExtension>
      <gpxtpx:atemp>28</gpxtpx:atemp>
      <gpxtpx:hr>110</gpxtpx:hr>
     </gpxtpx:TrackPointExtension>
    </extensions>
   </trkpt>
   <trkpt lat="-33.4636700" lon="151.0081560">
    <ele>45.2</ele>
    <time>2021-09-01T06:45:50Z</time>
    <extensions>
     <gpxtpx:TrackPointExtension>
      <gpxtpx:atemp>28</gpxtpx:atemp>
      <gpxtpx:hr>106</gpxtpx:hr>
     </gpxtpx:TrackPointExtension>
    </extensions>
   </trkpt>
   <trkpt lat="-33.4636730" lon="151.0081590">
    <ele>45.2</ele>
    <time>2021-09-01T06:45:51Z</time>
    <extensions>
     <gpxtpx:TrackPointExtension>
      <gpxtpx:atemp>28</gpxtpx:atemp>
      <gpxtpx:hr>106</gpxtpx:hr>
     </gpxtpx:TrackPointExtension>
    </extensions>
   </trkpt>
   <trkpt lat="-33.4636760" lon="151.0081620">
    <ele>45.0</ele>
    <time>2021-09-01T06:45:53Z</time>
    <extensions>
     <gpxtpx:TrackPointExtension>
      <gpxtpx:atemp>28</gpxtpx:atemp>
      <gpxtpx:hr>106</gpxtpx:hr>
     </gpxtpx:TrackPointExtension>
    </extensions>
   </trkpt>
   <trkpt lat="-33.4636790" lon="151.0081650">
    <ele>44.8</ele>
    <time>2021-09-01T06:45:54Z</time>
    <extensions>
     <gpxtpx:TrackPointExtension>
      <gpxtpx:atemp>28</gpxtpx:atemp>
      <gpxtpx:hr>107</gpxtpx:hr>
     </gpxtpx:TrackPointExtension>
    </extensions>
   </trkpt>
   <trkpt lat="-33.4636600" lon="151.0080670">
    <ele>45.0</ele>
    <time>2021-09-01T06:45:56Z</time>
    <extensions>
     <gpxtpx:TrackPointExtension>
      <gpxtpx:atemp>28</gpxtpx:atemp>
      <gpxtpx:hr>108</gpxtpx:hr>
     </gpxtpx:TrackPointExtension>
    </extensions>
   </trkpt>
   <trkpt lat="-33.4636000" lon="151.0080760">
    <ele>45.2</ele>
    <time>2021-09-01T06:46:01Z</time>
    <extensions>
     <gpxtpx:TrackPointExtension>
      <gpxtpx:atemp>28</gpxtpx:atemp>
      <gpxtpx:hr>105</gpxtpx:hr>
     </gpxtpx:TrackPointExtension>
    </extensions>
   </trkpt>
   <trkpt lat="-33.4635850" lon="151.0080970">
    <ele>45.2</ele>
    <time>2021-09-01T06:46:05Z</time>
    <extensions>
     <gpxtpx:TrackPointExtension>
      <gpxtpx:atemp>28</gpxtpx:atemp>
      <gpxtpx:hr>102</gpxtpx:hr>
     </gpxtpx:TrackPointExtension>
    </extensions>
   </trkpt>
   <trkpt lat="-33.4635780" lon="151.0080990">
    <ele>45.2</ele>
    <time>2021-09-01T06:46:06Z</time>
    <extensions>
     <gpxtpx:TrackPointExtension>
      <gpxtpx:atemp>28</gpxtpx:atemp>
      <gpxtpx:hr>103</gpxtpx:hr>
     </gpxtpx:TrackPointExtension>
    </extensions>
   </trkpt>
   <trkpt lat="-33.4635830" lon="151.0080720">
    <ele>45.0</ele>
    <time>2021-09-01T06:46:11Z</time>
    <extensions>
     <gpxtpx:TrackPointExtension>
      <gpxtpx:atemp>28</gpxtpx:atemp>
      <gpxtpx:hr>102</gpxtpx:hr>
     </gpxtpx:TrackPointExtension>
    </extensions>
   </trkpt>
   <trkpt lat="-33.4635860" lon="151.0080630">
    <ele>44.8</ele>
    <time>2021-09-01T06:46:12Z</time>
    <extensions>
     <gpxtpx:TrackPointExtension>
      <gpxtpx:atemp>28</gpxtpx:atemp>
      <gpxtpx:hr>102</gpxtpx:hr>
     </gpxtpx:TrackPointExtension>
    </extensions>
   </trkpt>
   <trkpt lat="-33.4635850" lon="151.0080680">
    <ele>45.2</ele>
    <time>2021-09-01T06:46:16Z</time>
    <extensions>
     <gpxtpx:TrackPointExtension>
      <gpxtpx:atemp>28</gpxtpx:atemp>
      <gpxtpx:hr>103</gpxtpx:hr>
     </gpxtpx:TrackPointExtension>
    </extensions>
   </trkpt>
   <trkpt lat="-33.4635820" lon="151.0080750">
    <ele>45.2</ele>
    <time>2021-09-01T06:46:17Z</time>
    <extensions>
     <gpxtpx:TrackPointExtension>
      <gpxtpx:atemp>28</gpxtpx:atemp>
      <gpxtpx:hr>101</gpxtpx:hr>
     </gpxtpx:TrackPointExtension>
    </extensions>
   </trkpt>
   <trkpt lat="-33.4635850" lon="151.0080780">
    <ele>45.2</ele>
    <time>2021-09-01T06:46:19Z</time>
    <extensions>
     <gpxtpx:TrackPointExtension>
      <gpxtpx:atemp>28</gpxtpx:atemp>
      <gpxtpx:hr>101</gpxtpx:hr>
     </gpxtpx:TrackPointExtension>
    </extensions>
   </trkpt>
   <trkpt lat="-33.4635990" lon="151.0080750">
    <ele>45.2</ele>
    <time>2021-09-01T06:46:21Z</time>
    <extensions>
     <gpxtpx:TrackPointExtension>
      <gpxtpx:atemp>28</gpxtpx:atemp>
      <gpxtpx:hr>99</gpxtpx:hr>
     </gpxtpx:TrackPointExtension>
    </extensions>
   </trkpt>
   <trkpt lat="-33.4636170" lon="151.0080940">
    <ele>44.8</ele>
    <time>2021-09-01T06:46:29Z</time>
    <extensions>
     <gpxtpx:TrackPointExtension>
      <gpxtpx:atemp>28</gpxtpx:atemp>
      <gpxtpx:hr>99</gpxtpx:hr>
     </gpxtpx:TrackPointExtension>
    </extensions>
   </trkpt>
   <trkpt lat="-33.4636220" lon="151.0081300">
    <ele>44.8</ele>
    <time>2021-09-01T06:46:36Z</time>
    <extensions>
     <gpxtpx:TrackPointExtension>
      <gpxtpx:atemp>28</gpxtpx:atemp>
      <gpxtpx:hr>102</gpxtpx:hr>
     </gpxtpx:TrackPointExtension>
    </extensions>
   </trkpt>
   <trkpt lat="-33.4635850" lon="151.0081020">
    <ele>44.4</ele>
    <time>2021-09-01T06:46:38Z</time>
    <extensions>
     <gpxtpx:TrackPointExtension>
      <gpxtpx:atemp>28</gpxtpx:atemp>
      <gpxtpx:hr>105</gpxtpx:hr>
     </gpxtpx:TrackPointExtension>
    </extensions>
   </trkpt>
   <trkpt lat="-33.4635670" lon="151.0081000">
    <ele>44.6</ele>
    <time>2021-09-01T06:46:41Z</time>
    <extensions>
     <gpxtpx:TrackPointExtension>
      <gpxtpx:atemp>28</gpxtpx:atemp>
      <gpxtpx:hr>101</gpxtpx:hr>
     </gpxtpx:TrackPointExtension>
    </extensions>
   </trkpt>
   <trkpt lat="-33.4635740" lon="151.0081160">
    <ele>44.8</ele>
    <time>2021-09-01T06:46:44Z</time>
    <extensions>
     <gpxtpx:TrackPointExtension>
      <gpxtpx:atemp>28</gpxtpx:atemp>
      <gpxtpx:hr>104</gpxtpx:hr>
     </gpxtpx:TrackPointExtension>
    </extensions>
   </trkpt>
   <trkpt lat="-33.4635820" lon="151.0081080">
    <ele>45.0</ele>
    <time>2021-09-01T06:46:47Z</time>
    <extensions>
     <gpxtpx:TrackPointExtension>
      <gpxtpx:atemp>28</gpxtpx:atemp>
      <gpxtpx:hr>103</gpxtpx:hr>
     </gpxtpx:TrackPointExtension>
    </extensions>
   </trkpt>
   <trkpt lat="-33.4635940" lon="151.0080810">
    <ele>45.0</ele>
    <time>2021-09-01T06:46:51Z</time>
    <extensions>
     <gpxtpx:TrackPointExtension>
      <gpxtpx:atemp>28</gpxtpx:atemp>
      <gpxtpx:hr>99</gpxtpx:hr>
     </gpxtpx:TrackPointExtension>
    </extensions>
   </trkpt>
   <trkpt lat="-33.4635980" lon="151.0080590">
    <ele>45.2</ele>
    <time>2021-09-01T06:46:53Z</time>
    <extensions>
     <gpxtpx:TrackPointExtension>
      <gpxtpx:atemp>28</gpxtpx:atemp>
      <gpxtpx:hr>103</gpxtpx:hr>
     </gpxtpx:TrackPointExtension>
    </extensions>
   </trkpt>
   <trkpt lat="-33.4635790" lon="151.0079060">
    <ele>45.6</ele>
    <time>2021-09-01T06:46:57Z</time>
    <extensions>
     <gpxtpx:TrackPointExtension>
      <gpxtpx:atemp>28</gpxtpx:atemp>
      <gpxtpx:hr>106</gpxtpx:hr>
     </gpxtpx:TrackPointExtension>
    </extensions>
   </trkpt>
   <trkpt lat="-33.4635600" lon="151.0077200">
    <ele>46.0</ele>
    <time>2021-09-01T06:47:00Z</time>
    <extensions>
     <gpxtpx:TrackPointExtension>
      <gpxtpx:atemp>28</gpxtpx:atemp>
      <gpxtpx:hr>108</gpxtpx:hr>
     </gpxtpx:TrackPointExtension>
    </extensions>
   </trkpt>
   <trkpt lat="-33.4635620" lon="151.0076510">
    <ele>45.8</ele>
    <time>2021-09-01T06:47:01Z</time>
    <extensions>
     <gpxtpx:TrackPointExtension>
      <gpxtpx:atemp>28</gpxtpx:atemp>
      <gpxtpx:hr>105</gpxtpx:hr>
     </gpxtpx:TrackPointExtension>
    </extensions>
   </trkpt>
   <trkpt lat="-33.4635590" lon="151.0075800">
    <ele>45.8</ele>
    <time>2021-09-01T06:47:02Z</time>
    <extensions>
     <gpxtpx:TrackPointExtension>
      <gpxtpx:atemp>28</gpxtpx:atemp>
      <gpxtpx:hr>108</gpxtpx:hr>
     </gpxtpx:TrackPointExtension>
    </extensions>
   </trkpt>
   <trkpt lat="-33.4635190" lon="151.0073030">
    <ele>44.0</ele>
    <time>2021-09-01T06:47:06Z</time>
    <extensions>
     <gpxtpx:TrackPointExtension>
      <gpxtpx:atemp>28</gpxtpx:atemp>
      <gpxtpx:hr>112</gpxtpx:hr>
     </gpxtpx:TrackPointExtension>
    </extensions>
   </trkpt>
   <trkpt lat="-33.4635130" lon="151.0072330">
    <ele>43.4</ele>
    <time>2021-09-01T06:47:07Z</time>
    <extensions>
     <gpxtpx:TrackPointExtension>
      <gpxtpx:atemp>28</gpxtpx:atemp>
      <gpxtpx:hr>109</gpxtpx:hr>
     </gpxtpx:TrackPointExtension>
    </extensions>
   </trkpt>
   <trkpt lat="-33.4635010" lon="151.0070940">
    <ele>42.0</ele>
    <time>2021-09-01T06:47:09Z</time>
    <extensions>
     <gpxtpx:TrackPointExtension>
      <gpxtpx:atemp>28</gpxtpx:atemp>
      <gpxtpx:hr>108</gpxtpx:hr>
     </gpxtpx:TrackPointExtension>
    </extensions>
   </trkpt>
   <trkpt lat="-33.4634690" lon="151.0068960">
    <ele>40.6</ele>
    <time>2021-09-01T06:47:12Z</time>
    <extensions>
     <gpxtpx:TrackPointExtension>
      <gpxtpx:atemp>28</gpxtpx:atemp>
      <gpxtpx:hr>111</gpxtpx:hr>
     </gpxtpx:TrackPointExtension>
    </extensions>
   </trkpt>
   <trkpt lat="-33.4634630" lon="151.0067940">
    <ele>39.4</ele>
    <time>2021-09-01T06:47:14Z</time>
    <extensions>
     <gpxtpx:TrackPointExtension>
      <gpxtpx:atemp>28</gpxtpx:atemp>
      <gpxtpx:hr>111</gpxtpx:hr>
     </gpxtpx:TrackPointExtension>
    </extensions>
   </trkpt>
   <trkpt lat="-33.4634510" lon="151.0067150">
    <ele>39.0</ele>
    <time>2021-09-01T06:47:16Z</time>
    <extensions>
     <gpxtpx:TrackPointExtension>
      <gpxtpx:atemp>28</gpxtpx:atemp>
      <gpxtpx:hr>111</gpxtpx:hr>
     </gpxtpx:TrackPointExtension>
    </extensions>
   </trkpt>
   <trkpt lat="-33.4634230" lon="151.0066310">
    <ele>38.4</ele>
    <time>2021-09-01T06:47:18Z</time>
    <extensions>
     <gpxtpx:TrackPointExtension>
      <gpxtpx:atemp>28</gpxtpx:atemp>
      <gpxtpx:hr>111</gpxtpx:hr>
     </gpxtpx:TrackPointExtension>
    </extensions>
   </trkpt>
   <trkpt lat="-33.4633640" lon="151.0064050">
    <ele>37.6</ele>
    <time>2021-09-01T06:47:22Z</time>
    <extensions>
     <gpxtpx:TrackPointExtension>
      <gpxtpx:atemp>28</gpxtpx:atemp>
      <gpxtpx:hr>111</gpxtpx:hr>
     </gpxtpx:TrackPointExtension>
    </extensions>
   </trkpt>
   <trkpt lat="-33.4633450" lon="151.0062660">
    <ele>37.4</ele>
    <time>2021-09-01T06:47:24Z</time>
    <extensions>
     <gpxtpx:TrackPointExtension>
      <gpxtpx:atemp>28</gpxtpx:atemp>
      <gpxtpx:hr>112</gpxtpx:hr>
     </gpxtpx:TrackPointExtension>
    </extensions>
   </trkpt>
   <trkpt lat="-33.4633330" lon="151.0061870">
    <ele>37.4</ele>
    <time>2021-09-01T06:47:25Z</time>
    <extensions>
     <gpxtpx:TrackPointExtension>
      <gpxtpx:atemp>28</gpxtpx:atemp>
      <gpxtpx:hr>108</gpxtpx:hr>
     </gpxtpx:TrackPointExtension>
    </extensions>
   </trkpt>
   <trkpt lat="-33.4633040" lon="151.0059900">
    <ele>37.0</ele>
    <time>2021-09-01T06:47:28Z</time>
    <extensions>
     <gpxtpx:TrackPointExtension>
      <gpxtpx:atemp>28</gpxtpx:atemp>
      <gpxtpx:hr>108</gpxtpx:hr>
     </gpxtpx:TrackPointExtension>
    </extensions>
   </trkpt>
   <trkpt lat="-33.4632920" lon="151.0058640">
    <ele>37.0</ele>
    <time>2021-09-01T06:47:30Z</time>
    <extensions>
     <gpxtpx:TrackPointExtension>
      <gpxtpx:atemp>28</gpxtpx:atemp>
      <gpxtpx:hr>111</gpxtpx:hr>
     </gpxtpx:TrackPointExtension>
    </extensions>
   </trkpt>
   <trkpt lat="-33.4632640" lon="151.0056140">
    <ele>37.2</ele>
    <time>2021-09-01T06:47:34Z</time>
    <extensions>
     <gpxtpx:TrackPointExtension>
      <gpxtpx:atemp>28</gpxtpx:atemp>
      <gpxtpx:hr>111</gpxtpx:hr>
     </gpxtpx:TrackPointExtension>
    </extensions>
   </trkpt>
   <trkpt lat="-33.4632340" lon="151.0054080">
    <ele>38.0</ele>
    <time>2021-09-01T06:47:37Z</time>
    <extensions>
     <gpxtpx:TrackPointExtension>
      <gpxtpx:atemp>28</gpxtpx:atemp>
      <gpxtpx:hr>107</gpxtpx:hr>
     </gpxtpx:TrackPointExtension>
    </extensions>
   </trkpt>
   <trkpt lat="-33.4632060" lon="151.0051960">
    <ele>38.8</ele>
    <time>2021-09-01T06:47:40Z</time>
    <extensions>
     <gpxtpx:TrackPointExtension>
      <gpxtpx:atemp>28</gpxtpx:atemp>
      <gpxtpx:hr>105</gpxtpx:hr>
     </gpxtpx:TrackPointExtension>
    </extensions>
   </trkpt>
   <trkpt lat="-33.4631960" lon="151.0051290">
    <ele>39.2</ele>
    <time>2021-09-01T06:47:41Z</time>
    <extensions>
     <gpxtpx:TrackPointExtension>
      <gpxtpx:atemp>28</gpxtpx:atemp>
      <gpxtpx:hr>105</gpxtpx:hr>
     </gpxtpx:TrackPointExtension>
    </extensions>
   </trkpt>
   <trkpt lat="-33.4631750" lon="151.0049860">
    <ele>40.0</ele>
    <time>2021-09-01T06:47:43Z</time>
    <extensions>
     <gpxtpx:TrackPointExtension>
      <gpxtpx:atemp>28</gpxtpx:atemp>
      <gpxtpx:hr>104</gpxtpx:hr>
     </gpxtpx:TrackPointExtension>
    </extensions>
   </trkpt>
   <trkpt lat="-33.4631520" lon="151.0048520">
    <ele>40.6</ele>
    <time>2021-09-01T06:47:45Z</time>
    <extensions>
     <gpxtpx:TrackPointExtension>
      <gpxtpx:atemp>28</gpxtpx:atemp>
      <gpxtpx:hr>103</gpxtpx:hr>
     </gpxtpx:TrackPointExtension>
    </extensions>
   </trkpt>
   <trkpt lat="-33.4631240" lon="151.0047420">
    <ele>41.2</ele>
    <time>2021-09-01T06:47:47Z</time>
    <extensions>
     <gpxtpx:TrackPointExtension>
      <gpxtpx:atemp>28</gpxtpx:atemp>
      <gpxtpx:hr>102</gpxtpx:hr>
     </gpxtpx:TrackPointExtension>
    </extensions>
   </trkpt>
   <trkpt lat="-33.4631150" lon="151.0046820">
    <ele>41.6</ele>
    <time>2021-09-01T06:47:48Z</time>
    <extensions>
     <gpxtpx:TrackPointExtension>
      <gpxtpx:atemp>28</gpxtpx:atemp>
      <gpxtpx:hr>102</gpxtpx:hr>
     </gpxtpx:TrackPointExtension>
    </extensions>
   </trkpt>
   <trkpt lat="-33.4631150" lon="151.0045750">
    <ele>42.4</ele>
    <time>2021-09-01T06:47:50Z</time>
    <extensions>
     <gpxtpx:TrackPointExtension>
      <gpxtpx:atemp>28</gpxtpx:atemp>
      <gpxtpx:hr>103</gpxtpx:hr>
     </gpxtpx:TrackPointExtension>
    </extensions>
   </trkpt>
   <trkpt lat="-33.4631260" lon="151.0045300">
    <ele>42.6</ele>
    <time>2021-09-01T06:47:51Z</time>
    <extensions>
     <gpxtpx:TrackPointExtension>
      <gpxtpx:atemp>28</gpxtpx:atemp>
      <gpxtpx:hr>103</gpxtpx:hr>
     </gpxtpx:TrackPointExtension>
    </extensions>
   </trkpt>
   <trkpt lat="-33.4631460" lon="151.0045130">
    <ele>42.8</ele>
    <time>2021-09-01T06:47:52Z</time>
    <extensions>
     <gpxtpx:TrackPointExtension>
      <gpxtpx:atemp>28</gpxtpx:atemp>
      <gpxtpx:hr>104</gpxtpx:hr>
     </gpxtpx:TrackPointExtension>
    </extensions>
   </trkpt>
   <trkpt lat="-33.4632130" lon="151.0045270">
    <ele>42.6</ele>
    <time>2021-09-01T06:47:54Z</time>
    <extensions>
     <gpxtpx:TrackPointExtension>
      <gpxtpx:atemp>28</gpxtpx:atemp>
      <gpxtpx:hr>104</gpxtpx:hr>
     </gpxtpx:TrackPointExtension>
    </extensions>
   </trkpt>
   <trkpt lat="-33.4632840" lon="151.0045730">
    <ele>42.4</ele>
    <time>2021-09-01T06:47:56Z</time>
    <extensions>
     <gpxtpx:TrackPointExtension>
      <gpxtpx:atemp>28</gpxtpx:atemp>
      <gpxtpx:hr>104</gpxtpx:hr>
     </gpxtpx:TrackPointExtension>
    </extensions>
   </trkpt>
   <trkpt lat="-33.4633870" lon="151.0046590">
    <ele>41.4</ele>
    <time>2021-09-01T06:47:59Z</time>
    <extensions>
     <gpxtpx:TrackPointExtension>
      <gpxtpx:atemp>28</gpxtpx:atemp>
      <gpxtpx:hr>103</gpxtpx:hr>
     </gpxtpx:TrackPointExtension>
    </extensions>
   </trkpt>
   <trkpt lat="-33.4634440" lon="151.0047040">
    <ele>40.2</ele>
    <time>2021-09-01T06:48:01Z</time>
    <extensions>
     <gpxtpx:TrackPointExtension>
      <gpxtpx:atemp>28</gpxtpx:atemp>
      <gpxtpx:hr>102</gpxtpx:hr>
     </gpxtpx:TrackPointExtension>
    </extensions>
   </trkpt>
   <trkpt lat="-33.4634720" lon="151.0047340">
    <ele>39.6</ele>
    <time>2021-09-01T06:48:03Z</time>
    <extensions>
     <gpxtpx:TrackPointExtension>
      <gpxtpx:atemp>28</gpxtpx:atemp>
      <gpxtpx:hr>101</gpxtpx:hr>
     </gpxtpx:TrackPointExtension>
    </extensions>
   </trkpt>
   <trkpt lat="-33.4634830" lon="151.0047380">
    <ele>39.0</ele>
    <time>2021-09-01T06:48:07Z</time>
    <extensions>
     <gpxtpx:TrackPointExtension>
      <gpxtpx:atemp>28</gpxtpx:atemp>
      <gpxtpx:hr>100</gpxtpx:hr>
     </gpxtpx:TrackPointExtension>
    </extensions>
   </trkpt>
   <trkpt lat="-33.4634910" lon="151.0047480">
    <ele>38.8</ele>
    <time>2021-09-01T06:48:09Z</time>
    <extensions>
     <gpxtpx:TrackPointExtension>
      <gpxtpx:atemp>28</gpxtpx:atemp>
      <gpxtpx:hr>100</gpxtpx:hr>
     </gpxtpx:TrackPointExtension>
    </extensions>
   </trkpt>
   <trkpt lat="-33.4634970" lon="151.0047530">
    <ele>39.2</ele>
    <time>2021-09-01T06:48:17Z</time>
    <extensions>
     <gpxtpx:TrackPointExtension>
      <gpxtpx:atemp>28</gpxtpx:atemp>
      <gpxtpx:hr>99</gpxtpx:hr>
     </gpxtpx:TrackPointExtension>
    </extensions>
   </trkpt>
   <trkpt lat="-33.4634960" lon="151.0047570">
    <ele>39.2</ele>
    <time>2021-09-01T06:48:18Z</time>
    <extensions>
     <gpxtpx:TrackPointExtension>
      <gpxtpx:atemp>28</gpxtpx:atemp>
      <gpxtpx:hr>96</gpxtpx:hr>
     </gpxtpx:TrackPointExtension>
    </extensions>
   </trkpt>
   <trkpt lat="-33.4634950" lon="151.0047580">
    <ele>39.2</ele>
    <time>2021-09-01T06:48:19Z</time>
    <extensions>
     <gpxtpx:TrackPointExtension>
      <gpxtpx:atemp>28</gpxtpx:atemp>
      <gpxtpx:hr>99</gpxtpx:hr>
     </gpxtpx:TrackPointExtension>
    </extensions>
   </trkpt>
   <trkpt lat="-33.4634950" lon="151.0047580">
    <ele>39.0</ele>
    <time>2021-09-01T06:48:21Z</time>
    <extensions>
     <gpxtpx:TrackPointExtension>
      <gpxtpx:atemp>28</gpxtpx:atemp>
      <gpxtpx:hr>102</gpxtpx:hr>
     </gpxtpx:TrackPointExtension>
    </extensions>
   </trkpt>
   <trkpt lat="-33.4634950" lon="151.0047590">
    <ele>39.0</ele>
    <time>2021-09-01T06:48:23Z</time>
    <extensions>
     <gpxtpx:TrackPointExtension>
      <gpxtpx:atemp>28</gpxtpx:atemp>
      <gpxtpx:hr>105</gpxtpx:hr>
     </gpxtpx:TrackPointExtension>
    </extensions>
   </trkpt>
   <trkpt lat="-33.4634940" lon="151.0047570">
    <ele>39.0</ele>
    <time>2021-09-01T06:48:26Z</time>
    <extensions>
     <gpxtpx:TrackPointExtension>
      <gpxtpx:atemp>28</gpxtpx:atemp>
      <gpxtpx:hr>107</gpxtpx:hr>
     </gpxtpx:TrackPointExtension>
    </extensions>
   </trkpt>
   <trkpt lat="-33.4634900" lon="151.0047540">
    <ele>38.4</ele>
    <time>2021-09-01T06:48:32Z</time>
    <extensions>
     <gpxtpx:TrackPointExtension>
      <gpxtpx:atemp>28</gpxtpx:atemp>
      <gpxtpx:hr>110</gpxtpx:hr>
     </gpxtpx:TrackPointExtension>
    </extensions>
   </trkpt>
   <trkpt lat="-33.4634910" lon="151.0047570">
    <ele>38.4</ele>
    <time>2021-09-01T06:48:33Z</time>
    <extensions>
     <gpxtpx:TrackPointExtension>
      <gpxtpx:atemp>28</gpxtpx:atemp>
      <gpxtpx:hr>107</gpxtpx:hr>
     </gpxtpx:TrackPointExtension>
    </extensions>
   </trkpt>
   <trkpt lat="-33.4634900" lon="151.0047640">
    <ele>38.2</ele>
    <time>2021-09-01T06:48:35Z</time>
    <extensions>
     <gpxtpx:TrackPointExtension>
      <gpxtpx:atemp>28</gpxtpx:atemp>
      <gpxtpx:hr>104</gpxtpx:hr>
     </gpxtpx:TrackPointExtension>
    </extensions>
   </trkpt>
   <trkpt lat="-33.4634890" lon="151.0047640">
    <ele>38.2</ele>
    <time>2021-09-01T06:48:37Z</time>
    <extensions>
     <gpxtpx:TrackPointExtension>
      <gpxtpx:atemp>28</gpxtpx:atemp>
      <gpxtpx:hr>101</gpxtpx:hr>
     </gpxtpx:TrackPointExtension>
    </extensions>
   </trkpt>
   <trkpt lat="-33.4634880" lon="151.0047580">
    <ele>38.6</ele>
    <time>2021-09-01T06:48:42Z</time>
    <extensions>
     <gpxtpx:TrackPointExtension>
      <gpxtpx:atemp>28</gpxtpx:atemp>
      <gpxtpx:hr>100</gpxtpx:hr>
     </gpxtpx:TrackPointExtension>
    </extensions>
   </trkpt>
  </trkseg>
 </trk>
</gpx>
